FlightDate,Reporting_Airline,Tail_Number,Flight_Number_Reporting_Airline,Origin,OriginCityName,OriginState,Dest,DestCityName,DestState,DepDelay,DepDel15,ArrDelay,ArrDel15,Cancelled,CancellationCode,AirTime,Distance,CarrierDelay,WeatherDelay,NASDelay,SecurityDelay,LateAircraftDelay
2021-01-01,JetBlue,N323XX,2032,SEA,CityName,State,SFO,CityName,State,0,0,-9,0,0,,150,1440,0,0,0,0,0
2021-01-01,American,N765XX,3447,BOS,CityName,State,JFK,CityName,State,0,0,0,0,0,,268,2286,0,0,0,0,0
2021-01-01,JetBlue,N376XX,4170,SFO,CityName,State,DEN,CityName,State,0,0,5,0,0,,57,2575,0,0,0,0,0
2021-01-01,Southwest,N806XX,9540,SFO,CityName,State,BOS,CityName,State,0,0,7,0,0,,289,871,0,0,0,0,0
2021-01-01,Delta,N700XX,1197,ATL,CityName,State,ATL,CityName,State,0,0,-14,0,0,,140,2395,0,0,0,0,0
2021-01-01,American,N332XX,1991,LAX,CityName,State,JFK,CityName,State,0,0,-3,0,0,,206,505,0,0,0,0,0
2021-01-01,American,N968XX,1054,LAX,CityName,State,BOS,CityName,State,0,0,-7,0,0,,330,2375,0,0,0,0,0
2021-01-01,United,N876XX,4178,ORD,CityName,State,MIA,CityName,State,0,0,-11,0,0,,66,1495,0,0,0,0,0
2021-01-01,JetBlue,N538XX,2546,JFK,CityName,State,MIA,CityName,State,0,0,0,0,0,,275,2870,0,0,0,0,0
2021-01-01,Southwest,N139XX,6334,DEN,CityName,State,BOS,CityName,State,0,0,-14,0,0,,72,2893,0,0,0,0,0
2021-01-01,Delta,N907XX,8889,BOS,CityName,State,SFO,CityName,State,15,1,25,1,0,,332,2093,0,0,0,0,25
2021-01-01,Southwest,N547XX,532,DFW,CityName,State,SEA,CityName,State,0,0,4,0,0,,218,2095,0,0,0,0,0
2021-01-01,United,N868XX,9317,ORD,CityName,State,BOS,CityName,State,0,0,-10,0,0,,54,2691,0,0,0,0,0
2021-01-02,American,N449XX,6015,DEN,CityName,State,DEN,CityName,State,0,0,-6,0,0,,256,703,0,0,0,0,0
2021-01-02,United,N832XX,2262,MIA,CityName,State,DEN,CityName,State,0,0,-2,0,0,,65,2217,0,0,0,0,0
2021-01-02,JetBlue,N467XX,4970,BOS,CityName,State,DFW,CityName,State,0,0,-5,0,0,,342,1386,0,0,0,0,0
2021-01-02,American,N560XX,1480,JFK,CityName,State,JFK,CityName,State,0,0,7,0,0,,158,2168,0,0,0,0,0
2021-01-02,Southwest,N708XX,351,SFO,CityName,State,LAX,CityName,State,60,1,66,1,0,,123,315,0,0,0,0,66
2021-01-02,Southwest,N467XX,8274,ORD,CityName,State,MIA,CityName,State,120,1,127,1,0,,353,2744,0,127,0,0,0
2021-01-02,JetBlue,N109XX,8776,JFK,CityName,State,JFK,CityName,State,0,0,2,0,0,,182,2509,0,0,0,0,0
2021-01-02,Delta,N630XX,3788,DFW,CityName,State,LAX,CityName,State,15,1,6,0,0,,52,441,0,0,0,0,0
2021-01-02,United,N836XX,1119,SFO,CityName,State,DEN,CityName,State,30,1,39,1,0,,306,2094,39,0,0,0,0
2021-01-02,United,N883XX,657,DFW,CityName,State,DEN,CityName,State,30,1,25,1,0,,338,1892,25,0,0,0,0
2021-01-02,United,N210XX,614,DFW,CityName,State,MIA,CityName,State,0,0,7,0,0,,125,1764,0,0,0,0,0
2021-01-02,Southwest,N918XX,157,DEN,CityName,State,DEN,CityName,State,45,1,38,1,0,,344,2002,0,0,38,0,0
2021-01-02,United,N894XX,4438,ORD,CityName,State,BOS,CityName,State,0,0,-1,0,0,,63,1589,0,0,0,0,0
2021-01-02,JetBlue,N660XX,8059,SFO,CityName,State,SEA,CityName,State,0,0,-7,0,0,,69,309,0,0,0,0,0
2021-01-02,JetBlue,N171XX,8902,MIA,CityName,State,DEN,CityName,State,0,0,-8,0,0,,104,692,0,0,0,0,0
2021-01-02,JetBlue,N948XX,7370,DFW,CityName,State,DFW,CityName,State,0,0,1,0,0,,177,481,0,0,0,0,0
2021-01-02,Southwest,N148XX,4715,LAX,CityName,State,DFW,CityName,State,30,1,26,1,0,,257,2562,0,0,26,0,0
2021-01-03,United,N207XX,1379,BOS,CityName,State,LAX,CityName,State,60,1,53,1,0,,139,2043,0,0,53,0,0
2021-01-03,United,N125XX,3610,LAX,CityName,State,BOS,CityName,State,60,1,52,1,0,,102,1226,0,0,52,0,0
2021-01-03,Southwest,N744XX,837,MIA,CityName,State,SEA,CityName,State,60,1,61,1,0,,234,892,61,0,0,0,0
2021-01-03,American,N307XX,683,ATL,CityName,State,ATL,CityName,State,0,0,1,0,0,,350,1162,0,0,0,0,0
2021-01-03,United,N124XX,2449,SEA,CityName,State,SEA,CityName,State,15,1,9,0,0,,354,242,0,0,0,0,0
2021-01-03,Southwest,N648XX,3006,BOS,CityName,State,JFK,CityName,State,0,0,-8,0,0,,144,2285,0,0,0,0,0
2021-01-03,American,N574XX,7282,LAX,CityName,State,LAX,CityName,State,0,0,0,0,1,A,233,640,0,0,0,0,0
2021-01-03,Southwest,N473XX,2793,LAX,CityName,State,DEN,CityName,State,0,0,-1,0,0,,182,1258,0,0,0,0,0
2021-01-03,American,N198XX,367,ATL,CityName,State,ORD,CityName,State,0,0,-4,0,0,,170,1123,0,0,0,0,0
2021-01-03,United,N339XX,7617,LAX,CityName,State,ATL,CityName,State,0,0,2,0,0,,305,1550,0,0,0,0,0
2021-01-03,American,N554XX,2351,SEA,CityName,State,MIA,CityName,State,15,1,12,0,0,,359,2206,0,0,0,0,0
2021-01-03,Delta,N745XX,2741,JFK,CityName,State,SEA,CityName,State,45,1,46,1,0,,189,368,46,0,0,0,0
2021-01-03,Southwest,N547XX,3950,MIA,CityName,State,DEN,CityName,State,0,0,-11,0,0,,85,312,0,0,0,0,0
2021-01-04,United,N344XX,8633,DEN,CityName,State,JFK,CityName,State,15,1,5,0,0,,169,2695,0,0,0,0,0
2021-01-04,Delta,N150XX,2191,LAX,CityName,State,DFW,CityName,State,0,0,-14,0,0,,55,1034,0,0,0,0,0
2021-01-04,Delta,N397XX,874,SEA,CityName,State,SFO,CityName,State,45,1,43,1,0,,268,2169,43,0,0,0,0
2021-01-04,United,N437XX,7761,LAX,CityName,State,SEA,CityName,State,0,0,-10,0,0,,258,1626,0,0,0,0,0
2021-01-04,Southwest,N299XX,2359,MIA,CityName,State,SEA,CityName,State,0,0,8,0,0,,227,2113,0,0,0,0,0
2021-01-04,United,N609XX,9472,MIA,CityName,State,MIA,CityName,State,0,0,-2,0,0,,69,1572,0,0,0,0,0
2021-01-04,Southwest,N857XX,885,DFW,CityName,State,BOS,CityName,State,0,0,-3,0,0,,236,1506,0,0,0,0,0
2021-01-04,United,N418XX,9065,DFW,CityName,State,SEA,CityName,State,0,0,-4,0,0,,167,2826,0,0,0,0,0
2021-01-04,Southwest,N313XX,8729,ORD,CityName,State,JFK,CityName,State,0,0,3,0,0,,53,1804,0,0,0,0,0
2021-01-05,Delta,N828XX,3758,DFW,CityName,State,JFK,CityName,State,120,1,118,1,0,,118,203,118,0,0,0,0
2021-01-05,JetBlue,N265XX,2922,ATL,CityName,State,SEA,CityName,State,0,0,-6,0,0,,53,727,0,0,0,0,0
2021-01-05,American,N123XX,3328,DFW,CityName,State,SFO,CityName,State,0,0,4,0,0,,62,2932,0,0,0,0,0
2021-01-05,American,N502XX,8742,DEN,CityName,State,LAX,CityName,State,15,1,2,0,0,,47,641,0,0,0,0,0
2021-01-05,American,N484XX,1169,SFO,CityName,State,SEA,CityName,State,0,0,-9,0,0,,334,881,0,0,0,0,0
2021-01-05,Delta,N361XX,7091,SFO,CityName,State,ORD,CityName,State,15,1,11,0,0,,178,1564,0,0,0,0,0
2021-01-05,Southwest,N258XX,7319,DFW,CityName,State,JFK,CityName,State,60,1,46,1,0,,110,1145,0,0,0,0,46
2021-01-05,United,N268XX,4356,SFO,CityName,State,DFW,CityName,State,0,0,-4,0,0,,283,618,0,0,0,0,0
2021-01-05,American,N453XX,2185,BOS,CityName,State,BOS,CityName,State,0,0,-2,0,0,,285,1257,0,0,0,0,0
2021-01-05,American,N124XX,7527,ATL,CityName,State,ATL,CityName,State,0,0,1,0,0,,167,339,0,0,0,0,0
2021-01-05,Southwest,N443XX,1279,JFK,CityName,State,SFO,CityName,State,0,0,-9,0,0,,247,1580,0,0,0,0,0
2021-01-05,American,N902XX,9996,BOS,CityName,State,ATL,CityName,State,0,0,8,0,0,,100,2903,0,0,0,0,0
2021-01-05,United,N932XX,2373,BOS,CityName,State,SEA,CityName,State,0,0,1,0,0,,324,1434,0,0,0,0,0
2021-01-06,American,N276XX,7574,LAX,CityName,State,ATL,CityName,State,0,0,3,0,0,,242,2483,0,0,0,0,0
2021-01-06,Delta,N611XX,7530,DEN,CityName,State,SEA,CityName,State,0,0,-3,0,0,,355,2920,0,0,0,0,0
2021-01-06,Delta,N279XX,9646,BOS,CityName,State,DEN,CityName,State,0,0,1,0,0,,236,1387,0,0,0,0,0
2021-01-06,American,N414XX,7388,LAX,CityName,State,BOS,CityName,State,0,0,-4,0,0,,180,1073,0,0,0,0,0
2021-01-06,Southwest,N364XX,9048,DEN,CityName,State,JFK,CityName,State,0,0,-9,0,0,,268,1468,0,0,0,0,0
2021-01-06,United,N128XX,4217,JFK,CityName,State,ATL,CityName,State,0,0,3,0,0,,99,330,0,0,0,0,0
2021-01-06,American,N566XX,3267,SFO,CityName,State,BOS,CityName,State,0,0,-4,0,0,,210,1083,0,0,0,0,0
2021-01-06,American,N994XX,5948,LAX,CityName,State,BOS,CityName,State,0,0,8,0,0,,287,2249,0,0,0,0,0
2021-01-06,Southwest,N921XX,5554,LAX,CityName,State,JFK,CityName,State,0,0,-12,0,0,,61,2786,0,0,0,0,0
2021-01-06,Southwest,N289XX,3446,LAX,CityName,State,SFO,CityName,State,15,1,16,1,0,,323,2278,0,0,0,0,16
2021-01-07,Delta,N226XX,2694,ORD,CityName,State,ATL,CityName,State,15,1,11,0,0,,143,457,0,0,0,0,0
2021-01-07,Southwest,N192XX,1542,LAX,CityName,State,SFO,CityName,State,0,0,1,0,0,,306,689,0,0,0,0,0
2021-01-07,American,N157XX,6327,DEN,CityName,State,MIA,CityName,State,0,0,-11,0,0,,152,197,0,0,0,0,0
2021-01-07,United,N652XX,2178,BOS,CityName,State,DEN,CityName,State,0,0,-9,0,0,,265,2965,0,0,0,0,0
2021-01-07,Southwest,N622XX,7483,DEN,CityName,State,JFK,CityName,State,0,0,7,0,0,,55,2621,0,0,0,0,0
2021-01-07,Delta,N601XX,5880,BOS,CityName,State,SFO,CityName,State,30,1,19,1,0,,322,1376,0,19,0,0,0
2021-01-07,United,N176XX,8815,SEA,CityName,State,BOS,CityName,State,0,0,2,0,0,,270,2352,0,0,0,0,0
2021-01-07,United,N187XX,5066,JFK,CityName,State,DEN,CityName,State,60,1,54,1,0,,280,1490,0,54,0,0,0
2021-01-07,United,N198XX,7335,DEN,CityName,State,SEA,CityName,State,0,0,-11,0,0,,195,155,0,0,0,0,0
2021-01-07,Delta,N142XX,9666,MIA,CityName,State,JFK,CityName,State,0,0,0,0,0,,330,1885,0,0,0,0,0
2021-01-07,United,N234XX,3104,DFW,CityName,State,JFK,CityName,State,0,0,-1,0,0,,196,2186,0,0,0,0,0
2021-01-07,American,N360XX,7076,DEN,CityName,State,SEA,CityName,State,0,0,-4,0,0,,89,2644,0,0,0,0,0
2021-01-07,JetBlue,N257XX,8311,SEA,CityName,State,MIA,CityName,State,0,0,-7,0,0,,305,1954,0,0,0,0,0
2021-01-07,Delta,N281XX,8004,LAX,CityName,State,ORD,CityName,State,0,0,-1,0,0,,130,410,0,0,0,0,0
2021-01-08,United,N400XX,8605,SEA,CityName,State,DEN,CityName,State,0,0,9,0,0,,121,599,0,0,0,0,0
2021-01-08,JetBlue,N663XX,1460,MIA,CityName,State,BOS,CityName,State,0,0,7,0,0,,212,958,0,0,0,0,0
2021-01-08,American,N597XX,3343,SFO,CityName,State,ORD,CityName,State,0,0,7,0,0,,218,2767,0,0,0,0,0
2021-01-08,Delta,N434XX,4119,SEA,CityName,State,DFW,CityName,State,0,0,-10,0,0,,290,1493,0,0,0,0,0
2021-01-08,Delta,N349XX,4356,MIA,CityName,State,DFW,CityName,State,0,0,-3,0,0,,93,2657,0,0,0,0,0
2021-01-08,American,N390XX,3690,SEA,CityName,State,LAX,CityName,State,0,0,7,0,0,,147,1402,0,0,0,0,0
2021-01-09,Delta,N292XX,9554,ATL,CityName,State,ORD,CityName,State,30,1,31,1,0,,316,1250,0,31,0,0,0
2021-01-09,United,N462XX,1417,ATL,CityName,State,MIA,CityName,State,0,0,2,0,0,,325,1008,0,0,0,0,0
2021-01-09,Southwest,N514XX,7008,JFK,CityName,State,DFW,CityName,State,15,1,2,0,0,,126,2800,0,0,0,0,0
2021-01-09,American,N583XX,148,SEA,CityName,State,SEA,CityName,State,0,0,1,0,0,,274,2226,0,0,0,0,0
2021-01-09,United,N291XX,2178,JFK,CityName,State,DEN,CityName,State,0,0,9,0,0,,110,2123,0,0,0,0,0
2021-01-09,United,N870XX,3927,JFK,CityName,State,DFW,CityName,State,45,1,42,1,0,,76,1506,0,0,42,0,0
2021-01-09,Delta,N320XX,2014,SEA,CityName,State,SFO,CityName,State,0,0,10,0,0,,173,200,0,0,0,0,0
2021-01-09,American,N994XX,6376,BOS,CityName,State,JFK,CityName,State,0,0,2,0,0,,333,1989,0,0,0,0,0
2021-01-09,Delta,N201XX,277,SFO,CityName,State,LAX,CityName,State,0,0,-6,0,0,,286,1299,0,0,0,0,0
2021-01-09,JetBlue,N401XX,2984,JFK,CityName,State,ORD,CityName,State,0,0,7,0,0,,156,2366,0,0,0,0,0
2021-01-09,American,N150XX,2178,SFO,CityName,State,JFK,CityName,State,45,1,46,1,0,,140,2524,0,46,0,0,0
2021-01-09,American,N192XX,738,JFK,CityName,State,ATL,CityName,State,0,0,-7,0,0,,188,1786,0,0,0,0,0
2021-01-09,Southwest,N527XX,8377,DEN,CityName,State,MIA,CityName,State,0,0,6,0,0,,328,632,0,0,0,0,0
2021-01-09,United,N798XX,6340,JFK,CityName,State,SEA,CityName,State,0,0,-11,0,0,,251,1430,0,0,0,0,0
2021-01-10,American,N536XX,7962,BOS,CityName,State,ATL,CityName,State,0,0,-14,0,0,,220,2546,0,0,0,0,0
2021-01-10,JetBlue,N414XX,1489,ATL,CityName,State,SEA,CityName,State,60,1,52,1,0,,48,1396,0,52,0,0,0
2021-01-10,Delta,N982XX,3915,LAX,CityName,State,SEA,CityName,State,0,0,9,0,0,,282,1864,0,0,0,0,0
2021-01-10,American,N498XX,3232,ATL,CityName,State,BOS,CityName,State,0,0,-6,0,0,,191,598,0,0,0,0,0
2021-01-10,United,N440XX,6759,SEA,CityName,State,JFK,CityName,State,0,0,8,0,0,,79,2006,0,0,0,0,0
2021-01-10,American,N150XX,9438,JFK,CityName,State,DFW,CityName,State,15,1,17,1,0,,197,426,17,0,0,0,0
2021-01-10,Delta,N436XX,5614,LAX,CityName,State,DFW,CityName,State,15,1,6,0,0,,216,2803,0,0,0,0,0
2021-01-10,Delta,N520XX,108,DEN,CityName,State,DEN,CityName,State,60,1,59,1,0,,134,1328,0,0,59,0,0
2021-01-10,JetBlue,N882XX,7316,BOS,CityName,State,JFK,CityName,State,0,0,7,0,0,,48,1799,0,0,0,0,0
2021-01-10,United,N290XX,6677,DFW,CityName,State,LAX,CityName,State,0,0,2,0,0,,53,1665,0,0,0,0,0
2021-01-10,Delta,N239XX,7455,JFK,CityName,State,SEA,CityName,State,15,1,15,1,0,,219,1373,0,0,15,0,0
2021-01-10,United,N966XX,9856,ORD,CityName,State,DFW,CityName,State,30,1,21,1,0,,103,1340,21,0,0,0,0
2021-01-10,Delta,N650XX,6006,ATL,CityName,State,DEN,CityName,State,0,0,5,0,0,,255,288,0,0,0,0,0
2021-01-11,American,N125XX,8328,JFK,CityName,State,MIA,CityName,State,0,0,4,0,0,,209,1801,0,0,0,0,0
2021-01-11,American,N187XX,6931,BOS,CityName,State,BOS,CityName,State,15,1,24,1,0,,343,840,0,0,24,0,0
2021-01-11,Delta,N151XX,2133,DEN,CityName,State,DEN,CityName,State,15,1,1,0,0,,269,293,0,0,0,0,0
2021-01-11,United,N409XX,9712,ORD,CityName,State,DEN,CityName,State,15,1,18,1,0,,318,315,18,0,0,0,0
2021-01-11,JetBlue,N898XX,3592,DFW,CityName,State,MIA,CityName,State,0,0,-11,0,0,,46,1753,0,0,0,0,0
2021-01-11,American,N972XX,6131,SEA,CityName,State,DFW,CityName,State,0,0,5,0,0,,149,1933,0,0,0,0,0
2021-01-11,American,N432XX,8925,JFK,CityName,State,LAX,CityName,State,15,1,15,1,0,,196,1602,0,0,15,0,0
2021-01-11,United,N960XX,6977,DFW,CityName,State,DFW,CityName,State,0,0,-13,0,0,,81,2400,0,0,0,0,0
2021-01-11,JetBlue,N942XX,957,MIA,CityName,State,MIA,CityName,State,0,0,-1,0,0,,208,2935,0,0,0,0,0
2021-01-11,Delta,N422XX,4132,BOS,CityName,State,LAX,CityName,State,0,0,3,0,0,,259,2594,0,0,0,0,0
2021-01-11,American,N305XX,4565,DEN,CityName,State,MIA,CityName,State,0,0,4,0,0,,268,641,0,0,0,0,0
2021-01-11,Delta,N245XX,2717,MIA,CityName,State,MIA,CityName,State,15,1,11,0,0,,93,2134,0,0,0,0,0
2021-01-11,United,N969XX,4953,ATL,CityName,State,SFO,CityName,State,0,0,3,0,0,,335,1160,0,0,0,0,0
2021-01-11,United,N291XX,8332,JFK,CityName,State,BOS,CityName,State,0,0,-6,0,0,,330,2153,0,0,0,0,0
2021-01-11,Southwest,N940XX,6823,MIA,CityName,State,MIA,CityName,State,45,1,40,1,0,,61,2769,0,40,0,0,0
2021-01-12,JetBlue,N177XX,6602,MIA,CityName,State,LAX,CityName,State,0,0,3,0,0,,140,593,0,0,0,0,0
2021-01-12,Southwest,N891XX,6264,ORD,CityName,State,LAX,CityName,State,0,0,6,0,0,,56,2503,0,0,0,0,0
2021-01-12,Delta,N949XX,624,SEA,CityName,State,LAX,CityName,State,0,0,4,0,0,,213,1234,0,0,0,0,0
2021-01-12,JetBlue,N771XX,7875,MIA,CityName,State,ATL,CityName,State,0,0,-8,0,0,,100,1372,0,0,0,0,0
2021-01-12,JetBlue,N117XX,565,SFO,CityName,State,DFW,CityName,State,0,0,1,0,0,,250,2425,0,0,0,0,0
2021-01-12,JetBlue,N648XX,2672,LAX,CityName,State,DEN,CityName,State,0,0,0,0,0,,100,2684,0,0,0,0,0
2021-01-12,United,N866XX,4545,BOS,CityName,State,JFK,CityName,State,0,0,-2,0,0,,133,1186,0,0,0,0,0
2021-01-12,Delta,N547XX,7847,ATL,CityName,State,MIA,CityName,State,0,0,0,0,0,,323,2405,0,0,0,0,0
2021-01-12,American,N300XX,9715,BOS,CityName,State,DEN,CityName,State,0,0,-6,0,0,,304,2313,0,0,0,0,0
2021-01-12,Southwest,N324XX,3950,LAX,CityName,State,ATL,CityName,State,120,1,111,1,0,,94,468,0,0,0,0,111
2021-01-12,American,N599XX,4219,JFK,CityName,State,BOS,CityName,State,0,0,8,0,0,,129,2752,0,0,0,0,0
2021-01-12,United,N489XX,8657,MIA,CityName,State,JFK,CityName,State,0,0,-12,0,0,,298,1922,0,0,0,0,0
2021-01-12,American,N256XX,2045,MIA,CityName,State,SFO,CityName,State,0,0,6,0,0,,115,747,0,0,0,0,0
2021-01-12,American,N282XX,7437,DFW,CityName,State,SFO,CityName,State,0,0,-10,0,0,,348,1099,0,0,0,0,0
2021-01-12,United,N247XX,9361,BOS,CityName,State,SEA,CityName,State,15,1,13,0,0,,141,1841,0,0,0,0,0
2021-01-13,Delta,N738XX,6319,SEA,CityName,State,SEA,CityName,State,60,1,69,1,0,,55,1169,0,0,69,0,0
2021-01-13,United,N163XX,5883,MIA,CityName,State,MIA,CityName,State,0,0,-11,0,0,,133,2351,0,0,0,0,0
2021-01-13,Southwest,N295XX,4332,ATL,CityName,State,MIA,CityName,State,0,0,2,0,0,,121,633,0,0,0,0,0
2021-01-13,American,N705XX,5544,MIA,CityName,State,DEN,CityName,State,0,0,-2,0,0,,311,409,0,0,0,0,0
2021-01-13,American,N703XX,2561,JFK,CityName,State,ATL,CityName,State,0,0,9,0,0,,270,1367,0,0,0,0,0
2021-01-13,American,N409XX,3942,SEA,CityName,State,DFW,CityName,State,15,1,17,1,0,,94,1202,0,0,17,0,0
2021-01-13,Southwest,N658XX,467,DEN,CityName,State,SEA,CityName,State,0,0,-14,0,0,,351,1371,0,0,0,0,0
2021-01-13,Delta,N688XX,7896,JFK,CityName,State,MIA,CityName,State,0,0,-3,0,0,,95,584,0,0,0,0,0
2021-01-13,Southwest,N824XX,3474,ORD,CityName,State,ATL,CityName,State,0,0,7,0,0,,90,689,0,0,0,0,0
2021-01-13,American,N168XX,8837,SEA,CityName,State,DEN,CityName,State,0,0,-3,0,0,,172,2183,0,0,0,0,0
2021-01-13,Southwest,N418XX,567,ORD,CityName,State,SEA,CityName,State,0,0,10,0,0,,297,1753,0,0,0,0,0
2021-01-13,Delta,N520XX,3533,LAX,CityName,State,SEA,CityName,State,0,0,3,0,0,,77,2714,0,0,0,0,0
2021-01-14,Southwest,N154XX,9846,SFO,CityName,State,SFO,CityName,State,0,0,7,0,0,,89,2649,0,0,0,0,0
2021-01-14,Delta,N920XX,9369,LAX,CityName,State,SEA,CityName,State,0,0,-4,0,0,,99,1726,0,0,0,0,0
2021-01-14,JetBlue,N907XX,3733,MIA,CityName,State,SEA,CityName,State,45,1,46,1,0,,159,1535,46,0,0,0,0
2021-01-14,JetBlue,N991XX,7381,LAX,CityName,State,BOS,CityName,State,0,0,-1,0,0,,294,2831,0,0,0,0,0
2021-01-14,United,N898XX,159,SEA,CityName,State,SEA,CityName,State,0,0,1,0,0,,355,1183,0,0,0,0,0
2021-01-14,Southwest,N694XX,993,SFO,CityName,State,JFK,CityName,State,15,1,8,0,0,,83,2734,0,0,0,0,0
2021-01-14,United,N791XX,5750,ATL,CityName,State,BOS,CityName,State,0,0,-2,0,0,,54,216,0,0,0,0,0
2021-01-14,JetBlue,N790XX,3468,ATL,CityName,State,LAX,CityName,State,0,0,-4,0,0,,54,1382,0,0,0,0,0
2021-01-14,United,N174XX,7982,MIA,CityName,State,DFW,CityName,State,0,0,8,0,0,,269,395,0,0,0,0,0
2021-01-14,Southwest,N986XX,6350,DEN,CityName,State,ATL,CityName,State,0,0,-6,0,0,,329,2190,0,0,0,0,0
2021-01-14,Delta,N861XX,2413,MIA,CityName,State,DFW,CityName,State,0,0,-12,0,0,,359,429,0,0,0,0,0
2021-01-14,JetBlue,N856XX,9045,JFK,CityName,State,BOS,CityName,State,45,1,55,1,0,,46,1633,55,0,0,0,0
2021-01-14,United,N132XX,4563,SFO,CityName,State,SFO,CityName,State,30,1,0,0,1,A,134,426,0,0,0,0,0
2021-01-14,Delta,N558XX,2409,SFO,CityName,State,SEA,CityName,State,0,0,9,0,0,,208,1764,0,0,0,0,0
2021-01-14,JetBlue,N481XX,5364,MIA,CityName,State,DEN,CityName,State,0,0,-3,0,0,,318,554,0,0,0,0,0
2021-01-14,JetBlue,N192XX,1678,SFO,CityName,State,LAX,CityName,State,0,0,-11,0,0,,352,411,0,0,0,0,0
2021-01-15,JetBlue,N308XX,5823,DFW,CityName,State,ORD,CityName,State,0,0,-5,0,0,,82,1119,0,0,0,0,0
2021-01-15,Southwest,N322XX,6330,ORD,CityName,State,LAX,CityName,State,45,1,39,1,0,,91,2467,0,0,39,0,0
2021-01-15,JetBlue,N678XX,7186,BOS,CityName,State,BOS,CityName,State,0,0,-10,0,0,,313,2955,0,0,0,0,0
2021-01-15,United,N739XX,4749,SEA,CityName,State,ORD,CityName,State,45,1,47,1,0,,50,435,47,0,0,0,0
2021-01-15,JetBlue,N650XX,2546,BOS,CityName,State,LAX,CityName,State,0,0,-14,0,0,,324,2927,0,0,0,0,0
2021-01-15,Delta,N581XX,6729,DFW,CityName,State,SEA,CityName,State,0,0,10,0,0,,153,2391,0,0,0,0,0
2021-01-15,Southwest,N360XX,6935,JFK,CityName,State,DEN,CityName,State,0,0,5,0,0,,261,1528,0,0,0,0,0
2021-01-15,United,N939XX,409,DFW,CityName,State,DFW,CityName,State,0,0,10,0,0,,151,415,0,0,0,0,0
2021-01-15,Southwest,N807XX,3967,BOS,CityName,State,MIA,CityName,State,0,0,-7,0,0,,45,965,0,0,0,0,0
2021-01-16,American,N422XX,2867,ATL,CityName,State,MIA,CityName,State,0,0,-6,0,0,,354,184,0,0,0,0,0
2021-01-16,United,N736XX,1239,SEA,CityName,State,DFW,CityName,State,0,0,-11,0,0,,132,1464,0,0,0,0,0
2021-01-16,American,N577XX,7437,DFW,CityName,State,DEN,CityName,State,0,0,5,0,0,,265,540,0,0,0,0,0
2021-01-16,Delta,N170XX,8598,SEA,CityName,State,ORD,CityName,State,0,0,-3,0,0,,109,1157,0,0,0,0,0
2021-01-16,JetBlue,N939XX,7642,DEN,CityName,State,BOS,CityName,State,30,1,22,1,0,,160,494,22,0,0,0,0
2021-01-16,Delta,N355XX,4228,MIA,CityName,State,BOS,CityName,State,0,0,-5,0,0,,157,664,0,0,0,0,0
2021-01-16,United,N698XX,5824,DFW,CityName,State,DEN,CityName,State,0,0,-10,0,0,,347,1785,0,0,0,0,0
2021-01-16,Delta,N578XX,9965,LAX,CityName,State,DFW,CityName,State,0,0,-12,0,0,,282,2781,0,0,0,0,0
2021-01-16,United,N678XX,2309,SEA,CityName,State,DFW,CityName,State,0,0,-1,0,0,,223,1580,0,0,0,0,0
2021-01-16,American,N970XX,5119,SEA,CityName,State,ATL,CityName,State,0,0,-9,0,0,,114,561,0,0,0,0,0
2021-01-16,JetBlue,N289XX,8548,JFK,CityName,State,DFW,CityName,State,0,0,-6,0,0,,205,1777,0,0,0,0,0
2021-01-17,United,N242XX,2590,BOS,CityName,State,ATL,CityName,State,45,1,32,1,0,,186,801,32,0,0,0,0
2021-01-17,Delta,N710XX,7312,MIA,CityName,State,ATL,CityName,State,0,0,6,0,0,,248,414,0,0,0,0,0
2021-01-17,United,N879XX,9143,JFK,CityName,State,BOS,CityName,State,0,0,-13,0,0,,101,181,0,0,0,0,0
2021-01-17,American,N472XX,6854,JFK,CityName,State,ORD,CityName,State,0,0,-9,0,0,,98,1461,0,0,0,0,0
2021-01-17,JetBlue,N564XX,7370,JFK,CityName,State,DEN,CityName,State,0,0,7,0,0,,181,2487,0,0,0,0,0
2021-01-17,United,N515XX,3194,ORD,CityName,State,SFO,CityName,State,0,0,-7,0,0,,328,1855,0,0,0,0,0
2021-01-17,United,N683XX,3216,DFW,CityName,State,ATL,CityName,State,0,0,-10,0,0,,220,1623,0,0,0,0,0
2021-01-17,American,N805XX,9320,LAX,CityName,State,DEN,CityName,State,45,1,51,1,0,,159,2824,0,0,51,0,0
2021-01-17,American,N396XX,1139,DEN,CityName,State,ATL,CityName,State,0,0,-7,0,0,,350,2017,0,0,0,0,0
2021-01-17,Delta,N678XX,9125,SEA,CityName,State,SFO,CityName,State,0,0,-9,0,0,,259,1244,0,0,0,0,0
2021-01-17,United,N742XX,8394,DFW,CityName,State,BOS,CityName,State,0,0,-11,0,0,,62,2091,0,0,0,0,0
2021-01-17,United,N574XX,9167,SEA,CityName,State,JFK,CityName,State,0,0,-13,0,0,,126,2356,0,0,0,0,0
2021-01-17,American,N681XX,8989,SEA,CityName,State,JFK,CityName,State,0,0,-7,0,0,,158,1725,0,0,0,0,0
2021-01-17,JetBlue,N538XX,1362,MIA,CityName,State,SFO,CityName,State,0,0,-8,0,0,,352,937,0,0,0,0,0
2021-01-17,Southwest,N975XX,4399,SFO,CityName,State,MIA,CityName,State,0,0,5,0,0,,128,237,0,0,0,0,0
2021-01-18,Southwest,N933XX,7720,MIA,CityName,State,LAX,CityName,State,0,0,-9,0,0,,205,2162,0,0,0,0,0
2021-01-18,JetBlue,N535XX,4759,BOS,CityName,State,MIA,CityName,State,45,1,31,1,0,,135,2864,31,0,0,0,0
2021-01-18,Delta,N656XX,3353,ATL,CityName,State,MIA,CityName,State,15,1,6,0,0,,186,443,0,0,0,0,0
2021-01-18,Southwest,N428XX,325,MIA,CityName,State,MIA,CityName,State,0,0,10,0,0,,271,1690,0,0,0,0,0
2021-01-18,Delta,N509XX,3212,DEN,CityName,State,MIA,CityName,State,0,0,5,0,0,,220,1258,0,0,0,0,0
2021-01-18,Southwest,N597XX,2750,ORD,CityName,State,LAX,CityName,State,0,0,-10,0,0,,104,2024,0,0,0,0,0
2021-01-18,United,N785XX,1366,LAX,CityName,State,DFW,CityName,State,0,0,-9,0,0,,324,227,0,0,0,0,0
2021-01-18,American,N626XX,6202,SEA,CityName,State,ATL,CityName,State,60,1,64,1,0,,121,1016,64,0,0,0,0
2021-01-18,United,N919XX,6958,DEN,CityName,State,BOS,CityName,State,15,1,1,0,0,,348,2833,0,0,0,0,0
2021-01-18,Southwest,N423XX,6963,ORD,CityName,State,MIA,CityName,State,0,0,-12,0,0,,234,2216,0,0,0,0,0
2021-01-18,Delta,N149XX,4927,ATL,CityName,State,DEN,CityName,State,0,0,4,0,0,,290,2653,0,0,0,0,0
2021-01-18,American,N595XX,8396,MIA,CityName,State,JFK,CityName,State,0,0,-8,0,0,,91,242,0,0,0,0,0
2021-01-18,JetBlue,N670XX,3987,JFK,CityName,State,SEA,CityName,State,0,0,-8,0,0,,351,2997,0,0,0,0,0
2021-01-18,American,N590XX,1441,SFO,CityName,State,SEA,CityName,State,0,0,-4,0,0,,143,532,0,0,0,0,0
2021-01-19,JetBlue,N997XX,7962,SEA,CityName,State,LAX,CityName,State,0,0,-5,0,0,,269,2725,0,0,0,0,0
2021-01-19,Delta,N542XX,9656,JFK,CityName,State,SEA,CityName,State,0,0,-8,0,0,,306,1392,0,0,0,0,0
2021-01-19,Delta,N690XX,2646,ORD,CityName,State,DFW,CityName,State,15,1,2,0,0,,327,1803,0,0,0,0,0
2021-01-19,JetBlue,N907XX,6709,DFW,CityName,State,DEN,CityName,State,0,0,-1,0,0,,55,1107,0,0,0,0,0
2021-01-19,American,N725XX,9753,SFO,CityName,State,SFO,CityName,State,0,0,-1,0,0,,332,2079,0,0,0,0,0
2021-01-19,JetBlue,N331XX,8908,SEA,CityName,State,ATL,CityName,State,0,0,-2,0,0,,178,1755,0,0,0,0,0
2021-01-19,American,N745XX,2590,DEN,CityName,State,ORD,CityName,State,15,1,3,0,0,,254,1847,0,0,0,0,0
2021-01-19,Southwest,N317XX,8872,JFK,CityName,State,DEN,CityName,State,0,0,-9,0,0,,116,1131,0,0,0,0,0
2021-01-19,JetBlue,N431XX,5442,DFW,CityName,State,BOS,CityName,State,15,1,5,0,0,,70,1537,0,0,0,0,0
2021-01-19,Delta,N282XX,332,BOS,CityName,State,SEA,CityName,State,0,0,-4,0,0,,275,1317,0,0,0,0,0
2021-01-19,Delta,N357XX,365,MIA,CityName,State,MIA,CityName,State,0,0,-12,0,0,,338,1654,0,0,0,0,0
2021-01-20,American,N492XX,9738,DEN,CityName,State,JFK,CityName,State,0,0,-2,0,0,,54,2495,0,0,0,0,0
2021-01-20,Southwest,N209XX,3685,SFO,CityName,State,MIA,CityName,State,0,0,4,0,0,,227,2626,0,0,0,0,0
2021-01-20,American,N858XX,1953,MIA,CityName,State,MIA,CityName,State,0,0,-5,0,0,,213,1082,0,0,0,0,0
2021-01-20,United,N250XX,2387,SFO,CityName,State,ATL,CityName,State,0,0,3,0,0,,144,1742,0,0,0,0,0
2021-01-20,Delta,N231XX,7551,DEN,CityName,State,DFW,CityName,State,0,0,-11,0,0,,142,2179,0,0,0,0,0
2021-01-20,American,N114XX,7130,JFK,CityName,State,ATL,CityName,State,0,0,7,0,0,,45,1689,0,0,0,0,0
2021-01-20,United,N436XX,1111,ATL,CityName,State,BOS,CityName,State,0,0,-1,0,0,,91,180,0,0,0,0,0
2021-01-20,Southwest,N393XX,8220,DEN,CityName,State,BOS,CityName,State,0,0,-1,0,0,,175,1144,0,0,0,0,0
2021-01-20,JetBlue,N774XX,5160,ATL,CityName,State,MIA,CityName,State,0,0,10,0,0,,155,2381,0,0,0,0,0
2021-01-20,Southwest,N640XX,3395,BOS,CityName,State,ATL,CityName,State,0,0,5,0,0,,311,682,0,0,0,0,0
2021-01-20,Southwest,N980XX,4721,ATL,CityName,State,LAX,CityName,State,0,0,0,0,0,,246,1713,0,0,0,0,0
2021-01-20,American,N170XX,5923,MIA,CityName,State,JFK,CityName,State,30,1,24,1,0,,275,1789,0,0,0,0,24
2021-01-20,Southwest,N950XX,6301,ATL,CityName,State,MIA,CityName,State,0,0,-3,0,0,,136,635,0,0,0,0,0
2021-01-21,United,N985XX,3875,ORD,CityName,State,SEA,CityName,State,0,0,-9,0,0,,358,255,0,0,0,0,0
2021-01-21,Southwest,N272XX,7191,BOS,CityName,State,DFW,CityName,State,15,1,23,1,0,,146,831,0,0,23,0,0
2021-01-21,JetBlue,N570XX,3998,DEN,CityName,State,SFO,CityName,State,0,0,5,0,0,,288,387,0,0,0,0,0
2021-01-21,American,N521XX,184,SEA,CityName,State,SFO,CityName,State,0,0,-12,0,0,,75,2066,0,0,0,0,0
2021-01-21,Southwest,N702XX,327,ATL,CityName,State,DEN,CityName,State,0,0,-7,0,0,,83,2096,0,0,0,0,0
2021-01-21,American,N321XX,9407,SFO,CityName,State,ORD,CityName,State,0,0,-10,0,0,,323,470,0,0,0,0,0
2021-01-21,Southwest,N828XX,6315,BOS,CityName,State,DFW,CityName,State,0,0,2,0,0,,85,1278,0,0,0,0,0
2021-01-21,Southwest,N328XX,3009,ORD,CityName,State,MIA,CityName,State,0,0,-8,0,0,,325,1794,0,0,0,0,0
2021-01-21,United,N692XX,9258,ORD,CityName,State,SFO,CityName,State,0,0,-4,0,0,,280,152,0,0,0,0,0
2021-01-21,Delta,N170XX,5800,ORD,CityName,State,ORD,CityName,State,0,0,4,0,0,,73,1183,0,0,0,0,0
2021-01-21,JetBlue,N569XX,8320,DFW,CityName,State,DFW,CityName,State,45,1,55,1,0,,338,2449,0,0,55,0,0
2021-01-21,United,N766XX,1741,DEN,CityName,State,DEN,CityName,State,0,0,5,0,0,,332,846,0,0,0,0,0
2021-01-21,JetBlue,N964XX,5637,MIA,CityName,State,SFO,CityName,State,0,0,-13,0,0,,206,437,0,0,0,0,0
2021-01-22,Delta,N968XX,3223,JFK,CityName,State,DFW,CityName,State,0,0,8,0,0,,304,1414,0,0,0,0,0
2021-01-22,JetBlue,N680XX,7951,SEA,CityName,State,ATL,CityName,State,0,0,0,0,0,,115,702,0,0,0,0,0
2021-01-22,Delta,N662XX,1610,DEN,CityName,State,SFO,CityName,State,0,0,-4,0,0,,107,2973,0,0,0,0,0
2021-01-22,Delta,N176XX,8956,DFW,CityName,State,BOS,CityName,State,0,0,4,0,0,,171,2820,0,0,0,0,0
2021-01-22,United,N382XX,3039,DFW,CityName,State,ATL,CityName,State,45,1,42,1,0,,344,711,0,42,0,0,0
2021-01-22,Southwest,N439XX,9294,JFK,CityName,State,SEA,CityName,State,0,0,10,0,0,,131,2632,0,0,0,0,0
2021-01-22,American,N877XX,3910,DFW,CityName,State,JFK,CityName,State,0,0,6,0,0,,268,418,0,0,0,0,0
2021-01-22,JetBlue,N670XX,9267,SFO,CityName,State,MIA,CityName,State,0,0,-12,0,0,,292,2919,0,0,0,0,0
2021-01-22,Southwest,N808XX,3179,ATL,CityName,State,BOS,CityName,State,0,0,3,0,0,,184,1028,0,0,0,0,0
2021-01-22,JetBlue,N920XX,9951,DFW,CityName,State,SFO,CityName,State,15,1,3,0,0,,105,1115,0,0,0,0,0
2021-01-22,United,N943XX,8160,ATL,CityName,State,MIA,CityName,State,0,0,-6,0,0,,105,2652,0,0,0,0,0
2021-01-22,Delta,N454XX,4156,MIA,CityName,State,MIA,CityName,State,0,0,-10,0,0,,227,1486,0,0,0,0,0
2021-01-22,Delta,N682XX,6473,ORD,CityName,State,LAX,CityName,State,0,0,1,0,0,,296,1251,0,0,0,0,0
2021-01-23,Delta,N404XX,7245,LAX,CityName,State,ATL,CityName,State,120,1,0,0,1,A,131,2569,0,0,0,0,0
2021-01-23,Southwest,N696XX,5488,DFW,CityName,State,ATL,CityName,State,0,0,2,0,0,,119,2291,0,0,0,0,0
2021-01-23,American,N713XX,3961,DFW,CityName,State,ORD,CityName,State,0,0,-12,0,0,,261,1106,0,0,0,0,0
2021-01-23,American,N302XX,4286,DEN,CityName,State,DEN,CityName,State,0,0,-5,0,0,,329,1233,0,0,0,0,0
2021-01-23,American,N122XX,1017,JFK,CityName,State,LAX,CityName,State,0,0,-3,0,0,,299,2920,0,0,0,0,0
2021-01-23,United,N986XX,9095,DFW,CityName,State,ATL,CityName,State,0,0,7,0,0,,251,2607,0,0,0,0,0
2021-01-23,United,N868XX,1590,ATL,CityName,State,JFK,CityName,State,0,0,6,0,0,,240,718,0,0,0,0,0
2021-01-23,Southwest,N922XX,4509,SFO,CityName,State,SFO,CityName,State,45,1,34,1,0,,83,596,0,0,0,0,34
2021-01-23,JetBlue,N562XX,364,JFK,CityName,State,SFO,CityName,State,0,0,-6,0,0,,93,2575,0,0,0,0,0
2021-01-23,American,N477XX,3466,DEN,CityName,State,DEN,CityName,State,15,1,12,0,0,,336,484,0,0,0,0,0
2021-01-23,JetBlue,N715XX,8299,SFO,CityName,State,ORD,CityName,State,0,0,0,0,0,,346,2268,0,0,0,0,0
2021-01-23,Delta,N613XX,7735,SEA,CityName,State,SEA,CityName,State,0,0,-10,0,0,,55,2801,0,0,0,0,0
2021-01-23,Delta,N873XX,4988,LAX,CityName,State,DEN,CityName,State,0,0,-8,0,0,,215,1283,0,0,0,0,0
2021-01-23,United,N738XX,7326,DEN,CityName,State,LAX,CityName,State,0,0,-4,0,0,,161,363,0,0,0,0,0
2021-01-23,JetBlue,N636XX,4001,DFW,CityName,State,SFO,CityName,State,0,0,-14,0,0,,120,2949,0,0,0,0,0
2021-01-23,United,N888XX,2394,DEN,CityName,State,SFO,CityName,State,0,0,0,0,0,,67,1365,0,0,0,0,0
2021-01-23,American,N958XX,9120,DFW,CityName,State,SFO,CityName,State,0,0,-1,0,0,,357,1331,0,0,0,0,0
2021-01-23,Delta,N424XX,6552,ATL,CityName,State,SFO,CityName,State,0,0,1,0,0,,205,2332,0,0,0,0,0
2021-01-24,American,N781XX,5379,DEN,CityName,State,ORD,CityName,State,0,0,-3,0,0,,116,1645,0,0,0,0,0
2021-01-24,JetBlue,N385XX,7438,ATL,CityName,State,SEA,CityName,State,0,0,10,0,0,,212,871,0,0,0,0,0
2021-01-24,United,N592XX,2869,DEN,CityName,State,SFO,CityName,State,0,0,-5,0,0,,195,2721,0,0,0,0,0
2021-01-24,American,N728XX,7406,ATL,CityName,State,SEA,CityName,State,0,0,-12,0,0,,247,2284,0,0,0,0,0
2021-01-24,American,N939XX,6687,ATL,CityName,State,SFO,CityName,State,15,1,10,0,0,,101,969,0,0,0,0,0
2021-01-24,United,N309XX,4664,SFO,CityName,State,SEA,CityName,State,0,0,-1,0,0,,334,301,0,0,0,0,0
2021-01-24,American,N391XX,1162,DEN,CityName,State,ORD,CityName,State,0,0,1,0,0,,348,1042,0,0,0,0,0
2021-01-24,United,N981XX,2962,ATL,CityName,State,MIA,CityName,State,0,0,7,0,0,,185,1973,0,0,0,0,0
2021-01-24,JetBlue,N507XX,5207,SEA,CityName,State,LAX,CityName,State,0,0,-10,0,0,,85,910,0,0,0,0,0
2021-01-24,JetBlue,N144XX,7440,BOS,CityName,State,BOS,CityName,State,0,0,-13,0,0,,52,1173,0,0,0,0,0
2021-01-24,American,N857XX,6071,DEN,CityName,State,DEN,CityName,State,0,0,-11,0,0,,321,2645,0,0,0,0,0
2021-01-25,Southwest,N672XX,7342,BOS,CityName,State,SEA,CityName,State,0,0,-2,0,0,,288,2775,0,0,0,0,0
2021-01-25,Delta,N171XX,777,LAX,CityName,State,LAX,CityName,State,0,0,8,0,0,,247,1043,0,0,0,0,0
2021-01-25,American,N534XX,2567,MIA,CityName,State,BOS,CityName,State,0,0,0,0,1,A,273,2585,0,0,0,0,0
2021-01-25,JetBlue,N469XX,7385,DEN,CityName,State,MIA,CityName,State,0,0,4,0,0,,232,2156,0,0,0,0,0
2021-01-25,Southwest,N851XX,7680,DEN,CityName,State,MIA,CityName,State,0,0,3,0,0,,125,308,0,0,0,0,0
2021-01-25,American,N992XX,7061,ORD,CityName,State,ATL,CityName,State,0,0,-11,0,0,,71,2749,0,0,0,0,0
2021-01-25,Delta,N243XX,5807,ORD,CityName,State,DEN,CityName,State,0,0,8,0,0,,338,546,0,0,0,0,0
2021-01-25,Southwest,N492XX,7512,DEN,CityName,State,LAX,CityName,State,0,0,-2,0,0,,46,1528,0,0,0,0,0
2021-01-25,United,N164XX,5223,ORD,CityName,State,JFK,CityName,State,0,0,1,0,0,,201,2149,0,0,0,0,0
2021-01-26,JetBlue,N497XX,9408,SFO,CityName,State,SFO,CityName,State,0,0,-7,0,0,,237,2988,0,0,0,0,0
2021-01-26,Delta,N563XX,2463,DFW,CityName,State,JFK,CityName,State,15,1,14,0,0,,160,831,0,0,0,0,0
2021-01-26,United,N687XX,9037,MIA,CityName,State,LAX,CityName,State,0,0,4,0,0,,61,2499,0,0,0,0,0
2021-01-26,Southwest,N451XX,5853,BOS,CityName,State,ATL,CityName,State,0,0,-10,0,0,,300,228,0,0,0,0,0
2021-01-26,United,N410XX,275,SFO,CityName,State,SFO,CityName,State,15,1,24,1,0,,340,2123,24,0,0,0,0
2021-01-26,Delta,N650XX,2206,LAX,CityName,State,SFO,CityName,State,0,0,-6,0,0,,237,2008,0,0,0,0,0
2021-01-26,Southwest,N678XX,3446,JFK,CityName,State,DEN,CityName,State,15,1,12,0,0,,206,284,0,0,0,0,0
2021-01-26,United,N743XX,7010,SEA,CityName,State,BOS,CityName,State,30,1,22,1,0,,265,239,0,0,0,0,22
2021-01-26,Southwest,N310XX,2897,DFW,CityName,State,DFW,CityName,State,0,0,-5,0,0,,265,947,0,0,0,0,0
2021-01-26,United,N960XX,8083,SFO,CityName,State,DEN,CityName,State,0,0,-1,0,0,,333,1812,0,0,0,0,0
2021-01-26,Delta,N582XX,7905,DEN,CityName,State,DEN,CityName,State,15,1,3,0,0,,151,1595,0,0,0,0,0
2021-01-26,JetBlue,N360XX,8426,SEA,CityName,State,JFK,CityName,State,60,1,65,1,0,,148,1742,0,0,65,0,0
2021-01-26,Southwest,N396XX,1658,SFO,CityName,State,ATL,CityName,State,0,0,-4,0,0,,244,1813,0,0,0,0,0
2021-01-26,United,N122XX,9138,BOS,CityName,State,BOS,CityName,State,0,0,-12,0,0,,359,2362,0,0,0,0,0
2021-01-26,JetBlue,N563XX,8155,ORD,CityName,State,JFK,CityName,State,0,0,8,0,0,,215,2801,0,0,0,0,0
2021-01-26,Southwest,N165XX,5943,JFK,CityName,State,LAX,CityName,State,0,0,7,0,0,,144,1198,0,0,0,0,0
2021-01-26,Delta,N572XX,4078,BOS,CityName,State,JFK,CityName,State,0,0,7,0,0,,239,170,0,0,0,0,0
2021-01-26,Southwest,N845XX,5723,DFW,CityName,State,JFK,CityName,State,0,0,-11,0,0,,336,2122,0,0,0,0,0
2021-01-26,Southwest,N632XX,2709,SFO,CityName,State,SFO,CityName,State,0,0,-4,0,0,,281,2158,0,0,0,0,0
2021-01-27,JetBlue,N534XX,7986,MIA,CityName,State,BOS,CityName,State,0,0,-13,0,0,,340,2084,0,0,0,0,0
2021-01-27,American,N456XX,1793,ORD,CityName,State,LAX,CityName,State,0,0,2,0,0,,315,2508,0,0,0,0,0
2021-01-27,JetBlue,N109XX,1763,MIA,CityName,State,ORD,CityName,State,0,0,0,0,0,,145,692,0,0,0,0,0
2021-01-27,JetBlue,N966XX,5261,DEN,CityName,State,LAX,CityName,State,0,0,-8,0,0,,79,2600,0,0,0,0,0
2021-01-27,United,N495XX,4672,JFK,CityName,State,BOS,CityName,State,0,0,-6,0,0,,120,408,0,0,0,0,0
2021-01-27,JetBlue,N584XX,4691,BOS,CityName,State,SFO,CityName,State,0,0,-9,0,0,,296,1205,0,0,0,0,0
2021-01-27,Southwest,N597XX,9487,LAX,CityName,State,DFW,CityName,State,0,0,-1,0,0,,80,1694,0,0,0,0,0
2021-01-27,JetBlue,N380XX,7903,ATL,CityName,State,ATL,CityName,State,0,0,-10,0,0,,92,1931,0,0,0,0,0
2021-01-27,JetBlue,N910XX,7861,JFK,CityName,State,ATL,CityName,State,0,0,-11,0,0,,287,564,0,0,0,0,0
2021-01-27,Southwest,N676XX,864,LAX,CityName,State,ORD,CityName,State,0,0,-12,0,0,,236,290,0,0,0,0,0
2021-01-27,JetBlue,N127XX,2719,ORD,CityName,State,DFW,CityName,State,0,0,9,0,0,,85,1696,0,0,0,0,0
2021-01-27,American,N444XX,1010,DFW,CityName,State,LAX,CityName,State,0,0,-3,0,0,,71,2016,0,0,0,0,0
2021-01-27,American,N447XX,1700,DFW,CityName,State,BOS,CityName,State,0,0,-14,0,0,,258,946,0,0,0,0,0
2021-01-27,Delta,N944XX,3194,LAX,CityName,State,MIA,CityName,State,0,0,-12,0,0,,265,745,0,0,0,0,0
2021-01-27,Southwest,N691XX,4037,BOS,CityName,State,LAX,CityName,State,30,1,27,1,0,,292,498,27,0,0,0,0
2021-01-28,American,N618XX,8878,SEA,CityName,State,JFK,CityName,State,0,0,-6,0,0,,313,155,0,0,0,0,0
2021-01-28,Southwest,N355XX,3567,ATL,CityName,State,ATL,CityName,State,0,0,-4,0,0,,152,2043,0,0,0,0,0
2021-01-28,United,N623XX,7882,MIA,CityName,State,SEA,CityName,State,0,0,-8,0,0,,283,2549,0,0,0,0,0
2021-01-28,JetBlue,N955XX,2473,SFO,CityName,State,DEN,CityName,State,15,1,15,1,0,,174,1845,0,0,0,0,15
2021-01-28,Southwest,N501XX,1209,BOS,CityName,State,SFO,CityName,State,15,1,9,0,0,,67,1902,0,0,0,0,0
2021-01-28,American,N578XX,4564,ATL,CityName,State,MIA,CityName,State,0,0,5,0,0,,92,2592,0,0,0,0,0
2021-01-28,Southwest,N867XX,4223,DEN,CityName,State,DFW,CityName,State,0,0,-12,0,0,,184,1681,0,0,0,0,0
2021-01-28,JetBlue,N390XX,5178,LAX,CityName,State,ATL,CityName,State,0,0,7,0,0,,277,256,0,0,0,0,0
2021-01-28,Delta,N946XX,2507,BOS,CityName,State,SEA,CityName,State,0,0,5,0,0,,254,654,0,0,0,0,0
2021-01-28,JetBlue,N264XX,5140,DFW,CityName,State,DEN,CityName,State,120,1,128,1,0,,292,784,128,0,0,0,0
2021-01-28,Delta,N222XX,5836,DEN,CityName,State,MIA,CityName,State,0,0,-1,0,0,,188,770,0,0,0,0,0
2021-01-28,JetBlue,N754XX,3213,DEN,CityName,State,DFW,CityName,State,0,0,-14,0,0,,210,2681,0,0,0,0,0
2021-01-28,American,N352XX,5445,BOS,CityName,State,SFO,CityName,State,0,0,10,0,0,,172,1666,0,0,0,0,0
2021-01-28,Southwest,N730XX,7409,SFO,CityName,State,DEN,CityName,State,0,0,-7,0,0,,200,578,0,0,0,0,0
2021-01-28,JetBlue,N317XX,5969,MIA,CityName,State,BOS,CityName,State,0,0,-1,0,0,,45,1681,0,0,0,0,0
2021-01-29,JetBlue,N543XX,4867,ATL,CityName,State,BOS,CityName,State,60,1,67,1,0,,163,1747,0,67,0,0,0
2021-01-29,Southwest,N528XX,2438,ATL,CityName,State,DEN,CityName,State,0,0,9,0,0,,331,265,0,0,0,0,0
2021-01-29,Delta,N481XX,6275,MIA,CityName,State,BOS,CityName,State,0,0,8,0,0,,352,1885,0,0,0,0,0
2021-01-29,JetBlue,N970XX,4015,LAX,CityName,State,DEN,CityName,State,0,0,8,0,0,,358,2315,0,0,0,0,0
2021-01-29,American,N649XX,2119,SFO,CityName,State,DFW,CityName,State,0,0,-9,0,0,,262,2145,0,0,0,0,0
2021-01-29,Southwest,N640XX,2335,JFK,CityName,State,ORD,CityName,State,0,0,0,0,1,A,57,2394,0,0,0,0,0
2021-01-29,Delta,N607XX,3334,SFO,CityName,State,MIA,CityName,State,0,0,-12,0,0,,241,478,0,0,0,0,0
2021-01-29,United,N406XX,8997,SEA,CityName,State,LAX,CityName,State,0,0,-13,0,0,,320,1930,0,0,0,0,0
2021-01-29,Delta,N622XX,7614,ORD,CityName,State,ATL,CityName,State,0,0,-14,0,0,,148,623,0,0,0,0,0
2021-01-29,Delta,N321XX,124,JFK,CityName,State,ORD,CityName,State,0,0,-5,0,0,,285,2711,0,0,0,0,0
2021-01-29,American,N598XX,5328,SFO,CityName,State,SFO,CityName,State,0,0,-9,0,0,,353,2968,0,0,0,0,0
2021-01-29,JetBlue,N954XX,6380,SEA,CityName,State,MIA,CityName,State,0,0,-14,0,0,,179,2885,0,0,0,0,0
2021-01-30,Southwest,N342XX,3208,DFW,CityName,State,ORD,CityName,State,0,0,0,0,1,A,338,2295,0,0,0,0,0
2021-01-30,American,N311XX,1152,DFW,CityName,State,LAX,CityName,State,0,0,-2,0,0,,311,1812,0,0,0,0,0
2021-01-30,United,N502XX,3010,BOS,CityName,State,ATL,CityName,State,0,0,6,0,0,,357,2344,0,0,0,0,0
2021-01-30,Southwest,N511XX,2984,LAX,CityName,State,LAX,CityName,State,0,0,0,0,1,A,73,1304,0,0,0,0,0
2021-01-30,American,N511XX,5657,ORD,CityName,State,DFW,CityName,State,0,0,-6,0,0,,64,461,0,0,0,0,0
2021-01-30,Southwest,N743XX,9405,ORD,CityName,State,DFW,CityName,State,0,0,5,0,0,,155,679,0,0,0,0,0
2021-01-30,United,N649XX,8000,LAX,CityName,State,SEA,CityName,State,0,0,-10,0,0,,145,2536,0,0,0,0,0
2021-01-30,Southwest,N138XX,9528,LAX,CityName,State,ATL,CityName,State,0,0,-7,0,0,,248,412,0,0,0,0,0
2021-01-30,Southwest,N101XX,8614,BOS,CityName,State,DEN,CityName,State,0,0,5,0,0,,275,2747,0,0,0,0,0
2021-01-30,Southwest,N149XX,7090,ATL,CityName,State,JFK,CityName,State,0,0,6,0,0,,284,272,0,0,0,0,0
2021-01-30,United,N578XX,7054,ATL,CityName,State,BOS,CityName,State,0,0,1,0,0,,125,1497,0,0,0,0,0
2021-01-30,Southwest,N742XX,218,JFK,CityName,State,ATL,CityName,State,0,0,-9,0,0,,146,2228,0,0,0,0,0
2021-01-30,Southwest,N290XX,3204,ATL,CityName,State,JFK,CityName,State,0,0,-7,0,0,,100,2812,0,0,0,0,0
2021-01-30,JetBlue,N186XX,6626,MIA,CityName,State,BOS,CityName,State,0,0,-3,0,0,,83,2695,0,0,0,0,0
2021-01-30,United,N971XX,5860,DFW,CityName,State,DEN,CityName,State,0,0,7,0,0,,247,1967,0,0,0,0,0
2021-01-31,JetBlue,N604XX,724,MIA,CityName,State,LAX,CityName,State,0,0,10,0,0,,177,642,0,0,0,0,0
2021-01-31,United,N806XX,6235,SEA,CityName,State,ATL,CityName,State,0,0,6,0,0,,144,2704,0,0,0,0,0
2021-01-31,United,N301XX,215,BOS,CityName,State,LAX,CityName,State,0,0,5,0,0,,314,2763,0,0,0,0,0
2021-01-31,United,N594XX,9554,MIA,CityName,State,BOS,CityName,State,0,0,0,0,0,,110,1925,0,0,0,0,0
2021-01-31,American,N577XX,9964,DFW,CityName,State,ORD,CityName,State,0,0,-12,0,0,,175,1572,0,0,0,0,0
2021-01-31,American,N550XX,3769,ORD,CityName,State,DEN,CityName,State,0,0,-8,0,0,,83,1677,0,0,0,0,0
2021-01-31,Southwest,N182XX,1757,MIA,CityName,State,SEA,CityName,State,30,1,39,1,0,,131,1716,0,39,0,0,0
2021-01-31,United,N335XX,2068,JFK,CityName,State,SFO,CityName,State,0,0,-1,0,0,,174,858,0,0,0,0,0
2021-01-31,Southwest,N115XX,5100,SEA,CityName,State,SEA,CityName,State,0,0,-4,0,0,,174,369,0,0,0,0,0
2021-01-31,Delta,N254XX,6439,LAX,CityName,State,DFW,CityName,State,0,0,7,0,0,,81,2446,0,0,0,0,0
2021-02-01,United,N834XX,8942,LAX,CityName,State,DEN,CityName,State,15,1,16,1,0,,344,2716,16,0,0,0,0
2021-02-01,American,N127XX,7872,DFW,CityName,State,DFW,CityName,State,0,0,-2,0,0,,348,2248,0,0,0,0,0
2021-02-01,JetBlue,N611XX,4885,LAX,CityName,State,DEN,CityName,State,0,0,9,0,0,,263,2801,0,0,0,0,0
2021-02-01,Delta,N516XX,5488,MIA,CityName,State,DEN,CityName,State,120,1,109,1,0,,262,634,109,0,0,0,0
2021-02-01,Delta,N136XX,7804,ORD,CityName,State,ATL,CityName,State,60,1,48,1,0,,175,719,48,0,0,0,0
2021-02-01,American,N175XX,6443,ORD,CityName,State,ORD,CityName,State,0,0,2,0,0,,97,2398,0,0,0,0,0
2021-02-01,Delta,N116XX,6198,DEN,CityName,State,DFW,CityName,State,0,0,0,0,0,,324,1298,0,0,0,0,0
2021-02-01,United,N729XX,309,JFK,CityName,State,BOS,CityName,State,0,0,-13,0,0,,131,927,0,0,0,0,0
2021-02-01,JetBlue,N729XX,6449,LAX,CityName,State,SFO,CityName,State,120,1,121,1,0,,292,1192,0,0,0,0,121
2021-02-02,Delta,N629XX,5134,DFW,CityName,State,DFW,CityName,State,0,0,-6,0,0,,267,359,0,0,0,0,0
2021-02-02,JetBlue,N575XX,2179,DEN,CityName,State,DFW,CityName,State,0,0,-6,0,0,,154,2380,0,0,0,0,0
2021-02-02,Delta,N363XX,5300,LAX,CityName,State,SFO,CityName,State,0,0,0,0,0,,161,2505,0,0,0,0,0
2021-02-02,United,N701XX,4762,MIA,CityName,State,JFK,CityName,State,60,1,60,1,0,,186,1724,0,0,60,0,0
2021-02-02,Southwest,N276XX,9654,BOS,CityName,State,SFO,CityName,State,0,0,-14,0,0,,350,1866,0,0,0,0,0
2021-02-02,American,N417XX,6500,ORD,CityName,State,ORD,CityName,State,45,1,52,1,0,,68,1844,0,52,0,0,0
2021-02-02,JetBlue,N935XX,6866,SFO,CityName,State,DEN,CityName,State,0,0,5,0,0,,57,1051,0,0,0,0,0
2021-02-02,JetBlue,N396XX,3316,LAX,CityName,State,ORD,CityName,State,0,0,-11,0,0,,213,2420,0,0,0,0,0
2021-02-02,Southwest,N104XX,5249,ORD,CityName,State,LAX,CityName,State,15,1,16,1,0,,219,783,0,0,0,0,16
2021-02-02,American,N123XX,9457,SFO,CityName,State,SFO,CityName,State,45,1,34,1,0,,56,2957,34,0,0,0,0
2021-02-02,Delta,N209XX,5271,BOS,CityName,State,ATL,CityName,State,240,1,233,1,0,,220,293,0,0,233,0,0
2021-02-02,Delta,N756XX,9775,SEA,CityName,State,ORD,CityName,State,0,0,0,0,1,A,171,2866,0,0,0,0,0
2021-02-03,Southwest,N556XX,3705,DFW,CityName,State,DFW,CityName,State,15,1,22,1,0,,229,560,0,0,0,0,22
2021-02-03,American,N969XX,2319,SFO,CityName,State,DEN,CityName,State,0,0,6,0,0,,286,1075,0,0,0,0,0
2021-02-03,Delta,N870XX,3825,MIA,CityName,State,DFW,CityName,State,0,0,7,0,0,,217,207,0,0,0,0,0
2021-02-03,Delta,N355XX,8685,DEN,CityName,State,DFW,CityName,State,0,0,2,0,0,,124,650,0,0,0,0,0
2021-02-03,JetBlue,N911XX,1609,ATL,CityName,State,JFK,CityName,State,120,1,109,1,0,,182,1438,109,0,0,0,0
2021-02-03,Southwest,N622XX,3089,DFW,CityName,State,JFK,CityName,State,15,1,19,1,0,,144,631,0,0,19,0,0
2021-02-03,Southwest,N612XX,9756,ORD,CityName,State,ORD,CityName,State,0,0,6,0,0,,185,1937,0,0,0,0,0
2021-02-03,JetBlue,N880XX,8981,ATL,CityName,State,JFK,CityName,State,15,1,14,0,0,,197,1644,0,0,0,0,0
2021-02-03,Southwest,N446XX,5288,LAX,CityName,State,ATL,CityName,State,0,0,-7,0,0,,74,655,0,0,0,0,0
2021-02-03,Delta,N548XX,1092,SEA,CityName,State,SEA,CityName,State,0,0,0,0,0,,273,2103,0,0,0,0,0
2021-02-03,Southwest,N133XX,2245,LAX,CityName,State,BOS,CityName,State,0,0,1,0,0,,45,1209,0,0,0,0,0
2021-02-03,American,N466XX,3516,SEA,CityName,State,SFO,CityName,State,0,0,-3,0,0,,124,783,0,0,0,0,0
2021-02-03,Delta,N819XX,8250,MIA,CityName,State,LAX,CityName,State,0,0,-1,0,0,,88,835,0,0,0,0,0
2021-02-03,JetBlue,N211XX,2132,MIA,CityName,State,DEN,CityName,State,0,0,8,0,0,,209,2337,0,0,0,0,0
2021-02-03,Southwest,N228XX,7449,LAX,CityName,State,BOS,CityName,State,0,0,3,0,0,,355,834,0,0,0,0,0
2021-02-03,United,N689XX,6495,SEA,CityName,State,ATL,CityName,State,120,1,109,1,0,,132,1038,109,0,0,0,0
2021-02-03,JetBlue,N910XX,7453,LAX,CityName,State,LAX,CityName,State,15,1,23,1,0,,243,2494,0,0,23,0,0
2021-02-03,Southwest,N464XX,3193,JFK,CityName,State,DFW,CityName,State,0,0,-3,0,0,,90,848,0,0,0,0,0
2021-02-03,JetBlue,N905XX,5132,LAX,CityName,State,SFO,CityName,State,0,0,9,0,0,,157,800,0,0,0,0,0
2021-02-04,United,N278XX,4721,ORD,CityName,State,JFK,CityName,State,15,1,21,1,0,,128,2419,21,0,0,0,0
2021-02-04,JetBlue,N208XX,3085,SFO,CityName,State,SFO,CityName,State,0,0,6,0,0,,237,2785,0,0,0,0,0
2021-02-04,American,N512XX,5742,MIA,CityName,State,SFO,CityName,State,0,0,10,0,0,,184,493,0,0,0,0,0
2021-02-04,Delta,N428XX,4784,SEA,CityName,State,SEA,CityName,State,0,0,-4,0,0,,163,2843,0,0,0,0,0
2021-02-04,Delta,N180XX,3780,JFK,CityName,State,MIA,CityName,State,15,1,7,0,0,,103,1578,0,0,0,0,0
2021-02-04,United,N329XX,5230,LAX,CityName,State,ATL,CityName,State,0,0,0,0,1,A,248,282,0,0,0,0,0
2021-02-04,Delta,N548XX,7743,DEN,CityName,State,LAX,CityName,State,0,0,-6,0,0,,237,406,0,0,0,0,0
2021-02-04,Delta,N463XX,3205,BOS,CityName,State,MIA,CityName,State,0,0,-9,0,0,,112,2859,0,0,0,0,0
2021-02-04,Delta,N761XX,4754,ORD,CityName,State,DFW,CityName,State,0,0,2,0,0,,222,1473,0,0,0,0,0
2021-02-04,American,N528XX,8603,SFO,CityName,State,JFK,CityName,State,0,0,-1,0,0,,130,2210,0,0,0,0,0
2021-02-05,American,N244XX,751,DFW,CityName,State,JFK,CityName,State,0,0,-14,0,0,,256,2871,0,0,0,0,0
2021-02-05,Delta,N577XX,111,JFK,CityName,State,MIA,CityName,State,30,1,19,1,0,,323,2283,0,0,19,0,0
2021-02-05,United,N316XX,7274,LAX,CityName,State,DFW,CityName,State,0,0,-2,0,0,,229,872,0,0,0,0,0
2021-02-05,United,N602XX,4152,SFO,CityName,State,JFK,CityName,State,0,0,0,0,0,,200,273,0,0,0,0,0
2021-02-05,Southwest,N850XX,6961,DFW,CityName,State,SFO,CityName,State,0,0,3,0,0,,355,972,0,0,0,0,0
2021-02-05,American,N978XX,752,LAX,CityName,State,ORD,CityName,State,0,0,-7,0,0,,168,1827,0,0,0,0,0
2021-02-05,JetBlue,N969XX,4287,LAX,CityName,State,ORD,CityName,State,0,0,0,0,0,,278,2440,0,0,0,0,0
2021-02-05,JetBlue,N781XX,3911,JFK,CityName,State,ATL,CityName,State,0,0,-7,0,0,,161,2933,0,0,0,0,0
2021-02-05,Delta,N653XX,5158,DFW,CityName,State,MIA,CityName,State,0,0,10,0,0,,281,1536,0,0,0,0,0
2021-02-05,Southwest,N176XX,3272,DFW,CityName,State,BOS,CityName,State,0,0,-12,0,0,,59,1772,0,0,0,0,0
2021-02-05,United,N316XX,9980,BOS,CityName,State,DFW,CityName,State,15,1,25,1,0,,225,231,25,0,0,0,0
2021-02-06,United,N170XX,1120,JFK,CityName,State,DEN,CityName,State,0,0,2,0,0,,226,2039,0,0,0,0,0
2021-02-06,United,N769XX,6802,DFW,CityName,State,MIA,CityName,State,0,0,-9,0,0,,223,748,0,0,0,0,0
2021-02-06,JetBlue,N507XX,550,ORD,CityName,State,SFO,CityName,State,15,1,3,0,0,,129,2970,0,0,0,0,0
2021-02-06,American,N250XX,8328,DFW,CityName,State,ORD,CityName,State,0,0,-4,0,0,,262,2971,0,0,0,0,0
2021-02-06,American,N720XX,5490,SEA,CityName,State,ORD,CityName,State,0,0,-1,0,0,,46,337,0,0,0,0,0
2021-02-06,American,N183XX,5122,ATL,CityName,State,DEN,CityName,State,0,0,-7,0,0,,327,2703,0,0,0,0,0
2021-02-06,Delta,N140XX,9396,SEA,CityName,State,DEN,CityName,State,0,0,0,0,0,,249,687,0,0,0,0,0
2021-02-06,Delta,N620XX,7502,BOS,CityName,State,SFO,CityName,State,0,0,-9,0,0,,327,2304,0,0,0,0,0
2021-02-06,American,N346XX,2686,DEN,CityName,State,SFO,CityName,State,0,0,4,0,0,,137,2692,0,0,0,0,0
2021-02-06,Southwest,N872XX,4056,JFK,CityName,State,SFO,CityName,State,0,0,2,0,0,,334,2251,0,0,0,0,0
2021-02-07,American,N489XX,5434,ORD,CityName,State,SFO,CityName,State,0,0,8,0,0,,180,2219,0,0,0,0,0
2021-02-07,United,N242XX,8082,JFK,CityName,State,LAX,CityName,State,0,0,-10,0,0,,320,165,0,0,0,0,0
2021-02-07,Delta,N118XX,1731,ORD,CityName,State,SFO,CityName,State,30,1,30,1,0,,321,2778,30,0,0,0,0
2021-02-07,United,N258XX,5990,MIA,CityName,State,SFO,CityName,State,0,0,0,0,1,A,185,923,0,0,0,0,0
2021-02-07,United,N136XX,8370,DEN,CityName,State,ATL,CityName,State,0,0,-13,0,0,,79,1115,0,0,0,0,0
2021-02-07,American,N728XX,9624,ORD,CityName,State,ORD,CityName,State,0,0,1,0,0,,152,1773,0,0,0,0,0
2021-02-07,United,N271XX,3361,ORD,CityName,State,ATL,CityName,State,30,1,24,1,0,,302,1794,24,0,0,0,0
2021-02-07,American,N616XX,7360,LAX,CityName,State,JFK,CityName,State,0,0,4,0,0,,78,1853,0,0,0,0,0
2021-02-07,American,N603XX,9612,BOS,CityName,State,SEA,CityName,State,60,1,56,1,0,,79,1133,0,0,56,0,0
2021-02-07,Delta,N941XX,9358,DEN,CityName,State,MIA,CityName,State,45,1,43,1,0,,124,543,43,0,0,0,0
2021-02-07,American,N624XX,9651,LAX,CityName,State,BOS,CityName,State,0,0,-5,0,0,,97,489,0,0,0,0,0
2021-02-07,American,N484XX,9436,ORD,CityName,State,DEN,CityName,State,0,0,0,0,1,A,89,1066,0,0,0,0,0
2021-02-07,United,N155XX,1479,DEN,CityName,State,JFK,CityName,State,0,0,-3,0,0,,279,1702,0,0,0,0,0
2021-02-07,JetBlue,N696XX,7423,LAX,CityName,State,MIA,CityName,State,0,0,6,0,0,,103,1228,0,0,0,0,0
2021-02-07,Southwest,N336XX,4133,JFK,CityName,State,LAX,CityName,State,0,0,4,0,0,,285,456,0,0,0,0,0
2021-02-07,Southwest,N409XX,6825,DEN,CityName,State,MIA,CityName,State,0,0,5,0,0,,156,176,0,0,0,0,0
2021-02-08,Delta,N792XX,3276,MIA,CityName,State,BOS,CityName,State,0,0,-1,0,0,,170,1173,0,0,0,0,0
2021-02-08,JetBlue,N276XX,4921,SFO,CityName,State,SFO,CityName,State,0,0,1,0,0,,100,2784,0,0,0,0,0
2021-02-08,American,N374XX,7146,JFK,CityName,State,DFW,CityName,State,240,1,229,1,0,,116,2557,229,0,0,0,0
2021-02-08,American,N107XX,5143,BOS,CityName,State,LAX,CityName,State,0,0,-10,0,0,,328,2290,0,0,0,0,0
2021-02-08,JetBlue,N467XX,6741,JFK,CityName,State,SFO,CityName,State,15,1,22,1,0,,184,364,0,0,0,0,22
2021-02-08,JetBlue,N794XX,6215,MIA,CityName,State,LAX,CityName,State,30,1,37,1,0,,343,779,0,0,0,0,37
2021-02-08,American,N218XX,8493,DEN,CityName,State,MIA,CityName,State,0,0,0,0,1,A,255,830,0,0,0,0,0
2021-02-08,American,N754XX,8926,ATL,CityName,State,JFK,CityName,State,0,0,-4,0,0,,128,789,0,0,0,0,0
2021-02-08,American,N461XX,1510,JFK,CityName,State,DEN,CityName,State,0,0,-2,0,0,,103,1589,0,0,0,0,0
2021-02-08,American,N224XX,7204,DFW,CityName,State,SFO,CityName,State,0,0,-5,0,0,,158,216,0,0,0,0,0
2021-02-08,Delta,N840XX,9689,BOS,CityName,State,BOS,CityName,State,0,0,0,0,0,,325,1574,0,0,0,0,0
2021-02-08,Delta,N895XX,7457,ORD,CityName,State,LAX,CityName,State,0,0,-12,0,0,,183,2909,0,0,0,0,0
2021-02-08,Delta,N196XX,2061,SFO,CityName,State,SEA,CityName,State,0,0,2,0,0,,146,2175,0,0,0,0,0
2021-02-08,Southwest,N227XX,3681,LAX,CityName,State,ATL,CityName,State,45,1,34,1,0,,340,1865,0,34,0,0,0
2021-02-09,JetBlue,N815XX,7340,ORD,CityName,State,MIA,CityName,State,0,0,3,0,0,,226,1200,0,0,0,0,0
2021-02-09,JetBlue,N138XX,2516,MIA,CityName,State,SFO,CityName,State,0,0,-2,0,0,,300,2010,0,0,0,0,0
2021-02-09,American,N922XX,4789,BOS,CityName,State,ATL,CityName,State,0,0,-7,0,0,,46,338,0,0,0,0,0
2021-02-09,American,N627XX,3229,LAX,CityName,State,JFK,CityName,State,15,1,5,0,0,,79,517,0,0,0,0,0
2021-02-09,Southwest,N135XX,974,BOS,CityName,State,ATL,CityName,State,0,0,10,0,0,,134,996,0,0,0,0,0
2021-02-09,Delta,N414XX,7682,DFW,CityName,State,DFW,CityName,State,0,0,-1,0,0,,50,1987,0,0,0,0,0
2021-02-09,Southwest,N135XX,3339,LAX,CityName,State,DEN,CityName,State,0,0,2,0,0,,211,528,0,0,0,0,0
2021-02-09,Delta,N795XX,9631,ATL,CityName,State,DEN,CityName,State,0,0,-9,0,0,,235,2665,0,0,0,0,0
2021-02-09,Delta,N704XX,8217,ORD,CityName,State,SEA,CityName,State,0,0,3,0,0,,55,2964,0,0,0,0,0
2021-02-09,Southwest,N174XX,2031,LAX,CityName,State,SEA,CityName,State,0,0,3,0,0,,54,2599,0,0,0,0,0
2021-02-09,American,N417XX,5682,DFW,CityName,State,LAX,CityName,State,0,0,2,0,0,,353,586,0,0,0,0,0
2021-02-09,American,N491XX,9597,SFO,CityName,State,BOS,CityName,State,0,0,-9,0,0,,116,1773,0,0,0,0,0
2021-02-10,United,N397XX,3229,BOS,CityName,State,SEA,CityName,State,120,1,128,1,0,,47,2232,128,0,0,0,0
2021-02-10,JetBlue,N762XX,1940,DEN,CityName,State,JFK,CityName,State,0,0,10,0,0,,356,509,0,0,0,0,0
2021-02-10,JetBlue,N629XX,526,DEN,CityName,State,SEA,CityName,State,45,1,49,1,0,,356,1176,0,0,49,0,0
2021-02-10,United,N378XX,7540,JFK,CityName,State,ORD,CityName,State,0,0,0,0,1,A,234,660,0,0,0,0,0
2021-02-10,United,N957XX,9154,DEN,CityName,State,BOS,CityName,State,0,0,3,0,0,,234,969,0,0,0,0,0
2021-02-10,United,N866XX,5688,SFO,CityName,State,DFW,CityName,State,0,0,10,0,0,,125,2260,0,0,0,0,0
2021-02-10,Delta,N441XX,9498,LAX,CityName,State,BOS,CityName,State,0,0,6,0,0,,159,2148,0,0,0,0,0
2021-02-10,Delta,N113XX,4774,DFW,CityName,State,SFO,CityName,State,0,0,-13,0,0,,307,2748,0,0,0,0,0
2021-02-10,United,N627XX,8076,SFO,CityName,State,BOS,CityName,State,0,0,8,0,0,,259,2381,0,0,0,0,0
2021-02-10,JetBlue,N130XX,357,DEN,CityName,State,SEA,CityName,State,0,0,8,0,0,,334,1471,0,0,0,0,0
2021-02-10,Delta,N428XX,424,LAX,CityName,State,ATL,CityName,State,45,1,39,1,0,,46,2542,0,0,39,0,0
2021-02-10,American,N510XX,6007,JFK,CityName,State,BOS,CityName,State,0,0,3,0,0,,196,2061,0,0,0,0,0
2021-02-10,Southwest,N708XX,4234,DEN,CityName,State,SFO,CityName,State,0,0,-10,0,0,,153,723,0,0,0,0,0
2021-02-11,Southwest,N963XX,2466,ATL,CityName,State,DFW,CityName,State,0,0,-6,0,0,,104,262,0,0,0,0,0
2021-02-11,Delta,N124XX,4344,SFO,CityName,State,DEN,CityName,State,0,0,-6,0,0,,164,434,0,0,0,0,0
2021-02-11,JetBlue,N669XX,5710,BOS,CityName,State,SFO,CityName,State,120,1,112,1,0,,281,2868,0,0,112,0,0
2021-02-11,United,N933XX,7410,DFW,CityName,State,SEA,CityName,State,0,0,-7,0,0,,269,2651,0,0,0,0,0
2021-02-11,United,N244XX,2909,DFW,CityName,State,DEN,CityName,State,15,1,22,1,0,,83,1917,0,0,22,0,0
2021-02-11,Southwest,N506XX,6115,SFO,CityName,State,ORD,CityName,State,0,0,-14,0,0,,146,303,0,0,0,0,0
2021-02-11,United,N720XX,1386,DFW,CityName,State,DFW,CityName,State,0,0,-2,0,0,,255,2033,0,0,0,0,0
2021-02-11,United,N325XX,3481,DFW,CityName,State,DFW,CityName,State,0,0,3,0,0,,185,1849,0,0,0,0,0
2021-02-11,JetBlue,N389XX,474,MIA,CityName,State,SFO,CityName,State,0,0,0,0,0,,186,2851,0,0,0,0,0
2021-02-11,JetBlue,N297XX,6341,SEA,CityName,State,JFK,CityName,State,0,0,1,0,0,,303,2395,0,0,0,0,0
2021-02-11,American,N448XX,4992,SFO,CityName,State,DEN,CityName,State,0,0,-2,0,0,,109,2267,0,0,0,0,0
2021-02-11,American,N859XX,5167,DFW,CityName,State,DEN,CityName,State,15,1,17,1,0,,274,2666,17,0,0,0,0
2021-02-11,American,N711XX,9824,DFW,CityName,State,SFO,CityName,State,30,1,40,1,0,,311,1711,40,0,0,0,0
2021-02-12,United,N626XX,2230,BOS,CityName,State,DEN,CityName,State,0,0,-7,0,0,,53,2682,0,0,0,0,0
2021-02-12,Delta,N395XX,8943,JFK,CityName,State,ORD,CityName,State,15,1,2,0,0,,67,560,0,0,0,0,0
2021-02-12,Southwest,N440XX,9028,BOS,CityName,State,DEN,CityName,State,0,0,3,0,0,,282,2440,0,0,0,0,0
2021-02-12,United,N401XX,8667,ATL,CityName,State,JFK,CityName,State,0,0,2,0,0,,192,194,0,0,0,0,0
2021-02-12,JetBlue,N251XX,8879,SFO,CityName,State,ORD,CityName,State,0,0,3,0,0,,65,1251,0,0,0,0,0
2021-02-12,JetBlue,N416XX,8463,DEN,CityName,State,ATL,CityName,State,60,1,51,1,0,,203,2015,0,0,51,0,0
2021-02-12,Southwest,N117XX,4964,SEA,CityName,State,ATL,CityName,State,0,0,-2,0,0,,97,2227,0,0,0,0,0
2021-02-12,Southwest,N635XX,8343,SFO,CityName,State,ORD,CityName,State,0,0,0,0,0,,349,204,0,0,0,0,0
2021-02-12,Southwest,N640XX,9463,JFK,CityName,State,DFW,CityName,State,0,0,8,0,0,,188,796,0,0,0,0,0
2021-02-12,American,N767XX,2137,ATL,CityName,State,MIA,CityName,State,0,0,-2,0,0,,330,1859,0,0,0,0,0
2021-02-12,JetBlue,N748XX,8013,SEA,CityName,State,JFK,CityName,State,240,1,228,1,0,,81,689,228,0,0,0,0
2021-02-12,American,N665XX,1787,ORD,CityName,State,LAX,CityName,State,60,1,53,1,0,,242,2214,0,0,53,0,0
2021-02-12,Delta,N174XX,4976,BOS,CityName,State,SEA,CityName,State,0,0,-11,0,0,,163,827,0,0,0,0,0
2021-02-12,Southwest,N643XX,6815,LAX,CityName,State,SEA,CityName,State,0,0,-6,0,0,,97,2492,0,0,0,0,0
2021-02-12,United,N907XX,6421,SFO,CityName,State,JFK,CityName,State,0,0,7,0,0,,124,1828,0,0,0,0,0
2021-02-12,Southwest,N957XX,9032,MIA,CityName,State,BOS,CityName,State,45,1,51,1,0,,238,1793,51,0,0,0,0
2021-02-12,JetBlue,N128XX,3308,ATL,CityName,State,MIA,CityName,State,15,1,25,1,0,,216,1731,25,0,0,0,0
2021-02-12,United,N609XX,7077,SFO,CityName,State,DEN,CityName,State,0,0,-6,0,0,,63,716,0,0,0,0,0
2021-02-12,JetBlue,N400XX,5356,SEA,CityName,State,LAX,CityName,State,45,1,46,1,0,,324,2991,0,46,0,0,0
2021-02-13,Delta,N190XX,2889,DFW,CityName,State,LAX,CityName,State,15,1,17,1,0,,117,1448,0,0,17,0,0
2021-02-13,Delta,N121XX,1822,BOS,CityName,State,LAX,CityName,State,0,0,-7,0,0,,97,2763,0,0,0,0,0
2021-02-13,JetBlue,N260XX,8610,ORD,CityName,State,ORD,CityName,State,0,0,-3,0,0,,76,2640,0,0,0,0,0
2021-02-13,American,N742XX,2681,LAX,CityName,State,ATL,CityName,State,15,1,2,0,0,,194,2891,0,0,0,0,0
2021-02-13,United,N371XX,7669,LAX,CityName,State,SFO,CityName,State,0,0,0,0,1,A,310,2622,0,0,0,0,0
2021-02-13,Delta,N479XX,3421,SFO,CityName,State,SEA,CityName,State,0,0,8,0,0,,351,2178,0,0,0,0,0
2021-02-13,American,N269XX,9094,JFK,CityName,State,DEN,CityName,State,0,0,9,0,0,,93,1455,0,0,0,0,0
2021-02-13,American,N576XX,6644,DEN,CityName,State,JFK,CityName,State,0,0,0,0,0,,230,1201,0,0,0,0,0
2021-02-13,Southwest,N750XX,3914,ATL,CityName,State,SFO,CityName,State,0,0,-14,0,0,,176,2451,0,0,0,0,0
2021-02-13,Southwest,N559XX,8579,MIA,CityName,State,SEA,CityName,State,0,0,9,0,0,,102,983,0,0,0,0,0
2021-02-13,American,N322XX,9699,BOS,CityName,State,DFW,CityName,State,30,1,20,1,0,,238,1512,20,0,0,0,0
2021-02-13,United,N987XX,6543,ATL,CityName,State,ORD,CityName,State,0,0,4,0,0,,154,2206,0,0,0,0,0
2021-02-13,American,N850XX,1507,SEA,CityName,State,BOS,CityName,State,0,0,-1,0,0,,82,1555,0,0,0,0,0
2021-02-14,Delta,N266XX,5310,DEN,CityName,State,LAX,CityName,State,0,0,-6,0,0,,163,1967,0,0,0,0,0
2021-02-14,United,N557XX,4227,DEN,CityName,State,SEA,CityName,State,0,0,9,0,0,,337,1245,0,0,0,0,0
2021-02-14,American,N806XX,8261,SFO,CityName,State,DFW,CityName,State,0,0,2,0,0,,165,1143,0,0,0,0,0
2021-02-14,American,N625XX,2404,MIA,CityName,State,ORD,CityName,State,0,0,-4,0,0,,149,2408,0,0,0,0,0
2021-02-14,Delta,N153XX,8067,DEN,CityName,State,SEA,CityName,State,0,0,-1,0,0,,298,281,0,0,0,0,0
2021-02-14,Delta,N508XX,8417,ORD,CityName,State,DFW,CityName,State,15,1,18,1,0,,141,1920,18,0,0,0,0
2021-02-14,Delta,N461XX,8081,DFW,CityName,State,SEA,CityName,State,0,0,-10,0,0,,266,1264,0,0,0,0,0
2021-02-14,United,N410XX,4050,ORD,CityName,State,MIA,CityName,State,30,1,25,1,0,,150,680,0,25,0,0,0
2021-02-14,Southwest,N917XX,5145,DFW,CityName,State,JFK,CityName,State,0,0,-10,0,0,,136,2969,0,0,0,0,0
2021-02-14,JetBlue,N246XX,3137,SFO,CityName,State,SFO,CityName,State,60,1,58,1,0,,175,1373,0,0,0,0,58
2021-02-14,Delta,N252XX,5546,BOS,CityName,State,SEA,CityName,State,0,0,3,0,0,,249,1830,0,0,0,0,0
2021-02-15,Delta,N718XX,6512,BOS,CityName,State,DEN,CityName,State,30,1,25,1,0,,335,2171,25,0,0,0,0
2021-02-15,Southwest,N228XX,5475,DFW,CityName,State,DEN,CityName,State,0,0,-7,0,0,,327,2018,0,0,0,0,0
2021-02-15,JetBlue,N578XX,4107,DFW,CityName,State,MIA,CityName,State,60,1,64,1,0,,127,248,64,0,0,0,0
2021-02-15,United,N673XX,1264,LAX,CityName,State,BOS,CityName,State,0,0,-5,0,0,,296,477,0,0,0,0,0
2021-02-15,American,N470XX,4220,ATL,CityName,State,ATL,CityName,State,120,1,116,1,0,,245,2002,0,116,0,0,0
2021-02-15,Delta,N927XX,4473,JFK,CityName,State,ORD,CityName,State,30,1,29,1,0,,45,2570,0,29,0,0,0
2021-02-15,Southwest,N121XX,9402,DFW,CityName,State,MIA,CityName,State,0,0,-9,0,0,,306,2527,0,0,0,0,0
2021-02-15,JetBlue,N951XX,3436,SFO,CityName,State,ATL,CityName,State,0,0,-11,0,0,,275,2552,0,0,0,0,0
2021-02-15,United,N141XX,4099,ATL,CityName,State,DFW,CityName,State,0,0,-14,0,0,,287,1381,0,0,0,0,0
2021-02-15,Delta,N724XX,789,JFK,CityName,State,SEA,CityName,State,0,0,-7,0,0,,354,2012,0,0,0,0,0
2021-02-15,Delta,N617XX,5352,MIA,CityName,State,DFW,CityName,State,0,0,-8,0,0,,83,1524,0,0,0,0,0
2021-02-15,Delta,N914XX,2479,JFK,CityName,State,BOS,CityName,State,0,0,4,0,0,,290,1020,0,0,0,0,0
2021-02-15,Delta,N825XX,5643,ATL,CityName,State,SEA,CityName,State,45,1,46,1,0,,169,1721,0,0,46,0,0
2021-02-15,United,N598XX,2396,MIA,CityName,State,DFW,CityName,State,0,0,8,0,0,,123,2113,0,0,0,0,0
2021-02-15,Delta,N765XX,1686,ORD,CityName,State,ATL,CityName,State,0,0,0,0,1,A,121,1052,0,0,0,0,0
2021-02-15,Delta,N211XX,2649,SFO,CityName,State,SFO,CityName,State,0,0,9,0,0,,269,714,0,0,0,0,0
2021-02-15,United,N815XX,6243,LAX,CityName,State,BOS,CityName,State,240,1,230,1,0,,294,2983,230,0,0,0,0
2021-02-15,United,N506XX,4090,MIA,CityName,State,ATL,CityName,State,0,0,-10,0,0,,341,2124,0,0,0,0,0
2021-02-15,Southwest,N130XX,5153,SFO,CityName,State,ATL,CityName,State,0,0,-5,0,0,,243,1847,0,0,0,0,0
2021-02-15,Delta,N533XX,7857,BOS,CityName,State,SEA,CityName,State,0,0,2,0,0,,101,1584,0,0,0,0,0
2021-02-15,American,N817XX,5162,DEN,CityName,State,SFO,CityName,State,0,0,0,0,0,,152,2963,0,0,0,0,0
2021-02-15,JetBlue,N550XX,1912,DFW,CityName,State,ATL,CityName,State,15,1,3,0,0,,356,1182,0,0,0,0,0
2021-02-16,Southwest,N981XX,9563,SEA,CityName,State,LAX,CityName,State,15,1,23,1,0,,114,2759,0,0,0,0,23
2021-02-16,Southwest,N657XX,879,JFK,CityName,State,SEA,CityName,State,0,0,-8,0,0,,359,2962,0,0,0,0,0
2021-02-16,American,N836XX,4508,SEA,CityName,State,SEA,CityName,State,30,1,23,1,0,,87,2179,0,0,23,0,0
2021-02-16,United,N757XX,4376,DFW,CityName,State,SEA,CityName,State,0,0,-2,0,0,,335,713,0,0,0,0,0
2021-02-16,United,N501XX,7470,MIA,CityName,State,BOS,CityName,State,0,0,-7,0,0,,269,381,0,0,0,0,0
2021-02-16,JetBlue,N131XX,8032,JFK,CityName,State,ORD,CityName,State,0,0,0,0,1,A,295,758,0,0,0,0,0
2021-02-16,Delta,N903XX,630,ORD,CityName,State,SEA,CityName,State,0,0,8,0,0,,106,1944,0,0,0,0,0
2021-02-16,Delta,N471XX,3077,JFK,CityName,State,SFO,CityName,State,0,0,3,0,0,,55,2954,0,0,0,0,0
2021-02-16,United,N639XX,586,ORD,CityName,State,ATL,CityName,State,30,1,24,1,0,,193,795,24,0,0,0,0
2021-02-16,JetBlue,N560XX,3884,JFK,CityName,State,ATL,CityName,State,0,0,-1,0,0,,150,2275,0,0,0,0,0
2021-02-17,Southwest,N937XX,3498,ORD,CityName,State,JFK,CityName,State,0,0,1,0,0,,210,2881,0,0,0,0,0
2021-02-17,Southwest,N825XX,8218,LAX,CityName,State,SFO,CityName,State,0,0,-12,0,0,,168,2331,0,0,0,0,0
2021-02-17,United,N162XX,3114,SFO,CityName,State,DFW,CityName,State,0,0,6,0,0,,296,881,0,0,0,0,0
2021-02-17,United,N574XX,5919,MIA,CityName,State,ORD,CityName,State,0,0,-8,0,0,,204,985,0,0,0,0,0
2021-02-17,Southwest,N687XX,7986,LAX,CityName,State,SEA,CityName,State,0,0,-4,0,0,,355,2123,0,0,0,0,0
2021-02-17,JetBlue,N436XX,8005,SFO,CityName,State,SFO,CityName,State,0,0,4,0,0,,118,2207,0,0,0,0,0
2021-02-17,United,N175XX,6425,LAX,CityName,State,BOS,CityName,State,0,0,-3,0,0,,160,1481,0,0,0,0,0
2021-02-17,JetBlue,N362XX,6176,DFW,CityName,State,DEN,CityName,State,0,0,4,0,0,,300,512,0,0,0,0,0
2021-02-17,JetBlue,N979XX,3336,ATL,CityName,State,ATL,CityName,State,0,0,-11,0,0,,97,415,0,0,0,0,0
2021-02-17,United,N256XX,6138,MIA,CityName,State,BOS,CityName,State,0,0,-8,0,0,,238,2386,0,0,0,0,0
2021-02-17,United,N650XX,8472,LAX,CityName,State,SFO,CityName,State,0,0,2,0,0,,299,1540,0,0,0,0,0
2021-02-17,American,N452XX,9760,ORD,CityName,State,ORD,CityName,State,0,0,10,0,0,,127,329,0,0,0,0,0
2021-02-17,Southwest,N127XX,4038,SFO,CityName,State,SFO,CityName,State,0,0,-13,0,0,,296,1531,0,0,0,0,0
2021-02-17,JetBlue,N909XX,3932,LAX,CityName,State,ATL,CityName,State,0,0,-3,0,0,,85,405,0,0,0,0,0
2021-02-17,United,N500XX,5583,LAX,CityName,State,SEA,CityName,State,0,0,0,0,0,,176,1042,0,0,0,0,0
2021-02-18,JetBlue,N981XX,5345,LAX,CityName,State,BOS,CityName,State,0,0,0,0,1,A,286,987,0,0,0,0,0
2021-02-18,Delta,N981XX,930,LAX,CityName,State,JFK,CityName,State,45,1,46,1,0,,126,264,0,0,46,0,0
2021-02-18,JetBlue,N358XX,2860,BOS,CityName,State,MIA,CityName,State,0,0,-10,0,0,,50,2469,0,0,0,0,0
2021-02-18,Southwest,N780XX,2368,SFO,CityName,State,SFO,CityName,State,60,1,66,1,0,,82,777,0,0,66,0,0
2021-02-18,Southwest,N930XX,226,DEN,CityName,State,SEA,CityName,State,0,0,4,0,0,,209,989,0,0,0,0,0
2021-02-18,American,N767XX,6534,DEN,CityName,State,SFO,CityName,State,0,0,5,0,0,,64,2753,0,0,0,0,0
2021-02-18,American,N131XX,1641,MIA,CityName,State,DFW,CityName,State,0,0,8,0,0,,344,2072,0,0,0,0,0
2021-02-18,United,N523XX,6334,DFW,CityName,State,DFW,CityName,State,0,0,-6,0,0,,290,1018,0,0,0,0,0
2021-02-18,Southwest,N212XX,2143,ORD,CityName,State,DFW,CityName,State,0,0,-2,0,0,,222,1974,0,0,0,0,0
2021-02-18,JetBlue,N218XX,4897,SEA,CityName,State,DEN,CityName,State,0,0,5,0,0,,121,1620,0,0,0,0,0
2021-02-18,Delta,N718XX,1127,SFO,CityName,State,MIA,CityName,State,0,0,-10,0,0,,115,2654,0,0,0,0,0
2021-02-18,Southwest,N360XX,2863,DEN,CityName,State,SEA,CityName,State,60,1,51,1,0,,321,164,0,0,51,0,0
2021-02-18,United,N432XX,7642,SEA,CityName,State,SEA,CityName,State,0,0,7,0,0,,215,343,0,0,0,0,0
2021-02-18,JetBlue,N674XX,3956,DEN,CityName,State,BOS,CityName,State,60,1,64,1,0,,343,1183,64,0,0,0,0
2021-02-19,JetBlue,N983XX,5373,MIA,CityName,State,LAX,CityName,State,30,1,34,1,0,,296,2385,0,0,0,0,34
2021-02-19,JetBlue,N659XX,1391,MIA,CityName,State,SFO,CityName,State,0,0,1,0,0,,241,184,0,0,0,0,0
2021-02-19,JetBlue,N834XX,1398,ATL,CityName,State,DFW,CityName,State,0,0,-6,0,0,,348,1475,0,0,0,0,0
2021-02-19,Delta,N830XX,3015,LAX,CityName,State,SEA,CityName,State,0,0,1,0,0,,338,2664,0,0,0,0,0
2021-02-19,JetBlue,N495XX,3533,DFW,CityName,State,LAX,CityName,State,0,0,-14,0,0,,149,2617,0,0,0,0,0
2021-02-19,American,N710XX,2912,ORD,CityName,State,ORD,CityName,State,15,1,17,1,0,,101,2230,0,0,0,0,17
2021-02-19,Southwest,N557XX,1556,DEN,CityName,State,DEN,CityName,State,0,0,7,0,0,,336,2313,0,0,0,0,0
2021-02-19,Southwest,N333XX,959,SFO,CityName,State,BOS,CityName,State,0,0,5,0,0,,216,218,0,0,0,0,0
2021-02-19,JetBlue,N602XX,6333,BOS,CityName,State,ATL,CityName,State,0,0,0,0,0,,207,772,0,0,0,0,0
2021-02-19,Delta,N873XX,9038,DFW,CityName,State,DEN,CityName,State,0,0,-5,0,0,,154,2853,0,0,0,0,0
2021-02-19,United,N308XX,5932,DEN,CityName,State,SEA,CityName,State,0,0,-5,0,0,,217,1730,0,0,0,0,0
2021-02-19,American,N340XX,2334,MIA,CityName,State,ORD,CityName,State,0,0,-12,0,0,,243,2194,0,0,0,0,0
2021-02-19,Delta,N292XX,3245,DFW,CityName,State,JFK,CityName,State,0,0,-13,0,0,,317,220,0,0,0,0,0
2021-02-20,Southwest,N252XX,5160,DFW,CityName,State,LAX,CityName,State,0,0,-1,0,0,,229,231,0,0,0,0,0
2021-02-20,American,N998XX,7070,SEA,CityName,State,MIA,CityName,State,0,0,-5,0,0,,234,1069,0,0,0,0,0
2021-02-20,Southwest,N432XX,368,SFO,CityName,State,DEN,CityName,State,45,1,55,1,0,,202,768,0,0,55,0,0
2021-02-20,American,N105XX,8944,JFK,CityName,State,DEN,CityName,State,0,0,-10,0,0,,228,2242,0,0,0,0,0
2021-02-20,American,N177XX,7219,BOS,CityName,State,SEA,CityName,State,0,0,-4,0,0,,218,2187,0,0,0,0,0
2021-02-20,Delta,N820XX,5077,ORD,CityName,State,BOS,CityName,State,0,0,-9,0,0,,232,700,0,0,0,0,0
2021-02-20,Southwest,N945XX,8440,LAX,CityName,State,SFO,CityName,State,15,1,23,1,0,,327,396,0,23,0,0,0
2021-02-20,Southwest,N849XX,3879,ATL,CityName,State,SEA,CityName,State,0,0,-5,0,0,,151,2775,0,0,0,0,0
2021-02-20,American,N709XX,1235,LAX,CityName,State,LAX,CityName,State,0,0,-1,0,0,,284,1124,0,0,0,0,0
2021-02-20,United,N863XX,6655,DFW,CityName,State,SFO,CityName,State,0,0,-12,0,0,,120,226,0,0,0,0,0
2021-02-20,United,N399XX,9142,ATL,CityName,State,ORD,CityName,State,120,1,111,1,0,,338,200,0,111,0,0,0
2021-02-20,American,N615XX,922,DEN,CityName,State,MIA,CityName,State,15,1,10,0,0,,205,2811,0,0,0,0,0
2021-02-20,United,N756XX,3019,ORD,CityName,State,JFK,CityName,State,0,0,0,0,0,,254,772,0,0,0,0,0
2021-02-20,United,N184XX,3120,SFO,CityName,State,SFO,CityName,State,0,0,9,0,0,,51,2974,0,0,0,0,0
2021-02-20,Southwest,N245XX,2609,DFW,CityName,State,BOS,CityName,State,0,0,-1,0,0,,291,162,0,0,0,0,0
2021-02-20,United,N522XX,9445,SEA,CityName,State,JFK,CityName,State,0,0,-2,0,0,,153,577,0,0,0,0,0
2021-02-21,JetBlue,N183XX,3732,BOS,CityName,State,LAX,CityName,State,0,0,-8,0,0,,117,910,0,0,0,0,0
2021-02-21,United,N845XX,5590,LAX,CityName,State,DFW,CityName,State,0,0,-1,0,0,,207,297,0,0,0,0,0
2021-02-21,Southwest,N241XX,6010,DFW,CityName,State,MIA,CityName,State,0,0,-12,0,0,,146,1455,0,0,0,0,0
2021-02-21,Delta,N631XX,660,ORD,CityName,State,ORD,CityName,State,0,0,-8,0,0,,262,655,0,0,0,0,0
2021-02-21,American,N133XX,6443,SFO,CityName,State,ATL,CityName,State,0,0,-6,0,0,,184,2320,0,0,0,0,0
2021-02-21,JetBlue,N462XX,779,DFW,CityName,State,ATL,CityName,State,0,0,-13,0,0,,181,857,0,0,0,0,0
2021-02-21,United,N770XX,2209,LAX,CityName,State,SEA,CityName,State,0,0,-8,0,0,,109,640,0,0,0,0,0
2021-02-21,Southwest,N598XX,4749,DEN,CityName,State,SFO,CityName,State,15,1,8,0,0,,89,2895,0,0,0,0,0
2021-02-22,JetBlue,N965XX,6281,SEA,CityName,State,LAX,CityName,State,30,1,27,1,0,,182,499,0,27,0,0,0
2021-02-22,American,N666XX,5081,DFW,CityName,State,LAX,CityName,State,0,0,-9,0,0,,332,1686,0,0,0,0,0
2021-02-22,Delta,N831XX,1471,SEA,CityName,State,DEN,CityName,State,0,0,-4,0,0,,59,643,0,0,0,0,0
2021-02-22,Delta,N451XX,8482,JFK,CityName,State,ATL,CityName,State,0,0,-13,0,0,,62,1734,0,0,0,0,0
2021-02-22,Southwest,N282XX,5309,BOS,CityName,State,JFK,CityName,State,15,1,1,0,0,,285,2996,0,0,0,0,0
2021-02-22,Delta,N739XX,5169,MIA,CityName,State,LAX,CityName,State,0,0,1,0,0,,79,2546,0,0,0,0,0
2021-02-22,United,N609XX,1930,SFO,CityName,State,ATL,CityName,State,0,0,10,0,0,,198,1963,0,0,0,0,0
2021-02-22,JetBlue,N680XX,7793,DFW,CityName,State,ATL,CityName,State,0,0,-2,0,0,,243,461,0,0,0,0,0
2021-02-22,Southwest,N908XX,4094,MIA,CityName,State,ORD,CityName,State,0,0,4,0,0,,96,2213,0,0,0,0,0
2021-02-22,American,N753XX,9847,DEN,CityName,State,JFK,CityName,State,0,0,-9,0,0,,81,2156,0,0,0,0,0
2021-02-23,United,N412XX,6492,DFW,CityName,State,SEA,CityName,State,15,1,17,1,0,,159,1437,17,0,0,0,0
2021-02-23,JetBlue,N741XX,6817,ATL,CityName,State,BOS,CityName,State,15,1,25,1,0,,72,459,0,0,25,0,0
2021-02-23,American,N431XX,4298,JFK,CityName,State,JFK,CityName,State,15,1,8,0,0,,309,597,0,0,0,0,0
2021-02-23,United,N823XX,932,ATL,CityName,State,DFW,CityName,State,120,1,116,1,0,,225,1413,0,0,0,0,116
2021-02-23,JetBlue,N852XX,6272,DFW,CityName,State,ORD,CityName,State,0,0,-6,0,0,,246,370,0,0,0,0,0
2021-02-23,American,N893XX,6258,BOS,CityName,State,BOS,CityName,State,0,0,-14,0,0,,341,2333,0,0,0,0,0
2021-02-23,United,N621XX,4880,SEA,CityName,State,DEN,CityName,State,0,0,-12,0,0,,104,300,0,0,0,0,0
2021-02-23,JetBlue,N858XX,5901,DFW,CityName,State,MIA,CityName,State,0,0,2,0,0,,224,1033,0,0,0,0,0
2021-02-23,Delta,N760XX,8584,SEA,CityName,State,SFO,CityName,State,0,0,8,0,0,,169,770,0,0,0,0,0
2021-02-23,JetBlue,N741XX,7601,ORD,CityName,State,ORD,CityName,State,0,0,-10,0,0,,219,244,0,0,0,0,0
2021-02-23,American,N986XX,2436,JFK,CityName,State,SEA,CityName,State,0,0,10,0,0,,223,662,0,0,0,0,0
2021-02-23,JetBlue,N463XX,8390,MIA,CityName,State,SEA,CityName,State,0,0,-10,0,0,,232,656,0,0,0,0,0
2021-02-23,Delta,N115XX,7767,SFO,CityName,State,MIA,CityName,State,0,0,-7,0,0,,51,2613,0,0,0,0,0
2021-02-24,United,N325XX,5299,LAX,CityName,State,SFO,CityName,State,0,0,-8,0,0,,229,2991,0,0,0,0,0
2021-02-24,United,N400XX,5596,ATL,CityName,State,MIA,CityName,State,0,0,9,0,0,,225,1733,0,0,0,0,0
2021-02-24,JetBlue,N597XX,4754,ORD,CityName,State,LAX,CityName,State,0,0,7,0,0,,357,2289,0,0,0,0,0
2021-02-24,American,N308XX,1108,DFW,CityName,State,BOS,CityName,State,15,1,4,0,0,,90,409,0,0,0,0,0
2021-02-24,JetBlue,N249XX,2619,MIA,CityName,State,SFO,CityName,State,0,0,5,0,0,,253,963,0,0,0,0,0
2021-02-24,American,N219XX,1715,ATL,CityName,State,SFO,CityName,State,15,1,13,0,0,,250,2383,0,0,0,0,0
2021-02-24,Southwest,N627XX,9298,SFO,CityName,State,ATL,CityName,State,0,0,4,0,0,,265,204,0,0,0,0,0
2021-02-24,Delta,N944XX,4721,LAX,CityName,State,ATL,CityName,State,0,0,1,0,0,,280,2068,0,0,0,0,0
2021-02-24,Delta,N451XX,9135,ATL,CityName,State,SFO,CityName,State,0,0,7,0,0,,331,560,0,0,0,0,0
2021-02-24,JetBlue,N760XX,6865,SEA,CityName,State,SEA,CityName,State,0,0,-7,0,0,,167,1843,0,0,0,0,0
2021-02-24,United,N706XX,1409,DFW,CityName,State,DEN,CityName,State,30,1,39,1,0,,246,1442,39,0,0,0,0
2021-02-24,United,N525XX,8301,BOS,CityName,State,DEN,CityName,State,0,0,10,0,0,,244,1870,0,0,0,0,0
2021-02-24,United,N630XX,8191,ORD,CityName,State,JFK,CityName,State,0,0,-3,0,0,,91,1679,0,0,0,0,0
2021-02-24,JetBlue,N430XX,8015,BOS,CityName,State,ATL,CityName,State,0,0,-4,0,0,,343,2761,0,0,0,0,0
2021-02-24,Southwest,N210XX,6564,DEN,CityName,State,JFK,CityName,State,0,0,7,0,0,,136,450,0,0,0,0,0
2021-02-24,Southwest,N208XX,9394,DEN,CityName,State,SEA,CityName,State,30,1,39,1,0,,177,1697,0,39,0,0,0
2021-02-24,American,N877XX,5043,SFO,CityName,State,MIA,CityName,State,0,0,-2,0,0,,244,2061,0,0,0,0,0
2021-02-24,Southwest,N122XX,1368,BOS,CityName,State,ORD,CityName,State,0,0,1,0,0,,228,2685,0,0,0,0,0
2021-02-25,JetBlue,N753XX,4595,BOS,CityName,State,BOS,CityName,State,15,1,17,1,0,,137,2031,0,17,0,0,0
2021-02-25,Delta,N382XX,5166,LAX,CityName,State,MIA,CityName,State,0,0,7,0,0,,60,1814,0,0,0,0,0
2021-02-25,Delta,N884XX,9341,ORD,CityName,State,DEN,CityName,State,0,0,-5,0,0,,202,861,0,0,0,0,0
2021-02-25,Southwest,N793XX,6092,LAX,CityName,State,SEA,CityName,State,45,1,36,1,0,,149,816,0,0,36,0,0
2021-02-25,American,N283XX,9007,ATL,CityName,State,JFK,CityName,State,15,1,25,1,0,,90,1090,25,0,0,0,0
2021-02-25,Southwest,N983XX,4941,BOS,CityName,State,SFO,CityName,State,0,0,-1,0,0,,141,874,0,0,0,0,0
2021-02-25,American,N362XX,5041,MIA,CityName,State,ORD,CityName,State,0,0,-9,0,0,,56,1750,0,0,0,0,0
2021-02-25,United,N881XX,9023,ORD,CityName,State,SEA,CityName,State,0,0,-14,0,0,,132,991,0,0,0,0,0
2021-02-25,JetBlue,N691XX,9676,MIA,CityName,State,ATL,CityName,State,0,0,-7,0,0,,326,291,0,0,0,0,0
2021-02-25,American,N897XX,9504,DFW,CityName,State,DEN,CityName,State,0,0,5,0,0,,124,537,0,0,0,0,0
2021-02-25,Delta,N101XX,1019,BOS,CityName,State,SFO,CityName,State,30,1,28,1,0,,79,1755,28,0,0,0,0
2021-02-25,United,N560XX,3329,ATL,CityName,State,DEN,CityName,State,0,0,5,0,0,,195,2348,0,0,0,0,0
2021-02-26,JetBlue,N758XX,1080,SFO,CityName,State,ORD,CityName,State,0,0,7,0,0,,198,2731,0,0,0,0,0
2021-02-26,Southwest,N814XX,6299,ORD,CityName,State,ATL,CityName,State,0,0,-2,0,0,,275,2171,0,0,0,0,0
2021-02-26,United,N655XX,4448,SFO,CityName,State,SFO,CityName,State,0,0,-4,0,0,,330,181,0,0,0,0,0
2021-02-26,United,N526XX,7847,BOS,CityName,State,BOS,CityName,State,0,0,-14,0,0,,165,257,0,0,0,0,0
2021-02-26,Delta,N766XX,5735,DFW,CityName,State,SEA,CityName,State,0,0,9,0,0,,347,2789,0,0,0,0,0
2021-02-26,Southwest,N512XX,670,MIA,CityName,State,ATL,CityName,State,30,1,40,1,0,,133,2699,0,0,0,0,40
2021-02-26,Southwest,N575XX,8464,SEA,CityName,State,ORD,CityName,State,15,1,10,0,0,,245,2532,0,0,0,0,0
2021-02-26,Southwest,N247XX,1177,BOS,CityName,State,ATL,CityName,State,0,0,2,0,0,,121,2210,0,0,0,0,0
2021-02-26,American,N473XX,2774,DFW,CityName,State,SEA,CityName,State,0,0,7,0,0,,212,2915,0,0,0,0,0
2021-02-26,Southwest,N905XX,5878,MIA,CityName,State,BOS,CityName,State,0,0,10,0,0,,278,2675,0,0,0,0,0
2021-02-26,United,N348XX,5845,ATL,CityName,State,SEA,CityName,State,0,0,10,0,0,,252,1424,0,0,0,0,0
2021-02-26,Southwest,N421XX,8772,BOS,CityName,State,LAX,CityName,State,0,0,3,0,0,,349,1015,0,0,0,0,0
2021-02-26,United,N506XX,3795,DFW,CityName,State,MIA,CityName,State,30,1,26,1,0,,261,1669,0,0,26,0,0
2021-02-26,JetBlue,N659XX,8438,ORD,CityName,State,MIA,CityName,State,0,0,-11,0,0,,311,1336,0,0,0,0,0
2021-02-26,United,N728XX,8960,SEA,CityName,State,ORD,CityName,State,0,0,-1,0,0,,83,1511,0,0,0,0,0
2021-02-26,JetBlue,N444XX,5849,SEA,CityName,State,DEN,CityName,State,0,0,-5,0,0,,197,888,0,0,0,0,0
2021-02-26,Delta,N668XX,4722,SEA,CityName,State,ATL,CityName,State,0,0,-4,0,0,,171,2062,0,0,0,0,0
2021-02-26,Southwest,N354XX,1575,DFW,CityName,State,BOS,CityName,State,45,1,39,1,0,,153,2546,0,0,0,0,39
2021-02-26,American,N754XX,3585,JFK,CityName,State,ORD,CityName,State,0,0,9,0,0,,214,2512,0,0,0,0,0
2021-02-26,JetBlue,N786XX,2421,SEA,CityName,State,ORD,CityName,State,0,0,9,0,0,,262,1105,0,0,0,0,0
2021-02-27,United,N588XX,721,LAX,CityName,State,ATL,CityName,State,15,1,19,1,0,,237,2654,0,0,0,0,19
2021-02-27,American,N971XX,1320,MIA,CityName,State,JFK,CityName,State,0,0,2,0,0,,288,582,0,0,0,0,0
2021-02-27,American,N368XX,2494,SEA,CityName,State,SFO,CityName,State,0,0,9,0,0,,146,1833,0,0,0,0,0
2021-02-27,Southwest,N495XX,3442,SFO,CityName,State,ATL,CityName,State,0,0,-3,0,0,,80,2831,0,0,0,0,0
2021-02-27,JetBlue,N923XX,8387,ORD,CityName,State,LAX,CityName,State,0,0,1,0,0,,101,2685,0,0,0,0,0
2021-02-27,American,N260XX,2181,ATL,CityName,State,JFK,CityName,State,0,0,1,0,0,,140,1768,0,0,0,0,0
2021-02-27,Delta,N497XX,6976,MIA,CityName,State,SFO,CityName,State,0,0,-12,0,0,,217,276,0,0,0,0,0
2021-02-27,Delta,N993XX,4359,SEA,CityName,State,LAX,CityName,State,0,0,-8,0,0,,151,584,0,0,0,0,0
2021-02-27,Southwest,N939XX,4296,SEA,CityName,State,JFK,CityName,State,0,0,-3,0,0,,246,2439,0,0,0,0,0
2021-02-27,Southwest,N734XX,1125,DFW,CityName,State,JFK,CityName,State,30,1,27,1,0,,79,2702,0,0,27,0,0
2021-02-27,Delta,N424XX,2943,ATL,CityName,State,ATL,CityName,State,0,0,9,0,0,,241,821,0,0,0,0,0
2021-02-27,Delta,N946XX,3217,DEN,CityName,State,BOS,CityName,State,0,0,-7,0,0,,255,536,0,0,0,0,0
2021-02-27,JetBlue,N159XX,299,BOS,CityName,State,DFW,CityName,State,0,0,-11,0,0,,233,1599,0,0,0,0,0
2021-02-27,American,N362XX,1349,SEA,CityName,State,MIA,CityName,State,0,0,-3,0,0,,285,2480,0,0,0,0,0
2021-02-27,JetBlue,N810XX,7772,MIA,CityName,State,JFK,CityName,State,0,0,-1,0,0,,48,2512,0,0,0,0,0
2021-02-27,JetBlue,N658XX,5561,DFW,CityName,State,ATL,CityName,State,0,0,-11,0,0,,314,2162,0,0,0,0,0
2021-02-27,JetBlue,N452XX,9416,SEA,CityName,State,MIA,CityName,State,0,0,-10,0,0,,284,1464,0,0,0,0,0
2021-02-27,Delta,N415XX,9877,DEN,CityName,State,SFO,CityName,State,0,0,3,0,0,,334,200,0,0,0,0,0
2021-02-28,Delta,N491XX,5901,ORD,CityName,State,LAX,CityName,State,0,0,3,0,0,,158,2724,0,0,0,0,0
2021-02-28,JetBlue,N860XX,1739,DEN,CityName,State,SFO,CityName,State,0,0,-4,0,0,,348,757,0,0,0,0,0
2021-02-28,United,N881XX,7557,SFO,CityName,State,BOS,CityName,State,0,0,6,0,0,,85,2044,0,0,0,0,0
2021-02-28,Southwest,N424XX,1965,DFW,CityName,State,SEA,CityName,State,0,0,-2,0,0,,224,2641,0,0,0,0,0
2021-02-28,Delta,N148XX,3671,ORD,CityName,State,DFW,CityName,State,45,1,55,1,0,,89,2987,0,0,55,0,0
2021-02-28,United,N229XX,2574,SFO,CityName,State,ATL,CityName,State,0,0,1,0,0,,195,820,0,0,0,0,0
2021-02-28,American,N192XX,6400,MIA,CityName,State,SFO,CityName,State,45,1,37,1,0,,193,2665,37,0,0,0,0
2021-02-28,Southwest,N215XX,6789,SEA,CityName,State,MIA,CityName,State,15,1,9,0,0,,144,564,0,0,0,0,0
2021-02-28,JetBlue,N158XX,1146,DFW,CityName,State,ORD,CityName,State,0,0,-9,0,0,,215,743,0,0,0,0,0
2021-02-28,United,N116XX,2611,SFO,CityName,State,LAX,CityName,State,0,0,-2,0,0,,277,181,0,0,0,0,0
2021-02-28,United,N611XX,192,LAX,CityName,State,ORD,CityName,State,0,0,-7,0,0,,148,850,0,0,0,0,0
2021-02-28,Southwest,N667XX,1171,DEN,CityName,State,SFO,CityName,State,0,0,-4,0,0,,54,1756,0,0,0,0,0
2021-02-28,Southwest,N678XX,3927,DFW,CityName,State,DFW,CityName,State,0,0,-2,0,0,,156,959,0,0,0,0,0
2021-02-28,American,N330XX,7642,SEA,CityName,State,SFO,CityName,State,15,1,5,0,0,,91,1629,0,0,0,0,0
2021-02-28,Delta,N736XX,2096,SFO,CityName,State,ATL,CityName,State,0,0,-10,0,0,,276,2119,0,0,0,0,0
2021-02-28,American,N953XX,5756,DEN,CityName,State,SFO,CityName,State,0,0,-5,0,0,,269,2576,0,0,0,0,0
2021-03-01,Southwest,N363XX,3646,BOS,CityName,State,ATL,CityName,State,0,0,-7,0,0,,171,2425,0,0,0,0,0
2021-03-01,JetBlue,N414XX,8429,ORD,CityName,State,JFK,CityName,State,0,0,-5,0,0,,140,2223,0,0,0,0,0
2021-03-01,JetBlue,N771XX,2950,LAX,CityName,State,BOS,CityName,State,0,0,-3,0,0,,232,2803,0,0,0,0,0
2021-03-01,Southwest,N474XX,9814,DEN,CityName,State,SEA,CityName,State,0,0,-10,0,0,,137,2223,0,0,0,0,0
2021-03-01,American,N751XX,3878,JFK,CityName,State,DFW,CityName,State,0,0,-6,0,0,,128,1094,0,0,0,0,0
2021-03-01,American,N306XX,884,JFK,CityName,State,LAX,CityName,State,0,0,2,0,0,,293,1004,0,0,0,0,0
2021-03-01,JetBlue,N867XX,2155,MIA,CityName,State,ATL,CityName,State,0,0,6,0,0,,155,1029,0,0,0,0,0
2021-03-01,United,N998XX,1075,JFK,CityName,State,LAX,CityName,State,0,0,0,0,0,,182,426,0,0,0,0,0
2021-03-01,Delta,N250XX,2438,JFK,CityName,State,ATL,CityName,State,15,1,1,0,0,,96,2912,0,0,0,0,0
2021-03-01,JetBlue,N392XX,8068,JFK,CityName,State,DEN,CityName,State,0,0,-3,0,0,,101,1329,0,0,0,0,0
2021-03-01,United,N666XX,966,DEN,CityName,State,BOS,CityName,State,0,0,6,0,0,,329,1650,0,0,0,0,0
2021-03-01,JetBlue,N448XX,9063,DFW,CityName,State,DEN,CityName,State,0,0,-1,0,0,,341,2111,0,0,0,0,0
2021-03-02,Southwest,N935XX,9676,LAX,CityName,State,ATL,CityName,State,0,0,-2,0,0,,119,2986,0,0,0,0,0
2021-03-02,Southwest,N566XX,4856,SEA,CityName,State,JFK,CityName,State,0,0,4,0,0,,267,806,0,0,0,0,0
2021-03-02,American,N389XX,7513,ATL,CityName,State,MIA,CityName,State,0,0,-4,0,0,,355,1877,0,0,0,0,0
2021-03-02,United,N234XX,4966,SFO,CityName,State,MIA,CityName,State,0,0,4,0,0,,350,2126,0,0,0,0,0
2021-03-02,United,N571XX,5132,ORD,CityName,State,JFK,CityName,State,60,1,47,1,0,,269,811,0,0,47,0,0
2021-03-02,JetBlue,N928XX,3872,SEA,CityName,State,ORD,CityName,State,0,0,-12,0,0,,280,850,0,0,0,0,0
2021-03-02,Southwest,N485XX,768,DFW,CityName,State,DFW,CityName,State,0,0,-10,0,0,,347,1233,0,0,0,0,0
2021-03-02,Delta,N226XX,436,SFO,CityName,State,DEN,CityName,State,0,0,-7,0,0,,300,1585,0,0,0,0,0
2021-03-02,Southwest,N378XX,4295,DEN,CityName,State,SFO,CityName,State,0,0,7,0,0,,54,2559,0,0,0,0,0
2021-03-02,American,N683XX,4551,BOS,CityName,State,DFW,CityName,State,0,0,10,0,0,,90,2684,0,0,0,0,0
2021-03-02,JetBlue,N496XX,6541,DEN,CityName,State,BOS,CityName,State,0,0,1,0,0,,305,2732,0,0,0,0,0
2021-03-02,JetBlue,N596XX,5511,BOS,CityName,State,ATL,CityName,State,15,1,1,0,0,,75,444,0,0,0,0,0
2021-03-02,United,N166XX,3897,SEA,CityName,State,BOS,CityName,State,0,0,1,0,0,,200,1188,0,0,0,0,0
2021-03-03,American,N868XX,6427,MIA,CityName,State,SFO,CityName,State,0,0,-2,0,0,,336,2799,0,0,0,0,0
2021-03-03,Southwest,N781XX,3317,ATL,CityName,State,DFW,CityName,State,0,0,-4,0,0,,106,2742,0,0,0,0,0
2021-03-03,JetBlue,N831XX,2793,BOS,CityName,State,MIA,CityName,State,0,0,-8,0,0,,337,1774,0,0,0,0,0
2021-03-03,Delta,N864XX,2643,BOS,CityName,State,ORD,CityName,State,0,0,0,0,1,A,206,2549,0,0,0,0,0
2021-03-03,Southwest,N744XX,815,BOS,CityName,State,SEA,CityName,State,0,0,1,0,0,,249,2553,0,0,0,0,0
2021-03-03,American,N181XX,4907,LAX,CityName,State,ORD,CityName,State,0,0,8,0,0,,83,807,0,0,0,0,0
2021-03-03,JetBlue,N323XX,5139,ORD,CityName,State,JFK,CityName,State,0,0,2,0,0,,88,346,0,0,0,0,0
2021-03-03,United,N282XX,7629,JFK,CityName,State,ORD,CityName,State,0,0,9,0,0,,186,2917,0,0,0,0,0
2021-03-03,American,N822XX,900,ORD,CityName,State,BOS,CityName,State,0,0,-8,0,0,,76,353,0,0,0,0,0
2021-03-03,American,N614XX,4624,MIA,CityName,State,JFK,CityName,State,0,0,-2,0,0,,202,278,0,0,0,0,0
2021-03-03,Delta,N740XX,9572,ORD,CityName,State,ORD,CityName,State,0,0,-8,0,0,,247,2132,0,0,0,0,0
2021-03-03,American,N629XX,9673,ORD,CityName,State,JFK,CityName,State,0,0,-5,0,0,,225,1466,0,0,0,0,0
2021-03-04,United,N793XX,1562,LAX,CityName,State,DEN,CityName,State,30,1,36,1,0,,337,2374,36,0,0,0,0
2021-03-04,JetBlue,N692XX,8479,DEN,CityName,State,LAX,CityName,State,0,0,-1,0,0,,255,305,0,0,0,0,0
2021-03-04,Delta,N229XX,5463,MIA,CityName,State,LAX,CityName,State,0,0,4,0,0,,67,2051,0,0,0,0,0
2021-03-04,Southwest,N186XX,9299,BOS,CityName,State,MIA,CityName,State,0,0,9,0,0,,348,2209,0,0,0,0,0
2021-03-04,American,N517XX,3000,ORD,CityName,State,SFO,CityName,State,0,0,0,0,1,A,232,675,0,0,0,0,0
2021-03-04,United,N503XX,5482,DEN,CityName,State,DEN,CityName,State,15,1,25,1,0,,123,2417,0,0,0,0,25
2021-03-04,American,N609XX,4464,SEA,CityName,State,JFK,CityName,State,0,0,-2,0,0,,135,1419,0,0,0,0,0
2021-03-04,Delta,N503XX,3025,DFW,CityName,State,SEA,CityName,State,0,0,5,0,0,,329,501,0,0,0,0,0
2021-03-04,American,N623XX,7703,SFO,CityName,State,SEA,CityName,State,0,0,-5,0,0,,326,156,0,0,0,0,0
2021-03-04,United,N737XX,6749,LAX,CityName,State,ATL,CityName,State,0,0,-4,0,0,,248,1358,0,0,0,0,0
2021-03-04,United,N369XX,9379,DEN,CityName,State,SFO,CityName,State,30,1,35,1,0,,182,815,35,0,0,0,0
2021-03-04,JetBlue,N773XX,1202,SEA,CityName,State,BOS,CityName,State,0,0,-13,0,0,,339,1087,0,0,0,0,0
2021-03-04,United,N733XX,5729,SFO,CityName,State,ATL,CityName,State,0,0,-2,0,0,,194,1498,0,0,0,0,0
2021-03-04,JetBlue,N926XX,718,LAX,CityName,State,DEN,CityName,State,0,0,10,0,0,,181,1286,0,0,0,0,0
2021-03-04,Delta,N521XX,7487,LAX,CityName,State,JFK,CityName,State,0,0,-3,0,0,,125,2549,0,0,0,0,0
2021-03-04,American,N608XX,4293,ATL,CityName,State,SEA,CityName,State,0,0,4,0,0,,54,2629,0,0,0,0,0
2021-03-05,Southwest,N913XX,4860,BOS,CityName,State,LAX,CityName,State,0,0,6,0,0,,314,1391,0,0,0,0,0
2021-03-05,American,N902XX,7978,JFK,CityName,State,ATL,CityName,State,240,1,242,1,0,,270,2496,0,0,0,0,242
2021-03-05,United,N499XX,1889,LAX,CityName,State,MIA,CityName,State,0,0,2,0,0,,235,616,0,0,0,0,0
2021-03-05,JetBlue,N474XX,8495,SEA,CityName,State,SFO,CityName,State,30,1,40,1,0,,321,695,0,0,40,0,0
2021-03-05,American,N894XX,9040,ORD,CityName,State,DFW,CityName,State,0,0,-13,0,0,,110,2343,0,0,0,0,0
2021-03-05,Delta,N663XX,7859,DEN,CityName,State,DFW,CityName,State,0,0,-3,0,0,,107,1364,0,0,0,0,0
2021-03-05,Southwest,N522XX,1732,ORD,CityName,State,SEA,CityName,State,0,0,10,0,0,,289,343,0,0,0,0,0
2021-03-05,JetBlue,N382XX,2465,ORD,CityName,State,ORD,CityName,State,0,0,2,0,0,,48,1371,0,0,0,0,0
2021-03-05,Delta,N287XX,7929,LAX,CityName,State,LAX,CityName,State,0,0,2,0,0,,154,1454,0,0,0,0,0
2021-03-05,American,N648XX,2980,LAX,CityName,State,MIA,CityName,State,15,1,24,1,0,,82,2494,24,0,0,0,0
2021-03-05,United,N231XX,6198,DEN,CityName,State,ORD,CityName,State,0,0,8,0,0,,316,1422,0,0,0,0,0
2021-03-05,JetBlue,N926XX,9573,JFK,CityName,State,SEA,CityName,State,0,0,6,0,0,,166,2802,0,0,0,0,0
2021-03-05,JetBlue,N718XX,2253,MIA,CityName,State,SFO,CityName,State,0,0,-11,0,0,,339,529,0,0,0,0,0
2021-03-05,Delta,N101XX,7378,DFW,CityName,State,LAX,CityName,State,0,0,-7,0,0,,237,201,0,0,0,0,0
2021-03-05,Southwest,N597XX,5601,SFO,CityName,State,LAX,CityName,State,0,0,-8,0,0,,237,2184,0,0,0,0,0
2021-03-05,American,N378XX,257,SEA,CityName,State,ATL,CityName,State,0,0,8,0,0,,109,315,0,0,0,0,0
2021-03-06,United,N680XX,2130,JFK,CityName,State,BOS,CityName,State,15,1,17,1,0,,254,2778,17,0,0,0,0
2021-03-06,JetBlue,N485XX,7848,SFO,CityName,State,DEN,CityName,State,0,0,-9,0,0,,135,1319,0,0,0,0,0
2021-03-06,Delta,N913XX,6608,SEA,CityName,State,ORD,CityName,State,0,0,10,0,0,,165,365,0,0,0,0,0
2021-03-06,JetBlue,N507XX,2846,BOS,CityName,State,ORD,CityName,State,0,0,4,0,0,,207,352,0,0,0,0,0
2021-03-06,American,N606XX,7977,ORD,CityName,State,SEA,CityName,State,0,0,4,0,0,,297,559,0,0,0,0,0
2021-03-06,American,N358XX,6853,BOS,CityName,State,ORD,CityName,State,15,1,20,1,0,,103,2914,0,0,0,0,20
2021-03-06,JetBlue,N826XX,5242,JFK,CityName,State,BOS,CityName,State,0,0,5,0,0,,104,970,0,0,0,0,0
2021-03-06,JetBlue,N310XX,1396,MIA,CityName,State,MIA,CityName,State,30,1,37,1,0,,293,1086,0,0,0,0,37
2021-03-06,JetBlue,N573XX,6466,ORD,CityName,State,ORD,CityName,State,0,0,-5,0,0,,171,1000,0,0,0,0,0
2021-03-06,JetBlue,N484XX,6784,ORD,CityName,State,MIA,CityName,State,0,0,7,0,0,,76,1192,0,0,0,0,0
2021-03-07,Delta,N577XX,4635,ORD,CityName,State,BOS,CityName,State,15,1,16,1,0,,186,832,16,0,0,0,0
2021-03-07,JetBlue,N471XX,7429,ATL,CityName,State,MIA,CityName,State,0,0,5,0,0,,272,2084,0,0,0,0,0
2021-03-07,JetBlue,N590XX,6814,LAX,CityName,State,SEA,CityName,State,0,0,-1,0,0,,315,468,0,0,0,0,0
2021-03-07,JetBlue,N868XX,7744,MIA,CityName,State,MIA,CityName,State,15,1,5,0,0,,212,2502,0,0,0,0,0
2021-03-07,Delta,N174XX,8756,DEN,CityName,State,JFK,CityName,State,0,0,-2,0,0,,303,1878,0,0,0,0,0
2021-03-07,Delta,N444XX,8012,JFK,CityName,State,JFK,CityName,State,0,0,-12,0,0,,170,2745,0,0,0,0,0
2021-03-07,American,N693XX,9763,BOS,CityName,State,LAX,CityName,State,0,0,-9,0,0,,151,2133,0,0,0,0,0
2021-03-07,American,N473XX,7225,ATL,CityName,State,ATL,CityName,State,0,0,-3,0,0,,250,1441,0,0,0,0,0
2021-03-07,Delta,N877XX,9744,BOS,CityName,State,MIA,CityName,State,15,1,21,1,0,,117,2848,21,0,0,0,0
2021-03-08,Delta,N214XX,4861,ORD,CityName,State,BOS,CityName,State,60,1,0,0,1,A,173,2346,0,0,0,0,0
2021-03-08,American,N579XX,7353,SEA,CityName,State,DFW,CityName,State,0,0,10,0,0,,254,2122,0,0,0,0,0
2021-03-08,American,N423XX,953,DEN,CityName,State,DFW,CityName,State,30,1,24,1,0,,64,1507,0,24,0,0,0
2021-03-08,American,N221XX,3057,SEA,CityName,State,SEA,CityName,State,0,0,-6,0,0,,237,1983,0,0,0,0,0
2021-03-08,United,N652XX,6847,DEN,CityName,State,ATL,CityName,State,0,0,7,0,0,,346,2428,0,0,0,0,0
2021-03-08,JetBlue,N916XX,3427,SFO,CityName,State,ORD,CityName,State,0,0,-2,0,0,,80,496,0,0,0,0,0
2021-03-08,United,N376XX,1580,JFK,CityName,State,SFO,CityName,State,0,0,4,0,0,,54,2943,0,0,0,0,0
2021-03-09,United,N510XX,7259,DEN,CityName,State,MIA,CityName,State,15,1,25,1,0,,356,952,25,0,0,0,0
2021-03-09,American,N187XX,5694,DFW,CityName,State,DEN,CityName,State,15,1,17,1,0,,51,2894,17,0,0,0,0
2021-03-09,American,N281XX,9897,MIA,CityName,State,ATL,CityName,State,0,0,-9,0,0,,115,440,0,0,0,0,0
2021-03-09,JetBlue,N287XX,6701,SFO,CityName,State,LAX,CityName,State,45,1,49,1,0,,210,2151,0,0,0,0,49
2021-03-09,JetBlue,N151XX,498,MIA,CityName,State,SFO,CityName,State,0,0,2,0,0,,131,2697,0,0,0,0,0
2021-03-09,Southwest,N780XX,7232,SEA,CityName,State,DEN,CityName,State,0,0,0,0,1,A,337,1577,0,0,0,0,0
2021-03-09,Delta,N266XX,960,SFO,CityName,State,JFK,CityName,State,0,0,2,0,0,,334,740,0,0,0,0,0
2021-03-09,United,N957XX,5603,BOS,CityName,State,JFK,CityName,State,0,0,3,0,0,,221,408,0,0,0,0,0
2021-03-09,Delta,N315XX,6952,DEN,CityName,State,ORD,CityName,State,0,0,-14,0,0,,206,2576,0,0,0,0,0
2021-03-09,American,N263XX,3424,JFK,CityName,State,JFK,CityName,State,0,0,-9,0,0,,187,1201,0,0,0,0,0
2021-03-09,United,N460XX,3000,DEN,CityName,State,BOS,CityName,State,0,0,4,0,0,,75,2397,0,0,0,0,0
2021-03-09,Southwest,N825XX,2725,SFO,CityName,State,BOS,CityName,State,0,0,-13,0,0,,194,1589,0,0,0,0,0
2021-03-09,American,N883XX,282,DEN,CityName,State,ORD,CityName,State,0,0,-8,0,0,,193,1814,0,0,0,0,0
2021-03-09,American,N317XX,3478,MIA,CityName,State,DFW,CityName,State,0,0,-13,0,0,,102,1592,0,0,0,0,0
2021-03-10,JetBlue,N985XX,4878,BOS,CityName,State,ATL,CityName,State,60,1,66,1,0,,181,1743,0,0,66,0,0
2021-03-10,Delta,N967XX,6983,BOS,CityName,State,MIA,CityName,State,0,0,-9,0,0,,281,1780,0,0,0,0,0
2021-03-10,United,N492XX,1002,DFW,CityName,State,ORD,CityName,State,0,0,-3,0,0,,160,2340,0,0,0,0,0
2021-03-10,Southwest,N657XX,3750,ORD,CityName,State,MIA,CityName,State,0,0,-10,0,0,,77,2596,0,0,0,0,0
2021-03-10,JetBlue,N160XX,6108,ATL,CityName,State,ATL,CityName,State,0,0,-8,0,0,,124,2603,0,0,0,0,0
2021-03-10,Delta,N567XX,1049,ORD,CityName,State,ORD,CityName,State,30,1,31,1,0,,303,639,0,0,31,0,0
2021-03-10,American,N496XX,5464,ATL,CityName,State,ORD,CityName,State,0,0,0,0,0,,76,672,0,0,0,0,0
2021-03-10,Delta,N926XX,5834,JFK,CityName,State,SFO,CityName,State,0,0,2,0,0,,346,456,0,0,0,0,0
2021-03-10,JetBlue,N366XX,3704,SEA,CityName,State,ORD,CityName,State,0,0,-11,0,0,,45,1894,0,0,0,0,0
2021-03-10,United,N775XX,125,SEA,CityName,State,DFW,CityName,State,0,0,-12,0,0,,298,1058,0,0,0,0,0
2021-03-10,American,N924XX,9434,SEA,CityName,State,SEA,CityName,State,0,0,7,0,0,,83,1741,0,0,0,0,0
2021-03-10,United,N219XX,5790,SFO,CityName,State,JFK,CityName,State,0,0,6,0,0,,259,823,0,0,0,0,0
2021-03-10,JetBlue,N864XX,237,DFW,CityName,State,ATL,CityName,State,0,0,-10,0,0,,275,1213,0,0,0,0,0
2021-03-10,Southwest,N496XX,8390,BOS,CityName,State,SFO,CityName,State,15,1,21,1,0,,131,2813,0,21,0,0,0
2021-03-10,Southwest,N377XX,9255,SFO,CityName,State,DFW,CityName,State,45,1,32,1,0,,66,1634,0,0,0,0,32
2021-03-10,American,N406XX,9455,LAX,CityName,State,SEA,CityName,State,0,0,1,0,0,,290,2728,0,0,0,0,0
2021-03-10,Southwest,N631XX,5502,ATL,CityName,State,ORD,CityName,State,0,0,8,0,0,,195,1694,0,0,0,0,0
2021-03-10,JetBlue,N213XX,5597,JFK,CityName,State,BOS,CityName,State,0,0,3,0,0,,47,653,0,0,0,0,0
2021-03-10,Delta,N838XX,6143,JFK,CityName,State,JFK,CityName,State,0,0,1,0,0,,85,1169,0,0,0,0,0
2021-03-11,American,N463XX,3299,SFO,CityName,State,ORD,CityName,State,0,0,-13,0,0,,288,1850,0,0,0,0,0
2021-03-11,JetBlue,N531XX,1405,MIA,CityName,State,LAX,CityName,State,0,0,-7,0,0,,326,290,0,0,0,0,0
2021-03-11,United,N489XX,9680,MIA,CityName,State,SFO,CityName,State,0,0,6,0,0,,268,2231,0,0,0,0,0
2021-03-11,JetBlue,N934XX,9542,DEN,CityName,State,DEN,CityName,State,15,1,3,0,0,,122,1116,0,0,0,0,0
2021-03-11,JetBlue,N901XX,7696,BOS,CityName,State,LAX,CityName,State,0,0,4,0,0,,224,2622,0,0,0,0,0
2021-03-11,American,N293XX,8876,JFK,CityName,State,SFO,CityName,State,0,0,9,0,0,,257,2835,0,0,0,0,0
2021-03-11,Delta,N796XX,1572,DEN,CityName,State,DEN,CityName,State,45,1,47,1,0,,216,176,47,0,0,0,0
2021-03-11,Southwest,N837XX,8828,DFW,CityName,State,SFO,CityName,State,0,0,-9,0,0,,76,1455,0,0,0,0,0
2021-03-11,Delta,N894XX,7715,DFW,CityName,State,ORD,CityName,State,0,0,-10,0,0,,305,952,0,0,0,0,0
2021-03-11,Southwest,N381XX,8114,DEN,CityName,State,DFW,CityName,State,0,0,-4,0,0,,79,923,0,0,0,0,0
2021-03-11,JetBlue,N632XX,9611,ORD,CityName,State,DFW,CityName,State,120,1,117,1,0,,251,211,0,0,0,0,117
2021-03-11,American,N790XX,2741,ATL,CityName,State,SEA,CityName,State,0,0,-4,0,0,,131,1026,0,0,0,0,0
2021-03-12,Delta,N613XX,2274,DEN,CityName,State,DEN,CityName,State,0,0,1,0,0,,149,1807,0,0,0,0,0
2021-03-12,Delta,N643XX,2914,DFW,CityName,State,SEA,CityName,State,0,0,1,0,0,,188,2769,0,0,0,0,0
2021-03-12,American,N312XX,1610,MIA,CityName,State,ORD,CityName,State,45,1,54,1,0,,53,2138,54,0,0,0,0
2021-03-12,American,N500XX,9977,SFO,CityName,State,DFW,CityName,State,15,1,22,1,0,,330,2031,22,0,0,0,0
2021-03-12,JetBlue,N881XX,2522,DFW,CityName,State,ORD,CityName,State,0,0,-6,0,0,,288,1155,0,0,0,0,0
2021-03-12,JetBlue,N770XX,4905,ORD,CityName,State,MIA,CityName,State,0,0,9,0,0,,194,1795,0,0,0,0,0
2021-03-12,United,N568XX,3555,MIA,CityName,State,DEN,CityName,State,0,0,-4,0,0,,92,2998,0,0,0,0,0
2021-03-12,American,N749XX,9108,BOS,CityName,State,MIA,CityName,State,0,0,5,0,0,,165,2421,0,0,0,0,0
2021-03-12,JetBlue,N532XX,3545,JFK,CityName,State,LAX,CityName,State,0,0,-7,0,0,,243,1342,0,0,0,0,0
2021-03-12,Delta,N498XX,7334,BOS,CityName,State,MIA,CityName,State,0,0,-1,0,0,,146,956,0,0,0,0,0
2021-03-12,Southwest,N624XX,4166,MIA,CityName,State,BOS,CityName,State,0,0,2,0,0,,129,1418,0,0,0,0,0
2021-03-13,United,N868XX,4919,LAX,CityName,State,MIA,CityName,State,15,1,3,0,0,,184,444,0,0,0,0,0
2021-03-13,JetBlue,N840XX,9823,SEA,CityName,State,DEN,CityName,State,30,1,0,0,1,A,122,1656,0,0,0,0,0
2021-03-13,United,N334XX,9227,LAX,CityName,State,MIA,CityName,State,0,0,-5,0,0,,128,551,0,0,0,0,0
2021-03-13,JetBlue,N474XX,6819,BOS,CityName,State,SFO,CityName,State,0,0,1,0,0,,118,1510,0,0,0,0,0
2021-03-13,Delta,N281XX,3671,ORD,CityName,State,SFO,CityName,State,0,0,-6,0,0,,103,686,0,0,0,0,0
2021-03-13,JetBlue,N421XX,6499,ATL,CityName,State,SEA,CityName,State,240,1,242,1,0,,147,838,0,0,0,0,242
2021-03-13,JetBlue,N245XX,8782,ATL,CityName,State,ORD,CityName,State,0,0,-6,0,0,,244,1826,0,0,0,0,0
2021-03-13,United,N332XX,8430,JFK,CityName,State,JFK,CityName,State,0,0,-12,0,0,,254,583,0,0,0,0,0
2021-03-13,United,N873XX,6923,DEN,CityName,State,ORD,CityName,State,0,0,5,0,0,,271,2884,0,0,0,0,0
2021-03-13,Southwest,N516XX,5495,DFW,CityName,State,DEN,CityName,State,0,0,4,0,0,,287,1967,0,0,0,0,0
2021-03-13,American,N345XX,802,DFW,CityName,State,DEN,CityName,State,0,0,2,0,0,,220,457,0,0,0,0,0
2021-03-13,Southwest,N331XX,2792,ORD,CityName,State,DEN,CityName,State,0,0,-13,0,0,,268,2482,0,0,0,0,0
2021-03-14,American,N765XX,2072,ORD,CityName,State,DEN,CityName,State,0,0,-12,0,0,,146,1033,0,0,0,0,0
2021-03-14,United,N950XX,388,DFW,CityName,State,BOS,CityName,State,30,1,31,1,0,,103,1891,0,0,0,0,31
2021-03-14,JetBlue,N787XX,6551,BOS,CityName,State,SFO,CityName,State,60,1,60,1,0,,83,619,0,60,0,0,0
2021-03-14,American,N467XX,3018,SEA,CityName,State,DEN,CityName,State,0,0,-4,0,0,,152,2051,0,0,0,0,0
2021-03-14,Southwest,N234XX,8245,JFK,CityName,State,MIA,CityName,State,0,0,-1,0,0,,155,1680,0,0,0,0,0
2021-03-14,JetBlue,N985XX,6132,BOS,CityName,State,MIA,CityName,State,0,0,6,0,0,,205,2337,0,0,0,0,0
2021-03-14,JetBlue,N380XX,3883,LAX,CityName,State,MIA,CityName,State,0,0,7,0,0,,322,480,0,0,0,0,0
2021-03-14,United,N359XX,6513,ATL,CityName,State,SEA,CityName,State,45,1,49,1,0,,96,1583,49,0,0,0,0
2021-03-14,Southwest,N917XX,6907,SEA,CityName,State,BOS,CityName,State,0,0,2,0,0,,338,2051,0,0,0,0,0
2021-03-14,United,N785XX,3893,BOS,CityName,State,JFK,CityName,State,15,1,15,1,0,,146,482,0,15,0,0,0
2021-03-14,Southwest,N913XX,7411,ORD,CityName,State,DEN,CityName,State,15,1,22,1,0,,161,2893,0,22,0,0,0
2021-03-14,United,N161XX,6340,SEA,CityName,State,LAX,CityName,State,30,1,37,1,0,,330,1540,37,0,0,0,0
2021-03-15,United,N240XX,136,JFK,CityName,State,ORD,CityName,State,45,1,39,1,0,,64,1161,0,0,0,0,39
2021-03-15,American,N337XX,8713,DFW,CityName,State,JFK,CityName,State,0,0,-9,0,0,,55,1435,0,0,0,0,0
2021-03-15,United,N651XX,9533,SFO,CityName,State,DEN,CityName,State,0,0,8,0,0,,90,2991,0,0,0,0,0
2021-03-15,Delta,N947XX,3896,ORD,CityName,State,LAX,CityName,State,0,0,6,0,0,,47,793,0,0,0,0,0
2021-03-15,United,N451XX,2118,BOS,CityName,State,DFW,CityName,State,0,0,0,0,1,A,151,569,0,0,0,0,0
2021-03-15,Southwest,N325XX,9488,ORD,CityName,State,ATL,CityName,State,0,0,1,0,0,,256,343,0,0,0,0,0
2021-03-15,JetBlue,N621XX,7367,MIA,CityName,State,MIA,CityName,State,0,0,-2,0,0,,168,1349,0,0,0,0,0
2021-03-15,JetBlue,N258XX,197,DEN,CityName,State,ATL,CityName,State,0,0,5,0,0,,312,1377,0,0,0,0,0
2021-03-15,Southwest,N438XX,3301,BOS,CityName,State,ATL,CityName,State,45,1,44,1,0,,223,815,0,0,44,0,0
2021-03-15,Delta,N678XX,3231,DEN,CityName,State,DFW,CityName,State,0,0,-3,0,0,,181,997,0,0,0,0,0
2021-03-15,JetBlue,N279XX,139,DEN,CityName,State,MIA,CityName,State,0,0,-2,0,0,,285,2876,0,0,0,0,0
2021-03-15,Delta,N188XX,4587,ATL,CityName,State,JFK,CityName,State,30,1,18,1,0,,216,2308,18,0,0,0,0
2021-03-15,United,N590XX,6692,ATL,CityName,State,DFW,CityName,State,0,0,-2,0,0,,325,2054,0,0,0,0,0
2021-03-16,United,N155XX,7421,MIA,CityName,State,DEN,CityName,State,30,1,18,1,0,,56,1538,0,0,0,0,18
2021-03-16,American,N833XX,2386,LAX,CityName,State,DFW,CityName,State,0,0,-12,0,0,,89,2782,0,0,0,0,0
2021-03-16,United,N190XX,2683,BOS,CityName,State,JFK,CityName,State,0,0,9,0,0,,91,900,0,0,0,0,0
2021-03-16,JetBlue,N818XX,5177,MIA,CityName,State,BOS,CityName,State,0,0,-6,0,0,,323,2577,0,0,0,0,0
2021-03-16,JetBlue,N275XX,1652,SEA,CityName,State,ORD,CityName,State,0,0,5,0,0,,49,599,0,0,0,0,0
2021-03-16,Delta,N369XX,9368,ORD,CityName,State,JFK,CityName,State,0,0,0,0,0,,333,2400,0,0,0,0,0
2021-03-16,United,N739XX,1922,MIA,CityName,State,DFW,CityName,State,0,0,-3,0,0,,100,690,0,0,0,0,0
2021-03-16,JetBlue,N883XX,7562,DFW,CityName,State,SFO,CityName,State,0,0,-6,0,0,,119,638,0,0,0,0,0
2021-03-16,Delta,N914XX,3015,DEN,CityName,State,DEN,CityName,State,0,0,-8,0,0,,203,344,0,0,0,0,0
2021-03-16,JetBlue,N626XX,3240,BOS,CityName,State,ATL,CityName,State,0,0,6,0,0,,176,532,0,0,0,0,0
2021-03-16,American,N240XX,5590,JFK,CityName,State,DEN,CityName,State,15,1,10,0,0,,274,2739,0,0,0,0,0
2021-03-16,American,N182XX,516,DFW,CityName,State,SFO,CityName,State,30,1,34,1,0,,167,403,0,34,0,0,0
2021-03-16,Southwest,N324XX,4485,SFO,CityName,State,LAX,CityName,State,0,0,-11,0,0,,117,1406,0,0,0,0,0
2021-03-16,United,N613XX,5585,ATL,CityName,State,ATL,CityName,State,0,0,8,0,0,,225,1388,0,0,0,0,0
2021-03-16,Southwest,N182XX,5784,MIA,CityName,State,DFW,CityName,State,60,1,55,1,0,,358,925,55,0,0,0,0
2021-03-16,JetBlue,N762XX,6151,JFK,CityName,State,LAX,CityName,State,0,0,-11,0,0,,107,2939,0,0,0,0,0
2021-03-17,Delta,N628XX,6760,SEA,CityName,State,DEN,CityName,State,120,1,117,1,0,,316,2026,0,0,0,0,117
2021-03-17,JetBlue,N806XX,9279,DEN,CityName,State,JFK,CityName,State,0,0,-9,0,0,,237,2192,0,0,0,0,0
2021-03-17,Delta,N758XX,5744,SEA,CityName,State,SFO,CityName,State,0,0,4,0,0,,80,1214,0,0,0,0,0
2021-03-17,Southwest,N510XX,2849,SFO,CityName,State,LAX,CityName,State,0,0,-13,0,0,,271,2584,0,0,0,0,0
2021-03-17,JetBlue,N445XX,2945,BOS,CityName,State,SFO,CityName,State,0,0,-10,0,0,,227,1328,0,0,0,0,0
2021-03-17,American,N847XX,5476,MIA,CityName,State,SFO,CityName,State,15,1,2,0,0,,126,271,0,0,0,0,0
2021-03-17,JetBlue,N819XX,8506,SFO,CityName,State,BOS,CityName,State,0,0,-1,0,0,,271,2557,0,0,0,0,0
2021-03-17,American,N418XX,3880,ORD,CityName,State,MIA,CityName,State,0,0,1,0,0,,217,524,0,0,0,0,0
2021-03-17,American,N973XX,2609,ATL,CityName,State,DFW,CityName,State,15,1,6,0,0,,342,2363,0,0,0,0,0
2021-03-17,JetBlue,N459XX,621,SFO,CityName,State,ORD,CityName,State,0,0,-3,0,0,,128,366,0,0,0,0,0
2021-03-17,American,N858XX,3534,SFO,CityName,State,MIA,CityName,State,0,0,-11,0,0,,342,192,0,0,0,0,0
2021-03-17,Delta,N758XX,9222,JFK,CityName,State,DFW,CityName,State,0,0,-1,0,0,,255,2655,0,0,0,0,0
2021-03-18,United,N428XX,6922,LAX,CityName,State,BOS,CityName,State,15,1,10,0,0,,57,2606,0,0,0,0,0
2021-03-18,JetBlue,N528XX,4816,ATL,CityName,State,MIA,CityName,State,0,0,0,0,1,A,207,2003,0,0,0,0,0
2021-03-18,American,N640XX,9458,JFK,CityName,State,ATL,CityName,State,0,0,7,0,0,,143,954,0,0,0,0,0
2021-03-18,JetBlue,N350XX,4646,ORD,CityName,State,ORD,CityName,State,0,0,-14,0,0,,311,218,0,0,0,0,0
2021-03-18,Southwest,N495XX,8000,BOS,CityName,State,LAX,CityName,State,15,1,11,0,0,,130,1949,0,0,0,0,0
2021-03-18,JetBlue,N625XX,6249,LAX,CityName,State,DFW,CityName,State,15,1,12,0,0,,161,1038,0,0,0,0,0
2021-03-18,United,N773XX,1760,ATL,CityName,State,DEN,CityName,State,0,0,-2,0,0,,146,855,0,0,0,0,0
2021-03-18,JetBlue,N584XX,7287,ORD,CityName,State,DEN,CityName,State,45,1,53,1,0,,330,659,0,53,0,0,0
2021-03-18,JetBlue,N376XX,7931,MIA,CityName,State,SFO,CityName,State,0,0,2,0,0,,267,2892,0,0,0,0,0
2021-03-18,United,N690XX,9163,JFK,CityName,State,DFW,CityName,State,0,0,-14,0,0,,118,2321,0,0,0,0,0
2021-03-18,American,N228XX,5045,SFO,CityName,State,BOS,CityName,State,0,0,-9,0,0,,212,817,0,0,0,0,0
2021-03-18,Delta,N533XX,4667,SFO,CityName,State,SFO,CityName,State,0,0,-2,0,0,,135,792,0,0,0,0,0
2021-03-18,United,N289XX,6162,DFW,CityName,State,ATL,CityName,State,0,0,1,0,0,,247,972,0,0,0,0,0
2021-03-18,JetBlue,N373XX,7840,BOS,CityName,State,LAX,CityName,State,0,0,-9,0,0,,296,529,0,0,0,0,0
2021-03-18,United,N199XX,7042,DEN,CityName,State,SEA,CityName,State,0,0,3,0,0,,308,1291,0,0,0,0,0
2021-03-18,JetBlue,N697XX,7082,MIA,CityName,State,ORD,CityName,State,45,1,42,1,0,,253,1109,0,0,42,0,0
2021-03-19,Delta,N266XX,8173,DEN,CityName,State,BOS,CityName,State,0,0,6,0,0,,359,2290,0,0,0,0,0
2021-03-19,Southwest,N340XX,7958,BOS,CityName,State,JFK,CityName,State,60,1,53,1,0,,125,874,0,0,0,0,53
2021-03-19,Delta,N726XX,4507,DFW,CityName,State,ORD,CityName,State,15,1,7,0,0,,224,1257,0,0,0,0,0
2021-03-19,Delta,N743XX,894,MIA,CityName,State,JFK,CityName,State,0,0,8,0,0,,120,630,0,0,0,0,0
2021-03-19,Delta,N718XX,5320,DEN,CityName,State,DFW,CityName,State,0,0,2,0,0,,222,1913,0,0,0,0,0
2021-03-19,United,N202XX,5463,ORD,CityName,State,JFK,CityName,State,0,0,3,0,0,,228,265,0,0,0,0,0
2021-03-19,United,N435XX,6496,SEA,CityName,State,JFK,CityName,State,30,1,19,1,0,,307,1646,19,0,0,0,0
2021-03-19,JetBlue,N103XX,4357,ORD,CityName,State,DFW,CityName,State,0,0,-10,0,0,,101,2193,0,0,0,0,0
2021-03-19,Delta,N476XX,2542,SEA,CityName,State,MIA,CityName,State,0,0,5,0,0,,321,717,0,0,0,0,0
2021-03-19,Southwest,N806XX,3981,DFW,CityName,State,JFK,CityName,State,240,1,228,1,0,,133,2586,0,0,228,0,0
2021-03-19,United,N919XX,8701,JFK,CityName,State,ORD,CityName,State,15,1,14,0,0,,340,854,0,0,0,0,0
2021-03-19,JetBlue,N516XX,1329,MIA,CityName,State,SEA,CityName,State,0,0,-3,0,0,,224,1698,0,0,0,0,0
2021-03-20,Delta,N977XX,8311,SFO,CityName,State,ATL,CityName,State,0,0,-7,0,0,,212,1497,0,0,0,0,0
2021-03-20,Delta,N960XX,7614,BOS,CityName,State,ATL,CityName,State,15,1,15,1,0,,159,198,0,0,0,0,15
2021-03-20,American,N398XX,9237,DFW,CityName,State,BOS,CityName,State,0,0,4,0,0,,131,2269,0,0,0,0,0
2021-03-20,United,N235XX,8562,SFO,CityName,State,SEA,CityName,State,0,0,8,0,0,,325,2506,0,0,0,0,0
2021-03-20,Southwest,N563XX,7786,MIA,CityName,State,DEN,CityName,State,15,1,3,0,0,,267,385,0,0,0,0,0
2021-03-20,American,N427XX,4814,ORD,CityName,State,BOS,CityName,State,0,0,5,0,0,,209,633,0,0,0,0,0
2021-03-20,JetBlue,N850XX,2122,MIA,CityName,State,ORD,CityName,State,0,0,8,0,0,,285,1467,0,0,0,0,0
2021-03-20,American,N665XX,297,ATL,CityName,State,SEA,CityName,State,0,0,-14,0,0,,298,2544,0,0,0,0,0
2021-03-20,Delta,N995XX,6670,SEA,CityName,State,ATL,CityName,State,120,1,110,1,0,,83,422,0,0,110,0,0
2021-03-20,Delta,N369XX,4840,BOS,CityName,State,SEA,CityName,State,0,0,3,0,0,,211,401,0,0,0,0,0
2021-03-20,United,N209XX,9275,DFW,CityName,State,DFW,CityName,State,0,0,9,0,0,,252,809,0,0,0,0,0
2021-03-20,Southwest,N393XX,8893,DFW,CityName,State,SEA,CityName,State,0,0,-13,0,0,,61,1947,0,0,0,0,0
2021-03-20,United,N986XX,6949,DFW,CityName,State,MIA,CityName,State,15,1,24,1,0,,186,1042,0,0,24,0,0
2021-03-21,Southwest,N278XX,4583,ATL,CityName,State,SEA,CityName,State,0,0,0,0,1,A,60,536,0,0,0,0,0
2021-03-21,JetBlue,N603XX,257,JFK,CityName,State,ATL,CityName,State,0,0,5,0,0,,216,1740,0,0,0,0,0
2021-03-21,JetBlue,N474XX,6693,ORD,CityName,State,LAX,CityName,State,30,1,0,0,1,A,236,2538,0,0,0,0,0
2021-03-21,United,N386XX,7844,ORD,CityName,State,MIA,CityName,State,0,0,-13,0,0,,74,641,0,0,0,0,0
2021-03-21,United,N476XX,1957,JFK,CityName,State,SEA,CityName,State,0,0,-6,0,0,,184,1273,0,0,0,0,0
2021-03-21,JetBlue,N439XX,5556,BOS,CityName,State,DEN,CityName,State,0,0,10,0,0,,137,2199,0,0,0,0,0
2021-03-21,United,N564XX,7407,LAX,CityName,State,ORD,CityName,State,0,0,-8,0,0,,273,207,0,0,0,0,0
2021-03-21,American,N149XX,4072,SEA,CityName,State,SEA,CityName,State,240,1,247,1,0,,111,2375,247,0,0,0,0
2021-03-21,Delta,N456XX,2362,MIA,CityName,State,DEN,CityName,State,0,0,-7,0,0,,144,2822,0,0,0,0,0
2021-03-21,Delta,N174XX,1097,MIA,CityName,State,SFO,CityName,State,0,0,7,0,0,,336,355,0,0,0,0,0
2021-03-21,Delta,N265XX,7128,SFO,CityName,State,BOS,CityName,State,0,0,5,0,0,,114,230,0,0,0,0,0
2021-03-21,JetBlue,N519XX,413,BOS,CityName,State,ORD,CityName,State,0,0,-8,0,0,,49,1916,0,0,0,0,0
2021-03-22,American,N228XX,9628,LAX,CityName,State,ATL,CityName,State,0,0,8,0,0,,216,1292,0,0,0,0,0
2021-03-22,American,N141XX,3202,BOS,CityName,State,SEA,CityName,State,30,1,37,1,0,,324,2144,37,0,0,0,0
2021-03-22,United,N207XX,2320,ORD,CityName,State,LAX,CityName,State,0,0,-12,0,0,,277,2610,0,0,0,0,0
2021-03-22,Southwest,N829XX,4022,MIA,CityName,State,BOS,CityName,State,30,1,27,1,0,,266,200,0,0,0,0,27
2021-03-22,Southwest,N375XX,9098,BOS,CityName,State,LAX,CityName,State,45,1,54,1,0,,173,402,54,0,0,0,0
2021-03-22,Delta,N229XX,4519,SEA,CityName,State,SEA,CityName,State,0,0,-11,0,0,,133,1484,0,0,0,0,0
2021-03-22,United,N885XX,113,BOS,CityName,State,SFO,CityName,State,0,0,-13,0,0,,165,1106,0,0,0,0,0
2021-03-22,American,N543XX,6372,BOS,CityName,State,SFO,CityName,State,0,0,-1,0,0,,287,2923,0,0,0,0,0
2021-03-22,American,N971XX,6736,SEA,CityName,State,MIA,CityName,State,0,0,-11,0,0,,185,2702,0,0,0,0,0
2021-03-22,Southwest,N344XX,4283,JFK,CityName,State,ORD,CityName,State,0,0,-8,0,0,,204,2281,0,0,0,0,0
2021-03-22,United,N367XX,1926,ORD,CityName,State,ORD,CityName,State,0,0,6,0,0,,250,1566,0,0,0,0,0
2021-03-23,American,N573XX,3683,MIA,CityName,State,DFW,CityName,State,15,1,22,1,0,,277,1086,22,0,0,0,0
2021-03-23,American,N684XX,7458,SFO,CityName,State,ATL,CityName,State,45,1,46,1,0,,96,2220,0,0,46,0,0
2021-03-23,United,N404XX,7610,ATL,CityName,State,DEN,CityName,State,0,0,4,0,0,,69,472,0,0,0,0,0
2021-03-23,American,N746XX,3898,MIA,CityName,State,DEN,CityName,State,15,1,12,0,0,,275,2745,0,0,0,0,0
2021-03-23,Southwest,N397XX,6850,DFW,CityName,State,JFK,CityName,State,15,1,19,1,0,,109,428,19,0,0,0,0
2021-03-23,American,N933XX,9532,ORD,CityName,State,SFO,CityName,State,0,0,-12,0,0,,214,2453,0,0,0,0,0
2021-03-23,Delta,N458XX,6014,MIA,CityName,State,SEA,CityName,State,0,0,-5,0,0,,68,576,0,0,0,0,0
2021-03-23,United,N270XX,626,DFW,CityName,State,LAX,CityName,State,0,0,-5,0,0,,236,715,0,0,0,0,0
2021-03-23,American,N843XX,9593,ATL,CityName,State,DFW,CityName,State,0,0,-7,0,0,,226,1983,0,0,0,0,0
2021-03-24,American,N923XX,4070,DFW,CityName,State,SFO,CityName,State,0,0,6,0,0,,141,1139,0,0,0,0,0
2021-03-24,Delta,N442XX,1238,ORD,CityName,State,MIA,CityName,State,0,0,7,0,0,,187,1326,0,0,0,0,0
2021-03-24,Southwest,N494XX,2888,JFK,CityName,State,BOS,CityName,State,0,0,-9,0,0,,286,1696,0,0,0,0,0
2021-03-24,American,N996XX,4479,ORD,CityName,State,MIA,CityName,State,0,0,-4,0,0,,309,1985,0,0,0,0,0
2021-03-24,United,N617XX,7464,SFO,CityName,State,DEN,CityName,State,0,0,-8,0,0,,299,1094,0,0,0,0,0
2021-03-24,American,N178XX,3690,BOS,CityName,State,ATL,CityName,State,0,0,-9,0,0,,102,2875,0,0,0,0,0
2021-03-24,Southwest,N876XX,5615,ATL,CityName,State,ORD,CityName,State,0,0,4,0,0,,238,1078,0,0,0,0,0
2021-03-24,American,N856XX,4663,JFK,CityName,State,SEA,CityName,State,0,0,10,0,0,,129,243,0,0,0,0,0
2021-03-24,JetBlue,N222XX,4981,DEN,CityName,State,LAX,CityName,State,0,0,-11,0,0,,202,453,0,0,0,0,0
2021-03-24,Delta,N609XX,2838,JFK,CityName,State,SEA,CityName,State,15,1,25,1,0,,217,1827,0,25,0,0,0
2021-03-24,JetBlue,N872XX,7445,SEA,CityName,State,DFW,CityName,State,0,0,4,0,0,,103,1232,0,0,0,0,0
2021-03-24,Delta,N986XX,3026,LAX,CityName,State,DFW,CityName,State,0,0,-2,0,0,,191,259,0,0,0,0,0
2021-03-24,JetBlue,N325XX,1621,BOS,CityName,State,DEN,CityName,State,0,0,-13,0,0,,252,1735,0,0,0,0,0
2021-03-24,Delta,N788XX,9590,SFO,CityName,State,BOS,CityName,State,0,0,-8,0,0,,149,2732,0,0,0,0,0
2021-03-25,American,N141XX,3276,MIA,CityName,State,ORD,CityName,State,30,1,27,1,0,,169,2924,27,0,0,0,0
2021-03-25,JetBlue,N477XX,1087,BOS,CityName,State,BOS,CityName,State,0,0,0,0,0,,304,576,0,0,0,0,0
2021-03-25,JetBlue,N868XX,9311,ATL,CityName,State,JFK,CityName,State,0,0,9,0,0,,205,2726,0,0,0,0,0
2021-03-25,Delta,N297XX,8507,DEN,CityName,State,SFO,CityName,State,0,0,0,0,0,,249,2662,0,0,0,0,0
2021-03-25,United,N939XX,6863,ORD,CityName,State,JFK,CityName,State,0,0,-1,0,0,,339,2248,0,0,0,0,0
2021-03-25,American,N386XX,8386,SEA,CityName,State,BOS,CityName,State,0,0,-7,0,0,,91,2285,0,0,0,0,0
2021-03-25,United,N138XX,5065,SFO,CityName,State,MIA,CityName,State,45,1,47,1,0,,76,2618,47,0,0,0,0
2021-03-25,Delta,N530XX,3404,ORD,CityName,State,MIA,CityName,State,0,0,-6,0,0,,359,2100,0,0,0,0,0
2021-03-25,Delta,N276XX,6650,BOS,CityName,State,ORD,CityName,State,15,1,25,1,0,,293,2208,25,0,0,0,0
2021-03-25,United,N696XX,1710,JFK,CityName,State,JFK,CityName,State,0,0,-8,0,0,,335,1816,0,0,0,0,0
2021-03-25,Delta,N916XX,4694,MIA,CityName,State,DFW,CityName,State,0,0,8,0,0,,128,726,0,0,0,0,0
2021-03-25,United,N600XX,6216,MIA,CityName,State,DFW,CityName,State,0,0,7,0,0,,305,1686,0,0,0,0,0
2021-03-25,United,N400XX,1109,SFO,CityName,State,BOS,CityName,State,0,0,7,0,0,,201,1639,0,0,0,0,0
2021-03-25,Southwest,N510XX,2609,DFW,CityName,State,JFK,CityName,State,0,0,-3,0,0,,56,612,0,0,0,0,0
2021-03-25,Southwest,N831XX,5595,SFO,CityName,State,BOS,CityName,State,0,0,0,0,0,,256,2529,0,0,0,0,0
2021-03-25,United,N973XX,4531,ORD,CityName,State,ORD,CityName,State,0,0,-13,0,0,,222,1471,0,0,0,0,0
2021-03-25,American,N753XX,1156,JFK,CityName,State,DFW,CityName,State,0,0,-1,0,0,,269,1008,0,0,0,0,0
2021-03-25,JetBlue,N563XX,5633,BOS,CityName,State,SFO,CityName,State,15,1,25,1,0,,306,1260,0,25,0,0,0
2021-03-25,JetBlue,N887XX,2755,MIA,CityName,State,SEA,CityName,State,0,0,-5,0,0,,222,667,0,0,0,0,0
2021-03-26,Southwest,N716XX,7115,ATL,CityName,State,ORD,CityName,State,0,0,-7,0,0,,355,2781,0,0,0,0,0
2021-03-26,American,N550XX,2226,DEN,CityName,State,MIA,CityName,State,0,0,-4,0,0,,224,621,0,0,0,0,0
2021-03-26,JetBlue,N433XX,1769,SEA,CityName,State,BOS,CityName,State,0,0,-8,0,0,,278,1589,0,0,0,0,0
2021-03-26,Delta,N280XX,2745,ORD,CityName,State,BOS,CityName,State,0,0,0,0,0,,231,2003,0,0,0,0,0
2021-03-26,Southwest,N876XX,2518,ORD,CityName,State,BOS,CityName,State,0,0,1,0,0,,306,1981,0,0,0,0,0
2021-03-26,United,N345XX,8911,SEA,CityName,State,MIA,CityName,State,0,0,-2,0,0,,235,935,0,0,0,0,0
2021-03-26,Delta,N811XX,665,LAX,CityName,State,ORD,CityName,State,0,0,-6,0,0,,115,1340,0,0,0,0,0
2021-03-26,JetBlue,N548XX,3453,SFO,CityName,State,SEA,CityName,State,0,0,-7,0,0,,139,2207,0,0,0,0,0
2021-03-26,United,N599XX,1217,DFW,CityName,State,SEA,CityName,State,0,0,-13,0,0,,201,548,0,0,0,0,0
2021-03-26,Southwest,N739XX,5606,SFO,CityName,State,ATL,CityName,State,0,0,-8,0,0,,115,2421,0,0,0,0,0
2021-03-26,American,N488XX,5018,ORD,CityName,State,DEN,CityName,State,0,0,-13,0,0,,141,876,0,0,0,0,0
2021-03-26,JetBlue,N633XX,9858,LAX,CityName,State,DFW,CityName,State,0,0,-5,0,0,,318,1323,0,0,0,0,0
2021-03-26,American,N326XX,7112,LAX,CityName,State,LAX,CityName,State,0,0,3,0,0,,104,2687,0,0,0,0,0
2021-03-26,American,N866XX,6745,MIA,CityName,State,SFO,CityName,State,0,0,5,0,0,,115,2258,0,0,0,0,0
2021-03-26,JetBlue,N458XX,4475,SFO,CityName,State,MIA,CityName,State,0,0,-10,0,0,,57,2255,0,0,0,0,0
2021-03-26,Delta,N988XX,6723,SEA,CityName,State,DFW,CityName,State,0,0,-8,0,0,,114,545,0,0,0,0,0
2021-03-27,Southwest,N383XX,6873,SEA,CityName,State,SEA,CityName,State,0,0,10,0,0,,244,2632,0,0,0,0,0
2021-03-27,Southwest,N988XX,6678,MIA,CityName,State,MIA,CityName,State,0,0,-9,0,0,,59,2447,0,0,0,0,0
2021-03-27,United,N243XX,1908,LAX,CityName,State,ORD,CityName,State,0,0,5,0,0,,121,1583,0,0,0,0,0
2021-03-27,Delta,N913XX,6991,DFW,CityName,State,DEN,CityName,State,45,1,35,1,0,,148,685,0,0,0,0,35
2021-03-27,Delta,N549XX,6332,ORD,CityName,State,DFW,CityName,State,0,0,-1,0,0,,69,2017,0,0,0,0,0
2021-03-27,American,N736XX,5181,ATL,CityName,State,DFW,CityName,State,15,1,25,1,0,,322,2422,0,0,25,0,0
2021-03-27,Southwest,N569XX,8058,DEN,CityName,State,JFK,CityName,State,45,1,39,1,0,,139,1212,0,0,39,0,0
2021-03-27,Delta,N339XX,5926,DEN,CityName,State,DEN,CityName,State,0,0,-14,0,0,,204,1054,0,0,0,0,0
2021-03-27,United,N700XX,9763,MIA,CityName,State,ATL,CityName,State,0,0,-12,0,0,,151,976,0,0,0,0,0
2021-03-27,Southwest,N803XX,6308,LAX,CityName,State,ORD,CityName,State,0,0,-3,0,0,,150,221,0,0,0,0,0
2021-03-27,Delta,N259XX,3731,DFW,CityName,State,LAX,CityName,State,0,0,-11,0,0,,242,2242,0,0,0,0,0
2021-03-27,JetBlue,N774XX,8776,JFK,CityName,State,SEA,CityName,State,0,0,-7,0,0,,335,194,0,0,0,0,0
2021-03-27,United,N748XX,8351,DEN,CityName,State,SEA,CityName,State,0,0,-4,0,0,,327,840,0,0,0,0,0
2021-03-28,United,N905XX,434,DFW,CityName,State,LAX,CityName,State,30,1,18,1,0,,121,1476,0,0,18,0,0
2021-03-28,United,N199XX,1217,ATL,CityName,State,SFO,CityName,State,15,1,20,1,0,,200,2386,0,0,0,0,20
2021-03-28,United,N173XX,6116,ATL,CityName,State,ATL,CityName,State,0,0,-14,0,0,,310,346,0,0,0,0,0
2021-03-28,Delta,N791XX,9346,SFO,CityName,State,ATL,CityName,State,0,0,-4,0,0,,178,691,0,0,0,0,0
2021-03-28,Southwest,N568XX,2955,SEA,CityName,State,SEA,CityName,State,0,0,6,0,0,,46,1736,0,0,0,0,0
2021-03-28,United,N340XX,9206,DEN,CityName,State,DFW,CityName,State,0,0,5,0,0,,128,1640,0,0,0,0,0
2021-03-28,JetBlue,N113XX,172,SFO,CityName,State,SFO,CityName,State,0,0,-2,0,0,,195,1334,0,0,0,0,0
2021-03-28,Southwest,N664XX,6859,DFW,CityName,State,DEN,CityName,State,0,0,3,0,0,,124,1296,0,0,0,0,0
2021-03-28,United,N634XX,7987,ORD,CityName,State,MIA,CityName,State,0,0,-3,0,0,,182,696,0,0,0,0,0
2021-03-28,Southwest,N359XX,7624,DEN,CityName,State,SEA,CityName,State,45,1,46,1,0,,277,2676,46,0,0,0,0
2021-03-28,Delta,N541XX,8465,MIA,CityName,State,MIA,CityName,State,0,0,8,0,0,,333,2910,0,0,0,0,0
2021-03-28,Southwest,N117XX,813,MIA,CityName,State,LAX,CityName,State,0,0,5,0,0,,83,1764,0,0,0,0,0
2021-03-28,United,N258XX,4565,LAX,CityName,State,SEA,CityName,State,15,1,17,1,0,,225,2827,0,0,17,0,0
2021-03-29,JetBlue,N788XX,9167,JFK,CityName,State,MIA,CityName,State,120,1,120,1,0,,256,2896,120,0,0,0,0
2021-03-29,American,N268XX,8977,DFW,CityName,State,DEN,CityName,State,0,0,-12,0,0,,140,2999,0,0,0,0,0
2021-03-29,JetBlue,N877XX,6127,BOS,CityName,State,SEA,CityName,State,0,0,4,0,0,,72,681,0,0,0,0,0
2021-03-29,United,N415XX,1947,MIA,CityName,State,JFK,CityName,State,0,0,0,0,1,A,215,353,0,0,0,0,0
2021-03-29,Southwest,N313XX,2388,BOS,CityName,State,SEA,CityName,State,0,0,5,0,0,,342,407,0,0,0,0,0
2021-03-29,American,N632XX,5719,ATL,CityName,State,SEA,CityName,State,0,0,-1,0,0,,176,2883,0,0,0,0,0
2021-03-29,Delta,N740XX,9749,MIA,CityName,State,DFW,CityName,State,0,0,-2,0,0,,256,699,0,0,0,0,0
2021-03-29,Delta,N608XX,8308,BOS,CityName,State,BOS,CityName,State,0,0,-13,0,0,,129,1939,0,0,0,0,0
2021-03-29,Southwest,N823XX,7522,SEA,CityName,State,LAX,CityName,State,0,0,-12,0,0,,280,1567,0,0,0,0,0
2021-03-29,American,N485XX,7121,LAX,CityName,State,LAX,CityName,State,0,0,0,0,1,A,337,1467,0,0,0,0,0
2021-03-29,United,N124XX,1615,LAX,CityName,State,ORD,CityName,State,0,0,-8,0,0,,138,556,0,0,0,0,0
2021-03-29,Southwest,N300XX,4970,BOS,CityName,State,JFK,CityName,State,0,0,9,0,0,,347,850,0,0,0,0,0
2021-03-29,United,N901XX,5094,SFO,CityName,State,MIA,CityName,State,0,0,-14,0,0,,288,1999,0,0,0,0,0
2021-03-30,United,N337XX,1754,MIA,CityName,State,SFO,CityName,State,0,0,8,0,0,,208,2580,0,0,0,0,0
2021-03-30,Delta,N761XX,214,LAX,CityName,State,ATL,CityName,State,0,0,6,0,0,,137,2311,0,0,0,0,0
2021-03-30,United,N204XX,7624,BOS,CityName,State,SFO,CityName,State,15,1,1,0,0,,74,797,0,0,0,0,0
2021-03-30,United,N184XX,7306,DEN,CityName,State,SFO,CityName,State,0,0,-7,0,0,,172,319,0,0,0,0,0
2021-03-30,American,N411XX,6146,ORD,CityName,State,ATL,CityName,State,120,1,113,1,0,,227,2946,113,0,0,0,0
2021-03-30,United,N540XX,9283,MIA,CityName,State,ATL,CityName,State,0,0,0,0,0,,183,2486,0,0,0,0,0
2021-03-30,American,N489XX,1449,LAX,CityName,State,ORD,CityName,State,0,0,-10,0,0,,196,885,0,0,0,0,0
2021-03-30,United,N528XX,8522,JFK,CityName,State,BOS,CityName,State,60,1,58,1,0,,68,664,0,0,58,0,0
2021-03-30,JetBlue,N869XX,4962,LAX,CityName,State,MIA,CityName,State,0,0,2,0,0,,258,970,0,0,0,0,0
2021-03-30,American,N140XX,9209,MIA,CityName,State,ORD,CityName,State,0,0,6,0,0,,289,577,0,0,0,0,0
2021-03-30,United,N483XX,7228,SFO,CityName,State,SEA,CityName,State,0,0,7,0,0,,274,1160,0,0,0,0,0
2021-03-30,JetBlue,N651XX,1314,ORD,CityName,State,DFW,CityName,State,0,0,1,0,0,,338,945,0,0,0,0,0
2021-03-30,American,N492XX,3452,SFO,CityName,State,BOS,CityName,State,0,0,4,0,0,,313,1816,0,0,0,0,0
2021-03-31,JetBlue,N655XX,5596,SEA,CityName,State,ORD,CityName,State,0,0,2,0,0,,198,1878,0,0,0,0,0
2021-03-31,Delta,N906XX,4660,SEA,CityName,State,ORD,CityName,State,0,0,5,0,0,,283,768,0,0,0,0,0
2021-03-31,JetBlue,N152XX,7764,ATL,CityName,State,BOS,CityName,State,0,0,-5,0,0,,127,2624,0,0,0,0,0
2021-03-31,Delta,N555XX,2336,MIA,CityName,State,DFW,CityName,State,0,0,0,0,1,A,314,2766,0,0,0,0,0
2021-03-31,JetBlue,N733XX,4418,BOS,CityName,State,ATL,CityName,State,0,0,-10,0,0,,127,1689,0,0,0,0,0
2021-03-31,Southwest,N845XX,944,ATL,CityName,State,MIA,CityName,State,0,0,-6,0,0,,170,1594,0,0,0,0,0
2021-03-31,Delta,N525XX,9343,ORD,CityName,State,MIA,CityName,State,15,1,15,1,0,,84,2834,0,0,15,0,0
2021-03-31,Southwest,N992XX,6725,ORD,CityName,State,SFO,CityName,State,45,1,40,1,0,,306,2380,40,0,0,0,0
2021-03-31,American,N770XX,2593,ATL,CityName,State,SFO,CityName,State,0,0,-14,0,0,,256,2883,0,0,0,0,0
2021-03-31,Southwest,N316XX,2957,BOS,CityName,State,BOS,CityName,State,0,0,0,0,0,,273,2656,0,0,0,0,0
2021-03-31,Southwest,N922XX,5970,DEN,CityName,State,ATL,CityName,State,15,1,22,1,0,,244,539,0,0,22,0,0
2021-03-31,American,N908XX,2717,DEN,CityName,State,SEA,CityName,State,0,0,4,0,0,,314,2432,0,0,0,0,0
2021-03-31,American,N605XX,7606,MIA,CityName,State,LAX,CityName,State,45,1,40,1,0,,144,2129,0,0,0,0,40
2021-04-01,American,N449XX,7859,ATL,CityName,State,SFO,CityName,State,0,0,7,0,0,,76,2868,0,0,0,0,0
2021-04-01,JetBlue,N481XX,8173,SEA,CityName,State,DEN,CityName,State,0,0,8,0,0,,205,2711,0,0,0,0,0
2021-04-01,American,N266XX,9483,MIA,CityName,State,SEA,CityName,State,0,0,6,0,0,,228,531,0,0,0,0,0
2021-04-01,Delta,N703XX,4872,LAX,CityName,State,ORD,CityName,State,0,0,6,0,0,,60,865,0,0,0,0,0
2021-04-01,Delta,N880XX,6142,DEN,CityName,State,SEA,CityName,State,0,0,-9,0,0,,171,2293,0,0,0,0,0
2021-04-01,American,N543XX,8694,ORD,CityName,State,DEN,CityName,State,0,0,-7,0,0,,191,2049,0,0,0,0,0
2021-04-01,Southwest,N436XX,3723,DEN,CityName,State,MIA,CityName,State,45,1,37,1,0,,51,1276,0,0,37,0,0
2021-04-01,American,N745XX,5756,JFK,CityName,State,BOS,CityName,State,0,0,1,0,0,,278,2449,0,0,0,0,0
2021-04-01,JetBlue,N882XX,2295,SFO,CityName,State,SEA,CityName,State,0,0,3,0,0,,224,2822,0,0,0,0,0
2021-04-01,JetBlue,N379XX,3299,SEA,CityName,State,ORD,CityName,State,15,1,6,0,0,,85,2149,0,0,0,0,0
2021-04-01,United,N666XX,2249,DFW,CityName,State,JFK,CityName,State,0,0,-6,0,0,,60,1430,0,0,0,0,0
2021-04-01,Southwest,N666XX,8991,MIA,CityName,State,ORD,CityName,State,15,1,20,1,0,,54,1201,0,20,0,0,0
2021-04-01,JetBlue,N149XX,911,JFK,CityName,State,DFW,CityName,State,0,0,1,0,0,,128,1346,0,0,0,0,0
2021-04-01,United,N173XX,1227,SFO,CityName,State,DEN,CityName,State,0,0,-7,0,0,,170,1120,0,0,0,0,0
2021-04-01,American,N105XX,5296,LAX,CityName,State,BOS,CityName,State,120,1,112,1,0,,187,390,0,0,112,0,0
2021-04-01,JetBlue,N277XX,6457,DFW,CityName,State,MIA,CityName,State,45,1,41,1,0,,107,2537,41,0,0,0,0
2021-04-01,United,N600XX,1557,SEA,CityName,State,BOS,CityName,State,0,0,-1,0,0,,166,870,0,0,0,0,0
2021-04-01,United,N775XX,1261,SFO,CityName,State,ATL,CityName,State,0,0,9,0,0,,280,627,0,0,0,0,0
2021-04-01,Southwest,N263XX,7248,SEA,CityName,State,LAX,CityName,State,0,0,0,0,0,,176,2532,0,0,0,0,0
2021-04-01,Southwest,N756XX,6797,DFW,CityName,State,DEN,CityName,State,0,0,-7,0,0,,226,1887,0,0,0,0,0
2021-04-02,United,N390XX,9218,ATL,CityName,State,DEN,CityName,State,0,0,-6,0,0,,109,1295,0,0,0,0,0
2021-04-02,United,N269XX,4271,BOS,CityName,State,MIA,CityName,State,0,0,-14,0,0,,83,2880,0,0,0,0,0
2021-04-02,Southwest,N970XX,7811,SEA,CityName,State,MIA,CityName,State,0,0,-7,0,0,,304,362,0,0,0,0,0
2021-04-02,Southwest,N619XX,3532,LAX,CityName,State,ORD,CityName,State,0,0,10,0,0,,236,679,0,0,0,0,0
2021-04-02,Southwest,N113XX,8093,ORD,CityName,State,DEN,CityName,State,15,1,7,0,0,,325,429,0,0,0,0,0
2021-04-02,United,N845XX,3802,SEA,CityName,State,SEA,CityName,State,0,0,-3,0,0,,350,673,0,0,0,0,0
2021-04-02,American,N405XX,7187,JFK,CityName,State,BOS,CityName,State,0,0,7,0,0,,158,1748,0,0,0,0,0
2021-04-02,Southwest,N220XX,8660,SFO,CityName,State,BOS,CityName,State,15,1,11,0,0,,189,2891,0,0,0,0,0
2021-04-02,Delta,N976XX,3398,SEA,CityName,State,ORD,CityName,State,0,0,-7,0,0,,278,1548,0,0,0,0,0
2021-04-03,Southwest,N200XX,8318,JFK,CityName,State,SEA,CityName,State,15,1,3,0,0,,234,1914,0,0,0,0,0
2021-04-03,JetBlue,N413XX,212,DEN,CityName,State,LAX,CityName,State,0,0,-11,0,0,,353,1270,0,0,0,0,0
2021-04-03,Delta,N333XX,1886,SEA,CityName,State,SFO,CityName,State,45,1,54,1,0,,276,976,54,0,0,0,0
2021-04-03,Southwest,N660XX,6521,ATL,CityName,State,BOS,CityName,State,15,1,18,1,0,,310,244,18,0,0,0,0
2021-04-03,JetBlue,N158XX,8338,ATL,CityName,State,DEN,CityName,State,0,0,-5,0,0,,288,710,0,0,0,0,0
2021-04-03,Delta,N911XX,793,JFK,CityName,State,DEN,CityName,State,0,0,9,0,0,,342,2376,0,0,0,0,0
2021-04-03,American,N113XX,5117,JFK,CityName,State,ORD,CityName,State,0,0,-3,0,0,,179,927,0,0,0,0,0
2021-04-03,United,N824XX,7520,ATL,CityName,State,SEA,CityName,State,0,0,-3,0,0,,244,573,0,0,0,0,0
2021-04-03,Southwest,N526XX,5398,JFK,CityName,State,SEA,CityName,State,45,1,37,1,0,,161,412,37,0,0,0,0
2021-04-04,Southwest,N953XX,2986,LAX,CityName,State,SEA,CityName,State,15,1,13,0,0,,227,2963,0,0,0,0,0
2021-04-04,United,N646XX,2714,DFW,CityName,State,SFO,CityName,State,0,0,-3,0,0,,79,179,0,0,0,0,0
2021-04-04,American,N647XX,7948,ATL,CityName,State,DEN,CityName,State,15,1,9,0,0,,233,1758,0,0,0,0,0
2021-04-04,United,N472XX,9983,DFW,CityName,State,BOS,CityName,State,0,0,-13,0,0,,324,1400,0,0,0,0,0
2021-04-04,United,N835XX,9601,LAX,CityName,State,ATL,CityName,State,0,0,6,0,0,,123,2194,0,0,0,0,0
2021-04-04,Delta,N158XX,4662,DEN,CityName,State,MIA,CityName,State,15,1,5,0,0,,175,936,0,0,0,0,0
2021-04-04,United,N126XX,3138,ATL,CityName,State,JFK,CityName,State,0,0,1,0,0,,166,2827,0,0,0,0,0
2021-04-04,American,N145XX,5232,ATL,CityName,State,MIA,CityName,State,60,1,63,1,0,,126,2182,0,63,0,0,0
2021-04-04,United,N226XX,7393,SFO,CityName,State,LAX,CityName,State,60,1,56,1,0,,126,2481,0,56,0,0,0
2021-04-04,Southwest,N280XX,4129,BOS,CityName,State,JFK,CityName,State,0,0,-11,0,0,,169,966,0,0,0,0,0
2021-04-04,Southwest,N657XX,5187,LAX,CityName,State,DFW,CityName,State,0,0,4,0,0,,341,2825,0,0,0,0,0
2021-04-04,JetBlue,N437XX,5004,ORD,CityName,State,BOS,CityName,State,30,1,23,1,0,,151,2166,23,0,0,0,0
2021-04-04,American,N121XX,9183,JFK,CityName,State,ORD,CityName,State,0,0,10,0,0,,271,1153,0,0,0,0,0
2021-04-04,United,N124XX,7520,DEN,CityName,State,DFW,CityName,State,0,0,10,0,0,,342,249,0,0,0,0,0
2021-04-04,United,N314XX,6824,SFO,CityName,State,DFW,CityName,State,0,0,-3,0,0,,330,1054,0,0,0,0,0
2021-04-05,JetBlue,N732XX,3397,JFK,CityName,State,DEN,CityName,State,240,1,242,1,0,,86,1210,0,0,0,0,242
2021-04-05,Delta,N425XX,274,LAX,CityName,State,ATL,CityName,State,0,0,-5,0,0,,357,2670,0,0,0,0,0
2021-04-05,JetBlue,N237XX,6508,ORD,CityName,State,DEN,CityName,State,0,0,2,0,0,,225,967,0,0,0,0,0
2021-04-05,United,N363XX,7578,LAX,CityName,State,ATL,CityName,State,120,1,113,1,0,,145,2964,0,0,113,0,0
2021-04-05,Southwest,N190XX,8565,ORD,CityName,State,LAX,CityName,State,30,1,21,1,0,,173,2177,21,0,0,0,0
2021-04-05,JetBlue,N954XX,3791,JFK,CityName,State,JFK,CityName,State,0,0,5,0,0,,127,1175,0,0,0,0,0
2021-04-05,Southwest,N896XX,1128,BOS,CityName,State,JFK,CityName,State,0,0,10,0,0,,160,1084,0,0,0,0,0
2021-04-05,American,N880XX,882,SFO,CityName,State,JFK,CityName,State,0,0,-4,0,0,,258,875,0,0,0,0,0
2021-04-05,American,N164XX,7867,JFK,CityName,State,DFW,CityName,State,30,1,30,1,0,,262,1527,30,0,0,0,0
2021-04-05,JetBlue,N193XX,104,ATL,CityName,State,SFO,CityName,State,0,0,-2,0,0,,173,391,0,0,0,0,0
2021-04-05,Southwest,N751XX,9605,SEA,CityName,State,JFK,CityName,State,0,0,9,0,0,,176,767,0,0,0,0,0
2021-04-05,United,N480XX,6146,SEA,CityName,State,DFW,CityName,State,0,0,-3,0,0,,162,2022,0,0,0,0,0
2021-04-05,Southwest,N806XX,3261,SEA,CityName,State,BOS,CityName,State,60,1,46,1,0,,336,2936,0,46,0,0,0
2021-04-06,American,N478XX,8149,DFW,CityName,State,SFO,CityName,State,0,0,-6,0,0,,86,1279,0,0,0,0,0
2021-04-06,American,N428XX,1157,ATL,CityName,State,DEN,CityName,State,0,0,3,0,0,,259,2715,0,0,0,0,0
2021-04-06,Southwest,N252XX,2678,DFW,CityName,State,ORD,CityName,State,45,1,54,1,0,,244,391,0,0,54,0,0
2021-04-06,Delta,N509XX,162,SFO,CityName,State,DFW,CityName,State,0,0,9,0,0,,56,722,0,0,0,0,0
2021-04-06,American,N145XX,1725,DFW,CityName,State,DEN,CityName,State,0,0,8,0,0,,174,2721,0,0,0,0,0
2021-04-06,American,N317XX,9108,DEN,CityName,State,DEN,CityName,State,0,0,-7,0,0,,266,1809,0,0,0,0,0
2021-04-06,Delta,N495XX,6536,SFO,CityName,State,BOS,CityName,State,0,0,10,0,0,,237,1663,0,0,0,0,0
2021-04-06,United,N830XX,2182,SFO,CityName,State,SEA,CityName,State,30,1,28,1,0,,315,1530,0,28,0,0,0
2021-04-06,Delta,N204XX,4726,DFW,CityName,State,SEA,CityName,State,45,1,37,1,0,,340,2824,37,0,0,0,0
2021-04-06,JetBlue,N678XX,6507,ATL,CityName,State,MIA,CityName,State,0,0,8,0,0,,55,1979,0,0,0,0,0
2021-04-06,Southwest,N167XX,7811,ORD,CityName,State,LAX,CityName,State,0,0,7,0,0,,137,1610,0,0,0,0,0
2021-04-06,United,N323XX,4050,SEA,CityName,State,MIA,CityName,State,0,0,-6,0,0,,220,1235,0,0,0,0,0
2021-04-07,Southwest,N227XX,4486,SFO,CityName,State,DFW,CityName,State,0,0,6,0,0,,309,1894,0,0,0,0,0
2021-04-07,American,N265XX,8970,ORD,CityName,State,ATL,CityName,State,15,1,19,1,0,,224,280,0,19,0,0,0
2021-04-07,American,N736XX,9998,DEN,CityName,State,ATL,CityName,State,0,0,0,0,0,,88,2459,0,0,0,0,0
2021-04-07,Delta,N343XX,5072,BOS,CityName,State,MIA,CityName,State,0,0,-2,0,0,,183,2619,0,0,0,0,0
2021-04-07,United,N563XX,5088,LAX,CityName,State,DFW,CityName,State,15,1,2,0,0,,332,531,0,0,0,0,0
2021-04-07,Delta,N396XX,3076,DEN,CityName,State,JFK,CityName,State,0,0,7,0,0,,133,1827,0,0,0,0,0
2021-04-07,JetBlue,N922XX,970,BOS,CityName,State,DEN,CityName,State,0,0,-1,0,0,,282,1760,0,0,0,0,0
2021-04-07,JetBlue,N585XX,2991,JFK,CityName,State,DFW,CityName,State,0,0,-10,0,0,,109,1015,0,0,0,0,0
2021-04-07,JetBlue,N348XX,279,SEA,CityName,State,JFK,CityName,State,0,0,2,0,0,,197,2165,0,0,0,0,0
2021-04-07,United,N743XX,1587,DFW,CityName,State,DFW,CityName,State,0,0,-6,0,0,,179,1741,0,0,0,0,0
2021-04-07,United,N312XX,4561,BOS,CityName,State,LAX,CityName,State,60,1,51,1,0,,125,1885,51,0,0,0,0
2021-04-07,JetBlue,N353XX,6216,JFK,CityName,State,SFO,CityName,State,0,0,-9,0,0,,357,2067,0,0,0,0,0
2021-04-07,JetBlue,N951XX,7161,SEA,CityName,State,BOS,CityName,State,0,0,-9,0,0,,249,1987,0,0,0,0,0
2021-04-08,Southwest,N110XX,6104,SFO,CityName,State,LAX,CityName,State,30,1,30,1,0,,247,1932,30,0,0,0,0
2021-04-08,Southwest,N356XX,4661,DFW,CityName,State,LAX,CityName,State,0,0,8,0,0,,67,1952,0,0,0,0,0
2021-04-08,American,N727XX,5905,SEA,CityName,State,ORD,CityName,State,0,0,-6,0,0,,300,2912,0,0,0,0,0
2021-04-08,Delta,N184XX,2158,MIA,CityName,State,MIA,CityName,State,0,0,-8,0,0,,339,1535,0,0,0,0,0
2021-04-08,Southwest,N438XX,8630,JFK,CityName,State,ORD,CityName,State,15,1,17,1,0,,61,2709,17,0,0,0,0
2021-04-08,United,N210XX,9976,MIA,CityName,State,DFW,CityName,State,0,0,5,0,0,,219,2600,0,0,0,0,0
2021-04-08,American,N370XX,8677,ORD,CityName,State,SFO,CityName,State,15,1,3,0,0,,283,2269,0,0,0,0,0
2021-04-08,American,N693XX,1755,BOS,CityName,State,BOS,CityName,State,120,1,129,1,0,,258,2297,0,0,129,0,0
2021-04-08,United,N719XX,3379,MIA,CityName,State,SEA,CityName,State,0,0,-1,0,0,,62,2701,0,0,0,0,0
2021-04-08,Delta,N928XX,9936,JFK,CityName,State,SEA,CityName,State,0,0,-11,0,0,,190,536,0,0,0,0,0
2021-04-08,Delta,N610XX,7747,DEN,CityName,State,LAX,CityName,State,0,0,9,0,0,,60,2967,0,0,0,0,0
2021-04-08,Southwest,N407XX,5965,LAX,CityName,State,ORD,CityName,State,15,1,0,0,1,A,296,2263,0,0,0,0,0
2021-04-08,American,N107XX,5759,MIA,CityName,State,DFW,CityName,State,0,0,0,0,0,,238,2436,0,0,0,0,0
2021-04-08,Southwest,N414XX,9867,JFK,CityName,State,SFO,CityName,State,0,0,-5,0,0,,303,2366,0,0,0,0,0
2021-04-08,Southwest,N770XX,3475,BOS,CityName,State,ORD,CityName,State,15,1,23,1,0,,265,2273,23,0,0,0,0
2021-04-08,American,N449XX,5577,JFK,CityName,State,ATL,CityName,State,0,0,5,0,0,,293,2323,0,0,0,0,0
2021-04-09,American,N892XX,4374,MIA,CityName,State,ORD,CityName,State,0,0,4,0,0,,281,384,0,0,0,0,0
2021-04-09,JetBlue,N337XX,196,DFW,CityName,State,JFK,CityName,State,45,1,51,1,0,,337,841,0,0,51,0,0
2021-04-09,American,N148XX,7794,SEA,CityName,State,BOS,CityName,State,0,0,5,0,0,,151,2342,0,0,0,0,0
2021-04-09,United,N928XX,206,BOS,CityName,State,ATL,CityName,State,0,0,3,0,0,,245,1642,0,0,0,0,0
2021-04-09,Southwest,N317XX,7904,ORD,CityName,State,SFO,CityName,State,0,0,10,0,0,,93,2776,0,0,0,0,0
2021-04-09,United,N330XX,4054,MIA,CityName,State,ORD,CityName,State,0,0,3,0,0,,234,2768,0,0,0,0,0
2021-04-09,Delta,N126XX,7672,ATL,CityName,State,SEA,CityName,State,120,1,111,1,0,,190,1812,111,0,0,0,0
2021-04-09,American,N880XX,4777,MIA,CityName,State,MIA,CityName,State,0,0,3,0,0,,160,1070,0,0,0,0,0
2021-04-09,Southwest,N201XX,9541,SEA,CityName,State,ATL,CityName,State,0,0,5,0,0,,72,1081,0,0,0,0,0
2021-04-09,Southwest,N750XX,806,SEA,CityName,State,DFW,CityName,State,0,0,-2,0,0,,47,677,0,0,0,0,0
2021-04-09,American,N586XX,6758,ORD,CityName,State,BOS,CityName,State,0,0,-4,0,0,,246,2961,0,0,0,0,0
2021-04-09,United,N404XX,8672,JFK,CityName,State,DEN,CityName,State,0,0,-13,0,0,,332,1264,0,0,0,0,0
2021-04-09,American,N714XX,4141,LAX,CityName,State,MIA,CityName,State,0,0,8,0,0,,324,1622,0,0,0,0,0
2021-04-09,United,N662XX,7240,LAX,CityName,State,SFO,CityName,State,0,0,0,0,0,,77,2992,0,0,0,0,0
2021-04-09,American,N114XX,5505,BOS,CityName,State,SFO,CityName,State,0,0,-6,0,0,,240,1922,0,0,0,0,0
2021-04-09,Delta,N101XX,4004,LAX,CityName,State,JFK,CityName,State,15,1,13,0,0,,100,1613,0,0,0,0,0
2021-04-10,JetBlue,N286XX,6109,DEN,CityName,State,SFO,CityName,State,0,0,2,0,0,,229,641,0,0,0,0,0
2021-04-10,United,N845XX,1005,ATL,CityName,State,ORD,CityName,State,0,0,-13,0,0,,238,2677,0,0,0,0,0
2021-04-10,JetBlue,N505XX,4274,ORD,CityName,State,ORD,CityName,State,0,0,-11,0,0,,188,1017,0,0,0,0,0
2021-04-10,JetBlue,N760XX,7981,DFW,CityName,State,DEN,CityName,State,0,0,-11,0,0,,56,2367,0,0,0,0,0
2021-04-10,United,N877XX,2798,JFK,CityName,State,ATL,CityName,State,0,0,10,0,0,,149,2547,0,0,0,0,0
2021-04-10,United,N708XX,4407,MIA,CityName,State,ORD,CityName,State,0,0,-5,0,0,,272,2458,0,0,0,0,0
2021-04-10,Southwest,N884XX,959,SFO,CityName,State,ATL,CityName,State,0,0,8,0,0,,189,721,0,0,0,0,0
2021-04-10,United,N552XX,2720,SFO,CityName,State,SFO,CityName,State,0,0,-11,0,0,,263,485,0,0,0,0,0
2021-04-10,Southwest,N192XX,3616,ORD,CityName,State,JFK,CityName,State,0,0,-5,0,0,,347,1443,0,0,0,0,0
2021-04-10,American,N544XX,894,MIA,CityName,State,SFO,CityName,State,0,0,-7,0,0,,301,1553,0,0,0,0,0
2021-04-10,American,N590XX,2130,JFK,CityName,State,DEN,CityName,State,0,0,4,0,0,,198,969,0,0,0,0,0
2021-04-11,American,N399XX,3555,LAX,CityName,State,DEN,CityName,State,0,0,-6,0,0,,330,1415,0,0,0,0,0
2021-04-11,Southwest,N658XX,447,JFK,CityName,State,JFK,CityName,State,15,1,13,0,0,,161,1049,0,0,0,0,0
2021-04-11,Delta,N485XX,1690,SFO,CityName,State,ATL,CityName,State,15,1,1,0,0,,202,2819,0,0,0,0,0
2021-04-11,Delta,N393XX,5070,BOS,CityName,State,BOS,CityName,State,0,0,10,0,0,,137,385,0,0,0,0,0
2021-04-11,American,N973XX,707,JFK,CityName,State,LAX,CityName,State,0,0,-5,0,0,,161,303,0,0,0,0,0
2021-04-11,United,N359XX,6069,DEN,CityName,State,SFO,CityName,State,0,0,1,0,0,,86,2524,0,0,0,0,0
2021-04-11,JetBlue,N409XX,5077,MIA,CityName,State,DEN,CityName,State,15,1,11,0,0,,143,2985,0,0,0,0,0
2021-04-11,United,N412XX,5848,LAX,CityName,State,BOS,CityName,State,0,0,-14,0,0,,156,2106,0,0,0,0,0
2021-04-11,American,N403XX,1929,SEA,CityName,State,LAX,CityName,State,0,0,-14,0,0,,266,2284,0,0,0,0,0
2021-04-11,American,N384XX,1458,LAX,CityName,State,ORD,CityName,State,0,0,8,0,0,,75,590,0,0,0,0,0
2021-04-11,United,N287XX,8810,ATL,CityName,State,SEA,CityName,State,0,0,9,0,0,,160,2783,0,0,0,0,0
2021-04-11,Delta,N885XX,6873,DEN,CityName,State,DEN,CityName,State,0,0,-6,0,0,,271,1208,0,0,0,0,0
2021-04-11,Delta,N915XX,4412,MIA,CityName,State,JFK,CityName,State,0,0,-4,0,0,,198,461,0,0,0,0,0
2021-04-11,Southwest,N584XX,8405,ORD,CityName,State,ORD,CityName,State,0,0,8,0,0,,333,2374,0,0,0,0,0
2021-04-11,United,N162XX,3307,ORD,CityName,State,ORD,CityName,State,0,0,-4,0,0,,144,2825,0,0,0,0,0
2021-04-12,United,N173XX,736,DEN,CityName,State,BOS,CityName,State,120,1,129,1,0,,327,308,0,0,0,0,129
2021-04-12,JetBlue,N285XX,987,MIA,CityName,State,DEN,CityName,State,0,0,3,0,0,,242,851,0,0,0,0,0
2021-04-12,Southwest,N366XX,7042,SFO,CityName,State,SEA,CityName,State,0,0,-8,0,0,,334,2658,0,0,0,0,0
2021-04-12,American,N811XX,6816,ATL,CityName,State,BOS,CityName,State,15,1,23,1,0,,319,1638,0,0,23,0,0
2021-04-12,American,N386XX,5650,MIA,CityName,State,SEA,CityName,State,0,0,-5,0,0,,202,2123,0,0,0,0,0
2021-04-12,JetBlue,N717XX,5026,JFK,CityName,State,ORD,CityName,State,0,0,8,0,0,,329,1020,0,0,0,0,0
2021-04-12,United,N839XX,3445,DEN,CityName,State,SFO,CityName,State,15,1,1,0,0,,192,2821,0,0,0,0,0
2021-04-12,United,N848XX,644,DEN,CityName,State,ATL,CityName,State,0,0,2,0,0,,91,1813,0,0,0,0,0
2021-04-12,American,N254XX,5023,LAX,CityName,State,SFO,CityName,State,30,1,39,1,0,,212,1999,39,0,0,0,0
2021-04-12,Delta,N185XX,1930,LAX,CityName,State,SFO,CityName,State,0,0,-1,0,0,,153,171,0,0,0,0,0
2021-04-12,Delta,N680XX,5207,LAX,CityName,State,DFW,CityName,State,0,0,-5,0,0,,209,2786,0,0,0,0,0
2021-04-12,American,N397XX,4139,LAX,CityName,State,DFW,CityName,State,120,1,128,1,0,,231,1340,128,0,0,0,0
2021-04-13,United,N235XX,1061,MIA,CityName,State,BOS,CityName,State,15,1,16,1,0,,294,1874,16,0,0,0,0
2021-04-13,United,N481XX,2447,ORD,CityName,State,SFO,CityName,State,0,0,-5,0,0,,223,2507,0,0,0,0,0
2021-04-13,Southwest,N819XX,1651,SEA,CityName,State,ATL,CityName,State,45,1,35,1,0,,48,397,0,0,0,0,35
2021-04-13,United,N440XX,8193,DEN,CityName,State,SEA,CityName,State,60,1,67,1,0,,328,440,0,0,67,0,0
2021-04-13,Southwest,N838XX,9704,ORD,CityName,State,LAX,CityName,State,0,0,8,0,0,,170,2080,0,0,0,0,0
2021-04-13,American,N361XX,4536,ORD,CityName,State,SEA,CityName,State,0,0,-5,0,0,,177,2436,0,0,0,0,0
2021-04-13,Delta,N538XX,2073,DEN,CityName,State,MIA,CityName,State,0,0,-2,0,0,,65,766,0,0,0,0,0
2021-04-13,American,N287XX,6677,SFO,CityName,State,BOS,CityName,State,0,0,-2,0,0,,243,2587,0,0,0,0,0
2021-04-13,JetBlue,N875XX,5543,SFO,CityName,State,MIA,CityName,State,0,0,7,0,0,,215,1185,0,0,0,0,0
2021-04-13,United,N126XX,3504,SFO,CityName,State,SFO,CityName,State,60,1,0,0,1,A,292,2611,0,0,0,0,0
2021-04-13,United,N996XX,940,ATL,CityName,State,JFK,CityName,State,0,0,-4,0,0,,99,2631,0,0,0,0,0
2021-04-13,JetBlue,N847XX,9244,SFO,CityName,State,LAX,CityName,State,15,1,14,0,0,,348,2235,0,0,0,0,0
2021-04-13,Delta,N845XX,4180,SFO,CityName,State,BOS,CityName,State,0,0,4,0,0,,239,2871,0,0,0,0,0
2021-04-13,United,N324XX,6565,LAX,CityName,State,JFK,CityName,State,15,1,4,0,0,,231,1049,0,0,0,0,0
2021-04-13,United,N533XX,6577,ORD,CityName,State,SEA,CityName,State,0,0,6,0,0,,310,909,0,0,0,0,0
2021-04-13,Delta,N334XX,3085,SEA,CityName,State,MIA,CityName,State,0,0,-10,0,0,,140,2653,0,0,0,0,0
2021-04-13,Southwest,N456XX,6883,SFO,CityName,State,LAX,CityName,State,0,0,1,0,0,,206,443,0,0,0,0,0
2021-04-13,Southwest,N284XX,6173,SFO,CityName,State,SEA,CityName,State,0,0,6,0,0,,150,1835,0,0,0,0,0
2021-04-14,JetBlue,N824XX,8008,ORD,CityName,State,MIA,CityName,State,0,0,9,0,0,,84,823,0,0,0,0,0
2021-04-14,Southwest,N324XX,774,DEN,CityName,State,ORD,CityName,State,0,0,-1,0,0,,176,1824,0,0,0,0,0
2021-04-14,Delta,N101XX,4056,DFW,CityName,State,LAX,CityName,State,0,0,6,0,0,,333,519,0,0,0,0,0
2021-04-14,Southwest,N971XX,4478,DFW,CityName,State,SFO,CityName,State,0,0,-6,0,0,,316,1810,0,0,0,0,0
2021-04-14,JetBlue,N798XX,3178,DFW,CityName,State,LAX,CityName,State,0,0,-7,0,0,,136,963,0,0,0,0,0
2021-04-14,Southwest,N423XX,5847,ATL,CityName,State,SEA,CityName,State,0,0,7,0,0,,174,628,0,0,0,0,0
2021-04-14,Southwest,N933XX,7934,ORD,CityName,State,JFK,CityName,State,30,1,24,1,0,,262,2728,24,0,0,0,0
2021-04-14,United,N385XX,4812,ORD,CityName,State,DFW,CityName,State,0,0,-13,0,0,,254,799,0,0,0,0,0
2021-04-14,United,N665XX,706,DEN,CityName,State,ATL,CityName,State,15,1,8,0,0,,331,2555,0,0,0,0,0
2021-04-14,Delta,N721XX,9623,ORD,CityName,State,BOS,CityName,State,0,0,-14,0,0,,195,383,0,0,0,0,0
2021-04-14,United,N128XX,7797,JFK,CityName,State,MIA,CityName,State,0,0,4,0,0,,261,1352,0,0,0,0,0
2021-04-14,United,N247XX,1820,BOS,CityName,State,JFK,CityName,State,45,1,34,1,0,,67,718,34,0,0,0,0
2021-04-14,Southwest,N120XX,2531,LAX,CityName,State,JFK,CityName,State,30,1,21,1,0,,299,261,21,0,0,0,0
2021-04-15,JetBlue,N455XX,2198,DFW,CityName,State,MIA,CityName,State,60,1,64,1,0,,227,1301,64,0,0,0,0
2021-04-15,United,N552XX,6264,DFW,CityName,State,ATL,CityName,State,0,0,0,0,0,,83,1511,0,0,0,0,0
2021-04-15,Southwest,N679XX,9518,SFO,CityName,State,BOS,CityName,State,0,0,0,0,0,,293,972,0,0,0,0,0
2021-04-15,United,N776XX,7525,LAX,CityName,State,DFW,CityName,State,0,0,8,0,0,,269,442,0,0,0,0,0
2021-04-15,JetBlue,N224XX,3303,JFK,CityName,State,ATL,CityName,State,0,0,3,0,0,,284,1978,0,0,0,0,0
2021-04-15,Southwest,N835XX,5634,ATL,CityName,State,SEA,CityName,State,60,1,49,1,0,,136,2699,49,0,0,0,0
2021-04-15,JetBlue,N490XX,2356,SEA,CityName,State,SEA,CityName,State,0,0,-5,0,0,,303,2808,0,0,0,0,0
2021-04-15,Delta,N607XX,5629,LAX,CityName,State,SEA,CityName,State,0,0,1,0,0,,182,1343,0,0,0,0,0
2021-04-15,United,N471XX,2561,BOS,CityName,State,DFW,CityName,State,60,1,67,1,0,,341,1357,0,67,0,0,0
2021-04-15,United,N215XX,450,SFO,CityName,State,SFO,CityName,State,0,0,10,0,0,,252,1230,0,0,0,0,0
2021-04-15,JetBlue,N234XX,5434,ATL,CityName,State,DFW,CityName,State,0,0,3,0,0,,181,1721,0,0,0,0,0
2021-04-15,American,N439XX,1785,SEA,CityName,State,ORD,CityName,State,0,0,-2,0,0,,234,735,0,0,0,0,0
2021-04-15,United,N473XX,177,BOS,CityName,State,ORD,CityName,State,0,0,-10,0,0,,163,221,0,0,0,0,0
2021-04-16,Delta,N611XX,9564,DFW,CityName,State,JFK,CityName,State,0,0,0,0,0,,100,1802,0,0,0,0,0
2021-04-16,Southwest,N174XX,8909,DEN,CityName,State,DFW,CityName,State,0,0,-5,0,0,,228,334,0,0,0,0,0
2021-04-16,JetBlue,N716XX,2328,SFO,CityName,State,JFK,CityName,State,15,1,21,1,0,,284,1956,21,0,0,0,0
2021-04-16,JetBlue,N631XX,881,ATL,CityName,State,MIA,CityName,State,60,1,57,1,0,,320,1975,0,0,0,0,57
2021-04-16,American,N828XX,4275,SFO,CityName,State,SFO,CityName,State,0,0,-4,0,0,,157,1670,0,0,0,0,0
2021-04-16,Southwest,N788XX,2109,DEN,CityName,State,ORD,CityName,State,0,0,-8,0,0,,343,2364,0,0,0,0,0
2021-04-16,JetBlue,N876XX,6198,ATL,CityName,State,DFW,CityName,State,0,0,7,0,0,,109,1666,0,0,0,0,0
2021-04-16,Southwest,N277XX,2271,LAX,CityName,State,BOS,CityName,State,0,0,7,0,0,,227,839,0,0,0,0,0
2021-04-16,United,N947XX,3900,BOS,CityName,State,SFO,CityName,State,0,0,6,0,0,,158,2821,0,0,0,0,0
2021-04-16,American,N949XX,258,SEA,CityName,State,LAX,CityName,State,0,0,0,0,1,A,216,482,0,0,0,0,0
2021-04-16,United,N212XX,9164,LAX,CityName,State,MIA,CityName,State,0,0,-5,0,0,,265,2061,0,0,0,0,0
2021-04-16,Delta,N749XX,8098,BOS,CityName,State,BOS,CityName,State,0,0,3,0,0,,223,2296,0,0,0,0,0
2021-04-16,American,N801XX,5648,SFO,CityName,State,DFW,CityName,State,0,0,-7,0,0,,321,1035,0,0,0,0,0
2021-04-16,United,N557XX,1665,DEN,CityName,State,DEN,CityName,State,0,0,0,0,0,,336,1540,0,0,0,0,0
2021-04-17,United,N236XX,9822,LAX,CityName,State,SEA,CityName,State,0,0,-13,0,0,,305,2658,0,0,0,0,0
2021-04-17,Southwest,N857XX,6490,ORD,CityName,State,DEN,CityName,State,30,1,25,1,0,,321,1768,25,0,0,0,0
2021-04-17,Southwest,N272XX,826,BOS,CityName,State,BOS,CityName,State,15,1,10,0,0,,237,1286,0,0,0,0,0
2021-04-17,Southwest,N796XX,6649,LAX,CityName,State,LAX,CityName,State,60,1,47,1,0,,282,210,47,0,0,0,0
2021-04-17,American,N849XX,4138,DEN,CityName,State,DEN,CityName,State,0,0,1,0,0,,284,309,0,0,0,0,0
2021-04-17,Southwest,N160XX,4867,SEA,CityName,State,ATL,CityName,State,120,1,121,1,0,,234,1894,121,0,0,0,0
2021-04-17,Southwest,N969XX,2398,BOS,CityName,State,LAX,CityName,State,0,0,0,0,0,,217,1298,0,0,0,0,0
2021-04-17,United,N906XX,7589,MIA,CityName,State,SEA,CityName,State,30,1,25,1,0,,169,2709,0,0,0,0,25
2021-04-17,Delta,N996XX,7882,LAX,CityName,State,LAX,CityName,State,0,0,5,0,0,,198,210,0,0,0,0,0
2021-04-17,United,N517XX,7933,MIA,CityName,State,ORD,CityName,State,15,1,18,1,0,,299,2781,0,0,18,0,0
2021-04-17,Delta,N605XX,5274,MIA,CityName,State,SFO,CityName,State,0,0,-12,0,0,,46,2863,0,0,0,0,0
2021-04-17,United,N382XX,1793,DFW,CityName,State,DEN,CityName,State,0,0,-7,0,0,,211,2935,0,0,0,0,0
2021-04-17,United,N623XX,4365,ATL,CityName,State,LAX,CityName,State,15,1,22,1,0,,190,2090,0,0,22,0,0
2021-04-17,Southwest,N344XX,5029,SEA,CityName,State,DFW,CityName,State,0,0,9,0,0,,65,466,0,0,0,0,0
2021-04-17,United,N970XX,7866,ORD,CityName,State,SFO,CityName,State,0,0,-7,0,0,,251,1713,0,0,0,0,0
2021-04-18,American,N952XX,1123,DEN,CityName,State,DEN,CityName,State,0,0,2,0,0,,116,1936,0,0,0,0,0
2021-04-18,American,N237XX,2838,BOS,CityName,State,DFW,CityName,State,0,0,10,0,0,,304,715,0,0,0,0,0
2021-04-18,Southwest,N951XX,1969,SFO,CityName,State,LAX,CityName,State,0,0,-8,0,0,,249,1826,0,0,0,0,0
2021-04-18,United,N285XX,7504,LAX,CityName,State,JFK,CityName,State,15,1,11,0,0,,222,2815,0,0,0,0,0
2021-04-18,United,N510XX,334,DEN,CityName,State,SEA,CityName,State,30,1,16,1,0,,236,513,0,0,16,0,0
2021-04-18,American,N450XX,3419,DFW,CityName,State,JFK,CityName,State,0,0,-4,0,0,,175,170,0,0,0,0,0
2021-04-18,United,N895XX,7991,ORD,CityName,State,SFO,CityName,State,0,0,-7,0,0,,185,710,0,0,0,0,0
2021-04-18,American,N816XX,6374,JFK,CityName,State,LAX,CityName,State,0,0,-5,0,0,,214,484,0,0,0,0,0
2021-04-18,Delta,N438XX,7401,SFO,CityName,State,BOS,CityName,State,0,0,-11,0,0,,264,982,0,0,0,0,0
2021-04-18,American,N563XX,3779,BOS,CityName,State,DFW,CityName,State,0,0,5,0,0,,80,2875,0,0,0,0,0
2021-04-18,Southwest,N265XX,4227,DFW,CityName,State,MIA,CityName,State,0,0,-14,0,0,,61,865,0,0,0,0,0
2021-04-18,Southwest,N990XX,6438,JFK,CityName,State,JFK,CityName,State,30,1,37,1,0,,310,2738,37,0,0,0,0
2021-04-18,Delta,N568XX,3569,DFW,CityName,State,ORD,CityName,State,0,0,0,0,1,A,198,1103,0,0,0,0,0
2021-04-18,American,N592XX,6631,LAX,CityName,State,ORD,CityName,State,0,0,2,0,0,,183,1315,0,0,0,0,0
2021-04-18,Southwest,N475XX,1733,LAX,CityName,State,BOS,CityName,State,30,1,21,1,0,,230,466,21,0,0,0,0
2021-04-18,American,N848XX,7029,MIA,CityName,State,ATL,CityName,State,0,0,4,0,0,,75,2514,0,0,0,0,0
2021-04-19,American,N562XX,7337,DEN,CityName,State,BOS,CityName,State,0,0,6,0,0,,92,1882,0,0,0,0,0
2021-04-19,JetBlue,N929XX,9443,ATL,CityName,State,MIA,CityName,State,0,0,-8,0,0,,144,2761,0,0,0,0,0
2021-04-19,American,N103XX,9357,SFO,CityName,State,ATL,CityName,State,0,0,8,0,0,,123,2396,0,0,0,0,0
2021-04-19,Southwest,N345XX,9858,JFK,CityName,State,SEA,CityName,State,0,0,-5,0,0,,200,2846,0,0,0,0,0
2021-04-19,American,N583XX,7702,ORD,CityName,State,MIA,CityName,State,60,1,65,1,0,,178,1848,0,0,65,0,0
2021-04-19,Delta,N905XX,5614,ORD,CityName,State,LAX,CityName,State,0,0,6,0,0,,262,2006,0,0,0,0,0
2021-04-19,Southwest,N733XX,8145,ATL,CityName,State,SFO,CityName,State,0,0,8,0,0,,355,2391,0,0,0,0,0
2021-04-19,United,N215XX,3099,SFO,CityName,State,LAX,CityName,State,15,1,15,1,0,,124,1955,15,0,0,0,0
2021-04-19,JetBlue,N847XX,1578,SEA,CityName,State,SFO,CityName,State,0,0,8,0,0,,115,1357,0,0,0,0,0
2021-04-19,JetBlue,N877XX,1142,ORD,CityName,State,ORD,CityName,State,0,0,7,0,0,,190,1596,0,0,0,0,0
2021-04-19,American,N536XX,1892,DEN,CityName,State,DFW,CityName,State,0,0,3,0,0,,304,2433,0,0,0,0,0
2021-04-19,Delta,N138XX,1037,SEA,CityName,State,ATL,CityName,State,0,0,4,0,0,,198,1933,0,0,0,0,0
2021-04-19,Delta,N318XX,1392,JFK,CityName,State,DEN,CityName,State,0,0,-13,0,0,,121,2500,0,0,0,0,0
2021-04-19,Southwest,N624XX,5995,MIA,CityName,State,SFO,CityName,State,60,1,55,1,0,,291,1724,0,0,0,0,55
2021-04-19,Delta,N134XX,8028,DEN,CityName,State,ATL,CityName,State,0,0,4,0,0,,264,939,0,0,0,0,0
2021-04-19,American,N735XX,8331,DFW,CityName,State,LAX,CityName,State,0,0,10,0,0,,157,347,0,0,0,0,0
2021-04-19,American,N491XX,7833,DFW,CityName,State,LAX,CityName,State,0,0,2,0,0,,151,2342,0,0,0,0,0
2021-04-19,United,N786XX,9545,JFK,CityName,State,DEN,CityName,State,0,0,-8,0,0,,348,2583,0,0,0,0,0
2021-04-19,JetBlue,N431XX,4067,JFK,CityName,State,SFO,CityName,State,0,0,8,0,0,,284,1133,0,0,0,0,0
2021-04-19,American,N598XX,7471,SEA,CityName,State,MIA,CityName,State,0,0,1,0,0,,227,456,0,0,0,0,0
2021-04-19,Southwest,N430XX,5044,SFO,CityName,State,ORD,CityName,State,0,0,-14,0,0,,136,742,0,0,0,0,0
2021-04-19,JetBlue,N141XX,4782,DFW,CityName,State,SFO,CityName,State,15,1,12,0,0,,81,511,0,0,0,0,0
2021-04-19,Southwest,N220XX,2410,ORD,CityName,State,BOS,CityName,State,0,0,-5,0,0,,164,1374,0,0,0,0,0
2021-04-19,American,N377XX,4789,DEN,CityName,State,SFO,CityName,State,0,0,-14,0,0,,299,2734,0,0,0,0,0
2021-04-20,JetBlue,N370XX,4417,DEN,CityName,State,ORD,CityName,State,0,0,3,0,0,,68,1343,0,0,0,0,0
2021-04-20,Southwest,N323XX,1307,ATL,CityName,State,SFO,CityName,State,0,0,5,0,0,,207,2595,0,0,0,0,0
2021-04-20,Delta,N470XX,4246,MIA,CityName,State,ORD,CityName,State,0,0,1,0,0,,205,630,0,0,0,0,0
2021-04-20,Delta,N256XX,7618,MIA,CityName,State,ORD,CityName,State,0,0,9,0,0,,265,812,0,0,0,0,0
2021-04-20,Delta,N242XX,9015,SEA,CityName,State,DFW,CityName,State,0,0,4,0,0,,222,2797,0,0,0,0,0
2021-04-20,American,N315XX,7027,SFO,CityName,State,JFK,CityName,State,0,0,-8,0,0,,76,1312,0,0,0,0,0
2021-04-20,American,N791XX,4611,MIA,CityName,State,LAX,CityName,State,15,1,3,0,0,,313,502,0,0,0,0,0
2021-04-20,Delta,N771XX,8076,DFW,CityName,State,ATL,CityName,State,120,1,120,1,0,,321,808,0,120,0,0,0
2021-04-21,Southwest,N298XX,8818,DFW,CityName,State,BOS,CityName,State,0,0,-12,0,0,,249,1156,0,0,0,0,0
2021-04-21,United,N399XX,4482,DEN,CityName,State,ATL,CityName,State,15,1,1,0,0,,67,1308,0,0,0,0,0
2021-04-21,JetBlue,N383XX,2073,DFW,CityName,State,SEA,CityName,State,0,0,-12,0,0,,61,2545,0,0,0,0,0
2021-04-21,Southwest,N612XX,5013,JFK,CityName,State,LAX,CityName,State,0,0,4,0,0,,67,216,0,0,0,0,0
2021-04-21,JetBlue,N715XX,6911,ATL,CityName,State,ATL,CityName,State,0,0,-8,0,0,,111,1913,0,0,0,0,0
2021-04-21,Southwest,N192XX,1599,SEA,CityName,State,ORD,CityName,State,0,0,6,0,0,,315,2700,0,0,0,0,0
2021-04-21,United,N802XX,1668,SFO,CityName,State,LAX,CityName,State,0,0,7,0,0,,107,921,0,0,0,0,0
2021-04-21,Southwest,N269XX,5085,MIA,CityName,State,JFK,CityName,State,0,0,-9,0,0,,108,2451,0,0,0,0,0
2021-04-21,American,N335XX,7146,ORD,CityName,State,MIA,CityName,State,0,0,-5,0,0,,81,2509,0,0,0,0,0
2021-04-21,JetBlue,N154XX,2823,DEN,CityName,State,LAX,CityName,State,0,0,5,0,0,,76,871,0,0,0,0,0
2021-04-21,JetBlue,N199XX,688,MIA,CityName,State,SFO,CityName,State,0,0,-7,0,0,,57,407,0,0,0,0,0
2021-04-21,American,N747XX,9936,ORD,CityName,State,ATL,CityName,State,0,0,-9,0,0,,284,2513,0,0,0,0,0
2021-04-21,Delta,N364XX,7891,JFK,CityName,State,SFO,CityName,State,0,0,-2,0,0,,117,2128,0,0,0,0,0
2021-04-21,JetBlue,N849XX,8636,MIA,CityName,State,DFW,CityName,State,0,0,-12,0,0,,54,1133,0,0,0,0,0
2021-04-21,American,N638XX,9991,DFW,CityName,State,BOS,CityName,State,0,0,-13,0,0,,136,2612,0,0,0,0,0
2021-04-21,JetBlue,N968XX,6891,SFO,CityName,State,ATL,CityName,State,0,0,-12,0,0,,198,1474,0,0,0,0,0
2021-04-22,Delta,N688XX,4128,ATL,CityName,State,ATL,CityName,State,0,0,7,0,0,,304,1908,0,0,0,0,0
2021-04-22,Southwest,N804XX,3916,DEN,CityName,State,SFO,CityName,State,0,0,0,0,1,A,262,2767,0,0,0,0,0
2021-04-22,Southwest,N120XX,2558,LAX,CityName,State,DFW,CityName,State,0,0,8,0,0,,277,2699,0,0,0,0,0
2021-04-22,JetBlue,N149XX,7241,ATL,CityName,State,SEA,CityName,State,0,0,0,0,1,A,107,578,0,0,0,0,0
2021-04-22,United,N981XX,5262,MIA,CityName,State,SFO,CityName,State,0,0,5,0,0,,291,1785,0,0,0,0,0
2021-04-22,Delta,N654XX,7584,BOS,CityName,State,ORD,CityName,State,0,0,-12,0,0,,82,290,0,0,0,0,0
2021-04-22,Delta,N636XX,4645,ATL,CityName,State,BOS,CityName,State,15,1,24,1,0,,185,1523,24,0,0,0,0
2021-04-22,United,N468XX,4014,LAX,CityName,State,DFW,CityName,State,0,0,-12,0,0,,336,395,0,0,0,0,0
2021-04-22,American,N382XX,6287,DFW,CityName,State,ATL,CityName,State,0,0,-4,0,0,,315,855,0,0,0,0,0
2021-04-22,Southwest,N388XX,2010,BOS,CityName,State,LAX,CityName,State,0,0,-13,0,0,,126,2210,0,0,0,0,0
2021-04-22,Southwest,N459XX,9860,SEA,CityName,State,SFO,CityName,State,0,0,-5,0,0,,120,740,0,0,0,0,0
2021-04-22,American,N590XX,1169,LAX,CityName,State,ATL,CityName,State,0,0,2,0,0,,63,1251,0,0,0,0,0
2021-04-22,JetBlue,N234XX,7713,LAX,CityName,State,LAX,CityName,State,0,0,-7,0,0,,146,1634,0,0,0,0,0
2021-04-22,Delta,N660XX,5642,SEA,CityName,State,ORD,CityName,State,0,0,-6,0,0,,55,1264,0,0,0,0,0
2021-04-22,Delta,N410XX,9839,BOS,CityName,State,ATL,CityName,State,0,0,-12,0,0,,306,2308,0,0,0,0,0
2021-04-22,Southwest,N398XX,6637,SFO,CityName,State,SEA,CityName,State,15,1,10,0,0,,236,2833,0,0,0,0,0
2021-04-22,Southwest,N382XX,4174,JFK,CityName,State,BOS,CityName,State,0,0,1,0,0,,276,1538,0,0,0,0,0
2021-04-23,Delta,N991XX,4441,ORD,CityName,State,MIA,CityName,State,120,1,119,1,0,,158,2187,0,0,119,0,0
2021-04-23,Delta,N448XX,350,SEA,CityName,State,JFK,CityName,State,0,0,7,0,0,,208,1702,0,0,0,0,0
2021-04-23,United,N825XX,6339,SEA,CityName,State,DEN,CityName,State,0,0,6,0,0,,157,1934,0,0,0,0,0
2021-04-23,American,N208XX,1978,JFK,CityName,State,ORD,CityName,State,15,1,6,0,0,,252,2493,0,0,0,0,0
2021-04-23,JetBlue,N447XX,9382,BOS,CityName,State,BOS,CityName,State,0,0,-4,0,0,,49,2240,0,0,0,0,0
2021-04-23,American,N405XX,9188,LAX,CityName,State,BOS,CityName,State,0,0,-7,0,0,,268,2131,0,0,0,0,0
2021-04-23,United,N124XX,4055,DFW,CityName,State,MIA,CityName,State,0,0,2,0,0,,180,2617,0,0,0,0,0
2021-04-23,United,N976XX,411,BOS,CityName,State,SFO,CityName,State,15,1,18,1,0,,173,399,0,0,0,0,18
2021-04-23,JetBlue,N802XX,5584,MIA,CityName,State,ORD,CityName,State,0,0,-8,0,0,,322,2703,0,0,0,0,0
2021-04-23,JetBlue,N803XX,3272,DFW,CityName,State,SFO,CityName,State,0,0,-5,0,0,,176,1324,0,0,0,0,0
2021-04-23,American,N236XX,4865,ORD,CityName,State,ORD,CityName,State,0,0,-1,0,0,,340,1342,0,0,0,0,0
2021-04-23,JetBlue,N335XX,7397,LAX,CityName,State,LAX,CityName,State,0,0,-9,0,0,,135,1470,0,0,0,0,0
2021-04-24,American,N325XX,8367,MIA,CityName,State,DEN,CityName,State,0,0,1,0,0,,225,1038,0,0,0,0,0
2021-04-24,Southwest,N691XX,9578,ORD,CityName,State,DEN,CityName,State,0,0,0,0,1,A,46,2194,0,0,0,0,0
2021-04-24,Southwest,N516XX,3446,MIA,CityName,State,SEA,CityName,State,0,0,8,0,0,,130,182,0,0,0,0,0
2021-04-24,JetBlue,N706XX,2566,MIA,CityName,State,ATL,CityName,State,0,0,-3,0,0,,166,879,0,0,0,0,0
2021-04-24,American,N849XX,2751,DEN,CityName,State,SFO,CityName,State,0,0,3,0,0,,91,1819,0,0,0,0,0
2021-04-24,JetBlue,N582XX,4123,SFO,CityName,State,ORD,CityName,State,45,1,49,1,0,,123,2409,49,0,0,0,0
2021-04-24,JetBlue,N378XX,757,SFO,CityName,State,LAX,CityName,State,0,0,4,0,0,,85,1581,0,0,0,0,0
2021-04-24,American,N988XX,5116,DEN,CityName,State,SFO,CityName,State,0,0,-2,0,0,,109,1461,0,0,0,0,0
2021-04-24,United,N275XX,5600,DEN,CityName,State,BOS,CityName,State,0,0,-6,0,0,,352,1147,0,0,0,0,0
2021-04-24,United,N598XX,9782,ATL,CityName,State,BOS,CityName,State,0,0,7,0,0,,137,2290,0,0,0,0,0
2021-04-24,United,N744XX,5743,LAX,CityName,State,DEN,CityName,State,0,0,4,0,0,,64,2868,0,0,0,0,0
2021-04-24,JetBlue,N244XX,7380,DEN,CityName,State,MIA,CityName,State,0,0,-13,0,0,,176,1976,0,0,0,0,0
2021-04-24,Southwest,N758XX,9872,SFO,CityName,State,ATL,CityName,State,0,0,-12,0,0,,281,2117,0,0,0,0,0
2021-04-24,American,N789XX,4022,ATL,CityName,State,MIA,CityName,State,0,0,9,0,0,,281,1931,0,0,0,0,0
2021-04-25,United,N130XX,3020,DFW,CityName,State,LAX,CityName,State,0,0,-5,0,0,,247,2441,0,0,0,0,0
2021-04-25,Southwest,N709XX,2287,DEN,CityName,State,DEN,CityName,State,0,0,1,0,0,,308,2971,0,0,0,0,0
2021-04-25,American,N617XX,5070,ORD,CityName,State,ORD,CityName,State,15,1,8,0,0,,122,1950,0,0,0,0,0
2021-04-25,United,N532XX,5633,DFW,CityName,State,BOS,CityName,State,0,0,2,0,0,,167,1320,0,0,0,0,0
2021-04-25,JetBlue,N556XX,7044,DFW,CityName,State,BOS,CityName,State,0,0,1,0,0,,59,415,0,0,0,0,0
2021-04-25,JetBlue,N893XX,3833,JFK,CityName,State,MIA,CityName,State,0,0,0,0,0,,192,2995,0,0,0,0,0
2021-04-25,American,N678XX,9146,DFW,CityName,State,BOS,CityName,State,0,0,9,0,0,,338,413,0,0,0,0,0
2021-04-25,American,N495XX,8825,ATL,CityName,State,DFW,CityName,State,0,0,-1,0,0,,214,417,0,0,0,0,0
2021-04-25,Delta,N903XX,7667,ORD,CityName,State,MIA,CityName,State,30,1,37,1,0,,314,1902,0,37,0,0,0
2021-04-25,United,N906XX,521,BOS,CityName,State,DEN,CityName,State,0,0,-14,0,0,,109,431,0,0,0,0,0
2021-04-25,American,N942XX,5082,JFK,CityName,State,SEA,CityName,State,0,0,9,0,0,,229,1392,0,0,0,0,0
2021-04-25,American,N134XX,6775,LAX,CityName,State,SEA,CityName,State,15,1,3,0,0,,335,1675,0,0,0,0,0
2021-04-25,Southwest,N629XX,4051,ORD,CityName,State,ORD,CityName,State,30,1,34,1,0,,133,651,0,0,34,0,0
2021-04-25,JetBlue,N699XX,5870,SFO,CityName,State,SFO,CityName,State,0,0,10,0,0,,71,830,0,0,0,0,0
2021-04-25,American,N454XX,1341,ATL,CityName,State,SEA,CityName,State,45,1,50,1,0,,320,2260,0,0,0,0,50
2021-04-26,American,N479XX,9520,LAX,CityName,State,DFW,CityName,State,0,0,-5,0,0,,331,2228,0,0,0,0,0
2021-04-26,United,N282XX,7027,ATL,CityName,State,ORD,CityName,State,0,0,-12,0,0,,196,687,0,0,0,0,0
2021-04-26,Southwest,N440XX,7867,ORD,CityName,State,JFK,CityName,State,0,0,3,0,0,,187,903,0,0,0,0,0
2021-04-26,United,N902XX,3793,DEN,CityName,State,DEN,CityName,State,0,0,-12,0,0,,290,2623,0,0,0,0,0
2021-04-26,Southwest,N901XX,3718,DFW,CityName,State,ORD,CityName,State,0,0,-11,0,0,,276,909,0,0,0,0,0
2021-04-26,Southwest,N570XX,1534,SEA,CityName,State,ORD,CityName,State,0,0,-9,0,0,,243,1388,0,0,0,0,0
2021-04-26,United,N304XX,8980,DFW,CityName,State,DEN,CityName,State,60,1,50,1,0,,174,1779,0,0,0,0,50
2021-04-26,JetBlue,N644XX,295,MIA,CityName,State,SEA,CityName,State,0,0,0,0,0,,237,1386,0,0,0,0,0
2021-04-26,American,N158XX,3852,ORD,CityName,State,SEA,CityName,State,0,0,-8,0,0,,56,2074,0,0,0,0,0
2021-04-26,JetBlue,N635XX,6352,JFK,CityName,State,JFK,CityName,State,0,0,-4,0,0,,61,2407,0,0,0,0,0
2021-04-26,United,N563XX,3962,JFK,CityName,State,JFK,CityName,State,45,1,51,1,0,,228,2481,0,0,0,0,51
2021-04-26,JetBlue,N681XX,4459,LAX,CityName,State,JFK,CityName,State,0,0,-12,0,0,,321,1289,0,0,0,0,0
2021-04-26,American,N451XX,605,DFW,CityName,State,SFO,CityName,State,0,0,-2,0,0,,70,1350,0,0,0,0,0
2021-04-26,American,N773XX,2912,SFO,CityName,State,ORD,CityName,State,0,0,6,0,0,,100,2218,0,0,0,0,0
2021-04-27,JetBlue,N963XX,3615,ORD,CityName,State,LAX,CityName,State,0,0,-14,0,0,,320,1829,0,0,0,0,0
2021-04-27,JetBlue,N116XX,507,ORD,CityName,State,LAX,CityName,State,30,1,20,1,0,,284,550,0,20,0,0,0
2021-04-27,Delta,N584XX,1027,SEA,CityName,State,DFW,CityName,State,0,0,7,0,0,,356,1274,0,0,0,0,0
2021-04-27,JetBlue,N368XX,2986,DFW,CityName,State,DFW,CityName,State,30,1,23,1,0,,267,2153,23,0,0,0,0
2021-04-27,American,N384XX,7840,JFK,CityName,State,SEA,CityName,State,0,0,-8,0,0,,206,2203,0,0,0,0,0
2021-04-27,Delta,N842XX,4870,BOS,CityName,State,MIA,CityName,State,0,0,5,0,0,,218,359,0,0,0,0,0
2021-04-27,JetBlue,N248XX,1725,DFW,CityName,State,DEN,CityName,State,0,0,5,0,0,,149,1929,0,0,0,0,0
2021-04-27,United,N821XX,3166,MIA,CityName,State,ORD,CityName,State,0,0,5,0,0,,117,2061,0,0,0,0,0
2021-04-27,Southwest,N305XX,1901,LAX,CityName,State,LAX,CityName,State,0,0,3,0,0,,344,1123,0,0,0,0,0
2021-04-27,United,N472XX,4541,DFW,CityName,State,DFW,CityName,State,0,0,-14,0,0,,313,1665,0,0,0,0,0
2021-04-27,American,N844XX,270,ORD,CityName,State,SFO,CityName,State,0,0,-14,0,0,,184,796,0,0,0,0,0
2021-04-27,JetBlue,N815XX,9001,MIA,CityName,State,DFW,CityName,State,0,0,10,0,0,,239,2855,0,0,0,0,0
2021-04-27,JetBlue,N465XX,9128,LAX,CityName,State,JFK,CityName,State,30,1,31,1,0,,50,2537,0,31,0,0,0
2021-04-27,JetBlue,N145XX,476,MIA,CityName,State,MIA,CityName,State,0,0,-1,0,0,,165,2166,0,0,0,0,0
2021-04-28,JetBlue,N885XX,1123,ORD,CityName,State,DFW,CityName,State,15,1,23,1,0,,251,1277,0,0,0,0,23
2021-04-28,Southwest,N671XX,6284,ATL,CityName,State,DEN,CityName,State,0,0,-11,0,0,,71,760,0,0,0,0,0
2021-04-28,Southwest,N905XX,1693,JFK,CityName,State,SFO,CityName,State,60,1,61,1,0,,325,1831,0,0,0,0,61
2021-04-28,American,N919XX,3134,DFW,CityName,State,SEA,CityName,State,120,1,126,1,0,,173,1642,0,0,0,0,126
2021-04-28,United,N668XX,4601,ATL,CityName,State,ORD,CityName,State,0,0,-2,0,0,,205,2923,0,0,0,0,0
2021-04-28,American,N840XX,5796,DFW,CityName,State,DFW,CityName,State,0,0,-12,0,0,,157,1880,0,0,0,0,0
2021-04-28,JetBlue,N178XX,6210,ORD,CityName,State,ORD,CityName,State,0,0,6,0,0,,211,503,0,0,0,0,0
2021-04-28,JetBlue,N302XX,5684,BOS,CityName,State,ORD,CityName,State,0,0,1,0,0,,353,1030,0,0,0,0,0
2021-04-28,American,N450XX,3299,JFK,CityName,State,ORD,CityName,State,0,0,-14,0,0,,66,2751,0,0,0,0,0
2021-04-28,United,N964XX,6262,DEN,CityName,State,ORD,CityName,State,0,0,8,0,0,,146,856,0,0,0,0,0
2021-04-28,United,N713XX,1224,ORD,CityName,State,MIA,CityName,State,15,1,10,0,0,,111,1668,0,0,0,0,0
2021-04-28,JetBlue,N286XX,9188,ATL,CityName,State,DEN,CityName,State,0,0,-10,0,0,,331,2844,0,0,0,0,0
2021-04-28,JetBlue,N393XX,1546,LAX,CityName,State,JFK,CityName,State,0,0,-4,0,0,,231,1914,0,0,0,0,0
2021-04-28,Delta,N932XX,1639,DFW,CityName,State,ORD,CityName,State,0,0,-8,0,0,,297,982,0,0,0,0,0
2021-04-28,United,N558XX,619,ORD,CityName,State,ORD,CityName,State,0,0,-7,0,0,,153,1426,0,0,0,0,0
2021-04-28,American,N235XX,255,ATL,CityName,State,LAX,CityName,State,120,1,114,1,0,,134,1974,114,0,0,0,0
2021-04-28,American,N989XX,8116,ATL,CityName,State,BOS,CityName,State,0,0,4,0,0,,114,503,0,0,0,0,0
2021-04-29,JetBlue,N278XX,1250,MIA,CityName,State,LAX,CityName,State,0,0,9,0,0,,257,2450,0,0,0,0,0
2021-04-29,Southwest,N645XX,9910,ORD,CityName,State,JFK,CityName,State,15,1,8,0,0,,174,2491,0,0,0,0,0
2021-04-29,United,N386XX,6232,BOS,CityName,State,SEA,CityName,State,45,1,42,1,0,,166,2246,42,0,0,0,0
2021-04-29,Southwest,N990XX,4260,ATL,CityName,State,ATL,CityName,State,0,0,-7,0,0,,54,1276,0,0,0,0,0
2021-04-29,Delta,N498XX,4387,ORD,CityName,State,ATL,CityName,State,0,0,9,0,0,,202,2049,0,0,0,0,0
2021-04-29,United,N873XX,4298,DFW,CityName,State,SFO,CityName,State,15,1,9,0,0,,328,1054,0,0,0,0,0
2021-04-29,Southwest,N908XX,9717,JFK,CityName,State,LAX,CityName,State,0,0,1,0,0,,108,641,0,0,0,0,0
2021-04-29,United,N447XX,2388,DFW,CityName,State,ORD,CityName,State,0,0,1,0,0,,243,952,0,0,0,0,0
2021-04-29,Southwest,N142XX,4666,LAX,CityName,State,ORD,CityName,State,0,0,7,0,0,,86,1117,0,0,0,0,0
2021-04-29,United,N604XX,4463,DFW,CityName,State,ORD,CityName,State,0,0,7,0,0,,246,973,0,0,0,0,0
2021-04-29,Southwest,N621XX,1361,DEN,CityName,State,ORD,CityName,State,0,0,8,0,0,,128,860,0,0,0,0,0
2021-04-29,American,N865XX,5329,SFO,CityName,State,JFK,CityName,State,0,0,-12,0,0,,213,2096,0,0,0,0,0
2021-04-29,Southwest,N630XX,221,BOS,CityName,State,LAX,CityName,State,0,0,8,0,0,,317,2955,0,0,0,0,0
2021-04-29,Delta,N813XX,1370,BOS,CityName,State,DFW,CityName,State,0,0,-4,0,0,,60,2895,0,0,0,0,0
2021-04-29,United,N171XX,8633,BOS,CityName,State,MIA,CityName,State,0,0,5,0,0,,174,416,0,0,0,0,0
2021-04-29,United,N152XX,8465,JFK,CityName,State,SEA,CityName,State,0,0,-4,0,0,,285,2913,0,0,0,0,0
2021-04-29,United,N254XX,6248,MIA,CityName,State,MIA,CityName,State,15,1,17,1,0,,124,150,17,0,0,0,0
2021-04-29,American,N525XX,4276,JFK,CityName,State,SFO,CityName,State,0,0,6,0,0,,49,2267,0,0,0,0,0
2021-04-29,JetBlue,N165XX,5455,SEA,CityName,State,SFO,CityName,State,0,0,-14,0,0,,313,2280,0,0,0,0,0
2021-04-29,Delta,N184XX,6205,DFW,CityName,State,ATL,CityName,State,0,0,1,0,0,,128,567,0,0,0,0,0
2021-04-30,American,N810XX,4727,DEN,CityName,State,SEA,CityName,State,0,0,-8,0,0,,193,718,0,0,0,0,0
2021-04-30,Southwest,N952XX,2888,JFK,CityName,State,MIA,CityName,State,15,1,2,0,0,,116,967,0,0,0,0,0
2021-04-30,American,N291XX,462,ATL,CityName,State,DFW,CityName,State,0,0,6,0,0,,221,1950,0,0,0,0,0
2021-04-30,American,N222XX,9089,BOS,CityName,State,LAX,CityName,State,15,1,1,0,0,,165,376,0,0,0,0,0
2021-04-30,JetBlue,N173XX,1655,BOS,CityName,State,JFK,CityName,State,45,1,39,1,0,,181,2676,0,39,0,0,0
2021-04-30,Southwest,N676XX,9441,SFO,CityName,State,ATL,CityName,State,0,0,-3,0,0,,45,699,0,0,0,0,0
2021-04-30,Delta,N283XX,4479,DEN,CityName,State,LAX,CityName,State,0,0,9,0,0,,318,1944,0,0,0,0,0
2021-04-30,American,N212XX,7310,ATL,CityName,State,MIA,CityName,State,15,1,19,1,0,,57,1711,0,0,0,0,19
2021-04-30,United,N667XX,3689,DEN,CityName,State,LAX,CityName,State,30,1,31,1,0,,46,1499,0,31,0,0,0
2021-04-30,Southwest,N273XX,3511,SFO,CityName,State,SEA,CityName,State,0,0,8,0,0,,345,1029,0,0,0,0,0
2021-04-30,Delta,N272XX,7077,SEA,CityName,State,ORD,CityName,State,0,0,-12,0,0,,269,948,0,0,0,0,0
2021-04-30,JetBlue,N738XX,937,SFO,CityName,State,BOS,CityName,State,0,0,-11,0,0,,253,1897,0,0,0,0,0
2021-04-30,United,N778XX,2829,LAX,CityName,State,ORD,CityName,State,0,0,4,0,0,,160,847,0,0,0,0,0
2021-05-01,American,N180XX,4781,JFK,CityName,State,DEN,CityName,State,0,0,7,0,0,,275,585,0,0,0,0,0
2021-05-01,United,N154XX,7159,ATL,CityName,State,BOS,CityName,State,0,0,3,0,0,,267,260,0,0,0,0,0
2021-05-01,Southwest,N680XX,5907,MIA,CityName,State,DFW,CityName,State,0,0,-3,0,0,,96,2253,0,0,0,0,0
2021-05-01,Delta,N448XX,3782,ORD,CityName,State,MIA,CityName,State,15,1,11,0,0,,128,1757,0,0,0,0,0
2021-05-01,Southwest,N134XX,6437,JFK,CityName,State,SEA,CityName,State,0,0,0,0,1,A,295,156,0,0,0,0,0
2021-05-01,American,N295XX,2383,DEN,CityName,State,BOS,CityName,State,0,0,4,0,0,,274,2787,0,0,0,0,0
2021-05-01,American,N564XX,4880,JFK,CityName,State,ORD,CityName,State,15,1,9,0,0,,221,695,0,0,0,0,0
2021-05-01,Southwest,N261XX,1156,ORD,CityName,State,SFO,CityName,State,60,1,52,1,0,,221,829,0,0,0,0,52
2021-05-01,JetBlue,N618XX,6538,MIA,CityName,State,DEN,CityName,State,0,0,-4,0,0,,307,1707,0,0,0,0,0
2021-05-01,American,N415XX,5361,DFW,CityName,State,LAX,CityName,State,45,1,55,1,0,,324,624,55,0,0,0,0
2021-05-01,American,N688XX,9068,DEN,CityName,State,JFK,CityName,State,0,0,1,0,0,,250,2604,0,0,0,0,0
2021-05-01,American,N193XX,6771,JFK,CityName,State,SFO,CityName,State,0,0,8,0,0,,313,1427,0,0,0,0,0
2021-05-01,JetBlue,N853XX,7001,ATL,CityName,State,DFW,CityName,State,60,1,47,1,0,,190,1624,0,0,47,0,0
2021-05-01,United,N869XX,9838,BOS,CityName,State,BOS,CityName,State,0,0,4,0,0,,114,2520,0,0,0,0,0
2021-05-02,Delta,N139XX,3880,DFW,CityName,State,JFK,CityName,State,0,0,1,0,0,,346,778,0,0,0,0,0
2021-05-02,JetBlue,N379XX,5412,ORD,CityName,State,ORD,CityName,State,0,0,-13,0,0,,159,2404,0,0,0,0,0
2021-05-02,American,N157XX,1035,JFK,CityName,State,LAX,CityName,State,0,0,8,0,0,,58,2721,0,0,0,0,0
2021-05-02,Southwest,N389XX,7220,ATL,CityName,State,JFK,CityName,State,45,1,42,1,0,,237,1617,42,0,0,0,0
2021-05-02,Delta,N602XX,547,SFO,CityName,State,DFW,CityName,State,0,0,2,0,0,,292,1874,0,0,0,0,0
2021-05-02,United,N314XX,8078,BOS,CityName,State,DEN,CityName,State,0,0,-1,0,0,,159,1116,0,0,0,0,0
2021-05-02,JetBlue,N128XX,8138,DEN,CityName,State,SFO,CityName,State,45,1,47,1,0,,282,170,0,0,0,0,47
2021-05-02,Delta,N766XX,4019,DEN,CityName,State,ORD,CityName,State,0,0,-1,0,0,,104,293,0,0,0,0,0
2021-05-02,JetBlue,N862XX,5880,SEA,CityName,State,DFW,CityName,State,0,0,-8,0,0,,111,2230,0,0,0,0,0
2021-05-02,JetBlue,N978XX,3507,DFW,CityName,State,SEA,CityName,State,120,1,122,1,0,,108,1784,0,122,0,0,0
2021-05-02,Southwest,N271XX,7507,SFO,CityName,State,ATL,CityName,State,0,0,-11,0,0,,67,469,0,0,0,0,0
2021-05-02,JetBlue,N685XX,1015,JFK,CityName,State,BOS,CityName,State,0,0,8,0,0,,329,1480,0,0,0,0,0
2021-05-02,United,N788XX,4810,DEN,CityName,State,SEA,CityName,State,0,0,-13,0,0,,203,268,0,0,0,0,0
2021-05-02,Delta,N720XX,394,DEN,CityName,State,JFK,CityName,State,0,0,-5,0,0,,191,917,0,0,0,0,0
2021-05-02,Delta,N820XX,9819,DEN,CityName,State,SFO,CityName,State,0,0,5,0,0,,63,1309,0,0,0,0,0
2021-05-02,Southwest,N589XX,6730,BOS,CityName,State,BOS,CityName,State,0,0,6,0,0,,222,372,0,0,0,0,0
2021-05-03,American,N127XX,9794,DEN,CityName,State,ATL,CityName,State,0,0,-5,0,0,,309,1690,0,0,0,0,0
2021-05-03,American,N952XX,8382,ORD,CityName,State,DFW,CityName,State,240,1,226,1,0,,296,721,226,0,0,0,0
2021-05-03,JetBlue,N723XX,1865,ATL,CityName,State,DEN,CityName,State,0,0,-6,0,0,,63,616,0,0,0,0,0
2021-05-03,JetBlue,N503XX,1935,MIA,CityName,State,MIA,CityName,State,0,0,-7,0,0,,151,290,0,0,0,0,0
2021-05-03,United,N550XX,5344,DEN,CityName,State,JFK,CityName,State,0,0,-6,0,0,,321,2710,0,0,0,0,0
2021-05-03,United,N270XX,7808,ATL,CityName,State,ORD,CityName,State,0,0,7,0,0,,173,1778,0,0,0,0,0
2021-05-03,American,N169XX,1518,MIA,CityName,State,LAX,CityName,State,0,0,-11,0,0,,73,2511,0,0,0,0,0
2021-05-03,JetBlue,N480XX,7546,BOS,CityName,State,SEA,CityName,State,0,0,3,0,0,,90,507,0,0,0,0,0
2021-05-03,Southwest,N612XX,7199,BOS,CityName,State,SEA,CityName,State,0,0,-7,0,0,,277,1746,0,0,0,0,0
2021-05-03,JetBlue,N232XX,9832,SEA,CityName,State,DFW,CityName,State,15,1,15,1,0,,316,1522,0,0,15,0,0
2021-05-03,Delta,N382XX,7703,LAX,CityName,State,SEA,CityName,State,0,0,-10,0,0,,199,1312,0,0,0,0,0
2021-05-03,United,N257XX,3659,BOS,CityName,State,DFW,CityName,State,0,0,0,0,1,A,328,2644,0,0,0,0,0
2021-05-03,United,N323XX,9205,ORD,CityName,State,LAX,CityName,State,30,1,22,1,0,,87,2405,22,0,0,0,0
2021-05-04,Southwest,N896XX,9197,LAX,CityName,State,MIA,CityName,State,30,1,29,1,0,,286,2779,0,0,0,0,29
2021-05-04,United,N274XX,4800,MIA,CityName,State,LAX,CityName,State,0,0,-13,0,0,,212,2848,0,0,0,0,0
2021-05-04,Delta,N374XX,6040,JFK,CityName,State,SFO,CityName,State,0,0,-14,0,0,,277,1817,0,0,0,0,0
2021-05-04,JetBlue,N970XX,8618,ORD,CityName,State,DFW,CityName,State,0,0,-5,0,0,,305,2647,0,0,0,0,0
2021-05-04,United,N564XX,7390,JFK,CityName,State,DFW,CityName,State,0,0,-5,0,0,,96,1959,0,0,0,0,0
2021-05-04,Southwest,N944XX,9043,DFW,CityName,State,MIA,CityName,State,0,0,-9,0,0,,210,649,0,0,0,0,0
2021-05-05,JetBlue,N367XX,620,SEA,CityName,State,DEN,CityName,State,0,0,-2,0,0,,284,1455,0,0,0,0,0
2021-05-05,United,N356XX,4500,ATL,CityName,State,JFK,CityName,State,0,0,-5,0,0,,217,2444,0,0,0,0,0
2021-05-05,JetBlue,N336XX,215,SEA,CityName,State,JFK,CityName,State,0,0,6,0,0,,62,722,0,0,0,0,0
2021-05-05,American,N767XX,9027,ORD,CityName,State,ORD,CityName,State,0,0,0,0,0,,165,2046,0,0,0,0,0
2021-05-05,Southwest,N491XX,3483,ATL,CityName,State,JFK,CityName,State,0,0,0,0,1,A,220,2152,0,0,0,0,0
2021-05-05,American,N855XX,9748,SFO,CityName,State,BOS,CityName,State,45,1,48,1,0,,204,2297,0,0,48,0,0
2021-05-05,JetBlue,N211XX,2553,BOS,CityName,State,MIA,CityName,State,0,0,3,0,0,,87,2949,0,0,0,0,0
2021-05-05,JetBlue,N944XX,311,JFK,CityName,State,SEA,CityName,State,15,1,6,0,0,,210,444,0,0,0,0,0
2021-05-05,Southwest,N936XX,3847,LAX,CityName,State,ATL,CityName,State,0,0,-10,0,0,,115,1348,0,0,0,0,0
2021-05-05,Delta,N941XX,5687,BOS,CityName,State,DFW,CityName,State,0,0,-10,0,0,,293,1025,0,0,0,0,0
2021-05-05,Delta,N470XX,2217,BOS,CityName,State,ATL,CityName,State,60,1,61,1,0,,258,218,61,0,0,0,0
2021-05-05,JetBlue,N820XX,2540,SEA,CityName,State,JFK,CityName,State,0,0,4,0,0,,214,791,0,0,0,0,0
2021-05-05,JetBlue,N422XX,2943,ORD,CityName,State,SEA,CityName,State,240,1,248,1,0,,185,1056,0,0,248,0,0
2021-05-06,United,N565XX,9733,MIA,CityName,State,SFO,CityName,State,0,0,-7,0,0,,279,1722,0,0,0,0,0
2021-05-06,American,N776XX,9902,SFO,CityName,State,MIA,CityName,State,0,0,-10,0,0,,46,2215,0,0,0,0,0
2021-05-06,American,N425XX,7279,ORD,CityName,State,ORD,CityName,State,0,0,8,0,0,,132,537,0,0,0,0,0
2021-05-06,Southwest,N837XX,4828,DFW,CityName,State,SEA,CityName,State,0,0,-8,0,0,,206,1244,0,0,0,0,0
2021-05-06,United,N517XX,7975,LAX,CityName,State,LAX,CityName,State,0,0,5,0,0,,175,2389,0,0,0,0,0
2021-05-06,American,N669XX,7807,JFK,CityName,State,SEA,CityName,State,0,0,3,0,0,,337,2354,0,0,0,0,0
2021-05-06,American,N660XX,3487,MIA,CityName,State,DEN,CityName,State,0,0,-9,0,0,,184,764,0,0,0,0,0
2021-05-06,United,N198XX,5124,DEN,CityName,State,ORD,CityName,State,0,0,-2,0,0,,194,2891,0,0,0,0,0
2021-05-06,United,N701XX,578,SEA,CityName,State,ORD,CityName,State,0,0,-6,0,0,,102,2916,0,0,0,0,0
2021-05-06,JetBlue,N108XX,3011,SFO,CityName,State,MIA,CityName,State,0,0,-14,0,0,,125,2109,0,0,0,0,0
2021-05-06,American,N393XX,5637,BOS,CityName,State,SFO,CityName,State,0,0,4,0,0,,188,1596,0,0,0,0,0
2021-05-06,Delta,N384XX,2713,SFO,CityName,State,MIA,CityName,State,15,1,13,0,0,,166,233,0,0,0,0,0
2021-05-06,American,N404XX,5048,ORD,CityName,State,JFK,CityName,State,240,1,238,1,0,,114,1833,0,238,0,0,0
2021-05-06,Delta,N817XX,5400,SEA,CityName,State,LAX,CityName,State,0,0,7,0,0,,134,2570,0,0,0,0,0
2021-05-07,Delta,N736XX,1253,SFO,CityName,State,ATL,CityName,State,0,0,-3,0,0,,122,1069,0,0,0,0,0
2021-05-07,American,N167XX,3124,DFW,CityName,State,SFO,CityName,State,30,1,26,1,0,,200,649,0,26,0,0,0
2021-05-07,Southwest,N447XX,2044,DFW,CityName,State,SFO,CityName,State,0,0,6,0,0,,89,1033,0,0,0,0,0
2021-05-07,American,N134XX,3660,SFO,CityName,State,BOS,CityName,State,15,1,4,0,0,,97,1018,0,0,0,0,0
2021-05-07,Southwest,N801XX,6623,DFW,CityName,State,LAX,CityName,State,0,0,-11,0,0,,299,510,0,0,0,0,0
2021-05-07,JetBlue,N814XX,4993,BOS,CityName,State,JFK,CityName,State,15,1,18,1,0,,52,1120,0,0,0,0,18
2021-05-07,Southwest,N725XX,8144,JFK,CityName,State,MIA,CityName,State,0,0,-14,0,0,,244,2518,0,0,0,0,0
2021-05-07,Delta,N735XX,8109,MIA,CityName,State,ORD,CityName,State,15,1,20,1,0,,64,1669,0,0,20,0,0
2021-05-07,American,N641XX,6340,DEN,CityName,State,DEN,CityName,State,0,0,-11,0,0,,338,2063,0,0,0,0,0
2021-05-07,United,N469XX,7018,LAX,CityName,State,BOS,CityName,State,0,0,10,0,0,,102,659,0,0,0,0,0
2021-05-07,Delta,N380XX,5655,DEN,CityName,State,LAX,CityName,State,0,0,-8,0,0,,150,729,0,0,0,0,0
2021-05-07,United,N604XX,3434,DFW,CityName,State,DEN,CityName,State,0,0,0,0,1,A,249,1373,0,0,0,0,0
2021-05-07,American,N706XX,7841,SEA,CityName,State,DEN,CityName,State,30,1,31,1,0,,322,2838,31,0,0,0,0
2021-05-07,JetBlue,N650XX,6557,SEA,CityName,State,SFO,CityName,State,0,0,-7,0,0,,328,2972,0,0,0,0,0
2021-05-07,Southwest,N481XX,2315,SEA,CityName,State,MIA,CityName,State,0,0,3,0,0,,261,2109,0,0,0,0,0
2021-05-08,United,N195XX,9958,LAX,CityName,State,ATL,CityName,State,0,0,-5,0,0,,143,472,0,0,0,0,0
2021-05-08,Delta,N670XX,6717,DFW,CityName,State,JFK,CityName,State,0,0,-7,0,0,,246,620,0,0,0,0,0
2021-05-08,American,N837XX,4676,ORD,CityName,State,SFO,CityName,State,15,1,20,1,0,,114,1825,0,0,20,0,0
2021-05-08,Southwest,N810XX,9511,JFK,CityName,State,SEA,CityName,State,60,1,64,1,0,,149,1380,0,0,64,0,0
2021-05-08,JetBlue,N652XX,3436,MIA,CityName,State,LAX,CityName,State,0,0,-11,0,0,,274,941,0,0,0,0,0
2021-05-08,Southwest,N951XX,3447,ATL,CityName,State,ATL,CityName,State,30,1,36,1,0,,253,543,36,0,0,0,0
2021-05-08,American,N847XX,9226,DEN,CityName,State,DEN,CityName,State,15,1,12,0,0,,298,553,0,0,0,0,0
2021-05-08,JetBlue,N375XX,1346,LAX,CityName,State,ORD,CityName,State,0,0,-7,0,0,,118,2358,0,0,0,0,0
2021-05-08,United,N870XX,1654,ORD,CityName,State,JFK,CityName,State,0,0,6,0,0,,243,2851,0,0,0,0,0
2021-05-08,American,N445XX,8919,SFO,CityName,State,LAX,CityName,State,30,1,23,1,0,,339,2190,23,0,0,0,0
2021-05-08,United,N885XX,209,ATL,CityName,State,SEA,CityName,State,0,0,-4,0,0,,207,2627,0,0,0,0,0
2021-05-08,Delta,N907XX,1086,BOS,CityName,State,ORD,CityName,State,0,0,-7,0,0,,67,650,0,0,0,0,0
2021-05-08,Southwest,N719XX,266,LAX,CityName,State,JFK,CityName,State,0,0,-4,0,0,,358,1927,0,0,0,0,0
2021-05-08,JetBlue,N345XX,2626,ORD,CityName,State,MIA,CityName,State,0,0,6,0,0,,356,510,0,0,0,0,0
2021-05-08,American,N126XX,4893,BOS,CityName,State,DEN,CityName,State,15,1,21,1,0,,323,234,0,0,21,0,0
2021-05-08,American,N444XX,9679,ORD,CityName,State,LAX,CityName,State,0,0,6,0,0,,179,1204,0,0,0,0,0
2021-05-08,United,N541XX,6417,BOS,CityName,State,DEN,CityName,State,0,0,5,0,0,,138,834,0,0,0,0,0
2021-05-09,JetBlue,N114XX,8633,DFW,CityName,State,LAX,CityName,State,0,0,-14,0,0,,219,1865,0,0,0,0,0
2021-05-09,Southwest,N388XX,4350,JFK,CityName,State,DEN,CityName,State,15,1,19,1,0,,288,2181,19,0,0,0,0
2021-05-09,American,N133XX,461,DFW,CityName,State,SFO,CityName,State,0,0,-4,0,0,,97,1348,0,0,0,0,0
2021-05-09,Delta,N457XX,5263,DEN,CityName,State,MIA,CityName,State,0,0,4,0,0,,151,2113,0,0,0,0,0
2021-05-09,United,N759XX,3699,ORD,CityName,State,LAX,CityName,State,0,0,-14,0,0,,242,640,0,0,0,0,0
2021-05-09,American,N501XX,2917,SEA,CityName,State,DEN,CityName,State,0,0,7,0,0,,319,2931,0,0,0,0,0
2021-05-09,Delta,N921XX,8129,LAX,CityName,State,JFK,CityName,State,0,0,1,0,0,,255,1466,0,0,0,0,0
2021-05-09,United,N751XX,9442,SEA,CityName,State,MIA,CityName,State,0,0,-5,0,0,,301,1514,0,0,0,0,0
2021-05-09,Delta,N298XX,6079,DFW,CityName,State,JFK,CityName,State,0,0,-7,0,0,,221,656,0,0,0,0,0
2021-05-09,United,N773XX,9032,ORD,CityName,State,BOS,CityName,State,15,1,15,1,0,,256,815,0,15,0,0,0
2021-05-09,American,N224XX,8496,BOS,CityName,State,DFW,CityName,State,0,0,-13,0,0,,242,698,0,0,0,0,0
2021-05-09,American,N585XX,7063,DFW,CityName,State,SEA,CityName,State,0,0,-10,0,0,,125,1011,0,0,0,0,0
2021-05-10,JetBlue,N789XX,8647,MIA,CityName,State,MIA,CityName,State,15,1,22,1,0,,329,183,22,0,0,0,0
2021-05-10,Southwest,N639XX,3159,DEN,CityName,State,DEN,CityName,State,0,0,-5,0,0,,173,1594,0,0,0,0,0
2021-05-10,Delta,N929XX,8388,DFW,CityName,State,LAX,CityName,State,0,0,9,0,0,,263,833,0,0,0,0,0
2021-05-10,United,N837XX,3622,MIA,CityName,State,DFW,CityName,State,15,1,2,0,0,,213,1800,0,0,0,0,0
2021-05-10,United,N898XX,3939,BOS,CityName,State,SEA,CityName,State,15,1,24,1,0,,204,1721,24,0,0,0,0
2021-05-10,American,N500XX,9788,DEN,CityName,State,DEN,CityName,State,15,1,24,1,0,,211,2739,0,0,24,0,0
2021-05-10,Delta,N645XX,2376,LAX,CityName,State,SEA,CityName,State,0,0,9,0,0,,325,1864,0,0,0,0,0
2021-05-10,United,N826XX,1431,ATL,CityName,State,SEA,CityName,State,0,0,6,0,0,,184,370,0,0,0,0,0
2021-05-10,JetBlue,N897XX,1813,LAX,CityName,State,DEN,CityName,State,0,0,-14,0,0,,74,1241,0,0,0,0,0
2021-05-10,Delta,N903XX,3290,SFO,CityName,State,LAX,CityName,State,0,0,-8,0,0,,246,459,0,0,0,0,0
2021-05-10,JetBlue,N996XX,9266,ATL,CityName,State,ORD,CityName,State,0,0,-2,0,0,,222,2279,0,0,0,0,0
2021-05-10,JetBlue,N589XX,6644,SFO,CityName,State,JFK,CityName,State,60,1,62,1,0,,179,1863,62,0,0,0,0
2021-05-10,American,N679XX,3466,LAX,CityName,State,ORD,CityName,State,0,0,8,0,0,,342,468,0,0,0,0,0
2021-05-10,Delta,N579XX,8001,DFW,CityName,State,DFW,CityName,State,0,0,-7,0,0,,109,673,0,0,0,0,0
2021-05-10,Delta,N545XX,7197,LAX,CityName,State,MIA,CityName,State,0,0,9,0,0,,200,2122,0,0,0,0,0
2021-05-10,Delta,N461XX,5980,JFK,CityName,State,DEN,CityName,State,0,0,8,0,0,,271,1088,0,0,0,0,0
2021-05-10,Delta,N535XX,7130,LAX,CityName,State,DEN,CityName,State,0,0,-13,0,0,,82,2665,0,0,0,0,0
2021-05-10,JetBlue,N617XX,4082,SFO,CityName,State,ORD,CityName,State,0,0,-5,0,0,,349,1604,0,0,0,0,0
2021-05-10,Delta,N979XX,7161,BOS,CityName,State,SFO,CityName,State,0,0,-11,0,0,,158,618,0,0,0,0,0
2021-05-10,United,N397XX,4097,SFO,CityName,State,ATL,CityName,State,15,1,25,1,0,,351,2618,25,0,0,0,0
2021-05-11,United,N408XX,1772,LAX,CityName,State,ORD,CityName,State,0,0,-8,0,0,,201,1940,0,0,0,0,0
2021-05-11,Southwest,N846XX,2971,MIA,CityName,State,SFO,CityName,State,0,0,-10,0,0,,324,2569,0,0,0,0,0
2021-05-11,Delta,N597XX,3525,DEN,CityName,State,DEN,CityName,State,15,1,18,1,0,,63,2109,0,0,18,0,0
2021-05-11,Southwest,N407XX,7096,LAX,CityName,State,JFK,CityName,State,0,0,-4,0,0,,182,2546,0,0,0,0,0
2021-05-11,American,N172XX,4994,SEA,CityName,State,ORD,CityName,State,0,0,-3,0,0,,277,860,0,0,0,0,0
2021-05-11,United,N550XX,9647,ORD,CityName,State,ATL,CityName,State,0,0,-13,0,0,,289,1060,0,0,0,0,0
2021-05-11,United,N669XX,3707,DEN,CityName,State,BOS,CityName,State,120,1,119,1,0,,65,1963,0,0,119,0,0
2021-05-11,Delta,N831XX,8104,BOS,CityName,State,SFO,CityName,State,15,1,13,0,0,,48,2315,0,0,0,0,0
2021-05-11,Southwest,N622XX,3317,LAX,CityName,State,JFK,CityName,State,0,0,-12,0,0,,49,2657,0,0,0,0,0
2021-05-11,United,N192XX,9775,MIA,CityName,State,ORD,CityName,State,15,1,7,0,0,,239,1461,0,0,0,0,0
2021-05-11,Delta,N967XX,4611,SFO,CityName,State,DFW,CityName,State,0,0,0,0,0,,90,304,0,0,0,0,0
2021-05-11,JetBlue,N945XX,771,LAX,CityName,State,SFO,CityName,State,0,0,-2,0,0,,172,2820,0,0,0,0,0
2021-05-11,United,N563XX,3998,BOS,CityName,State,DFW,CityName,State,0,0,-4,0,0,,77,1023,0,0,0,0,0
2021-05-12,JetBlue,N843XX,9730,DFW,CityName,State,ATL,CityName,State,0,0,-8,0,0,,174,2984,0,0,0,0,0
2021-05-12,JetBlue,N728XX,9014,ATL,CityName,State,DEN,CityName,State,0,0,-4,0,0,,355,2508,0,0,0,0,0
2021-05-12,American,N307XX,6342,MIA,CityName,State,DEN,CityName,State,0,0,-6,0,0,,227,1783,0,0,0,0,0
2021-05-12,American,N118XX,4620,MIA,CityName,State,SFO,CityName,State,120,1,130,1,0,,220,2539,130,0,0,0,0
2021-05-12,Delta,N611XX,6192,SEA,CityName,State,JFK,CityName,State,0,0,10,0,0,,96,2747,0,0,0,0,0
2021-05-12,United,N853XX,1710,DEN,CityName,State,BOS,CityName,State,0,0,-2,0,0,,235,2027,0,0,0,0,0
2021-05-12,Delta,N416XX,7054,MIA,CityName,State,BOS,CityName,State,0,0,-6,0,0,,279,963,0,0,0,0,0
2021-05-12,Southwest,N734XX,4114,ORD,CityName,State,DFW,CityName,State,0,0,-4,0,0,,281,436,0,0,0,0,0
2021-05-12,JetBlue,N849XX,7853,SFO,CityName,State,ORD,CityName,State,0,0,8,0,0,,285,1470,0,0,0,0,0
2021-05-12,JetBlue,N417XX,2430,LAX,CityName,State,MIA,CityName,State,15,1,9,0,0,,322,733,0,0,0,0,0
2021-05-12,American,N403XX,4261,DEN,CityName,State,LAX,CityName,State,0,0,-8,0,0,,253,711,0,0,0,0,0
2021-05-13,Southwest,N494XX,6564,SFO,CityName,State,DEN,CityName,State,0,0,-14,0,0,,250,579,0,0,0,0,0
2021-05-13,American,N752XX,2659,SEA,CityName,State,SFO,CityName,State,0,0,-13,0,0,,325,208,0,0,0,0,0
2021-05-13,American,N942XX,4371,DFW,CityName,State,SEA,CityName,State,0,0,5,0,0,,186,1167,0,0,0,0,0
2021-05-13,United,N818XX,5680,JFK,CityName,State,JFK,CityName,State,60,1,61,1,0,,172,1068,0,0,61,0,0
2021-05-13,JetBlue,N271XX,3863,JFK,CityName,State,ORD,CityName,State,0,0,-9,0,0,,300,188,0,0,0,0,0
2021-05-13,United,N637XX,4654,DFW,CityName,State,ORD,CityName,State,0,0,-8,0,0,,184,2835,0,0,0,0,0
2021-05-13,JetBlue,N830XX,5701,SEA,CityName,State,DFW,CityName,State,0,0,-7,0,0,,300,711,0,0,0,0,0
2021-05-13,American,N583XX,9385,DFW,CityName,State,ORD,CityName,State,0,0,-13,0,0,,314,2024,0,0,0,0,0
2021-05-13,United,N654XX,4128,JFK,CityName,State,ATL,CityName,State,15,1,13,0,0,,284,385,0,0,0,0,0
2021-05-14,American,N921XX,2005,ATL,CityName,State,BOS,CityName,State,0,0,-11,0,0,,245,1928,0,0,0,0,0
2021-05-14,Southwest,N938XX,8774,ATL,CityName,State,DFW,CityName,State,0,0,-12,0,0,,191,675,0,0,0,0,0
2021-05-14,American,N858XX,520,JFK,CityName,State,SFO,CityName,State,0,0,6,0,0,,307,1006,0,0,0,0,0
2021-05-14,Southwest,N511XX,8886,BOS,CityName,State,LAX,CityName,State,0,0,8,0,0,,133,1922,0,0,0,0,0
2021-05-14,American,N128XX,352,SFO,CityName,State,MIA,CityName,State,15,1,7,0,0,,357,2062,0,0,0,0,0
2021-05-14,Southwest,N209XX,5086,ORD,CityName,State,BOS,CityName,State,0,0,4,0,0,,180,942,0,0,0,0,0
2021-05-14,Southwest,N215XX,9167,ATL,CityName,State,ATL,CityName,State,0,0,-6,0,0,,177,353,0,0,0,0,0
2021-05-14,American,N532XX,1548,DEN,CityName,State,DFW,CityName,State,0,0,-11,0,0,,92,2531,0,0,0,0,0
2021-05-14,American,N114XX,6810,MIA,CityName,State,JFK,CityName,State,0,0,-2,0,0,,179,1072,0,0,0,0,0
2021-05-14,Southwest,N417XX,1240,JFK,CityName,State,BOS,CityName,State,0,0,2,0,0,,305,247,0,0,0,0,0
2021-05-14,Southwest,N342XX,9482,LAX,CityName,State,LAX,CityName,State,30,1,38,1,0,,152,660,38,0,0,0,0
2021-05-14,United,N926XX,9700,SEA,CityName,State,LAX,CityName,State,0,0,4,0,0,,146,1080,0,0,0,0,0
2021-05-14,American,N967XX,7346,JFK,CityName,State,ORD,CityName,State,0,0,6,0,0,,152,823,0,0,0,0,0
2021-05-14,Southwest,N246XX,8665,SEA,CityName,State,ORD,CityName,State,0,0,3,0,0,,357,1268,0,0,0,0,0
2021-05-14,American,N312XX,4512,MIA,CityName,State,SEA,CityName,State,0,0,-9,0,0,,175,647,0,0,0,0,0
2021-05-14,Southwest,N396XX,7450,LAX,CityName,State,LAX,CityName,State,45,1,39,1,0,,307,183,0,0,0,0,39
2021-05-14,JetBlue,N148XX,9505,ATL,CityName,State,JFK,CityName,State,15,1,7,0,0,,143,2106,0,0,0,0,0
2021-05-14,American,N153XX,7041,DEN,CityName,State,MIA,CityName,State,0,0,0,0,0,,147,2261,0,0,0,0,0
2021-05-14,American,N591XX,945,ORD,CityName,State,SEA,CityName,State,0,0,-13,0,0,,240,2757,0,0,0,0,0
2021-05-14,United,N950XX,380,ORD,CityName,State,SEA,CityName,State,0,0,8,0,0,,241,1617,0,0,0,0,0
2021-05-14,Delta,N690XX,9056,DFW,CityName,State,ORD,CityName,State,60,1,48,1,0,,170,2238,0,0,48,0,0
2021-05-14,JetBlue,N212XX,892,LAX,CityName,State,BOS,CityName,State,0,0,-8,0,0,,204,2853,0,0,0,0,0
2021-05-15,Southwest,N376XX,5851,ATL,CityName,State,BOS,CityName,State,0,0,-9,0,0,,138,1901,0,0,0,0,0
2021-05-15,Delta,N917XX,2922,BOS,CityName,State,SEA,CityName,State,120,1,123,1,0,,63,150,0,0,123,0,0
2021-05-15,Delta,N598XX,7313,JFK,CityName,State,DFW,CityName,State,0,0,-12,0,0,,307,612,0,0,0,0,0
2021-05-15,American,N683XX,2648,SFO,CityName,State,BOS,CityName,State,0,0,9,0,0,,350,1227,0,0,0,0,0
2021-05-15,United,N713XX,1997,BOS,CityName,State,ATL,CityName,State,60,1,70,1,0,,142,1231,70,0,0,0,0
2021-05-15,Southwest,N638XX,5901,DFW,CityName,State,JFK,CityName,State,0,0,0,0,0,,61,1300,0,0,0,0,0
2021-05-15,United,N864XX,3175,DFW,CityName,State,MIA,CityName,State,45,1,47,1,0,,304,1289,0,0,47,0,0
2021-05-15,American,N305XX,2370,MIA,CityName,State,MIA,CityName,State,0,0,8,0,0,,168,1346,0,0,0,0,0
2021-05-15,Southwest,N929XX,4205,BOS,CityName,State,DEN,CityName,State,0,0,2,0,0,,266,1067,0,0,0,0,0
2021-05-15,United,N939XX,3461,LAX,CityName,State,ATL,CityName,State,0,0,8,0,0,,275,1121,0,0,0,0,0
2021-05-15,Delta,N271XX,414,ORD,CityName,State,DFW,CityName,State,15,1,6,0,0,,311,159,0,0,0,0,0
2021-05-15,JetBlue,N178XX,1931,LAX,CityName,State,ORD,CityName,State,0,0,-9,0,0,,294,938,0,0,0,0,0
2021-05-15,Delta,N498XX,1051,DEN,CityName,State,DEN,CityName,State,0,0,-10,0,0,,215,316,0,0,0,0,0
2021-05-15,Delta,N768XX,9397,DEN,CityName,State,LAX,CityName,State,15,1,24,1,0,,333,1514,24,0,0,0,0
2021-05-15,JetBlue,N766XX,1589,MIA,CityName,State,JFK,CityName,State,0,0,-8,0,0,,298,2379,0,0,0,0,0
2021-05-15,JetBlue,N198XX,3823,ORD,CityName,State,LAX,CityName,State,0,0,2,0,0,,129,296,0,0,0,0,0
2021-05-15,United,N757XX,7148,BOS,CityName,State,DEN,CityName,State,15,1,15,1,0,,301,1853,0,0,15,0,0
2021-05-15,Southwest,N365XX,1982,ORD,CityName,State,ORD,CityName,State,0,0,-12,0,0,,133,2592,0,0,0,0,0
2021-05-16,American,N383XX,5379,JFK,CityName,State,ATL,CityName,State,120,1,122,1,0,,166,1988,0,0,122,0,0
2021-05-16,United,N455XX,7043,SEA,CityName,State,MIA,CityName,State,0,0,-14,0,0,,146,2525,0,0,0,0,0
2021-05-16,Delta,N499XX,6515,LAX,CityName,State,ORD,CityName,State,30,1,36,1,0,,111,2642,0,36,0,0,0
2021-05-16,United,N526XX,7784,ORD,CityName,State,SEA,CityName,State,0,0,-5,0,0,,112,655,0,0,0,0,0
2021-05-16,Southwest,N777XX,6714,JFK,CityName,State,DEN,CityName,State,0,0,4,0,0,,225,1922,0,0,0,0,0
2021-05-16,JetBlue,N339XX,8170,MIA,CityName,State,DFW,CityName,State,0,0,4,0,0,,140,1832,0,0,0,0,0
2021-05-16,United,N562XX,1330,ATL,CityName,State,DFW,CityName,State,30,1,28,1,0,,284,2137,28,0,0,0,0
2021-05-16,American,N722XX,4060,DFW,CityName,State,JFK,CityName,State,0,0,-4,0,0,,163,1898,0,0,0,0,0
2021-05-16,Delta,N849XX,8930,BOS,CityName,State,DFW,CityName,State,30,1,32,1,0,,295,2584,0,0,32,0,0
2021-05-16,Southwest,N282XX,5913,ATL,CityName,State,DFW,CityName,State,0,0,1,0,0,,270,2190,0,0,0,0,0
2021-05-16,United,N298XX,5399,BOS,CityName,State,BOS,CityName,State,15,1,6,0,0,,301,329,0,0,0,0,0
2021-05-16,JetBlue,N805XX,5328,ORD,CityName,State,MIA,CityName,State,0,0,7,0,0,,47,409,0,0,0,0,0
2021-05-16,Delta,N174XX,5823,ORD,CityName,State,DEN,CityName,State,240,1,244,1,0,,86,2965,244,0,0,0,0
2021-05-17,JetBlue,N769XX,3271,DEN,CityName,State,ATL,CityName,State,30,1,40,1,0,,239,497,40,0,0,0,0
2021-05-17,United,N268XX,2634,DFW,CityName,State,DEN,CityName,State,0,0,-12,0,0,,140,1405,0,0,0,0,0
2021-05-17,United,N392XX,4294,ORD,CityName,State,SEA,CityName,State,0,0,-13,0,0,,192,1702,0,0,0,0,0
2021-05-17,United,N113XX,8908,BOS,CityName,State,BOS,CityName,State,0,0,-10,0,0,,314,854,0,0,0,0,0
2021-05-17,American,N753XX,8056,ATL,CityName,State,SEA,CityName,State,0,0,-7,0,0,,289,2593,0,0,0,0,0
2021-05-17,United,N495XX,6143,JFK,CityName,State,LAX,CityName,State,0,0,6,0,0,,68,2030,0,0,0,0,0
2021-05-17,American,N752XX,3960,DEN,CityName,State,BOS,CityName,State,0,0,-13,0,0,,83,1756,0,0,0,0,0
2021-05-17,Southwest,N106XX,4407,SFO,CityName,State,SEA,CityName,State,0,0,10,0,0,,135,1510,0,0,0,0,0
2021-05-17,Delta,N104XX,1166,SEA,CityName,State,SFO,CityName,State,0,0,8,0,0,,192,1148,0,0,0,0,0
2021-05-17,Southwest,N902XX,3652,LAX,CityName,State,ATL,CityName,State,0,0,-12,0,0,,115,848,0,0,0,0,0
2021-05-17,American,N101XX,9120,MIA,CityName,State,DEN,CityName,State,30,1,33,1,0,,186,2144,33,0,0,0,0
2021-05-17,Delta,N469XX,1401,SFO,CityName,State,DEN,CityName,State,0,0,9,0,0,,170,2898,0,0,0,0,0
2021-05-17,Delta,N135XX,160,LAX,CityName,State,SEA,CityName,State,0,0,3,0,0,,121,1174,0,0,0,0,0
2021-05-17,Southwest,N904XX,7566,BOS,CityName,State,SFO,CityName,State,0,0,5,0,0,,275,2455,0,0,0,0,0
2021-05-17,JetBlue,N777XX,8267,ORD,CityName,State,DFW,CityName,State,0,0,-2,0,0,,171,2681,0,0,0,0,0
2021-05-17,JetBlue,N706XX,8981,ATL,CityName,State,ORD,CityName,State,0,0,8,0,0,,288,2941,0,0,0,0,0
2021-05-18,United,N899XX,6263,MIA,CityName,State,MIA,CityName,State,15,1,19,1,0,,62,755,19,0,0,0,0
2021-05-18,JetBlue,N927XX,4033,ORD,CityName,State,DEN,CityName,State,0,0,4,0,0,,317,1925,0,0,0,0,0
2021-05-18,American,N146XX,4488,BOS,CityName,State,LAX,CityName,State,0,0,-12,0,0,,133,785,0,0,0,0,0
2021-05-18,Delta,N494XX,620,LAX,CityName,State,SEA,CityName,State,0,0,6,0,0,,350,2079,0,0,0,0,0
2021-05-18,American,N687XX,9179,SFO,CityName,State,JFK,CityName,State,0,0,-2,0,0,,351,2844,0,0,0,0,0
2021-05-18,Delta,N703XX,8373,DEN,CityName,State,SFO,CityName,State,0,0,2,0,0,,78,460,0,0,0,0,0
2021-05-18,United,N998XX,5548,SFO,CityName,State,ORD,CityName,State,45,1,55,1,0,,252,898,55,0,0,0,0
2021-05-18,Delta,N773XX,7709,BOS,CityName,State,DFW,CityName,State,0,0,-14,0,0,,111,941,0,0,0,0,0
2021-05-18,American,N876XX,1290,SEA,CityName,State,BOS,CityName,State,0,0,-13,0,0,,184,347,0,0,0,0,0
2021-05-18,United,N159XX,7843,BOS,CityName,State,DFW,CityName,State,0,0,-9,0,0,,125,421,0,0,0,0,0
2021-05-18,Southwest,N916XX,9679,MIA,CityName,State,DFW,CityName,State,0,0,1,0,0,,335,2598,0,0,0,0,0
2021-05-18,Delta,N382XX,4184,DEN,CityName,State,SEA,CityName,State,0,0,-1,0,0,,210,2890,0,0,0,0,0
2021-05-18,Southwest,N101XX,7127,JFK,CityName,State,BOS,CityName,State,120,1,130,1,0,,208,2618,130,0,0,0,0
2021-05-18,American,N790XX,9750,DEN,CityName,State,ORD,CityName,State,0,0,-6,0,0,,350,2526,0,0,0,0,0
2021-05-18,United,N811XX,9088,DFW,CityName,State,ORD,CityName,State,0,0,2,0,0,,270,2620,0,0,0,0,0
2021-05-18,United,N932XX,3205,JFK,CityName,State,JFK,CityName,State,0,0,-6,0,0,,186,1994,0,0,0,0,0
2021-05-18,JetBlue,N830XX,5857,JFK,CityName,State,LAX,CityName,State,0,0,-8,0,0,,180,1623,0,0,0,0,0
2021-05-18,Delta,N300XX,8586,BOS,CityName,State,BOS,CityName,State,0,0,10,0,0,,329,478,0,0,0,0,0
2021-05-18,American,N200XX,4954,DFW,CityName,State,BOS,CityName,State,15,1,1,0,0,,223,274,0,0,0,0,0
2021-05-18,Southwest,N505XX,4505,DFW,CityName,State,DEN,CityName,State,15,1,25,1,0,,69,1770,0,25,0,0,0
2021-05-18,Delta,N700XX,3455,MIA,CityName,State,SEA,CityName,State,45,1,34,1,0,,156,2744,0,34,0,0,0
2021-05-19,JetBlue,N131XX,8236,SFO,CityName,State,ORD,CityName,State,0,0,-3,0,0,,214,1845,0,0,0,0,0
2021-05-19,United,N580XX,7697,ATL,CityName,State,MIA,CityName,State,15,1,11,0,0,,248,2801,0,0,0,0,0
2021-05-19,JetBlue,N517XX,3812,ATL,CityName,State,DFW,CityName,State,0,0,-5,0,0,,159,185,0,0,0,0,0
2021-05-19,Delta,N811XX,7651,ORD,CityName,State,JFK,CityName,State,0,0,-5,0,0,,197,672,0,0,0,0,0
2021-05-19,JetBlue,N450XX,7617,DFW,CityName,State,ATL,CityName,State,0,0,-12,0,0,,356,1950,0,0,0,0,0
2021-05-19,Southwest,N200XX,2819,SFO,CityName,State,LAX,CityName,State,0,0,-10,0,0,,214,2921,0,0,0,0,0
2021-05-19,Southwest,N916XX,3498,BOS,CityName,State,DFW,CityName,State,0,0,0,0,0,,280,2224,0,0,0,0,0
2021-05-19,American,N978XX,4335,SFO,CityName,State,ORD,CityName,State,0,0,-9,0,0,,308,408,0,0,0,0,0
2021-05-19,Delta,N948XX,2113,BOS,CityName,State,DFW,CityName,State,0,0,8,0,0,,321,2466,0,0,0,0,0
2021-05-19,Delta,N362XX,9173,BOS,CityName,State,DFW,CityName,State,0,0,4,0,0,,218,2112,0,0,0,0,0
2021-05-19,JetBlue,N415XX,2101,BOS,CityName,State,MIA,CityName,State,15,1,13,0,0,,355,784,0,0,0,0,0
2021-05-19,Southwest,N373XX,184,BOS,CityName,State,SEA,CityName,State,0,0,4,0,0,,271,1456,0,0,0,0,0
2021-05-20,American,N323XX,5535,ORD,CityName,State,ORD,CityName,State,0,0,-5,0,0,,113,1769,0,0,0,0,0
2021-05-20,Southwest,N988XX,1996,LAX,CityName,State,BOS,CityName,State,240,1,238,1,0,,226,2666,0,0,238,0,0
2021-05-20,Delta,N620XX,3792,BOS,CityName,State,JFK,CityName,State,0,0,9,0,0,,323,2592,0,0,0,0,0
2021-05-20,JetBlue,N652XX,6328,SFO,CityName,State,LAX,CityName,State,0,0,8,0,0,,113,830,0,0,0,0,0
2021-05-20,Southwest,N460XX,2555,MIA,CityName,State,BOS,CityName,State,30,1,39,1,0,,317,948,39,0,0,0,0
2021-05-20,American,N760XX,3125,ORD,CityName,State,DFW,CityName,State,0,0,-10,0,0,,121,2072,0,0,0,0,0
2021-05-20,Southwest,N958XX,5901,ORD,CityName,State,DEN,CityName,State,0,0,10,0,0,,118,2485,0,0,0,0,0
2021-05-20,United,N351XX,542,DFW,CityName,State,JFK,CityName,State,30,1,21,1,0,,127,1449,21,0,0,0,0
2021-05-20,American,N183XX,9184,MIA,CityName,State,SEA,CityName,State,0,0,5,0,0,,73,2241,0,0,0,0,0
2021-05-20,United,N331XX,9802,SEA,CityName,State,ORD,CityName,State,0,0,-1,0,0,,185,789,0,0,0,0,0
2021-05-20,United,N425XX,9767,SFO,CityName,State,LAX,CityName,State,0,0,-13,0,0,,79,2465,0,0,0,0,0
2021-05-20,Southwest,N969XX,2249,BOS,CityName,State,LAX,CityName,State,30,1,32,1,0,,190,1223,0,0,0,0,32
2021-05-20,United,N734XX,3575,BOS,CityName,State,JFK,CityName,State,0,0,-9,0,0,,344,822,0,0,0,0,0
2021-05-20,Delta,N948XX,498,JFK,CityName,State,JFK,CityName,State,15,1,21,1,0,,84,1638,21,0,0,0,0
2021-05-20,American,N390XX,9472,SFO,CityName,State,ORD,CityName,State,0,0,3,0,0,,85,2549,0,0,0,0,0
2021-05-20,Delta,N972XX,482,DFW,CityName,State,MIA,CityName,State,0,0,-13,0,0,,57,2556,0,0,0,0,0
2021-05-20,JetBlue,N700XX,4857,ORD,CityName,State,SFO,CityName,State,0,0,2,0,0,,170,2345,0,0,0,0,0
2021-05-20,Delta,N802XX,7054,ATL,CityName,State,MIA,CityName,State,0,0,-6,0,0,,147,2201,0,0,0,0,0
2021-05-21,United,N336XX,600,SEA,CityName,State,BOS,CityName,State,0,0,-4,0,0,,112,417,0,0,0,0,0
2021-05-21,Southwest,N209XX,3351,SEA,CityName,State,DEN,CityName,State,0,0,-13,0,0,,116,651,0,0,0,0,0
2021-05-21,United,N437XX,1809,DEN,CityName,State,JFK,CityName,State,15,1,21,1,0,,292,432,21,0,0,0,0
2021-05-21,American,N987XX,8121,BOS,CityName,State,JFK,CityName,State,15,1,18,1,0,,53,630,0,0,0,0,18
2021-05-21,United,N884XX,8694,JFK,CityName,State,DFW,CityName,State,0,0,-10,0,0,,322,2087,0,0,0,0,0
2021-05-21,United,N503XX,8345,LAX,CityName,State,JFK,CityName,State,60,1,69,1,0,,311,1365,0,69,0,0,0
2021-05-21,JetBlue,N638XX,4265,MIA,CityName,State,BOS,CityName,State,0,0,0,0,1,A,161,2165,0,0,0,0,0
2021-05-21,American,N536XX,5620,DFW,CityName,State,SEA,CityName,State,0,0,4,0,0,,231,633,0,0,0,0,0
2021-05-21,JetBlue,N882XX,5730,SEA,CityName,State,MIA,CityName,State,0,0,-6,0,0,,154,930,0,0,0,0,0
2021-05-21,JetBlue,N105XX,2234,ATL,CityName,State,SEA,CityName,State,0,0,8,0,0,,126,280,0,0,0,0,0
2021-05-21,American,N338XX,8340,LAX,CityName,State,ORD,CityName,State,0,0,-2,0,0,,302,2314,0,0,0,0,0
2021-05-21,Delta,N901XX,2816,ATL,CityName,State,DFW,CityName,State,0,0,-8,0,0,,302,2488,0,0,0,0,0
2021-05-22,Southwest,N925XX,750,BOS,CityName,State,DFW,CityName,State,0,0,5,0,0,,144,1079,0,0,0,0,0
2021-05-22,Southwest,N416XX,5575,ORD,CityName,State,ATL,CityName,State,15,1,5,0,0,,190,153,0,0,0,0,0
2021-05-22,American,N730XX,7656,SEA,CityName,State,SFO,CityName,State,0,0,-14,0,0,,45,609,0,0,0,0,0
2021-05-22,Southwest,N496XX,2619,DFW,CityName,State,LAX,CityName,State,0,0,7,0,0,,160,2612,0,0,0,0,0
2021-05-22,Southwest,N534XX,8118,BOS,CityName,State,SEA,CityName,State,0,0,-1,0,0,,53,2187,0,0,0,0,0
2021-05-22,JetBlue,N841XX,1302,ATL,CityName,State,ATL,CityName,State,0,0,-12,0,0,,222,501,0,0,0,0,0
2021-05-22,JetBlue,N437XX,3779,BOS,CityName,State,DEN,CityName,State,0,0,1,0,0,,272,2811,0,0,0,0,0
2021-05-22,Delta,N564XX,1753,SFO,CityName,State,BOS,CityName,State,0,0,3,0,0,,263,2194,0,0,0,0,0
2021-05-22,United,N429XX,1623,MIA,CityName,State,BOS,CityName,State,0,0,-3,0,0,,150,2579,0,0,0,0,0
2021-05-22,American,N441XX,2539,LAX,CityName,State,SEA,CityName,State,0,0,5,0,0,,104,1489,0,0,0,0,0
2021-05-22,United,N797XX,5800,BOS,CityName,State,ATL,CityName,State,0,0,-5,0,0,,73,308,0,0,0,0,0
2021-05-22,Southwest,N333XX,7538,JFK,CityName,State,SEA,CityName,State,0,0,-10,0,0,,307,1887,0,0,0,0,0
2021-05-22,American,N691XX,9855,ORD,CityName,State,JFK,CityName,State,30,1,23,1,0,,129,2463,0,23,0,0,0
2021-05-22,Delta,N660XX,9805,DFW,CityName,State,ORD,CityName,State,30,1,30,1,0,,85,2031,0,30,0,0,0
2021-05-22,JetBlue,N976XX,4280,DFW,CityName,State,LAX,CityName,State,0,0,-9,0,0,,303,2306,0,0,0,0,0
2021-05-22,American,N645XX,6683,BOS,CityName,State,SEA,CityName,State,30,1,0,0,1,A,48,636,0,0,0,0,0
2021-05-22,JetBlue,N964XX,325,ATL,CityName,State,SEA,CityName,State,0,0,4,0,0,,120,2044,0,0,0,0,0
2021-05-23,Southwest,N151XX,910,BOS,CityName,State,JFK,CityName,State,0,0,-10,0,0,,51,2511,0,0,0,0,0
2021-05-23,Southwest,N393XX,7848,JFK,CityName,State,JFK,CityName,State,0,0,10,0,0,,46,2143,0,0,0,0,0
2021-05-23,Southwest,N106XX,4871,SFO,CityName,State,DFW,CityName,State,0,0,-7,0,0,,315,351,0,0,0,0,0
2021-05-23,Delta,N326XX,5480,BOS,CityName,State,ORD,CityName,State,0,0,3,0,0,,261,2145,0,0,0,0,0
2021-05-23,Southwest,N171XX,825,DEN,CityName,State,SFO,CityName,State,45,1,39,1,0,,335,1113,0,0,0,0,39
2021-05-23,American,N819XX,6173,SFO,CityName,State,LAX,CityName,State,0,0,8,0,0,,284,2376,0,0,0,0,0
2021-05-23,Southwest,N562XX,5183,LAX,CityName,State,ORD,CityName,State,0,0,-7,0,0,,151,1239,0,0,0,0,0
2021-05-23,Southwest,N745XX,5488,DEN,CityName,State,SFO,CityName,State,45,1,0,0,1,A,223,1206,0,0,0,0,0
2021-05-23,Southwest,N578XX,7704,MIA,CityName,State,SFO,CityName,State,0,0,-11,0,0,,84,2695,0,0,0,0,0
2021-05-23,American,N234XX,4855,DEN,CityName,State,LAX,CityName,State,15,1,22,1,0,,169,2102,0,0,22,0,0
2021-05-23,JetBlue,N272XX,3365,BOS,CityName,State,DFW,CityName,State,0,0,-9,0,0,,315,647,0,0,0,0,0
2021-05-23,JetBlue,N616XX,522,MIA,CityName,State,JFK,CityName,State,0,0,-8,0,0,,267,871,0,0,0,0,0
2021-05-24,American,N349XX,6929,LAX,CityName,State,DFW,CityName,State,0,0,6,0,0,,216,2939,0,0,0,0,0
2021-05-24,United,N857XX,8654,ORD,CityName,State,SFO,CityName,State,0,0,-4,0,0,,130,2407,0,0,0,0,0
2021-05-24,JetBlue,N283XX,7035,ORD,CityName,State,SFO,CityName,State,0,0,1,0,0,,52,1794,0,0,0,0,0
2021-05-24,Delta,N154XX,3952,LAX,CityName,State,BOS,CityName,State,0,0,5,0,0,,262,221,0,0,0,0,0
2021-05-24,American,N255XX,8191,MIA,CityName,State,MIA,CityName,State,15,1,22,1,0,,109,2286,22,0,0,0,0
2021-05-24,Delta,N657XX,5118,ATL,CityName,State,ATL,CityName,State,0,0,-2,0,0,,84,922,0,0,0,0,0
2021-05-24,JetBlue,N984XX,7046,SFO,CityName,State,BOS,CityName,State,0,0,9,0,0,,328,2628,0,0,0,0,0
2021-05-24,United,N921XX,1151,DFW,CityName,State,ATL,CityName,State,45,1,39,1,0,,147,1857,0,39,0,0,0
2021-05-24,Southwest,N678XX,2765,DEN,CityName,State,BOS,CityName,State,0,0,-7,0,0,,233,1640,0,0,0,0,0
2021-05-24,Delta,N102XX,751,MIA,CityName,State,SFO,CityName,State,0,0,-14,0,0,,84,1881,0,0,0,0,0
2021-05-24,JetBlue,N515XX,8263,BOS,CityName,State,DFW,CityName,State,0,0,7,0,0,,63,1568,0,0,0,0,0
2021-05-24,Delta,N104XX,2541,SFO,CityName,State,JFK,CityName,State,0,0,6,0,0,,59,228,0,0,0,0,0
2021-05-24,American,N678XX,5654,DFW,CityName,State,MIA,CityName,State,0,0,3,0,0,,134,1501,0,0,0,0,0
2021-05-24,Southwest,N648XX,406,BOS,CityName,State,ORD,CityName,State,45,1,39,1,0,,337,668,39,0,0,0,0
2021-05-24,Southwest,N886XX,1525,LAX,CityName,State,JFK,CityName,State,0,0,-13,0,0,,178,823,0,0,0,0,0
2021-05-24,United,N275XX,9177,MIA,CityName,State,SEA,CityName,State,0,0,10,0,0,,137,1243,0,0,0,0,0
2021-05-24,American,N989XX,9325,ORD,CityName,State,ORD,CityName,State,15,1,23,1,0,,127,1844,0,0,0,0,23
2021-05-25,United,N311XX,6933,BOS,CityName,State,DEN,CityName,State,0,0,-5,0,0,,71,788,0,0,0,0,0
2021-05-25,Southwest,N958XX,1156,BOS,CityName,State,ATL,CityName,State,0,0,-10,0,0,,232,2060,0,0,0,0,0
2021-05-25,United,N544XX,3764,BOS,CityName,State,MIA,CityName,State,0,0,7,0,0,,247,980,0,0,0,0,0
2021-05-25,Delta,N482XX,5466,LAX,CityName,State,SEA,CityName,State,0,0,-12,0,0,,48,244,0,0,0,0,0
2021-05-25,JetBlue,N220XX,9470,LAX,CityName,State,BOS,CityName,State,0,0,3,0,0,,186,697,0,0,0,0,0
2021-05-25,Delta,N636XX,294,JFK,CityName,State,DEN,CityName,State,0,0,-3,0,0,,119,846,0,0,0,0,0
2021-05-25,United,N517XX,3245,DFW,CityName,State,JFK,CityName,State,0,0,1,0,0,,86,754,0,0,0,0,0
2021-05-25,Southwest,N825XX,1687,SEA,CityName,State,MIA,CityName,State,0,0,3,0,0,,300,967,0,0,0,0,0
2021-05-25,JetBlue,N876XX,8552,BOS,CityName,State,DFW,CityName,State,0,0,8,0,0,,287,2253,0,0,0,0,0
2021-05-25,JetBlue,N960XX,7588,DEN,CityName,State,ORD,CityName,State,0,0,-9,0,0,,93,2342,0,0,0,0,0
2021-05-25,Southwest,N174XX,8232,SEA,CityName,State,ATL,CityName,State,30,1,27,1,0,,281,384,27,0,0,0,0
2021-05-25,Delta,N188XX,2830,JFK,CityName,State,SFO,CityName,State,0,0,3,0,0,,143,1576,0,0,0,0,0
2021-05-25,Southwest,N112XX,1766,LAX,CityName,State,LAX,CityName,State,15,1,8,0,0,,48,1763,0,0,0,0,0
2021-05-25,United,N567XX,9636,LAX,CityName,State,DFW,CityName,State,0,0,7,0,0,,336,525,0,0,0,0,0
2021-05-25,United,N267XX,8153,LAX,CityName,State,DEN,CityName,State,0,0,-4,0,0,,111,1471,0,0,0,0,0
2021-05-25,Southwest,N660XX,5616,ATL,CityName,State,ORD,CityName,State,0,0,-8,0,0,,119,1066,0,0,0,0,0
2021-05-26,Southwest,N720XX,9017,SFO,CityName,State,DFW,CityName,State,0,0,2,0,0,,243,1161,0,0,0,0,0
2021-05-26,American,N555XX,1264,ORD,CityName,State,JFK,CityName,State,0,0,8,0,0,,75,2204,0,0,0,0,0
2021-05-26,Delta,N448XX,8691,JFK,CityName,State,DFW,CityName,State,0,0,7,0,0,,323,981,0,0,0,0,0
2021-05-26,Delta,N175XX,8922,ORD,CityName,State,ATL,CityName,State,45,1,50,1,0,,131,2593,50,0,0,0,0
2021-05-26,JetBlue,N577XX,6026,MIA,CityName,State,LAX,CityName,State,0,0,4,0,0,,182,2529,0,0,0,0,0
2021-05-26,American,N958XX,7212,LAX,CityName,State,DFW,CityName,State,0,0,0,0,0,,111,352,0,0,0,0,0
2021-05-26,American,N230XX,721,JFK,CityName,State,SFO,CityName,State,0,0,10,0,0,,227,670,0,0,0,0,0
2021-05-26,Delta,N243XX,9554,ATL,CityName,State,BOS,CityName,State,0,0,-6,0,0,,129,1475,0,0,0,0,0
2021-05-26,United,N119XX,5611,BOS,CityName,State,SEA,CityName,State,240,1,242,1,0,,317,1878,242,0,0,0,0
2021-05-26,Southwest,N953XX,8724,BOS,CityName,State,ATL,CityName,State,0,0,6,0,0,,120,2127,0,0,0,0,0
2021-05-26,Delta,N271XX,4843,SFO,CityName,State,BOS,CityName,State,0,0,9,0,0,,167,2176,0,0,0,0,0
2021-05-26,JetBlue,N775XX,8263,BOS,CityName,State,LAX,CityName,State,0,0,-10,0,0,,270,955,0,0,0,0,0
2021-05-26,Delta,N830XX,4003,SFO,CityName,State,SEA,CityName,State,15,1,1,0,0,,255,664,0,0,0,0,0
2021-05-26,Southwest,N186XX,6784,DEN,CityName,State,MIA,CityName,State,0,0,4,0,0,,109,2161,0,0,0,0,0
2021-05-26,Delta,N169XX,100,ORD,CityName,State,ATL,CityName,State,0,0,6,0,0,,231,1301,0,0,0,0,0
2021-05-26,Delta,N246XX,4904,MIA,CityName,State,DEN,CityName,State,0,0,1,0,0,,112,700,0,0,0,0,0
2021-05-26,JetBlue,N306XX,9507,BOS,CityName,State,JFK,CityName,State,0,0,-4,0,0,,93,2716,0,0,0,0,0
2021-05-26,JetBlue,N567XX,2085,JFK,CityName,State,BOS,CityName,State,0,0,6,0,0,,130,1894,0,0,0,0,0
2021-05-27,JetBlue,N596XX,9232,ATL,CityName,State,LAX,CityName,State,0,0,-6,0,0,,101,2904,0,0,0,0,0
2021-05-27,Delta,N423XX,3921,DEN,CityName,State,ATL,CityName,State,0,0,0,0,0,,278,2177,0,0,0,0,0
2021-05-27,Delta,N645XX,4852,SEA,CityName,State,DFW,CityName,State,0,0,-14,0,0,,161,1001,0,0,0,0,0
2021-05-27,American,N489XX,7630,SFO,CityName,State,MIA,CityName,State,0,0,-5,0,0,,180,2957,0,0,0,0,0
2021-05-27,United,N361XX,6842,BOS,CityName,State,JFK,CityName,State,0,0,-10,0,0,,227,1767,0,0,0,0,0
2021-05-27,Delta,N319XX,8434,BOS,CityName,State,SEA,CityName,State,0,0,-12,0,0,,192,932,0,0,0,0,0
2021-05-27,Southwest,N529XX,9885,BOS,CityName,State,ATL,CityName,State,0,0,-6,0,0,,275,2353,0,0,0,0,0
2021-05-27,JetBlue,N676XX,3341,ATL,CityName,State,DEN,CityName,State,0,0,-3,0,0,,111,654,0,0,0,0,0
2021-05-27,American,N900XX,1750,JFK,CityName,State,ATL,CityName,State,240,1,237,1,0,,158,1630,0,237,0,0,0
2021-05-27,United,N440XX,5920,SFO,CityName,State,SFO,CityName,State,0,0,-3,0,0,,134,2135,0,0,0,0,0
2021-05-27,JetBlue,N998XX,2847,LAX,CityName,State,JFK,CityName,State,45,1,43,1,0,,160,639,0,43,0,0,0
2021-05-27,American,N565XX,4738,MIA,CityName,State,ORD,CityName,State,0,0,0,0,0,,171,2677,0,0,0,0,0
2021-05-28,American,N484XX,3758,JFK,CityName,State,ORD,CityName,State,0,0,-4,0,0,,76,898,0,0,0,0,0
2021-05-28,JetBlue,N663XX,4177,MIA,CityName,State,JFK,CityName,State,45,1,31,1,0,,96,822,0,0,0,0,31
2021-05-28,United,N726XX,4182,ORD,CityName,State,BOS,CityName,State,0,0,0,0,1,A,301,1754,0,0,0,0,0
2021-05-28,JetBlue,N298XX,1423,ORD,CityName,State,MIA,CityName,State,0,0,-6,0,0,,248,1132,0,0,0,0,0
2021-05-28,American,N738XX,3689,LAX,CityName,State,LAX,CityName,State,0,0,-2,0,0,,64,1749,0,0,0,0,0
2021-05-28,United,N718XX,9818,SEA,CityName,State,DFW,CityName,State,0,0,-7,0,0,,243,2498,0,0,0,0,0
2021-05-28,Southwest,N561XX,5367,SEA,CityName,State,DEN,CityName,State,0,0,-7,0,0,,284,1405,0,0,0,0,0
2021-05-28,American,N191XX,9601,DFW,CityName,State,ATL,CityName,State,45,1,46,1,0,,59,165,0,0,0,0,46
2021-05-28,Southwest,N358XX,8063,BOS,CityName,State,BOS,CityName,State,0,0,5,0,0,,197,2714,0,0,0,0,0
2021-05-28,Southwest,N929XX,9365,MIA,CityName,State,SEA,CityName,State,0,0,-4,0,0,,55,2369,0,0,0,0,0
2021-05-28,United,N101XX,7003,SEA,CityName,State,DFW,CityName,State,0,0,-8,0,0,,61,2554,0,0,0,0,0
2021-05-28,JetBlue,N377XX,9164,JFK,CityName,State,DEN,CityName,State,0,0,-13,0,0,,240,1041,0,0,0,0,0
2021-05-28,Southwest,N430XX,343,DFW,CityName,State,LAX,CityName,State,15,1,24,1,0,,119,2934,24,0,0,0,0
2021-05-29,Delta,N233XX,904,DFW,CityName,State,BOS,CityName,State,15,1,6,0,0,,124,1697,0,0,0,0,0
2021-05-29,Delta,N231XX,7985,SFO,CityName,State,MIA,CityName,State,0,0,7,0,0,,176,2125,0,0,0,0,0
2021-05-29,United,N210XX,6965,DEN,CityName,State,ORD,CityName,State,0,0,-6,0,0,,266,2506,0,0,0,0,0
2021-05-29,United,N611XX,1515,DFW,CityName,State,DEN,CityName,State,0,0,-6,0,0,,315,982,0,0,0,0,0
2021-05-29,United,N599XX,5732,SFO,CityName,State,DFW,CityName,State,0,0,-8,0,0,,252,544,0,0,0,0,0
2021-05-29,United,N910XX,7877,JFK,CityName,State,DEN,CityName,State,0,0,-4,0,0,,294,513,0,0,0,0,0
2021-05-29,JetBlue,N236XX,8399,LAX,CityName,State,JFK,CityName,State,0,0,4,0,0,,172,2367,0,0,0,0,0
2021-05-29,JetBlue,N843XX,8025,MIA,CityName,State,ORD,CityName,State,15,1,15,1,0,,320,1891,15,0,0,0,0
2021-05-29,Southwest,N382XX,2764,BOS,CityName,State,SFO,CityName,State,0,0,-9,0,0,,258,1895,0,0,0,0,0
2021-05-29,Delta,N460XX,3406,JFK,CityName,State,ATL,CityName,State,15,1,15,1,0,,213,1023,0,15,0,0,0
2021-05-29,American,N588XX,9290,DEN,CityName,State,MIA,CityName,State,0,0,8,0,0,,311,233,0,0,0,0,0
2021-05-29,United,N823XX,2359,DEN,CityName,State,LAX,CityName,State,30,1,33,1,0,,270,818,33,0,0,0,0
2021-05-30,Southwest,N747XX,1987,ORD,CityName,State,ORD,CityName,State,0,0,-6,0,0,,59,1690,0,0,0,0,0
2021-05-30,United,N913XX,3205,SFO,CityName,State,DFW,CityName,State,0,0,6,0,0,,252,2670,0,0,0,0,0
2021-05-30,JetBlue,N610XX,3215,DEN,CityName,State,JFK,CityName,State,0,0,4,0,0,,275,2396,0,0,0,0,0
2021-05-30,JetBlue,N997XX,3834,DFW,CityName,State,LAX,CityName,State,0,0,6,0,0,,256,2245,0,0,0,0,0
2021-05-30,United,N884XX,9173,SFO,CityName,State,ATL,CityName,State,15,1,3,0,0,,53,2407,0,0,0,0,0
2021-05-30,American,N529XX,2277,BOS,CityName,State,MIA,CityName,State,45,1,46,1,0,,331,2609,0,0,46,0,0
2021-05-30,American,N139XX,2016,LAX,CityName,State,SFO,CityName,State,45,1,46,1,0,,112,1993,0,0,0,0,46
2021-05-30,Delta,N621XX,7241,DEN,CityName,State,DFW,CityName,State,30,1,27,1,0,,316,2413,0,0,0,0,27
2021-05-30,Southwest,N111XX,5934,BOS,CityName,State,JFK,CityName,State,0,0,-3,0,0,,204,2066,0,0,0,0,0
2021-05-31,United,N241XX,4169,DFW,CityName,State,SEA,CityName,State,0,0,5,0,0,,249,982,0,0,0,0,0
2021-05-31,American,N987XX,1633,ATL,CityName,State,DEN,CityName,State,0,0,-12,0,0,,328,1121,0,0,0,0,0
2021-05-31,United,N907XX,5531,JFK,CityName,State,LAX,CityName,State,0,0,-10,0,0,,58,1454,0,0,0,0,0
2021-05-31,American,N875XX,6833,ATL,CityName,State,DEN,CityName,State,0,0,0,0,1,A,74,1893,0,0,0,0,0
2021-05-31,United,N645XX,3764,JFK,CityName,State,DEN,CityName,State,0,0,6,0,0,,124,2930,0,0,0,0,0
2021-05-31,United,N376XX,5546,DFW,CityName,State,JFK,CityName,State,0,0,-8,0,0,,70,1036,0,0,0,0,0
2021-05-31,United,N364XX,9905,BOS,CityName,State,MIA,CityName,State,0,0,5,0,0,,106,415,0,0,0,0,0
2021-05-31,Delta,N892XX,8152,LAX,CityName,State,LAX,CityName,State,15,1,13,0,0,,158,1510,0,0,0,0,0
2021-05-31,Southwest,N335XX,1638,ORD,CityName,State,SEA,CityName,State,60,1,70,1,0,,111,600,0,70,0,0,0
2021-05-31,American,N674XX,4898,DFW,CityName,State,DEN,CityName,State,0,0,-2,0,0,,247,1227,0,0,0,0,0
2021-05-31,United,N839XX,9899,ATL,CityName,State,LAX,CityName,State,15,1,11,0,0,,326,2782,0,0,0,0,0
2021-05-31,American,N874XX,1923,JFK,CityName,State,ORD,CityName,State,45,1,42,1,0,,208,2641,0,42,0,0,0
2021-06-01,American,N518XX,7355,LAX,CityName,State,MIA,CityName,State,45,1,47,1,0,,296,1119,0,0,0,0,47
2021-06-01,United,N182XX,7888,SEA,CityName,State,DFW,CityName,State,60,1,57,1,0,,92,1883,57,0,0,0,0
2021-06-01,United,N995XX,4826,SEA,CityName,State,ORD,CityName,State,0,0,-10,0,0,,86,2488,0,0,0,0,0
2021-06-01,Southwest,N700XX,8271,SFO,CityName,State,ATL,CityName,State,0,0,2,0,0,,264,2207,0,0,0,0,0
2021-06-01,United,N152XX,7357,MIA,CityName,State,ATL,CityName,State,0,0,1,0,0,,93,179,0,0,0,0,0
2021-06-01,JetBlue,N696XX,5958,DEN,CityName,State,SFO,CityName,State,30,1,32,1,0,,300,1489,0,0,0,0,32
2021-06-01,American,N572XX,9042,DFW,CityName,State,DFW,CityName,State,0,0,-7,0,0,,126,1463,0,0,0,0,0
2021-06-01,American,N618XX,6071,BOS,CityName,State,MIA,CityName,State,0,0,-11,0,0,,215,2553,0,0,0,0,0
2021-06-01,Delta,N268XX,6595,BOS,CityName,State,LAX,CityName,State,0,0,4,0,0,,172,2250,0,0,0,0,0
2021-06-01,United,N741XX,4024,ATL,CityName,State,BOS,CityName,State,0,0,-13,0,0,,169,304,0,0,0,0,0
2021-06-01,United,N457XX,9478,LAX,CityName,State,ORD,CityName,State,0,0,-14,0,0,,73,1162,0,0,0,0,0
2021-06-01,JetBlue,N134XX,1384,DFW,CityName,State,DFW,CityName,State,30,1,39,1,0,,90,1565,39,0,0,0,0
2021-06-01,Southwest,N515XX,7653,SEA,CityName,State,JFK,CityName,State,0,0,-11,0,0,,355,2238,0,0,0,0,0
2021-06-01,Delta,N358XX,8574,BOS,CityName,State,ATL,CityName,State,0,0,9,0,0,,182,2379,0,0,0,0,0
2021-06-01,United,N385XX,9747,DEN,CityName,State,DFW,CityName,State,0,0,10,0,0,,48,795,0,0,0,0,0
2021-06-02,Southwest,N353XX,7830,ATL,CityName,State,JFK,CityName,State,45,1,51,1,0,,90,372,0,0,51,0,0
2021-06-02,American,N903XX,9735,LAX,CityName,State,JFK,CityName,State,120,1,127,1,0,,100,403,0,0,0,0,127
2021-06-02,United,N652XX,8638,MIA,CityName,State,DFW,CityName,State,60,1,55,1,0,,114,2519,0,0,0,0,55
2021-06-02,Delta,N840XX,1367,LAX,CityName,State,ORD,CityName,State,120,1,106,1,0,,344,234,0,0,106,0,0
2021-06-02,Southwest,N239XX,7936,LAX,CityName,State,DFW,CityName,State,45,1,50,1,0,,85,1227,0,0,0,0,50
2021-06-02,American,N530XX,4524,JFK,CityName,State,DFW,CityName,State,120,1,112,1,0,,243,2838,112,0,0,0,0
2021-06-02,JetBlue,N832XX,8210,ORD,CityName,State,JFK,CityName,State,0,0,-6,0,0,,198,2078,0,0,0,0,0
2021-06-02,JetBlue,N774XX,9390,BOS,CityName,State,JFK,CityName,State,0,0,-14,0,0,,202,1396,0,0,0,0,0
2021-06-02,Southwest,N273XX,2404,BOS,CityName,State,ATL,CityName,State,60,1,66,1,0,,73,884,0,66,0,0,0
2021-06-02,American,N265XX,8714,SEA,CityName,State,SEA,CityName,State,0,0,-13,0,0,,324,2511,0,0,0,0,0
2021-06-02,American,N914XX,7115,MIA,CityName,State,ORD,CityName,State,0,0,-6,0,0,,251,2459,0,0,0,0,0
2021-06-02,JetBlue,N138XX,5293,DEN,CityName,State,ATL,CityName,State,0,0,7,0,0,,132,698,0,0,0,0,0
2021-06-02,United,N786XX,5473,SFO,CityName,State,SFO,CityName,State,0,0,-14,0,0,,301,1002,0,0,0,0,0
2021-06-02,Southwest,N439XX,3054,BOS,CityName,State,LAX,CityName,State,45,1,52,1,0,,61,1602,0,0,52,0,0
2021-06-02,Southwest,N627XX,3664,SEA,CityName,State,DEN,CityName,State,0,0,-3,0,0,,223,1667,0,0,0,0,0
2021-06-03,Southwest,N946XX,6699,BOS,CityName,State,LAX,CityName,State,45,1,35,1,0,,78,1935,0,0,0,0,35
2021-06-03,Southwest,N804XX,6061,DEN,CityName,State,ORD,CityName,State,0,0,-4,0,0,,48,2022,0,0,0,0,0
2021-06-03,United,N394XX,5825,DFW,CityName,State,LAX,CityName,State,0,0,9,0,0,,207,748,0,0,0,0,0
2021-06-03,American,N733XX,8337,LAX,CityName,State,BOS,CityName,State,45,1,37,1,0,,264,2178,37,0,0,0,0
2021-06-03,United,N703XX,1153,DEN,CityName,State,LAX,CityName,State,15,1,9,0,0,,176,2468,0,0,0,0,0
2021-06-03,Delta,N682XX,8008,MIA,CityName,State,DFW,CityName,State,0,0,-11,0,0,,250,1122,0,0,0,0,0
2021-06-03,Southwest,N870XX,8746,SFO,CityName,State,SFO,CityName,State,0,0,3,0,0,,193,2424,0,0,0,0,0
2021-06-03,Delta,N845XX,8297,JFK,CityName,State,DEN,CityName,State,0,0,8,0,0,,81,1286,0,0,0,0,0
2021-06-03,JetBlue,N681XX,195,DFW,CityName,State,JFK,CityName,State,45,1,47,1,0,,217,1360,0,0,47,0,0
2021-06-03,Delta,N599XX,6356,DEN,CityName,State,DFW,CityName,State,0,0,6,0,0,,62,514,0,0,0,0,0
2021-06-03,JetBlue,N752XX,3216,JFK,CityName,State,JFK,CityName,State,0,0,-13,0,0,,192,757,0,0,0,0,0
2021-06-03,American,N653XX,5846,DEN,CityName,State,SFO,CityName,State,0,0,6,0,0,,294,2560,0,0,0,0,0
2021-06-03,JetBlue,N381XX,5204,DFW,CityName,State,DEN,CityName,State,60,1,70,1,0,,234,613,70,0,0,0,0
2021-06-03,American,N673XX,584,LAX,CityName,State,BOS,CityName,State,0,0,-5,0,0,,266,2126,0,0,0,0,0
2021-06-03,Southwest,N274XX,494,DEN,CityName,State,JFK,CityName,State,0,0,-11,0,0,,265,480,0,0,0,0,0
2021-06-04,United,N647XX,8246,ATL,CityName,State,MIA,CityName,State,0,0,-12,0,0,,313,325,0,0,0,0,0
2021-06-04,United,N276XX,9453,DFW,CityName,State,SFO,CityName,State,0,0,-1,0,0,,106,1850,0,0,0,0,0
2021-06-04,JetBlue,N376XX,1761,DEN,CityName,State,SFO,CityName,State,0,0,4,0,0,,186,2143,0,0,0,0,0
2021-06-04,United,N298XX,7250,DEN,CityName,State,ORD,CityName,State,30,1,38,1,0,,114,1723,0,38,0,0,0
2021-06-04,Southwest,N683XX,1871,JFK,CityName,State,BOS,CityName,State,0,0,-7,0,0,,205,375,0,0,0,0,0
2021-06-04,American,N193XX,7437,BOS,CityName,State,SFO,CityName,State,15,1,25,1,0,,321,230,0,25,0,0,0
2021-06-04,Southwest,N363XX,6574,MIA,CityName,State,DFW,CityName,State,0,0,-4,0,0,,46,1545,0,0,0,0,0
2021-06-04,Southwest,N203XX,1756,SEA,CityName,State,MIA,CityName,State,240,1,230,1,0,,355,1913,230,0,0,0,0
2021-06-04,Southwest,N285XX,2274,MIA,CityName,State,JFK,CityName,State,30,1,16,1,0,,200,1148,0,0,16,0,0
2021-06-04,Delta,N255XX,2585,DFW,CityName,State,SEA,CityName,State,0,0,7,0,0,,52,1486,0,0,0,0,0
2021-06-04,United,N931XX,2880,ORD,CityName,State,ATL,CityName,State,15,1,3,0,0,,293,2632,0,0,0,0,0
2021-06-04,JetBlue,N938XX,7445,DEN,CityName,State,JFK,CityName,State,0,0,-1,0,0,,268,2694,0,0,0,0,0
2021-06-04,American,N720XX,5050,SFO,CityName,State,SFO,CityName,State,0,0,-10,0,0,,321,2523,0,0,0,0,0
2021-06-04,Southwest,N684XX,9003,LAX,CityName,State,SFO,CityName,State,0,0,-7,0,0,,179,1260,0,0,0,0,0
2021-06-04,JetBlue,N696XX,5756,SEA,CityName,State,SEA,CityName,State,0,0,-14,0,0,,81,1561,0,0,0,0,0
2021-06-04,United,N244XX,6336,ORD,CityName,State,ORD,CityName,State,0,0,-4,0,0,,167,2608,0,0,0,0,0
2021-06-04,Southwest,N649XX,983,MIA,CityName,State,ATL,CityName,State,60,1,48,1,0,,86,2782,48,0,0,0,0
2021-06-04,Southwest,N179XX,6095,DEN,CityName,State,LAX,CityName,State,120,1,129,1,0,,95,1427,129,0,0,0,0
2021-06-05,American,N225XX,1529,BOS,CityName,State,SFO,CityName,State,240,1,228,1,0,,192,1636,0,0,0,0,228
2021-06-05,Delta,N408XX,8190,DEN,CityName,State,MIA,CityName,State,0,0,1,0,0,,148,2419,0,0,0,0,0
2021-06-05,American,N636XX,3266,MIA,CityName,State,DFW,CityName,State,60,1,48,1,0,,183,2843,0,0,0,0,48
2021-06-05,American,N160XX,5687,LAX,CityName,State,SFO,CityName,State,30,1,17,1,0,,266,2612,0,17,0,0,0
2021-06-05,American,N445XX,4287,ORD,CityName,State,BOS,CityName,State,15,1,17,1,0,,352,518,0,17,0,0,0
2021-06-05,Southwest,N185XX,2179,LAX,CityName,State,DFW,CityName,State,0,0,10,0,0,,131,1473,0,0,0,0,0
2021-06-05,JetBlue,N361XX,1237,LAX,CityName,State,DEN,CityName,State,0,0,8,0,0,,299,2784,0,0,0,0,0
2021-06-05,Southwest,N937XX,1169,BOS,CityName,State,DEN,CityName,State,0,0,-13,0,0,,267,2530,0,0,0,0,0
2021-06-05,United,N423XX,5704,LAX,CityName,State,LAX,CityName,State,120,1,127,1,0,,208,677,127,0,0,0,0
2021-06-06,JetBlue,N149XX,5131,JFK,CityName,State,SEA,CityName,State,0,0,-4,0,0,,157,807,0,0,0,0,0
2021-06-06,United,N660XX,2111,LAX,CityName,State,LAX,CityName,State,0,0,-14,0,0,,327,1634,0,0,0,0,0
2021-06-06,Delta,N121XX,4493,SEA,CityName,State,SFO,CityName,State,0,0,-2,0,0,,280,2721,0,0,0,0,0
2021-06-06,American,N447XX,8557,SFO,CityName,State,MIA,CityName,State,0,0,-14,0,0,,122,2208,0,0,0,0,0
2021-06-06,American,N776XX,4429,BOS,CityName,State,SEA,CityName,State,0,0,1,0,0,,172,2019,0,0,0,0,0
2021-06-06,American,N277XX,1067,ATL,CityName,State,SFO,CityName,State,0,0,-12,0,0,,209,1290,0,0,0,0,0
2021-06-06,American,N990XX,645,SFO,CityName,State,ATL,CityName,State,15,1,9,0,0,,216,2946,0,0,0,0,0
2021-06-06,United,N704XX,8026,LAX,CityName,State,ATL,CityName,State,0,0,-8,0,0,,331,2747,0,0,0,0,0
2021-06-06,JetBlue,N238XX,9626,SEA,CityName,State,SFO,CityName,State,0,0,-8,0,0,,289,2514,0,0,0,0,0
2021-06-06,Delta,N382XX,6000,ATL,CityName,State,SEA,CityName,State,0,0,-8,0,0,,265,323,0,0,0,0,0
2021-06-06,JetBlue,N380XX,4183,JFK,CityName,State,DEN,CityName,State,0,0,-8,0,0,,216,332,0,0,0,0,0
2021-06-06,United,N524XX,637,DEN,CityName,State,SEA,CityName,State,0,0,-12,0,0,,94,2453,0,0,0,0,0
2021-06-06,American,N860XX,5573,DFW,CityName,State,ORD,CityName,State,0,0,0,0,0,,307,986,0,0,0,0,0
2021-06-06,United,N472XX,8703,BOS,CityName,State,BOS,CityName,State,15,1,1,0,0,,183,1369,0,0,0,0,0
2021-06-06,American,N358XX,8690,MIA,CityName,State,SEA,CityName,State,0,0,0,0,1,A,220,1959,0,0,0,0,0
2021-06-06,JetBlue,N648XX,1047,ORD,CityName,State,JFK,CityName,State,0,0,0,0,0,,177,1161,0,0,0,0,0
2021-06-06,JetBlue,N637XX,7542,BOS,CityName,State,ORD,CityName,State,0,0,5,0,0,,195,1292,0,0,0,0,0
2021-06-06,United,N142XX,7092,ATL,CityName,State,SEA,CityName,State,0,0,9,0,0,,189,913,0,0,0,0,0
2021-06-06,Southwest,N119XX,2248,MIA,CityName,State,ORD,CityName,State,15,1,19,1,0,,315,1897,0,0,19,0,0
2021-06-07,United,N819XX,4117,ORD,CityName,State,ATL,CityName,State,45,1,32,1,0,,92,2576,32,0,0,0,0
2021-06-07,Delta,N360XX,685,LAX,CityName,State,DEN,CityName,State,30,1,39,1,0,,348,848,0,39,0,0,0
2021-06-07,United,N186XX,4769,DEN,CityName,State,ATL,CityName,State,0,0,-2,0,0,,159,864,0,0,0,0,0
2021-06-07,Southwest,N195XX,3197,DFW,CityName,State,ATL,CityName,State,0,0,10,0,0,,170,1233,0,0,0,0,0
2021-06-07,American,N618XX,8759,SEA,CityName,State,DEN,CityName,State,30,1,32,1,0,,280,1632,0,0,0,0,32
2021-06-07,Delta,N405XX,5934,MIA,CityName,State,SFO,CityName,State,60,1,65,1,0,,260,1518,0,0,0,0,65
2021-06-07,JetBlue,N434XX,8966,ATL,CityName,State,MIA,CityName,State,0,0,-2,0,0,,67,1663,0,0,0,0,0
2021-06-07,United,N235XX,7846,ORD,CityName,State,ATL,CityName,State,0,0,-3,0,0,,281,188,0,0,0,0,0
2021-06-07,Delta,N281XX,5867,SFO,CityName,State,BOS,CityName,State,0,0,-10,0,0,,331,1924,0,0,0,0,0
2021-06-07,Delta,N209XX,969,ATL,CityName,State,BOS,CityName,State,0,0,2,0,0,,322,2713,0,0,0,0,0
2021-06-07,American,N808XX,9381,MIA,CityName,State,ATL,CityName,State,120,1,123,1,0,,60,846,123,0,0,0,0
2021-06-07,JetBlue,N259XX,2267,ATL,CityName,State,MIA,CityName,State,0,0,4,0,0,,148,2072,0,0,0,0,0
2021-06-07,American,N256XX,3090,DFW,CityName,State,MIA,CityName,State,0,0,-3,0,0,,295,1294,0,0,0,0,0
2021-06-08,United,N817XX,5237,LAX,CityName,State,LAX,CityName,State,0,0,0,0,1,A,251,503,0,0,0,0,0
2021-06-08,American,N832XX,4248,ORD,CityName,State,SFO,CityName,State,0,0,-5,0,0,,55,2474,0,0,0,0,0
2021-06-08,American,N370XX,3274,SEA,CityName,State,BOS,CityName,State,0,0,-13,0,0,,66,2344,0,0,0,0,0
2021-06-08,Delta,N841XX,6198,ATL,CityName,State,SFO,CityName,State,0,0,5,0,0,,135,2652,0,0,0,0,0
2021-06-08,JetBlue,N346XX,7685,ATL,CityName,State,ATL,CityName,State,0,0,-2,0,0,,227,1843,0,0,0,0,0
2021-06-08,American,N721XX,4990,ORD,CityName,State,SFO,CityName,State,240,1,235,1,0,,66,1822,0,235,0,0,0
2021-06-08,United,N737XX,4454,JFK,CityName,State,SEA,CityName,State,0,0,-13,0,0,,83,799,0,0,0,0,0
2021-06-08,Southwest,N914XX,4766,JFK,CityName,State,ORD,CityName,State,0,0,-11,0,0,,348,1000,0,0,0,0,0
2021-06-08,Southwest,N782XX,1797,LAX,CityName,State,DFW,CityName,State,0,0,10,0,0,,104,178,0,0,0,0,0
2021-06-08,Southwest,N686XX,4054,ORD,CityName,State,ATL,CityName,State,0,0,-7,0,0,,132,2673,0,0,0,0,0
2021-06-09,American,N406XX,9171,SEA,CityName,State,LAX,CityName,State,15,1,1,0,0,,140,824,0,0,0,0,0
2021-06-09,Southwest,N160XX,5023,LAX,CityName,State,DEN,CityName,State,0,0,-2,0,0,,85,234,0,0,0,0,0
2021-06-09,JetBlue,N768XX,2327,ORD,CityName,State,BOS,CityName,State,0,0,10,0,0,,62,878,0,0,0,0,0
2021-06-09,JetBlue,N610XX,2602,ATL,CityName,State,DFW,CityName,State,0,0,-11,0,0,,130,2616,0,0,0,0,0
2021-06-09,United,N207XX,1426,ATL,CityName,State,ORD,CityName,State,0,0,-11,0,0,,243,1876,0,0,0,0,0
2021-06-09,Southwest,N228XX,4727,ATL,CityName,State,BOS,CityName,State,0,0,-7,0,0,,98,161,0,0,0,0,0
2021-06-09,Delta,N123XX,3616,SEA,CityName,State,ORD,CityName,State,0,0,0,0,0,,311,1948,0,0,0,0,0
2021-06-09,American,N220XX,8468,ORD,CityName,State,SEA,CityName,State,0,0,0,0,0,,135,2867,0,0,0,0,0
2021-06-09,Delta,N767XX,3276,ATL,CityName,State,LAX,CityName,State,0,0,-12,0,0,,275,962,0,0,0,0,0
2021-06-09,JetBlue,N284XX,5136,MIA,CityName,State,SFO,CityName,State,0,0,9,0,0,,125,2499,0,0,0,0,0
2021-06-09,American,N385XX,190,DEN,CityName,State,SEA,CityName,State,0,0,-14,0,0,,328,2189,0,0,0,0,0
2021-06-09,American,N684XX,9087,DEN,CityName,State,DFW,CityName,State,0,0,-12,0,0,,87,208,0,0,0,0,0
2021-06-09,Delta,N966XX,7447,MIA,CityName,State,MIA,CityName,State,0,0,-3,0,0,,96,379,0,0,0,0,0
2021-06-10,Delta,N186XX,1670,DEN,CityName,State,DEN,CityName,State,0,0,5,0,0,,270,2207,0,0,0,0,0
2021-06-10,Southwest,N607XX,1879,BOS,CityName,State,MIA,CityName,State,0,0,-3,0,0,,210,597,0,0,0,0,0
2021-06-10,Southwest,N416XX,7257,BOS,CityName,State,JFK,CityName,State,0,0,5,0,0,,324,885,0,0,0,0,0
2021-06-10,American,N324XX,4159,ORD,CityName,State,ATL,CityName,State,0,0,4,0,0,,291,223,0,0,0,0,0
2021-06-10,Southwest,N425XX,6454,JFK,CityName,State,DEN,CityName,State,0,0,-5,0,0,,175,2516,0,0,0,0,0
2021-06-10,Southwest,N623XX,4821,BOS,CityName,State,ORD,CityName,State,0,0,3,0,0,,321,1986,0,0,0,0,0
2021-06-10,Delta,N835XX,6810,ATL,CityName,State,ATL,CityName,State,0,0,-13,0,0,,349,989,0,0,0,0,0
2021-06-10,Delta,N325XX,240,JFK,CityName,State,ORD,CityName,State,0,0,7,0,0,,332,2625,0,0,0,0,0
2021-06-10,Delta,N493XX,8566,SEA,CityName,State,BOS,CityName,State,15,1,4,0,0,,136,205,0,0,0,0,0
2021-06-11,United,N932XX,8119,JFK,CityName,State,DFW,CityName,State,0,0,-1,0,0,,342,2843,0,0,0,0,0
2021-06-11,United,N203XX,3864,SEA,CityName,State,MIA,CityName,State,0,0,1,0,0,,47,1260,0,0,0,0,0
2021-06-11,United,N882XX,4888,ATL,CityName,State,ATL,CityName,State,0,0,-4,0,0,,321,1797,0,0,0,0,0
2021-06-11,JetBlue,N819XX,4415,DFW,CityName,State,DFW,CityName,State,0,0,0,0,0,,311,614,0,0,0,0,0
2021-06-11,Delta,N769XX,3522,LAX,CityName,State,BOS,CityName,State,0,0,-3,0,0,,316,2202,0,0,0,0,0
2021-06-11,American,N943XX,2494,SEA,CityName,State,ORD,CityName,State,120,1,116,1,0,,277,888,0,0,0,0,116
2021-06-11,Southwest,N582XX,3366,ORD,CityName,State,SEA,CityName,State,0,0,-8,0,0,,102,354,0,0,0,0,0
2021-06-11,United,N686XX,5263,DFW,CityName,State,DEN,CityName,State,15,1,7,0,0,,114,406,0,0,0,0,0
2021-06-11,Delta,N818XX,1543,ATL,CityName,State,ORD,CityName,State,0,0,-9,0,0,,275,2636,0,0,0,0,0
2021-06-11,JetBlue,N744XX,5122,LAX,CityName,State,JFK,CityName,State,30,1,29,1,0,,116,2060,29,0,0,0,0
2021-06-11,Delta,N726XX,6356,ORD,CityName,State,SEA,CityName,State,45,1,36,1,0,,152,2341,0,0,36,0,0
2021-06-11,United,N424XX,9558,DFW,CityName,State,JFK,CityName,State,60,1,60,1,0,,51,2405,0,0,60,0,0
2021-06-11,American,N182XX,9451,MIA,CityName,State,SEA,CityName,State,45,1,55,1,0,,246,1039,55,0,0,0,0
2021-06-11,Delta,N169XX,3076,ATL,CityName,State,MIA,CityName,State,0,0,8,0,0,,351,828,0,0,0,0,0
2021-06-12,United,N740XX,4096,BOS,CityName,State,SFO,CityName,State,0,0,5,0,0,,72,1729,0,0,0,0,0
2021-06-12,JetBlue,N274XX,6234,ORD,CityName,State,MIA,CityName,State,15,1,24,1,0,,210,291,0,24,0,0,0
2021-06-12,Delta,N784XX,2193,DEN,CityName,State,DEN,CityName,State,0,0,-10,0,0,,270,846,0,0,0,0,0
2021-06-12,Southwest,N303XX,1109,DEN,CityName,State,DFW,CityName,State,0,0,-2,0,0,,123,1103,0,0,0,0,0
2021-06-12,JetBlue,N448XX,3716,BOS,CityName,State,MIA,CityName,State,0,0,8,0,0,,328,907,0,0,0,0,0
2021-06-12,United,N952XX,731,ORD,CityName,State,DFW,CityName,State,0,0,-5,0,0,,290,2079,0,0,0,0,0
2021-06-12,JetBlue,N508XX,8540,ORD,CityName,State,JFK,CityName,State,0,0,-7,0,0,,329,1995,0,0,0,0,0
2021-06-12,Southwest,N540XX,1106,ORD,CityName,State,DEN,CityName,State,120,1,116,1,0,,265,1546,0,0,116,0,0
2021-06-12,JetBlue,N162XX,9311,ORD,CityName,State,BOS,CityName,State,0,0,-2,0,0,,190,1625,0,0,0,0,0
2021-06-12,JetBlue,N364XX,3761,ATL,CityName,State,BOS,CityName,State,0,0,-4,0,0,,200,2265,0,0,0,0,0
2021-06-12,Southwest,N955XX,7723,BOS,CityName,State,SEA,CityName,State,0,0,-5,0,0,,342,2276,0,0,0,0,0
2021-06-12,Southwest,N877XX,8925,SFO,CityName,State,LAX,CityName,State,0,0,7,0,0,,127,2204,0,0,0,0,0
2021-06-12,JetBlue,N563XX,4987,SFO,CityName,State,DEN,CityName,State,15,1,2,0,0,,58,2409,0,0,0,0,0
2021-06-13,Southwest,N356XX,3660,MIA,CityName,State,DFW,CityName,State,0,0,-5,0,0,,300,1309,0,0,0,0,0
2021-06-13,Delta,N119XX,9024,SEA,CityName,State,DFW,CityName,State,15,1,24,1,0,,270,2671,0,0,0,0,24
2021-06-13,JetBlue,N947XX,7011,SEA,CityName,State,BOS,CityName,State,0,0,5,0,0,,292,168,0,0,0,0,0
2021-06-13,American,N190XX,9178,SEA,CityName,State,MIA,CityName,State,0,0,-7,0,0,,197,604,0,0,0,0,0
2021-06-13,American,N450XX,8329,JFK,CityName,State,BOS,CityName,State,30,1,28,1,0,,262,846,28,0,0,0,0
2021-06-13,American,N305XX,2616,ATL,CityName,State,ORD,CityName,State,0,0,2,0,0,,122,2582,0,0,0,0,0
2021-06-13,Southwest,N447XX,9125,JFK,CityName,State,BOS,CityName,State,0,0,-10,0,0,,171,2697,0,0,0,0,0
2021-06-13,JetBlue,N971XX,8358,BOS,CityName,State,SEA,CityName,State,0,0,1,0,0,,327,782,0,0,0,0,0
2021-06-13,Southwest,N429XX,5957,SFO,CityName,State,JFK,CityName,State,0,0,1,0,0,,160,2203,0,0,0,0,0
2021-06-13,American,N114XX,7199,ORD,CityName,State,BOS,CityName,State,0,0,8,0,0,,359,1155,0,0,0,0,0
2021-06-13,JetBlue,N627XX,5206,DEN,CityName,State,LAX,CityName,State,0,0,1,0,0,,347,1455,0,0,0,0,0
2021-06-13,JetBlue,N706XX,2965,JFK,CityName,State,SEA,CityName,State,0,0,8,0,0,,168,2957,0,0,0,0,0
2021-06-13,JetBlue,N475XX,9773,SFO,CityName,State,DEN,CityName,State,15,1,15,1,0,,267,1436,0,0,15,0,0
2021-06-13,Southwest,N157XX,2884,SFO,CityName,State,DEN,CityName,State,0,0,5,0,0,,329,2169,0,0,0,0,0
2021-06-14,Southwest,N386XX,4496,ATL,CityName,State,LAX,CityName,State,0,0,-5,0,0,,269,2271,0,0,0,0,0
2021-06-14,Delta,N291XX,5301,DFW,CityName,State,BOS,CityName,State,0,0,6,0,0,,353,235,0,0,0,0,0
2021-06-14,JetBlue,N242XX,6214,MIA,CityName,State,MIA,CityName,State,0,0,10,0,0,,227,1817,0,0,0,0,0
2021-06-14,United,N475XX,2984,DFW,CityName,State,MIA,CityName,State,0,0,2,0,0,,118,569,0,0,0,0,0
2021-06-14,JetBlue,N595XX,5455,MIA,CityName,State,SEA,CityName,State,0,0,-1,0,0,,312,1529,0,0,0,0,0
2021-06-14,JetBlue,N882XX,7416,JFK,CityName,State,MIA,CityName,State,0,0,8,0,0,,78,859,0,0,0,0,0
2021-06-14,Delta,N290XX,3821,LAX,CityName,State,SFO,CityName,State,15,1,3,0,0,,317,1483,0,0,0,0,0
2021-06-14,United,N302XX,1608,SEA,CityName,State,SFO,CityName,State,0,0,-3,0,0,,327,881,0,0,0,0,0
2021-06-14,Delta,N232XX,6831,DEN,CityName,State,BOS,CityName,State,0,0,0,0,0,,287,239,0,0,0,0,0
2021-06-14,United,N112XX,7936,BOS,CityName,State,BOS,CityName,State,0,0,-1,0,0,,147,1075,0,0,0,0,0
2021-06-14,Southwest,N835XX,3373,DFW,CityName,State,DEN,CityName,State,0,0,-12,0,0,,192,331,0,0,0,0,0
2021-06-14,Southwest,N762XX,712,JFK,CityName,State,BOS,CityName,State,0,0,4,0,0,,207,362,0,0,0,0,0
2021-06-14,JetBlue,N382XX,4904,DFW,CityName,State,LAX,CityName,State,0,0,2,0,0,,359,1853,0,0,0,0,0
2021-06-14,JetBlue,N274XX,5048,SEA,CityName,State,SFO,CityName,State,60,1,66,1,0,,106,1251,66,0,0,0,0
2021-06-14,United,N881XX,6616,SEA,CityName,State,SEA,CityName,State,0,0,-12,0,0,,255,1045,0,0,0,0,0
2021-06-14,Delta,N837XX,575,JFK,CityName,State,ATL,CityName,State,15,1,10,0,0,,118,2652,0,0,0,0,0
2021-06-14,JetBlue,N658XX,9876,SFO,CityName,State,JFK,CityName,State,0,0,-10,0,0,,336,2554,0,0,0,0,0
2021-06-14,American,N200XX,6106,LAX,CityName,State,BOS,CityName,State,0,0,-9,0,0,,343,2647,0,0,0,0,0
2021-06-14,United,N477XX,885,BOS,CityName,State,JFK,CityName,State,0,0,-7,0,0,,66,645,0,0,0,0,0
2021-06-14,Southwest,N248XX,3203,JFK,CityName,State,SEA,CityName,State,0,0,4,0,0,,52,1873,0,0,0,0,0
2021-06-15,American,N790XX,5139,BOS,CityName,State,SFO,CityName,State,0,0,-7,0,0,,248,2941,0,0,0,0,0
2021-06-15,Delta,N125XX,4604,DFW,CityName,State,DFW,CityName,State,0,0,-6,0,0,,244,1813,0,0,0,0,0
2021-06-15,Delta,N244XX,8500,DFW,CityName,State,ATL,CityName,State,0,0,6,0,0,,141,1978,0,0,0,0,0
2021-06-15,American,N661XX,2794,LAX,CityName,State,ATL,CityName,State,0,0,-11,0,0,,58,1181,0,0,0,0,0
2021-06-15,United,N331XX,9909,SEA,CityName,State,BOS,CityName,State,0,0,10,0,0,,320,665,0,0,0,0,0
2021-06-15,American,N628XX,1959,SFO,CityName,State,MIA,CityName,State,0,0,-12,0,0,,356,1164,0,0,0,0,0
2021-06-15,American,N157XX,2253,BOS,CityName,State,LAX,CityName,State,45,1,35,1,0,,181,637,0,0,35,0,0
2021-06-15,Delta,N642XX,4005,ATL,CityName,State,SFO,CityName,State,0,0,3,0,0,,298,792,0,0,0,0,0
2021-06-15,Southwest,N207XX,4830,ATL,CityName,State,ATL,CityName,State,0,0,-9,0,0,,76,1359,0,0,0,0,0
2021-06-15,American,N767XX,1568,SFO,CityName,State,SEA,CityName,State,0,0,-7,0,0,,309,2479,0,0,0,0,0
2021-06-15,Southwest,N786XX,7987,BOS,CityName,State,BOS,CityName,State,0,0,-12,0,0,,192,1907,0,0,0,0,0
2021-06-16,United,N682XX,5438,BOS,CityName,State,SEA,CityName,State,0,0,-4,0,0,,318,1285,0,0,0,0,0
2021-06-16,JetBlue,N797XX,5197,LAX,CityName,State,SFO,CityName,State,0,0,3,0,0,,269,2861,0,0,0,0,0
2021-06-16,American,N163XX,6938,MIA,CityName,State,SFO,CityName,State,0,0,-1,0,0,,160,1236,0,0,0,0,0
2021-06-16,Delta,N734XX,5971,LAX,CityName,State,SFO,CityName,State,0,0,3,0,0,,239,2851,0,0,0,0,0
2021-06-16,Southwest,N290XX,1564,LAX,CityName,State,LAX,CityName,State,0,0,6,0,0,,112,892,0,0,0,0,0
2021-06-16,Delta,N160XX,8979,DFW,CityName,State,ORD,CityName,State,0,0,-5,0,0,,45,1602,0,0,0,0,0
2021-06-16,United,N388XX,3533,LAX,CityName,State,DFW,CityName,State,0,0,-4,0,0,,99,2460,0,0,0,0,0
2021-06-16,American,N183XX,1893,DFW,CityName,State,BOS,CityName,State,0,0,0,0,0,,296,2823,0,0,0,0,0
2021-06-16,Southwest,N210XX,8800,JFK,CityName,State,SEA,CityName,State,0,0,-9,0,0,,125,1431,0,0,0,0,0
2021-06-16,JetBlue,N617XX,6439,SFO,CityName,State,DFW,CityName,State,0,0,-1,0,0,,359,2731,0,0,0,0,0
2021-06-16,Delta,N771XX,312,SFO,CityName,State,SFO,CityName,State,0,0,-12,0,0,,280,2791,0,0,0,0,0
2021-06-16,United,N960XX,4377,SFO,CityName,State,ATL,CityName,State,0,0,4,0,0,,105,2481,0,0,0,0,0
2021-06-16,Delta,N673XX,4620,DFW,CityName,State,ORD,CityName,State,0,0,-4,0,0,,301,324,0,0,0,0,0
2021-06-17,Delta,N618XX,8666,MIA,CityName,State,LAX,CityName,State,0,0,2,0,0,,140,1910,0,0,0,0,0
2021-06-17,United,N167XX,7586,MIA,CityName,State,DEN,CityName,State,0,0,7,0,0,,193,2823,0,0,0,0,0
2021-06-17,JetBlue,N288XX,701,DEN,CityName,State,ATL,CityName,State,0,0,-7,0,0,,90,1877,0,0,0,0,0
2021-06-17,Southwest,N364XX,8551,ORD,CityName,State,LAX,CityName,State,0,0,-9,0,0,,93,2062,0,0,0,0,0
2021-06-17,Southwest,N547XX,4533,BOS,CityName,State,JFK,CityName,State,0,0,-12,0,0,,138,345,0,0,0,0,0
2021-06-17,American,N742XX,731,SFO,CityName,State,DFW,CityName,State,15,1,2,0,0,,251,1935,0,0,0,0,0
2021-06-17,American,N629XX,3220,JFK,CityName,State,SEA,CityName,State,120,1,110,1,0,,188,1850,110,0,0,0,0
2021-06-17,American,N964XX,9560,ATL,CityName,State,ORD,CityName,State,0,0,-1,0,0,,98,846,0,0,0,0,0
2021-06-17,American,N903XX,9649,SEA,CityName,State,BOS,CityName,State,0,0,2,0,0,,335,572,0,0,0,0,0
2021-06-17,Southwest,N763XX,330,LAX,CityName,State,DFW,CityName,State,0,0,7,0,0,,267,1348,0,0,0,0,0
2021-06-17,JetBlue,N468XX,6532,BOS,CityName,State,SEA,CityName,State,0,0,-4,0,0,,78,230,0,0,0,0,0
2021-06-18,Delta,N508XX,9379,ORD,CityName,State,MIA,CityName,State,0,0,0,0,0,,196,162,0,0,0,0,0
2021-06-18,Southwest,N775XX,4162,BOS,CityName,State,SFO,CityName,State,0,0,1,0,0,,223,1442,0,0,0,0,0
2021-06-18,United,N103XX,639,DFW,CityName,State,MIA,CityName,State,0,0,1,0,0,,337,873,0,0,0,0,0
2021-06-18,Southwest,N613XX,7482,SEA,CityName,State,SFO,CityName,State,15,1,10,0,0,,58,2548,0,0,0,0,0
2021-06-18,United,N215XX,8709,DFW,CityName,State,SEA,CityName,State,0,0,-8,0,0,,343,1842,0,0,0,0,0
2021-06-18,Southwest,N954XX,3642,BOS,CityName,State,BOS,CityName,State,15,1,16,1,0,,220,2810,0,0,0,0,16
2021-06-18,United,N565XX,3651,MIA,CityName,State,JFK,CityName,State,0,0,5,0,0,,162,928,0,0,0,0,0
2021-06-18,Southwest,N523XX,7452,JFK,CityName,State,SEA,CityName,State,0,0,-4,0,0,,101,1689,0,0,0,0,0
2021-06-18,American,N323XX,6754,ATL,CityName,State,JFK,CityName,State,30,1,18,1,0,,217,297,18,0,0,0,0
2021-06-18,Delta,N638XX,4443,MIA,CityName,State,ORD,CityName,State,0,0,-13,0,0,,132,764,0,0,0,0,0
2021-06-18,Delta,N473XX,743,DEN,CityName,State,BOS,CityName,State,0,0,0,0,0,,209,2504,0,0,0,0,0
2021-06-18,Delta,N546XX,6318,DFW,CityName,State,DFW,CityName,State,0,0,1,0,0,,66,2684,0,0,0,0,0
2021-06-18,Southwest,N995XX,5090,MIA,CityName,State,DEN,CityName,State,0,0,-6,0,0,,303,2245,0,0,0,0,0
2021-06-18,Delta,N683XX,6204,DEN,CityName,State,SEA,CityName,State,0,0,-8,0,0,,193,1214,0,0,0,0,0
2021-06-18,JetBlue,N827XX,9329,MIA,CityName,State,BOS,CityName,State,15,1,10,0,0,,182,2160,0,0,0,0,0
2021-06-18,JetBlue,N923XX,8198,DEN,CityName,State,ATL,CityName,State,0,0,-12,0,0,,107,2276,0,0,0,0,0
2021-06-18,Southwest,N834XX,4359,ORD,CityName,State,SEA,CityName,State,0,0,-2,0,0,,202,2422,0,0,0,0,0
2021-06-18,Southwest,N851XX,9342,DFW,CityName,State,SEA,CityName,State,0,0,6,0,0,,141,671,0,0,0,0,0
2021-06-18,American,N475XX,9387,LAX,CityName,State,SFO,CityName,State,0,0,-9,0,0,,94,1811,0,0,0,0,0
2021-06-19,JetBlue,N521XX,4878,LAX,CityName,State,DFW,CityName,State,0,0,0,0,1,A,51,947,0,0,0,0,0
2021-06-19,Delta,N919XX,9803,SFO,CityName,State,ATL,CityName,State,30,1,31,1,0,,286,1601,0,0,31,0,0
2021-06-19,JetBlue,N913XX,3309,LAX,CityName,State,MIA,CityName,State,15,1,23,1,0,,205,549,23,0,0,0,0
2021-06-19,JetBlue,N525XX,8831,DFW,CityName,State,SEA,CityName,State,0,0,-7,0,0,,181,1579,0,0,0,0,0
2021-06-19,JetBlue,N367XX,4978,MIA,CityName,State,MIA,CityName,State,0,0,-12,0,0,,232,204,0,0,0,0,0
2021-06-19,American,N883XX,2107,SEA,CityName,State,BOS,CityName,State,0,0,9,0,0,,151,2308,0,0,0,0,0
2021-06-19,United,N448XX,8903,BOS,CityName,State,DEN,CityName,State,0,0,-13,0,0,,67,1765,0,0,0,0,0
2021-06-19,United,N749XX,1038,JFK,CityName,State,MIA,CityName,State,0,0,10,0,0,,143,1219,0,0,0,0,0
2021-06-19,Delta,N622XX,4292,ATL,CityName,State,DFW,CityName,State,30,1,37,1,0,,256,387,0,37,0,0,0
2021-06-19,JetBlue,N124XX,3306,LAX,CityName,State,SFO,CityName,State,0,0,1,0,0,,45,2998,0,0,0,0,0
2021-06-19,Delta,N886XX,2242,JFK,CityName,State,MIA,CityName,State,15,1,18,1,0,,55,600,0,0,18,0,0
2021-06-19,United,N504XX,7193,ORD,CityName,State,MIA,CityName,State,0,0,-7,0,0,,323,2906,0,0,0,0,0
2021-06-19,Delta,N890XX,3362,ATL,CityName,State,MIA,CityName,State,0,0,-12,0,0,,125,1063,0,0,0,0,0
2021-06-19,Southwest,N557XX,2361,JFK,CityName,State,ORD,CityName,State,0,0,1,0,0,,206,1372,0,0,0,0,0
2021-06-19,Southwest,N688XX,3621,JFK,CityName,State,LAX,CityName,State,0,0,-10,0,0,,66,1617,0,0,0,0,0
2021-06-19,American,N894XX,1150,ATL,CityName,State,BOS,CityName,State,0,0,-1,0,0,,335,2805,0,0,0,0,0
2021-06-19,JetBlue,N712XX,2668,LAX,CityName,State,DEN,CityName,State,0,0,10,0,0,,170,2207,0,0,0,0,0
2021-06-19,United,N319XX,4758,MIA,CityName,State,DFW,CityName,State,0,0,-5,0,0,,149,2525,0,0,0,0,0
2021-06-20,Southwest,N464XX,8644,SEA,CityName,State,ORD,CityName,State,0,0,10,0,0,,189,2392,0,0,0,0,0
2021-06-20,United,N753XX,5259,SEA,CityName,State,ORD,CityName,State,0,0,5,0,0,,176,233,0,0,0,0,0
2021-06-20,Southwest,N442XX,4957,JFK,CityName,State,JFK,CityName,State,0,0,10,0,0,,234,173,0,0,0,0,0
2021-06-20,United,N962XX,7382,SFO,CityName,State,JFK,CityName,State,0,0,0,0,1,A,296,2465,0,0,0,0,0
2021-06-20,JetBlue,N222XX,7406,SFO,CityName,State,JFK,CityName,State,45,1,46,1,0,,133,1420,0,0,0,0,46
2021-06-20,United,N510XX,316,SFO,CityName,State,DEN,CityName,State,0,0,-7,0,0,,197,2697,0,0,0,0,0
2021-06-20,Delta,N536XX,7109,DFW,CityName,State,DEN,CityName,State,15,1,2,0,0,,136,2027,0,0,0,0,0
2021-06-20,JetBlue,N793XX,2766,LAX,CityName,State,JFK,CityName,State,0,0,8,0,0,,75,1744,0,0,0,0,0
2021-06-20,United,N549XX,9943,LAX,CityName,State,ORD,CityName,State,0,0,-5,0,0,,254,1973,0,0,0,0,0
2021-06-20,United,N782XX,4828,ATL,CityName,State,ATL,CityName,State,45,1,41,1,0,,237,2357,41,0,0,0,0
2021-06-20,American,N590XX,2370,SEA,CityName,State,JFK,CityName,State,120,1,116,1,0,,241,1221,0,0,0,0,116
2021-06-20,United,N248XX,6631,DFW,CityName,State,SEA,CityName,State,0,0,6,0,0,,92,2784,0,0,0,0,0
2021-06-20,Delta,N521XX,6103,BOS,CityName,State,JFK,CityName,State,30,1,27,1,0,,130,513,0,27,0,0,0
2021-06-20,JetBlue,N560XX,5474,DEN,CityName,State,LAX,CityName,State,0,0,-5,0,0,,56,2284,0,0,0,0,0
2021-06-20,Southwest,N705XX,4319,DEN,CityName,State,SFO,CityName,State,0,0,1,0,0,,330,1521,0,0,0,0,0
2021-06-21,Delta,N690XX,1914,ATL,CityName,State,MIA,CityName,State,240,1,245,1,0,,322,1047,245,0,0,0,0
2021-06-21,Delta,N736XX,4658,ATL,CityName,State,MIA,CityName,State,0,0,8,0,0,,199,702,0,0,0,0,0
2021-06-21,Delta,N671XX,5555,MIA,CityName,State,SEA,CityName,State,45,1,44,1,0,,247,1646,44,0,0,0,0
2021-06-21,JetBlue,N979XX,637,BOS,CityName,State,ORD,CityName,State,0,0,4,0,0,,79,1548,0,0,0,0,0
2021-06-21,American,N753XX,240,MIA,CityName,State,SEA,CityName,State,0,0,-6,0,0,,130,1737,0,0,0,0,0
2021-06-21,Delta,N391XX,6291,SFO,CityName,State,ATL,CityName,State,60,1,48,1,0,,196,2526,0,0,0,0,48
2021-06-21,American,N409XX,7820,SEA,CityName,State,LAX,CityName,State,0,0,-14,0,0,,306,2235,0,0,0,0,0
2021-06-21,JetBlue,N455XX,3086,ATL,CityName,State,SFO,CityName,State,60,1,56,1,0,,69,1620,56,0,0,0,0
2021-06-21,Delta,N219XX,4290,DEN,CityName,State,BOS,CityName,State,0,0,-10,0,0,,75,286,0,0,0,0,0
2021-06-22,Southwest,N729XX,4250,DEN,CityName,State,DEN,CityName,State,0,0,9,0,0,,81,156,0,0,0,0,0
2021-06-22,Southwest,N767XX,3639,BOS,CityName,State,MIA,CityName,State,120,1,126,1,0,,268,1298,126,0,0,0,0
2021-06-22,American,N256XX,3175,SEA,CityName,State,SFO,CityName,State,45,1,54,1,0,,222,365,0,54,0,0,0
2021-06-22,United,N252XX,5690,ATL,CityName,State,SFO,CityName,State,0,0,5,0,0,,91,2033,0,0,0,0,0
2021-06-22,Southwest,N228XX,9769,MIA,CityName,State,DEN,CityName,State,45,1,44,1,0,,83,438,0,0,44,0,0
2021-06-22,American,N136XX,586,MIA,CityName,State,DEN,CityName,State,0,0,4,0,0,,90,2178,0,0,0,0,0
2021-06-22,Delta,N220XX,715,LAX,CityName,State,SEA,CityName,State,0,0,-4,0,0,,75,1117,0,0,0,0,0
2021-06-22,Southwest,N894XX,3617,SFO,CityName,State,MIA,CityName,State,60,1,53,1,0,,296,1617,53,0,0,0,0
2021-06-22,Southwest,N164XX,3969,LAX,CityName,State,SEA,CityName,State,0,0,10,0,0,,183,393,0,0,0,0,0
2021-06-22,American,N911XX,9064,MIA,CityName,State,MIA,CityName,State,0,0,7,0,0,,144,877,0,0,0,0,0
2021-06-22,United,N861XX,6694,BOS,CityName,State,ORD,CityName,State,0,0,2,0,0,,254,1235,0,0,0,0,0
2021-06-22,Southwest,N396XX,9143,ATL,CityName,State,ATL,CityName,State,15,1,13,0,0,,216,472,0,0,0,0,0
2021-06-22,American,N605XX,5541,SFO,CityName,State,BOS,CityName,State,0,0,-5,0,0,,227,671,0,0,0,0,0
2021-06-22,Delta,N260XX,5419,DEN,CityName,State,MIA,CityName,State,0,0,3,0,0,,274,912,0,0,0,0,0
2021-06-23,Southwest,N994XX,9933,ORD,CityName,State,SFO,CityName,State,0,0,-9,0,0,,77,1173,0,0,0,0,0
2021-06-23,American,N313XX,8364,JFK,CityName,State,JFK,CityName,State,0,0,-11,0,0,,220,626,0,0,0,0,0
2021-06-23,Delta,N905XX,6308,MIA,CityName,State,ORD,CityName,State,0,0,6,0,0,,147,2275,0,0,0,0,0
2021-06-23,American,N586XX,5991,MIA,CityName,State,MIA,CityName,State,0,0,10,0,0,,355,2153,0,0,0,0,0
2021-06-23,Delta,N217XX,5145,LAX,CityName,State,BOS,CityName,State,0,0,9,0,0,,342,2617,0,0,0,0,0
2021-06-23,Delta,N259XX,9493,ORD,CityName,State,SFO,CityName,State,15,1,11,0,0,,84,1933,0,0,0,0,0
2021-06-23,United,N263XX,8081,DFW,CityName,State,SEA,CityName,State,0,0,-5,0,0,,49,474,0,0,0,0,0
2021-06-23,JetBlue,N456XX,4720,LAX,CityName,State,MIA,CityName,State,0,0,2,0,0,,255,2455,0,0,0,0,0
2021-06-23,Southwest,N618XX,4017,MIA,CityName,State,DEN,CityName,State,0,0,0,0,0,,156,659,0,0,0,0,0
2021-06-23,Southwest,N963XX,8386,ATL,CityName,State,ATL,CityName,State,0,0,-3,0,0,,346,232,0,0,0,0,0
2021-06-24,Delta,N855XX,8308,ORD,CityName,State,DFW,CityName,State,45,1,42,1,0,,347,2048,0,42,0,0,0
2021-06-24,Southwest,N456XX,9753,SFO,CityName,State,DFW,CityName,State,0,0,5,0,0,,323,2175,0,0,0,0,0
2021-06-24,United,N851XX,1995,LAX,CityName,State,DEN,CityName,State,0,0,4,0,0,,144,2930,0,0,0,0,0
2021-06-24,Delta,N821XX,8239,DFW,CityName,State,DEN,CityName,State,0,0,-6,0,0,,171,2951,0,0,0,0,0
2021-06-24,United,N135XX,8652,JFK,CityName,State,ATL,CityName,State,15,1,9,0,0,,103,150,0,0,0,0,0
2021-06-24,United,N356XX,3784,SFO,CityName,State,ORD,CityName,State,0,0,3,0,0,,55,2638,0,0,0,0,0
2021-06-24,Southwest,N197XX,5820,DEN,CityName,State,ATL,CityName,State,0,0,2,0,0,,246,699,0,0,0,0,0
2021-06-24,Southwest,N747XX,7135,ATL,CityName,State,SFO,CityName,State,0,0,9,0,0,,245,1594,0,0,0,0,0
2021-06-24,United,N744XX,2057,DFW,CityName,State,ATL,CityName,State,15,1,14,0,0,,327,2237,0,0,0,0,0
2021-06-24,JetBlue,N512XX,6693,SFO,CityName,State,SFO,CityName,State,0,0,-3,0,0,,141,635,0,0,0,0,0
2021-06-24,American,N991XX,2323,DFW,CityName,State,MIA,CityName,State,15,1,0,0,1,A,101,613,0,0,0,0,0
2021-06-24,JetBlue,N716XX,4823,ATL,CityName,State,SEA,CityName,State,0,0,-6,0,0,,125,2735,0,0,0,0,0
2021-06-25,Southwest,N442XX,9717,DFW,CityName,State,JFK,CityName,State,0,0,-12,0,0,,300,1130,0,0,0,0,0
2021-06-25,Southwest,N762XX,1430,JFK,CityName,State,DEN,CityName,State,30,1,24,1,0,,195,1545,0,0,0,0,24
2021-06-25,Delta,N995XX,2155,DFW,CityName,State,ORD,CityName,State,0,0,0,0,0,,166,2966,0,0,0,0,0
2021-06-25,United,N139XX,6668,ATL,CityName,State,JFK,CityName,State,0,0,6,0,0,,309,1128,0,0,0,0,0
2021-06-25,Delta,N980XX,4031,ATL,CityName,State,DFW,CityName,State,0,0,-1,0,0,,198,1343,0,0,0,0,0
2021-06-25,American,N733XX,6835,ORD,CityName,State,MIA,CityName,State,0,0,-3,0,0,,248,1749,0,0,0,0,0
2021-06-25,American,N388XX,9344,MIA,CityName,State,MIA,CityName,State,0,0,0,0,1,A,97,2829,0,0,0,0,0
2021-06-25,American,N182XX,9339,ORD,CityName,State,SFO,CityName,State,15,1,7,0,0,,214,404,0,0,0,0,0
2021-06-25,American,N507XX,6405,SFO,CityName,State,BOS,CityName,State,0,0,-13,0,0,,162,1869,0,0,0,0,0
2021-06-25,Delta,N385XX,8218,LAX,CityName,State,ATL,CityName,State,15,1,6,0,0,,128,161,0,0,0,0,0
2021-06-25,JetBlue,N217XX,6391,SFO,CityName,State,ATL,CityName,State,15,1,20,1,0,,239,1349,20,0,0,0,0
2021-06-25,Southwest,N752XX,5259,ORD,CityName,State,DEN,CityName,State,0,0,-9,0,0,,126,2390,0,0,0,0,0
2021-06-25,United,N942XX,2963,ORD,CityName,State,DFW,CityName,State,0,0,1,0,0,,344,674,0,0,0,0,0
2021-06-25,JetBlue,N983XX,5940,SEA,CityName,State,BOS,CityName,State,0,0,6,0,0,,265,928,0,0,0,0,0
2021-06-25,United,N243XX,2505,BOS,CityName,State,ATL,CityName,State,30,1,38,1,0,,331,538,0,0,38,0,0
2021-06-25,Southwest,N598XX,8304,ORD,CityName,State,BOS,CityName,State,0,0,-8,0,0,,81,2670,0,0,0,0,0
2021-06-25,United,N876XX,9850,BOS,CityName,State,ORD,CityName,State,0,0,-6,0,0,,226,1576,0,0,0,0,0
2021-06-25,Delta,N998XX,3153,LAX,CityName,State,ORD,CityName,State,0,0,-3,0,0,,54,726,0,0,0,0,0
2021-06-26,American,N372XX,6987,MIA,CityName,State,DEN,CityName,State,0,0,0,0,0,,202,2395,0,0,0,0,0
2021-06-26,United,N914XX,2523,DEN,CityName,State,BOS,CityName,State,0,0,-8,0,0,,225,2816,0,0,0,0,0
2021-06-26,JetBlue,N498XX,8385,DEN,CityName,State,DFW,CityName,State,30,1,30,1,0,,272,2439,0,0,30,0,0
2021-06-26,Southwest,N843XX,1435,ATL,CityName,State,SEA,CityName,State,15,1,7,0,0,,174,2819,0,0,0,0,0
2021-06-26,American,N802XX,648,MIA,CityName,State,JFK,CityName,State,45,1,38,1,0,,323,2870,0,0,0,0,38
2021-06-26,Southwest,N220XX,4040,MIA,CityName,State,SFO,CityName,State,30,1,22,1,0,,165,2524,22,0,0,0,0
2021-06-26,JetBlue,N162XX,4423,BOS,CityName,State,BOS,CityName,State,45,1,32,1,0,,102,2726,0,0,32,0,0
2021-06-26,United,N743XX,7259,ORD,CityName,State,JFK,CityName,State,0,0,-10,0,0,,222,1628,0,0,0,0,0
2021-06-26,JetBlue,N867XX,7253,DEN,CityName,State,ATL,CityName,State,0,0,-2,0,0,,244,1821,0,0,0,0,0
2021-06-26,Southwest,N593XX,7585,MIA,CityName,State,DFW,CityName,State,0,0,0,0,0,,226,1775,0,0,0,0,0
2021-06-27,Southwest,N393XX,7900,SFO,CityName,State,BOS,CityName,State,45,1,44,1,0,,96,2923,0,0,44,0,0
2021-06-27,Delta,N415XX,4569,SFO,CityName,State,MIA,CityName,State,15,1,7,0,0,,333,2827,0,0,0,0,0
2021-06-27,JetBlue,N458XX,6614,ATL,CityName,State,SFO,CityName,State,0,0,8,0,0,,125,2265,0,0,0,0,0
2021-06-27,United,N962XX,7962,BOS,CityName,State,ATL,CityName,State,0,0,-4,0,0,,57,2940,0,0,0,0,0
2021-06-27,Southwest,N678XX,2942,ATL,CityName,State,SFO,CityName,State,0,0,-11,0,0,,68,2171,0,0,0,0,0
2021-06-27,JetBlue,N379XX,2518,LAX,CityName,State,ORD,CityName,State,0,0,1,0,0,,74,1081,0,0,0,0,0
2021-06-27,Southwest,N712XX,3800,LAX,CityName,State,LAX,CityName,State,15,1,19,1,0,,165,2510,0,0,19,0,0
2021-06-27,Southwest,N423XX,4243,LAX,CityName,State,LAX,CityName,State,0,0,-4,0,0,,261,439,0,0,0,0,0
2021-06-27,Southwest,N207XX,1964,MIA,CityName,State,JFK,CityName,State,0,0,4,0,0,,161,477,0,0,0,0,0
2021-06-27,Delta,N995XX,9015,SFO,CityName,State,SEA,CityName,State,0,0,7,0,0,,224,855,0,0,0,0,0
2021-06-27,American,N426XX,372,SFO,CityName,State,ORD,CityName,State,0,0,-13,0,0,,104,2992,0,0,0,0,0
2021-06-28,Delta,N709XX,2784,DEN,CityName,State,SFO,CityName,State,0,0,1,0,0,,314,444,0,0,0,0,0
2021-06-28,Delta,N710XX,4466,ORD,CityName,State,JFK,CityName,State,0,0,0,0,1,A,142,2307,0,0,0,0,0
2021-06-28,American,N977XX,5844,ATL,CityName,State,BOS,CityName,State,60,1,50,1,0,,111,2224,0,50,0,0,0
2021-06-28,American,N599XX,1985,DEN,CityName,State,ORD,CityName,State,15,1,4,0,0,,174,1794,0,0,0,0,0
2021-06-28,Southwest,N714XX,8629,ORD,CityName,State,BOS,CityName,State,0,0,8,0,0,,318,1085,0,0,0,0,0
2021-06-28,American,N615XX,2370,BOS,CityName,State,SEA,CityName,State,0,0,2,0,0,,194,1288,0,0,0,0,0
2021-06-29,American,N262XX,8635,ORD,CityName,State,SFO,CityName,State,15,1,9,0,0,,351,323,0,0,0,0,0
2021-06-29,American,N700XX,5652,ATL,CityName,State,LAX,CityName,State,0,0,-12,0,0,,147,1099,0,0,0,0,0
2021-06-29,Southwest,N904XX,1355,ORD,CityName,State,ORD,CityName,State,0,0,-9,0,0,,308,839,0,0,0,0,0
2021-06-29,Southwest,N541XX,1490,DFW,CityName,State,LAX,CityName,State,0,0,1,0,0,,213,2169,0,0,0,0,0
2021-06-29,American,N562XX,5514,BOS,CityName,State,JFK,CityName,State,0,0,-14,0,0,,317,1445,0,0,0,0,0
2021-06-29,American,N620XX,7502,DEN,CityName,State,ORD,CityName,State,0,0,0,0,0,,359,1567,0,0,0,0,0
2021-06-29,JetBlue,N318XX,5611,MIA,CityName,State,MIA,CityName,State,120,1,126,1,0,,84,2072,126,0,0,0,0
2021-06-30,American,N634XX,9964,ORD,CityName,State,ATL,CityName,State,0,0,-2,0,0,,336,393,0,0,0,0,0
2021-06-30,Southwest,N503XX,5732,DEN,CityName,State,BOS,CityName,State,0,0,7,0,0,,294,167,0,0,0,0,0
2021-06-30,Delta,N401XX,5765,LAX,CityName,State,BOS,CityName,State,15,1,2,0,0,,168,799,0,0,0,0,0
2021-06-30,Delta,N811XX,9270,ATL,CityName,State,ATL,CityName,State,0,0,4,0,0,,235,619,0,0,0,0,0
2021-06-30,American,N785XX,9922,SFO,CityName,State,LAX,CityName,State,15,1,24,1,0,,171,293,24,0,0,0,0
2021-06-30,United,N625XX,1121,SEA,CityName,State,LAX,CityName,State,15,1,16,1,0,,163,891,0,0,16,0,0
2021-06-30,Southwest,N170XX,9793,JFK,CityName,State,ATL,CityName,State,15,1,10,0,0,,228,1168,0,0,0,0,0
2021-06-30,JetBlue,N862XX,9213,LAX,CityName,State,LAX,CityName,State,0,0,-9,0,0,,73,707,0,0,0,0,0
2021-06-30,Delta,N904XX,1211,BOS,CityName,State,ORD,CityName,State,0,0,-1,0,0,,213,1227,0,0,0,0,0
2021-06-30,American,N665XX,7565,JFK,CityName,State,JFK,CityName,State,0,0,4,0,0,,194,1783,0,0,0,0,0
2021-06-30,Delta,N966XX,8251,ORD,CityName,State,SEA,CityName,State,0,0,-5,0,0,,148,2985,0,0,0,0,0
2021-06-30,Southwest,N197XX,7834,ATL,CityName,State,ORD,CityName,State,30,1,25,1,0,,191,1955,0,0,0,0,25
2021-06-30,United,N586XX,6091,ATL,CityName,State,ORD,CityName,State,0,0,9,0,0,,257,669,0,0,0,0,0
2021-06-30,Delta,N246XX,9038,ATL,CityName,State,DEN,CityName,State,0,0,6,0,0,,284,731,0,0,0,0,0
2021-06-30,United,N341XX,1329,JFK,CityName,State,SEA,CityName,State,0,0,-8,0,0,,210,2773,0,0,0,0,0
2021-06-30,United,N707XX,2222,LAX,CityName,State,LAX,CityName,State,0,0,-7,0,0,,196,1729,0,0,0,0,0
2021-06-30,American,N235XX,1501,DFW,CityName,State,MIA,CityName,State,60,1,60,1,0,,126,518,60,0,0,0,0
2021-07-01,Southwest,N812XX,1490,DFW,CityName,State,BOS,CityName,State,0,0,6,0,0,,341,2346,0,0,0,0,0
2021-07-01,United,N156XX,9022,LAX,CityName,State,MIA,CityName,State,0,0,-2,0,0,,316,1287,0,0,0,0,0
2021-07-01,American,N181XX,753,ATL,CityName,State,LAX,CityName,State,0,0,4,0,0,,55,1377,0,0,0,0,0
2021-07-01,American,N277XX,7361,BOS,CityName,State,DFW,CityName,State,0,0,-1,0,0,,324,2330,0,0,0,0,0
2021-07-01,Delta,N930XX,6288,JFK,CityName,State,DEN,CityName,State,0,0,-5,0,0,,160,505,0,0,0,0,0
2021-07-01,Southwest,N554XX,424,SFO,CityName,State,ORD,CityName,State,0,0,5,0,0,,177,2891,0,0,0,0,0
2021-07-01,United,N505XX,8306,SEA,CityName,State,MIA,CityName,State,0,0,-10,0,0,,358,1184,0,0,0,0,0
2021-07-01,Delta,N372XX,2310,BOS,CityName,State,LAX,CityName,State,0,0,-5,0,0,,280,612,0,0,0,0,0
2021-07-01,American,N605XX,6177,SEA,CityName,State,SEA,CityName,State,0,0,8,0,0,,157,455,0,0,0,0,0
2021-07-01,United,N327XX,1711,DFW,CityName,State,MIA,CityName,State,0,0,-10,0,0,,116,2063,0,0,0,0,0
2021-07-01,JetBlue,N140XX,7312,SFO,CityName,State,JFK,CityName,State,120,1,121,1,0,,286,325,121,0,0,0,0
2021-07-01,United,N480XX,4626,MIA,CityName,State,SFO,CityName,State,15,1,14,0,0,,108,1917,0,0,0,0,0
2021-07-01,American,N578XX,6105,SEA,CityName,State,SFO,CityName,State,0,0,-6,0,0,,141,2167,0,0,0,0,0
2021-07-02,Southwest,N443XX,6683,DFW,CityName,State,BOS,CityName,State,0,0,7,0,0,,251,1606,0,0,0,0,0
2021-07-02,American,N992XX,9493,JFK,CityName,State,DFW,CityName,State,0,0,-11,0,0,,174,2210,0,0,0,0,0
2021-07-02,Southwest,N676XX,4269,JFK,CityName,State,DFW,CityName,State,0,0,-14,0,0,,80,1492,0,0,0,0,0
2021-07-02,JetBlue,N388XX,8579,DEN,CityName,State,SFO,CityName,State,15,1,22,1,0,,171,2997,22,0,0,0,0
2021-07-02,American,N300XX,8714,ORD,CityName,State,ATL,CityName,State,0,0,-9,0,0,,313,2483,0,0,0,0,0
2021-07-02,Delta,N156XX,1535,ATL,CityName,State,ATL,CityName,State,0,0,-1,0,0,,79,2849,0,0,0,0,0
2021-07-02,United,N487XX,3699,MIA,CityName,State,DFW,CityName,State,45,1,48,1,0,,123,473,0,0,0,0,48
2021-07-02,Southwest,N532XX,2091,ATL,CityName,State,LAX,CityName,State,120,1,123,1,0,,307,597,0,123,0,0,0
2021-07-02,American,N888XX,2320,ATL,CityName,State,JFK,CityName,State,0,0,-6,0,0,,259,2202,0,0,0,0,0
2021-07-03,United,N204XX,6134,ORD,CityName,State,MIA,CityName,State,0,0,-12,0,0,,274,1162,0,0,0,0,0
2021-07-03,United,N773XX,2200,ATL,CityName,State,SFO,CityName,State,45,1,52,1,0,,111,2665,52,0,0,0,0
2021-07-03,United,N283XX,9912,ATL,CityName,State,SEA,CityName,State,0,0,5,0,0,,348,2564,0,0,0,0,0
2021-07-03,Delta,N962XX,239,MIA,CityName,State,BOS,CityName,State,0,0,-13,0,0,,216,672,0,0,0,0,0
2021-07-03,Delta,N681XX,3377,ORD,CityName,State,BOS,CityName,State,0,0,-3,0,0,,252,1516,0,0,0,0,0
2021-07-03,American,N487XX,7398,LAX,CityName,State,SEA,CityName,State,15,1,1,0,0,,251,720,0,0,0,0,0
2021-07-03,Southwest,N323XX,3420,ATL,CityName,State,LAX,CityName,State,30,1,22,1,0,,283,2358,0,0,0,0,22
2021-07-03,Southwest,N631XX,273,LAX,CityName,State,LAX,CityName,State,0,0,-10,0,0,,264,1150,0,0,0,0,0
2021-07-03,American,N800XX,3079,DEN,CityName,State,ATL,CityName,State,0,0,5,0,0,,112,2717,0,0,0,0,0
2021-07-03,Delta,N480XX,1790,DFW,CityName,State,DEN,CityName,State,0,0,9,0,0,,191,929,0,0,0,0,0
2021-07-03,JetBlue,N791XX,9737,DEN,CityName,State,JFK,CityName,State,15,1,22,1,0,,262,1388,22,0,0,0,0
2021-07-03,JetBlue,N390XX,2341,BOS,CityName,State,MIA,CityName,State,60,1,62,1,0,,348,2430,62,0,0,0,0
2021-07-03,United,N770XX,4063,DEN,CityName,State,LAX,CityName,State,0,0,6,0,0,,176,2535,0,0,0,0,0
2021-07-03,American,N399XX,5433,ATL,CityName,State,MIA,CityName,State,0,0,0,0,0,,357,553,0,0,0,0,0
2021-07-03,American,N380XX,8017,ATL,CityName,State,JFK,CityName,State,0,0,8,0,0,,276,2709,0,0,0,0,0
2021-07-03,United,N880XX,4424,LAX,CityName,State,DFW,CityName,State,15,1,16,1,0,,207,1191,16,0,0,0,0
2021-07-03,Southwest,N218XX,6215,SFO,CityName,State,SFO,CityName,State,30,1,24,1,0,,197,785,24,0,0,0,0
2021-07-03,United,N695XX,9451,JFK,CityName,State,DFW,CityName,State,15,1,6,0,0,,282,2479,0,0,0,0,0
2021-07-03,JetBlue,N898XX,4804,DFW,CityName,State,ATL,CityName,State,0,0,-8,0,0,,149,2474,0,0,0,0,0
2021-07-03,American,N120XX,3333,BOS,CityName,State,DFW,CityName,State,0,0,5,0,0,,190,981,0,0,0,0,0
2021-07-04,JetBlue,N654XX,2034,MIA,CityName,State,BOS,CityName,State,30,1,32,1,0,,170,1537,0,32,0,0,0
2021-07-04,Delta,N384XX,3713,SFO,CityName,State,DFW,CityName,State,0,0,0,0,1,A,324,446,0,0,0,0,0
2021-07-04,United,N169XX,6965,JFK,CityName,State,DEN,CityName,State,0,0,5,0,0,,221,2773,0,0,0,0,0
2021-07-04,United,N872XX,958,LAX,CityName,State,ATL,CityName,State,0,0,0,0,0,,131,1277,0,0,0,0,0
2021-07-04,Delta,N776XX,1722,DEN,CityName,State,MIA,CityName,State,60,1,68,1,0,,132,710,68,0,0,0,0
2021-07-04,Southwest,N341XX,8956,MIA,CityName,State,DFW,CityName,State,60,1,54,1,0,,350,1954,0,0,54,0,0
2021-07-04,Southwest,N184XX,6981,BOS,CityName,State,MIA,CityName,State,0,0,-3,0,0,,203,2905,0,0,0,0,0
2021-07-04,JetBlue,N369XX,3197,LAX,CityName,State,SEA,CityName,State,0,0,-8,0,0,,116,2285,0,0,0,0,0
2021-07-05,Southwest,N218XX,4652,SFO,CityName,State,SEA,CityName,State,15,1,5,0,0,,291,1309,0,0,0,0,0
2021-07-05,JetBlue,N254XX,1516,BOS,CityName,State,ATL,CityName,State,0,0,-3,0,0,,128,738,0,0,0,0,0
2021-07-05,Delta,N764XX,7890,LAX,CityName,State,LAX,CityName,State,15,1,1,0,0,,260,2260,0,0,0,0,0
2021-07-05,JetBlue,N252XX,5569,SEA,CityName,State,ATL,CityName,State,15,1,10,0,0,,349,1281,0,0,0,0,0
2021-07-05,Delta,N327XX,153,DFW,CityName,State,MIA,CityName,State,45,1,32,1,0,,303,224,0,0,0,0,32
2021-07-05,Southwest,N699XX,6178,BOS,CityName,State,LAX,CityName,State,0,0,-2,0,0,,200,2283,0,0,0,0,0
2021-07-05,American,N273XX,7188,LAX,CityName,State,MIA,CityName,State,0,0,0,0,0,,305,2219,0,0,0,0,0
2021-07-05,American,N427XX,4566,DEN,CityName,State,ATL,CityName,State,0,0,8,0,0,,338,778,0,0,0,0,0
2021-07-05,Delta,N388XX,7195,JFK,CityName,State,BOS,CityName,State,0,0,9,0,0,,92,2277,0,0,0,0,0
2021-07-05,Southwest,N847XX,5813,SFO,CityName,State,JFK,CityName,State,0,0,1,0,0,,63,1138,0,0,0,0,0
2021-07-05,Southwest,N391XX,5425,LAX,CityName,State,ATL,CityName,State,15,1,18,1,0,,303,1509,18,0,0,0,0
2021-07-05,United,N610XX,2442,DFW,CityName,State,BOS,CityName,State,45,1,49,1,0,,260,1315,0,0,49,0,0
2021-07-05,American,N815XX,7916,DEN,CityName,State,DEN,CityName,State,15,1,18,1,0,,97,1668,0,0,18,0,0
2021-07-05,American,N924XX,527,LAX,CityName,State,ATL,CityName,State,0,0,-7,0,0,,289,1636,0,0,0,0,0
2021-07-06,Delta,N503XX,1788,JFK,CityName,State,MIA,CityName,State,15,1,21,1,0,,53,564,0,0,21,0,0
2021-07-06,Southwest,N760XX,9584,ORD,CityName,State,ORD,CityName,State,0,0,-9,0,0,,273,874,0,0,0,0,0
2021-07-06,United,N136XX,290,SFO,CityName,State,DFW,CityName,State,0,0,2,0,0,,321,555,0,0,0,0,0
2021-07-06,United,N162XX,808,JFK,CityName,State,BOS,CityName,State,240,1,233,1,0,,97,1625,0,0,0,0,233
2021-07-06,American,N518XX,3127,BOS,CityName,State,MIA,CityName,State,30,1,33,1,0,,258,1763,0,0,33,0,0
2021-07-06,Delta,N458XX,7493,DFW,CityName,State,MIA,CityName,State,0,0,-4,0,0,,328,2034,0,0,0,0,0
2021-07-06,Delta,N759XX,1795,SEA,CityName,State,SEA,CityName,State,60,1,50,1,0,,333,2361,50,0,0,0,0
2021-07-07,JetBlue,N298XX,9792,DFW,CityName,State,DEN,CityName,State,15,1,16,1,0,,345,2291,16,0,0,0,0
2021-07-07,United,N420XX,1890,JFK,CityName,State,SEA,CityName,State,0,0,-6,0,0,,152,1751,0,0,0,0,0
2021-07-07,United,N206XX,2678,DEN,CityName,State,SFO,CityName,State,0,0,-7,0,0,,101,1425,0,0,0,0,0
2021-07-07,United,N451XX,8430,SEA,CityName,State,MIA,CityName,State,0,0,2,0,0,,125,1154,0,0,0,0,0
2021-07-07,American,N872XX,8334,ATL,CityName,State,LAX,CityName,State,0,0,10,0,0,,220,885,0,0,0,0,0
2021-07-07,JetBlue,N462XX,8568,DFW,CityName,State,SFO,CityName,State,0,0,-3,0,0,,356,757,0,0,0,0,0
2021-07-07,American,N773XX,9776,ATL,CityName,State,SEA,CityName,State,0,0,-11,0,0,,359,1551,0,0,0,0,0
2021-07-07,Delta,N562XX,6421,SEA,CityName,State,JFK,CityName,State,60,1,67,1,0,,151,1130,0,0,67,0,0
2021-07-07,Delta,N751XX,2195,BOS,CityName,State,SFO,CityName,State,0,0,6,0,0,,81,2299,0,0,0,0,0
2021-07-07,Southwest,N724XX,5499,DFW,CityName,State,BOS,CityName,State,0,0,5,0,0,,209,993,0,0,0,0,0
2021-07-07,Southwest,N736XX,7411,ATL,CityName,State,DFW,CityName,State,15,1,5,0,0,,76,1844,0,0,0,0,0
2021-07-07,United,N301XX,360,SEA,CityName,State,JFK,CityName,State,0,0,-14,0,0,,196,1441,0,0,0,0,0
2021-07-07,JetBlue,N646XX,2388,JFK,CityName,State,LAX,CityName,State,30,1,34,1,0,,355,460,34,0,0,0,0
2021-07-07,American,N744XX,7582,JFK,CityName,State,JFK,CityName,State,0,0,7,0,0,,46,238,0,0,0,0,0
2021-07-07,United,N849XX,6573,JFK,CityName,State,DFW,CityName,State,0,0,4,0,0,,252,2599,0,0,0,0,0
2021-07-07,United,N521XX,7792,DEN,CityName,State,DEN,CityName,State,0,0,2,0,0,,104,2779,0,0,0,0,0
2021-07-08,American,N876XX,9932,DFW,CityName,State,DEN,CityName,State,0,0,3,0,0,,338,1544,0,0,0,0,0
2021-07-08,Southwest,N609XX,832,ATL,CityName,State,MIA,CityName,State,0,0,-11,0,0,,292,1855,0,0,0,0,0
2021-07-08,Delta,N888XX,8792,DEN,CityName,State,JFK,CityName,State,0,0,0,0,1,A,137,1280,0,0,0,0,0
2021-07-08,American,N425XX,645,MIA,CityName,State,DFW,CityName,State,120,1,121,1,0,,165,1882,0,0,121,0,0
2021-07-08,Southwest,N706XX,1357,ORD,CityName,State,LAX,CityName,State,0,0,-14,0,0,,334,2510,0,0,0,0,0
2021-07-08,United,N609XX,4275,SFO,CityName,State,DEN,CityName,State,0,0,2,0,0,,281,870,0,0,0,0,0
2021-07-08,Delta,N763XX,1580,ATL,CityName,State,ORD,CityName,State,15,1,2,0,0,,107,2956,0,0,0,0,0
2021-07-08,United,N499XX,3777,DEN,CityName,State,JFK,CityName,State,0,0,8,0,0,,238,1155,0,0,0,0,0
2021-07-08,JetBlue,N496XX,4735,JFK,CityName,State,ATL,CityName,State,0,0,-7,0,0,,309,2343,0,0,0,0,0
2021-07-08,American,N162XX,6271,ORD,CityName,State,ORD,CityName,State,0,0,9,0,0,,70,1041,0,0,0,0,0
2021-07-08,United,N213XX,6534,ORD,CityName,State,JFK,CityName,State,0,0,9,0,0,,82,1363,0,0,0,0,0
2021-07-08,Southwest,N157XX,9942,JFK,CityName,State,DEN,CityName,State,0,0,-3,0,0,,75,987,0,0,0,0,0
2021-07-08,Delta,N939XX,9711,SFO,CityName,State,DEN,CityName,State,15,1,3,0,0,,58,1077,0,0,0,0,0
2021-07-08,American,N285XX,719,DEN,CityName,State,LAX,CityName,State,0,0,7,0,0,,151,1361,0,0,0,0,0
2021-07-09,JetBlue,N523XX,2048,LAX,CityName,State,BOS,CityName,State,15,1,2,0,0,,73,1825,0,0,0,0,0
2021-07-09,United,N580XX,3782,BOS,CityName,State,LAX,CityName,State,120,1,122,1,0,,237,867,0,0,122,0,0
2021-07-09,American,N883XX,1371,SFO,CityName,State,BOS,CityName,State,0,0,-14,0,0,,86,836,0,0,0,0,0
2021-07-09,American,N966XX,9170,ATL,CityName,State,BOS,CityName,State,0,0,-9,0,0,,82,178,0,0,0,0,0
2021-07-09,American,N565XX,9470,DEN,CityName,State,LAX,CityName,State,0,0,4,0,0,,233,1435,0,0,0,0,0
2021-07-09,American,N319XX,5304,MIA,CityName,State,MIA,CityName,State,240,1,245,1,0,,187,2523,0,0,245,0,0
2021-07-09,Delta,N376XX,9124,DFW,CityName,State,SFO,CityName,State,0,0,-11,0,0,,137,947,0,0,0,0,0
2021-07-09,Delta,N618XX,945,MIA,CityName,State,MIA,CityName,State,0,0,1,0,0,,229,362,0,0,0,0,0
2021-07-10,Southwest,N623XX,408,ORD,CityName,State,DEN,CityName,State,0,0,-4,0,0,,318,2860,0,0,0,0,0
2021-07-10,American,N463XX,4301,LAX,CityName,State,DFW,CityName,State,0,0,-10,0,0,,211,2545,0,0,0,0,0
2021-07-10,United,N127XX,7335,MIA,CityName,State,ATL,CityName,State,0,0,-4,0,0,,355,2629,0,0,0,0,0
2021-07-10,American,N307XX,1583,DEN,CityName,State,DEN,CityName,State,0,0,10,0,0,,72,2200,0,0,0,0,0
2021-07-10,American,N818XX,916,ATL,CityName,State,ATL,CityName,State,0,0,-6,0,0,,318,2328,0,0,0,0,0
2021-07-10,Southwest,N634XX,9592,ORD,CityName,State,MIA,CityName,State,0,0,-13,0,0,,259,2625,0,0,0,0,0
2021-07-10,American,N101XX,9672,BOS,CityName,State,BOS,CityName,State,0,0,6,0,0,,294,153,0,0,0,0,0
2021-07-10,United,N614XX,9213,JFK,CityName,State,SEA,CityName,State,0,0,-4,0,0,,166,925,0,0,0,0,0
2021-07-10,United,N848XX,7594,DFW,CityName,State,BOS,CityName,State,0,0,6,0,0,,295,863,0,0,0,0,0
2021-07-10,Southwest,N624XX,521,ATL,CityName,State,LAX,CityName,State,0,0,0,0,0,,280,437,0,0,0,0,0
2021-07-10,United,N165XX,1422,DFW,CityName,State,JFK,CityName,State,0,0,7,0,0,,64,930,0,0,0,0,0
2021-07-10,United,N949XX,9222,DEN,CityName,State,JFK,CityName,State,0,0,2,0,0,,233,1126,0,0,0,0,0
2021-07-10,JetBlue,N441XX,6790,DEN,CityName,State,SFO,CityName,State,0,0,-5,0,0,,242,2173,0,0,0,0,0
2021-07-10,Delta,N860XX,4051,SFO,CityName,State,LAX,CityName,State,0,0,7,0,0,,292,2971,0,0,0,0,0
2021-07-10,Southwest,N536XX,9150,JFK,CityName,State,SEA,CityName,State,0,0,-12,0,0,,77,1244,0,0,0,0,0
2021-07-10,JetBlue,N662XX,6824,DFW,CityName,State,SFO,CityName,State,0,0,-5,0,0,,340,1950,0,0,0,0,0
2021-07-10,JetBlue,N704XX,677,SFO,CityName,State,MIA,CityName,State,0,0,9,0,0,,316,2325,0,0,0,0,0
2021-07-10,JetBlue,N886XX,9964,JFK,CityName,State,SFO,CityName,State,0,0,1,0,0,,323,235,0,0,0,0,0
2021-07-11,American,N620XX,7639,LAX,CityName,State,JFK,CityName,State,0,0,8,0,0,,319,1619,0,0,0,0,0
2021-07-11,Southwest,N563XX,5065,MIA,CityName,State,BOS,CityName,State,0,0,2,0,0,,212,346,0,0,0,0,0
2021-07-11,United,N563XX,441,SFO,CityName,State,DFW,CityName,State,0,0,-7,0,0,,176,660,0,0,0,0,0
2021-07-11,JetBlue,N889XX,4240,ATL,CityName,State,DEN,CityName,State,0,0,-3,0,0,,323,2896,0,0,0,0,0
2021-07-11,JetBlue,N904XX,7491,ATL,CityName,State,SEA,CityName,State,0,0,-9,0,0,,180,1732,0,0,0,0,0
2021-07-11,JetBlue,N470XX,4905,LAX,CityName,State,DEN,CityName,State,0,0,8,0,0,,156,807,0,0,0,0,0
2021-07-11,American,N785XX,5375,LAX,CityName,State,LAX,CityName,State,0,0,-12,0,0,,159,672,0,0,0,0,0
2021-07-11,United,N169XX,5282,BOS,CityName,State,DEN,CityName,State,0,0,-9,0,0,,267,2167,0,0,0,0,0
2021-07-11,Southwest,N925XX,7091,BOS,CityName,State,MIA,CityName,State,0,0,10,0,0,,148,420,0,0,0,0,0
2021-07-11,American,N252XX,8926,MIA,CityName,State,SFO,CityName,State,240,1,228,1,0,,353,2225,0,0,0,0,228
2021-07-11,American,N758XX,4282,DFW,CityName,State,MIA,CityName,State,0,0,6,0,0,,248,590,0,0,0,0,0
2021-07-11,Southwest,N632XX,1505,JFK,CityName,State,ATL,CityName,State,0,0,-9,0,0,,195,403,0,0,0,0,0
2021-07-12,United,N645XX,9964,MIA,CityName,State,BOS,CityName,State,0,0,10,0,0,,228,1540,0,0,0,0,0
2021-07-12,Southwest,N342XX,2246,SFO,CityName,State,BOS,CityName,State,0,0,5,0,0,,275,684,0,0,0,0,0
2021-07-12,JetBlue,N893XX,562,ATL,CityName,State,SEA,CityName,State,0,0,9,0,0,,323,2439,0,0,0,0,0
2021-07-12,JetBlue,N156XX,5110,SFO,CityName,State,SFO,CityName,State,0,0,6,0,0,,104,2797,0,0,0,0,0
2021-07-12,JetBlue,N763XX,7465,LAX,CityName,State,DFW,CityName,State,0,0,-14,0,0,,149,780,0,0,0,0,0
2021-07-12,Delta,N351XX,376,ORD,CityName,State,JFK,CityName,State,0,0,-13,0,0,,114,2759,0,0,0,0,0
2021-07-12,JetBlue,N356XX,7561,BOS,CityName,State,ATL,CityName,State,0,0,-12,0,0,,329,513,0,0,0,0,0
2021-07-12,JetBlue,N283XX,6200,LAX,CityName,State,LAX,CityName,State,0,0,-12,0,0,,115,2249,0,0,0,0,0
2021-07-12,Delta,N831XX,1012,DEN,CityName,State,DFW,CityName,State,0,0,4,0,0,,185,1043,0,0,0,0,0
2021-07-12,United,N654XX,2787,DEN,CityName,State,BOS,CityName,State,15,1,23,1,0,,177,2558,23,0,0,0,0
2021-07-12,United,N305XX,1341,ORD,CityName,State,DFW,CityName,State,45,1,53,1,0,,155,2054,0,0,53,0,0
2021-07-12,United,N131XX,7483,SEA,CityName,State,JFK,CityName,State,0,0,-11,0,0,,89,2442,0,0,0,0,0
2021-07-12,United,N727XX,1893,JFK,CityName,State,MIA,CityName,State,15,1,18,1,0,,66,2298,18,0,0,0,0
2021-07-12,American,N859XX,6924,DEN,CityName,State,ATL,CityName,State,45,1,39,1,0,,247,1080,39,0,0,0,0
2021-07-12,Delta,N363XX,5726,ATL,CityName,State,SFO,CityName,State,45,1,32,1,0,,278,328,0,32,0,0,0
2021-07-12,American,N575XX,3580,SEA,CityName,State,DFW,CityName,State,0,0,5,0,0,,128,1275,0,0,0,0,0
2021-07-12,United,N876XX,3911,BOS,CityName,State,BOS,CityName,State,0,0,-1,0,0,,330,461,0,0,0,0,0
2021-07-12,Delta,N931XX,277,JFK,CityName,State,LAX,CityName,State,0,0,-5,0,0,,324,1809,0,0,0,0,0
2021-07-12,Southwest,N861XX,8251,SFO,CityName,State,LAX,CityName,State,0,0,1,0,0,,235,1664,0,0,0,0,0
2021-07-12,Southwest,N400XX,8613,DFW,CityName,State,LAX,CityName,State,0,0,5,0,0,,122,1461,0,0,0,0,0
2021-07-12,American,N894XX,2192,ATL,CityName,State,ATL,CityName,State,0,0,-1,0,0,,246,2777,0,0,0,0,0
2021-07-12,Southwest,N753XX,6286,SEA,CityName,State,ATL,CityName,State,0,0,4,0,0,,216,1657,0,0,0,0,0
2021-07-13,Southwest,N286XX,5842,JFK,CityName,State,SEA,CityName,State,30,1,17,1,0,,347,818,17,0,0,0,0
2021-07-13,United,N698XX,1359,LAX,CityName,State,ORD,CityName,State,0,0,-2,0,0,,69,595,0,0,0,0,0
2021-07-13,Delta,N102XX,1038,DEN,CityName,State,ORD,CityName,State,0,0,-13,0,0,,239,398,0,0,0,0,0
2021-07-13,JetBlue,N289XX,7079,ORD,CityName,State,BOS,CityName,State,45,1,44,1,0,,134,1211,44,0,0,0,0
2021-07-13,Delta,N237XX,3025,LAX,CityName,State,SFO,CityName,State,15,1,8,0,0,,164,162,0,0,0,0,0
2021-07-13,American,N498XX,2813,JFK,CityName,State,SEA,CityName,State,0,0,7,0,0,,319,342,0,0,0,0,0
2021-07-13,Southwest,N851XX,5397,DEN,CityName,State,DFW,CityName,State,0,0,10,0,0,,156,2629,0,0,0,0,0
2021-07-13,Southwest,N728XX,4408,ATL,CityName,State,ORD,CityName,State,45,1,47,1,0,,260,2069,0,0,47,0,0
2021-07-13,United,N556XX,6735,JFK,CityName,State,MIA,CityName,State,0,0,-6,0,0,,45,2600,0,0,0,0,0
2021-07-13,United,N585XX,1308,ATL,CityName,State,ATL,CityName,State,0,0,-2,0,0,,319,2362,0,0,0,0,0
2021-07-13,JetBlue,N793XX,5201,JFK,CityName,State,SFO,CityName,State,0,0,-10,0,0,,221,436,0,0,0,0,0
2021-07-13,United,N234XX,6256,ORD,CityName,State,SFO,CityName,State,0,0,-5,0,0,,252,1611,0,0,0,0,0
2021-07-13,Southwest,N944XX,7842,SFO,CityName,State,LAX,CityName,State,0,0,-12,0,0,,166,573,0,0,0,0,0
2021-07-13,American,N401XX,3260,LAX,CityName,State,ORD,CityName,State,15,1,11,0,0,,190,2787,0,0,0,0,0
2021-07-13,Delta,N889XX,4366,ORD,CityName,State,ATL,CityName,State,0,0,-14,0,0,,88,398,0,0,0,0,0
2021-07-13,Delta,N316XX,7807,JFK,CityName,State,JFK,CityName,State,0,0,7,0,0,,99,2494,0,0,0,0,0
2021-07-13,Delta,N761XX,2006,ORD,CityName,State,LAX,CityName,State,30,1,27,1,0,,172,2110,0,0,27,0,0
2021-07-13,JetBlue,N420XX,9186,BOS,CityName,State,ORD,CityName,State,0,0,-7,0,0,,173,1401,0,0,0,0,0
2021-07-13,United,N973XX,167,JFK,CityName,State,LAX,CityName,State,0,0,9,0,0,,170,1913,0,0,0,0,0
2021-07-14,Delta,N383XX,3249,DEN,CityName,State,SEA,CityName,State,15,1,4,0,0,,115,2198,0,0,0,0,0
2021-07-14,Delta,N204XX,7115,LAX,CityName,State,SEA,CityName,State,0,0,-14,0,0,,60,693,0,0,0,0,0
2021-07-14,Southwest,N611XX,9150,BOS,CityName,State,MIA,CityName,State,15,1,13,0,0,,146,1240,0,0,0,0,0
2021-07-14,United,N809XX,4337,MIA,CityName,State,ATL,CityName,State,0,0,-13,0,0,,283,2283,0,0,0,0,0
2021-07-14,American,N128XX,1282,LAX,CityName,State,SFO,CityName,State,15,1,23,1,0,,229,1816,23,0,0,0,0
2021-07-14,Delta,N549XX,4461,DEN,CityName,State,BOS,CityName,State,0,0,-3,0,0,,115,2429,0,0,0,0,0
2021-07-14,Southwest,N559XX,6863,SEA,CityName,State,BOS,CityName,State,0,0,5,0,0,,239,2367,0,0,0,0,0
2021-07-14,Southwest,N827XX,8161,JFK,CityName,State,BOS,CityName,State,120,1,122,1,0,,63,1515,122,0,0,0,0
2021-07-14,United,N663XX,7024,ATL,CityName,State,ORD,CityName,State,0,0,10,0,0,,83,2328,0,0,0,0,0
2021-07-14,JetBlue,N521XX,5263,BOS,CityName,State,SEA,CityName,State,0,0,-2,0,0,,270,2181,0,0,0,0,0
2021-07-14,JetBlue,N860XX,278,ATL,CityName,State,DFW,CityName,State,0,0,10,0,0,,125,1629,0,0,0,0,0
2021-07-14,JetBlue,N281XX,9795,ORD,CityName,State,DEN,CityName,State,15,1,8,0,0,,341,1730,0,0,0,0,0
2021-07-14,Delta,N426XX,4078,JFK,CityName,State,DFW,CityName,State,0,0,-8,0,0,,62,2978,0,0,0,0,0
2021-07-14,Delta,N957XX,7194,SEA,CityName,State,DFW,CityName,State,0,0,-1,0,0,,236,2860,0,0,0,0,0
2021-07-14,JetBlue,N752XX,3516,ATL,CityName,State,MIA,CityName,State,0,0,1,0,0,,315,2241,0,0,0,0,0
2021-07-14,American,N190XX,1672,JFK,CityName,State,BOS,CityName,State,15,1,6,0,0,,359,2742,0,0,0,0,0
2021-07-14,Southwest,N184XX,3288,JFK,CityName,State,LAX,CityName,State,0,0,6,0,0,,135,2996,0,0,0,0,0
2021-07-14,Delta,N640XX,4523,SFO,CityName,State,ATL,CityName,State,0,0,0,0,0,,248,2434,0,0,0,0,0
2021-07-14,American,N718XX,3634,LAX,CityName,State,SEA,CityName,State,0,0,8,0,0,,171,1428,0,0,0,0,0
2021-07-14,American,N754XX,1613,SEA,CityName,State,LAX,CityName,State,0,0,8,0,0,,193,1838,0,0,0,0,0
2021-07-14,Delta,N288XX,6685,DFW,CityName,State,ATL,CityName,State,0,0,1,0,0,,349,732,0,0,0,0,0
2021-07-14,American,N933XX,9201,BOS,CityName,State,LAX,CityName,State,0,0,0,0,1,A,236,1314,0,0,0,0,0
2021-07-14,United,N758XX,6582,ORD,CityName,State,JFK,CityName,State,0,0,10,0,0,,290,1937,0,0,0,0,0
2021-07-15,JetBlue,N489XX,2349,MIA,CityName,State,ATL,CityName,State,0,0,-14,0,0,,260,2415,0,0,0,0,0
2021-07-15,United,N118XX,9259,ATL,CityName,State,DEN,CityName,State,15,1,11,0,0,,111,240,0,0,0,0,0
2021-07-15,Delta,N540XX,7861,DFW,CityName,State,JFK,CityName,State,0,0,-7,0,0,,79,2406,0,0,0,0,0
2021-07-15,Southwest,N940XX,5414,SEA,CityName,State,LAX,CityName,State,0,0,4,0,0,,84,1401,0,0,0,0,0
2021-07-15,United,N383XX,8388,JFK,CityName,State,BOS,CityName,State,15,1,7,0,0,,256,883,0,0,0,0,0
2021-07-15,Southwest,N884XX,3847,MIA,CityName,State,SFO,CityName,State,60,1,57,1,0,,164,1417,57,0,0,0,0
2021-07-15,United,N685XX,4298,SFO,CityName,State,SEA,CityName,State,0,0,10,0,0,,147,1272,0,0,0,0,0
2021-07-15,American,N371XX,7249,BOS,CityName,State,BOS,CityName,State,0,0,-3,0,0,,351,1274,0,0,0,0,0
2021-07-15,Delta,N367XX,6589,BOS,CityName,State,MIA,CityName,State,0,0,-11,0,0,,289,174,0,0,0,0,0
2021-07-15,American,N955XX,9310,JFK,CityName,State,LAX,CityName,State,0,0,-5,0,0,,226,1187,0,0,0,0,0
2021-07-15,Southwest,N378XX,5750,SFO,CityName,State,BOS,CityName,State,120,1,116,1,0,,322,1750,116,0,0,0,0
2021-07-15,Delta,N731XX,7402,ORD,CityName,State,DEN,CityName,State,0,0,-3,0,0,,76,2571,0,0,0,0,0
2021-07-15,JetBlue,N845XX,4749,SFO,CityName,State,ORD,CityName,State,0,0,10,0,0,,56,183,0,0,0,0,0
2021-07-15,JetBlue,N429XX,4563,LAX,CityName,State,LAX,CityName,State,0,0,-8,0,0,,322,2539,0,0,0,0,0
2021-07-15,JetBlue,N996XX,7208,ATL,CityName,State,BOS,CityName,State,60,1,53,1,0,,231,2774,0,53,0,0,0
2021-07-16,American,N961XX,8601,DEN,CityName,State,BOS,CityName,State,0,0,-9,0,0,,267,901,0,0,0,0,0
2021-07-16,Southwest,N171XX,9724,ORD,CityName,State,MIA,CityName,State,0,0,0,0,1,A,56,405,0,0,0,0,0
2021-07-16,Delta,N217XX,485,SEA,CityName,State,DFW,CityName,State,0,0,-3,0,0,,340,1228,0,0,0,0,0
2021-07-16,JetBlue,N745XX,3052,JFK,CityName,State,ORD,CityName,State,30,1,31,1,0,,279,2956,31,0,0,0,0
2021-07-16,United,N535XX,2796,DFW,CityName,State,SEA,CityName,State,0,0,0,0,0,,268,762,0,0,0,0,0
2021-07-16,Delta,N133XX,6332,ORD,CityName,State,MIA,CityName,State,0,0,-14,0,0,,99,1276,0,0,0,0,0
2021-07-16,American,N522XX,3060,SFO,CityName,State,DFW,CityName,State,0,0,-4,0,0,,126,1814,0,0,0,0,0
2021-07-16,Southwest,N376XX,8666,JFK,CityName,State,MIA,CityName,State,15,1,7,0,0,,269,1935,0,0,0,0,0
2021-07-16,United,N958XX,8823,BOS,CityName,State,DEN,CityName,State,120,1,128,1,0,,353,1619,0,0,0,0,128
2021-07-16,JetBlue,N615XX,8404,DFW,CityName,State,MIA,CityName,State,0,0,-4,0,0,,290,1976,0,0,0,0,0
2021-07-16,American,N769XX,8793,ATL,CityName,State,SFO,CityName,State,0,0,10,0,0,,251,1845,0,0,0,0,0
2021-07-16,Delta,N992XX,195,SEA,CityName,State,ORD,CityName,State,0,0,-5,0,0,,58,2492,0,0,0,0,0
2021-07-16,American,N662XX,6772,ATL,CityName,State,DEN,CityName,State,0,0,-10,0,0,,316,2762,0,0,0,0,0
2021-07-16,Southwest,N591XX,4145,MIA,CityName,State,ORD,CityName,State,0,0,-4,0,0,,251,2200,0,0,0,0,0
2021-07-16,United,N209XX,173,SFO,CityName,State,ATL,CityName,State,45,1,45,1,0,,173,1513,0,0,0,0,45
2021-07-16,Southwest,N620XX,4633,ATL,CityName,State,SFO,CityName,State,0,0,-14,0,0,,156,214,0,0,0,0,0
2021-07-16,Southwest,N337XX,5596,BOS,CityName,State,SFO,CityName,State,15,1,17,1,0,,103,813,0,17,0,0,0
2021-07-16,Delta,N942XX,4053,JFK,CityName,State,JFK,CityName,State,15,1,11,0,0,,320,2360,0,0,0,0,0
2021-07-16,Southwest,N655XX,202,SEA,CityName,State,DEN,CityName,State,45,1,53,1,0,,352,548,0,0,53,0,0
2021-07-16,JetBlue,N550XX,280,ATL,CityName,State,DEN,CityName,State,0,0,-10,0,0,,312,2167,0,0,0,0,0
2021-07-16,United,N366XX,581,SFO,CityName,State,DFW,CityName,State,0,0,-4,0,0,,351,2814,0,0,0,0,0
2021-07-17,Southwest,N345XX,895,DEN,CityName,State,SFO,CityName,State,0,0,-10,0,0,,166,1016,0,0,0,0,0
2021-07-17,United,N372XX,451,LAX,CityName,State,ORD,CityName,State,0,0,-14,0,0,,47,878,0,0,0,0,0
2021-07-17,Southwest,N652XX,1570,SFO,CityName,State,ATL,CityName,State,30,1,29,1,0,,107,431,0,0,0,0,29
2021-07-17,Delta,N904XX,7212,BOS,CityName,State,LAX,CityName,State,0,0,7,0,0,,304,1099,0,0,0,0,0
2021-07-17,JetBlue,N496XX,7971,JFK,CityName,State,ATL,CityName,State,0,0,-4,0,0,,108,2264,0,0,0,0,0
2021-07-17,Southwest,N606XX,4703,ORD,CityName,State,MIA,CityName,State,0,0,4,0,0,,51,2034,0,0,0,0,0
2021-07-17,Delta,N137XX,7757,ORD,CityName,State,JFK,CityName,State,30,1,17,1,0,,156,2642,0,0,17,0,0
2021-07-17,American,N121XX,3640,DEN,CityName,State,DFW,CityName,State,15,1,8,0,0,,200,1792,0,0,0,0,0
2021-07-17,Southwest,N575XX,9937,MIA,CityName,State,ORD,CityName,State,0,0,6,0,0,,359,1536,0,0,0,0,0
2021-07-17,Southwest,N135XX,1202,SEA,CityName,State,BOS,CityName,State,0,0,-14,0,0,,270,1901,0,0,0,0,0
2021-07-17,JetBlue,N893XX,9200,SFO,CityName,State,SFO,CityName,State,0,0,8,0,0,,118,344,0,0,0,0,0
2021-07-17,JetBlue,N118XX,2152,BOS,CityName,State,MIA,CityName,State,0,0,-13,0,0,,194,1635,0,0,0,0,0
2021-07-17,Southwest,N990XX,5560,ORD,CityName,State,DEN,CityName,State,0,0,-14,0,0,,99,2696,0,0,0,0,0
2021-07-17,United,N553XX,9334,SEA,CityName,State,ATL,CityName,State,0,0,4,0,0,,338,1481,0,0,0,0,0
2021-07-17,United,N600XX,3044,SFO,CityName,State,SFO,CityName,State,0,0,-9,0,0,,211,2217,0,0,0,0,0
2021-07-17,Southwest,N333XX,1398,ORD,CityName,State,LAX,CityName,State,0,0,8,0,0,,106,516,0,0,0,0,0
2021-07-17,Southwest,N712XX,712,LAX,CityName,State,BOS,CityName,State,0,0,-6,0,0,,284,828,0,0,0,0,0
2021-07-18,United,N867XX,8522,ATL,CityName,State,DFW,CityName,State,0,0,9,0,0,,242,2908,0,0,0,0,0
2021-07-18,Delta,N265XX,7259,DEN,CityName,State,DFW,CityName,State,0,0,-13,0,0,,150,1459,0,0,0,0,0
2021-07-18,United,N321XX,8053,SFO,CityName,State,BOS,CityName,State,0,0,-7,0,0,,175,1730,0,0,0,0,0
2021-07-18,Delta,N805XX,4915,MIA,CityName,State,DEN,CityName,State,0,0,1,0,0,,87,2596,0,0,0,0,0
2021-07-18,American,N505XX,6303,ATL,CityName,State,LAX,CityName,State,0,0,-2,0,0,,259,2545,0,0,0,0,0
2021-07-18,Southwest,N829XX,7028,SEA,CityName,State,JFK,CityName,State,15,1,1,0,0,,301,986,0,0,0,0,0
2021-07-18,Delta,N715XX,6094,SEA,CityName,State,MIA,CityName,State,0,0,7,0,0,,90,857,0,0,0,0,0
2021-07-18,Delta,N680XX,958,LAX,CityName,State,BOS,CityName,State,0,0,-9,0,0,,216,365,0,0,0,0,0
2021-07-18,United,N900XX,5536,BOS,CityName,State,ORD,CityName,State,0,0,4,0,0,,54,708,0,0,0,0,0
2021-07-18,Delta,N770XX,1555,SEA,CityName,State,BOS,CityName,State,0,0,-8,0,0,,266,2814,0,0,0,0,0
2021-07-18,American,N378XX,9980,ATL,CityName,State,BOS,CityName,State,0,0,-6,0,0,,116,2119,0,0,0,0,0
2021-07-18,JetBlue,N874XX,2387,MIA,CityName,State,SFO,CityName,State,0,0,0,0,1,A,237,2825,0,0,0,0,0
2021-07-18,American,N450XX,7853,ORD,CityName,State,SEA,CityName,State,15,1,0,0,1,A,163,1910,0,0,0,0,0
2021-07-19,Southwest,N958XX,8716,MIA,CityName,State,ORD,CityName,State,0,0,10,0,0,,58,2950,0,0,0,0,0
2021-07-19,Southwest,N596XX,6394,LAX,CityName,State,MIA,CityName,State,0,0,6,0,0,,156,1979,0,0,0,0,0
2021-07-19,United,N947XX,9099,MIA,CityName,State,DEN,CityName,State,0,0,-11,0,0,,257,2471,0,0,0,0,0
2021-07-19,United,N844XX,821,MIA,CityName,State,ORD,CityName,State,0,0,-7,0,0,,336,1484,0,0,0,0,0
2021-07-19,Delta,N557XX,5655,LAX,CityName,State,ORD,CityName,State,0,0,6,0,0,,134,669,0,0,0,0,0
2021-07-19,American,N562XX,9600,SFO,CityName,State,LAX,CityName,State,45,1,49,1,0,,207,321,49,0,0,0,0
2021-07-19,Southwest,N156XX,5900,ATL,CityName,State,ATL,CityName,State,0,0,-14,0,0,,70,2307,0,0,0,0,0
2021-07-19,JetBlue,N878XX,5424,DFW,CityName,State,JFK,CityName,State,30,1,36,1,0,,160,2626,36,0,0,0,0
2021-07-19,United,N102XX,9900,MIA,CityName,State,MIA,CityName,State,30,1,16,1,0,,95,884,0,0,0,0,16
2021-07-19,Delta,N819XX,3999,ATL,CityName,State,SEA,CityName,State,0,0,9,0,0,,189,2447,0,0,0,0,0
2021-07-19,United,N478XX,3843,DFW,CityName,State,SFO,CityName,State,45,1,44,1,0,,138,2279,0,0,44,0,0
2021-07-19,JetBlue,N713XX,5617,BOS,CityName,State,MIA,CityName,State,0,0,3,0,0,,93,2231,0,0,0,0,0
2021-07-19,American,N724XX,875,JFK,CityName,State,ORD,CityName,State,0,0,4,0,0,,320,724,0,0,0,0,0
2021-07-19,Southwest,N401XX,8505,ORD,CityName,State,JFK,CityName,State,0,0,-8,0,0,,195,461,0,0,0,0,0
2021-07-19,JetBlue,N344XX,2845,LAX,CityName,State,ORD,CityName,State,45,1,49,1,0,,352,2211,0,0,49,0,0
2021-07-19,JetBlue,N786XX,5297,ORD,CityName,State,ORD,CityName,State,0,0,9,0,0,,91,1804,0,0,0,0,0
2021-07-19,Southwest,N531XX,4862,ORD,CityName,State,JFK,CityName,State,0,0,-9,0,0,,359,2286,0,0,0,0,0
2021-07-19,JetBlue,N864XX,6926,MIA,CityName,State,ATL,CityName,State,0,0,1,0,0,,174,2495,0,0,0,0,0
2021-07-19,Delta,N864XX,9236,JFK,CityName,State,ORD,CityName,State,30,1,40,1,0,,150,1494,0,0,0,0,40
2021-07-20,JetBlue,N693XX,5546,SEA,CityName,State,SEA,CityName,State,0,0,10,0,0,,261,2762,0,0,0,0,0
2021-07-20,United,N738XX,1568,BOS,CityName,State,JFK,CityName,State,0,0,-2,0,0,,93,898,0,0,0,0,0
2021-07-20,United,N647XX,815,SEA,CityName,State,DEN,CityName,State,15,1,15,1,0,,101,2472,15,0,0,0,0
2021-07-20,Southwest,N726XX,3168,BOS,CityName,State,LAX,CityName,State,0,0,8,0,0,,99,2538,0,0,0,0,0
2021-07-20,United,N674XX,5199,ORD,CityName,State,SFO,CityName,State,0,0,-7,0,0,,288,505,0,0,0,0,0
2021-07-20,United,N501XX,4246,JFK,CityName,State,MIA,CityName,State,15,1,20,1,0,,293,1155,20,0,0,0,0
2021-07-20,Southwest,N760XX,1461,SFO,CityName,State,DFW,CityName,State,0,0,-9,0,0,,117,1139,0,0,0,0,0
2021-07-20,American,N490XX,3284,MIA,CityName,State,JFK,CityName,State,0,0,-14,0,0,,289,2913,0,0,0,0,0
2021-07-20,JetBlue,N518XX,3035,ORD,CityName,State,ATL,CityName,State,0,0,-1,0,0,,188,1301,0,0,0,0,0
2021-07-20,Southwest,N233XX,6063,ATL,CityName,State,ATL,CityName,State,15,1,2,0,0,,168,2469,0,0,0,0,0
2021-07-20,JetBlue,N238XX,8997,SEA,CityName,State,BOS,CityName,State,15,1,23,1,0,,131,1321,23,0,0,0,0
2021-07-20,JetBlue,N140XX,8440,BOS,CityName,State,SEA,CityName,State,0,0,-11,0,0,,238,1943,0,0,0,0,0
2021-07-20,JetBlue,N806XX,7404,DEN,CityName,State,ORD,CityName,State,0,0,1,0,0,,343,821,0,0,0,0,0
2021-07-20,Delta,N282XX,3931,ATL,CityName,State,BOS,CityName,State,30,1,20,1,0,,134,750,20,0,0,0,0
2021-07-20,United,N214XX,6887,DFW,CityName,State,DFW,CityName,State,45,1,54,1,0,,334,962,0,0,0,0,54
2021-07-20,Southwest,N504XX,9032,DFW,CityName,State,LAX,CityName,State,0,0,2,0,0,,249,2755,0,0,0,0,0
2021-07-21,United,N215XX,6005,SEA,CityName,State,LAX,CityName,State,0,0,-3,0,0,,231,2198,0,0,0,0,0
2021-07-21,United,N625XX,7902,LAX,CityName,State,DFW,CityName,State,0,0,-1,0,0,,202,188,0,0,0,0,0
2021-07-21,United,N113XX,7357,JFK,CityName,State,DEN,CityName,State,0,0,1,0,0,,65,1677,0,0,0,0,0
2021-07-21,Delta,N534XX,3549,MIA,CityName,State,MIA,CityName,State,0,0,7,0,0,,135,519,0,0,0,0,0
2021-07-21,Southwest,N905XX,8838,BOS,CityName,State,DFW,CityName,State,0,0,-1,0,0,,153,252,0,0,0,0,0
2021-07-21,Delta,N848XX,2314,MIA,CityName,State,ATL,CityName,State,0,0,8,0,0,,140,258,0,0,0,0,0
2021-07-21,Delta,N770XX,8591,ORD,CityName,State,MIA,CityName,State,15,1,25,1,0,,253,1998,25,0,0,0,0
2021-07-21,JetBlue,N538XX,7683,BOS,CityName,State,SEA,CityName,State,0,0,0,0,0,,268,262,0,0,0,0,0
2021-07-21,Southwest,N630XX,2899,DEN,CityName,State,SEA,CityName,State,0,0,1,0,0,,115,1329,0,0,0,0,0
2021-07-21,American,N766XX,4666,JFK,CityName,State,ORD,CityName,State,0,0,-12,0,0,,199,2869,0,0,0,0,0
2021-07-22,Southwest,N666XX,3959,SEA,CityName,State,DEN,CityName,State,45,1,41,1,0,,54,2865,41,0,0,0,0
2021-07-22,Southwest,N808XX,7624,ORD,CityName,State,SFO,CityName,State,45,1,35,1,0,,171,527,0,0,0,0,35
2021-07-22,Southwest,N838XX,4968,LAX,CityName,State,LAX,CityName,State,0,0,-3,0,0,,328,2837,0,0,0,0,0
2021-07-22,American,N962XX,3613,SFO,CityName,State,ORD,CityName,State,0,0,-1,0,0,,113,2372,0,0,0,0,0
2021-07-22,JetBlue,N660XX,3770,SEA,CityName,State,DFW,CityName,State,0,0,-7,0,0,,61,1329,0,0,0,0,0
2021-07-22,United,N690XX,1928,ATL,CityName,State,JFK,CityName,State,0,0,-7,0,0,,213,911,0,0,0,0,0
2021-07-22,Delta,N229XX,5184,ATL,CityName,State,BOS,CityName,State,0,0,-3,0,0,,95,1093,0,0,0,0,0
2021-07-22,United,N967XX,3583,DEN,CityName,State,LAX,CityName,State,0,0,-3,0,0,,258,1057,0,0,0,0,0
2021-07-22,JetBlue,N290XX,8616,DEN,CityName,State,LAX,CityName,State,0,0,-12,0,0,,257,2915,0,0,0,0,0
2021-07-22,United,N852XX,989,MIA,CityName,State,MIA,CityName,State,0,0,-13,0,0,,76,330,0,0,0,0,0
2021-07-22,Delta,N927XX,3733,SFO,CityName,State,JFK,CityName,State,30,1,31,1,0,,67,428,0,0,31,0,0
2021-07-22,Southwest,N573XX,6045,ORD,CityName,State,DFW,CityName,State,0,0,5,0,0,,185,1734,0,0,0,0,0
2021-07-22,American,N238XX,7257,ORD,CityName,State,LAX,CityName,State,0,0,-10,0,0,,47,1413,0,0,0,0,0
2021-07-22,United,N890XX,5060,DFW,CityName,State,SFO,CityName,State,0,0,1,0,0,,165,2009,0,0,0,0,0
2021-07-23,Delta,N738XX,1150,SEA,CityName,State,ORD,CityName,State,0,0,-12,0,0,,120,480,0,0,0,0,0
2021-07-23,Southwest,N490XX,6853,SFO,CityName,State,DEN,CityName,State,0,0,-5,0,0,,342,1461,0,0,0,0,0
2021-07-23,Delta,N249XX,3864,DEN,CityName,State,ATL,CityName,State,0,0,4,0,0,,197,1816,0,0,0,0,0
2021-07-23,JetBlue,N698XX,3554,SFO,CityName,State,DEN,CityName,State,0,0,-13,0,0,,190,2408,0,0,0,0,0
2021-07-23,United,N190XX,1515,DEN,CityName,State,MIA,CityName,State,60,1,53,1,0,,225,212,53,0,0,0,0
2021-07-23,JetBlue,N464XX,9800,MIA,CityName,State,MIA,CityName,State,30,1,39,1,0,,210,930,0,39,0,0,0
2021-07-23,Southwest,N971XX,1375,DEN,CityName,State,JFK,CityName,State,0,0,10,0,0,,205,2461,0,0,0,0,0
2021-07-23,American,N406XX,9742,DEN,CityName,State,ATL,CityName,State,0,0,10,0,0,,90,1985,0,0,0,0,0
2021-07-23,Southwest,N780XX,860,ATL,CityName,State,DFW,CityName,State,0,0,6,0,0,,258,1266,0,0,0,0,0
2021-07-23,Delta,N497XX,3637,DFW,CityName,State,SEA,CityName,State,0,0,-3,0,0,,232,901,0,0,0,0,0
2021-07-23,Delta,N870XX,7622,SFO,CityName,State,SEA,CityName,State,0,0,-11,0,0,,274,2238,0,0,0,0,0
2021-07-23,JetBlue,N308XX,8477,DEN,CityName,State,ORD,CityName,State,0,0,8,0,0,,75,2961,0,0,0,0,0
2021-07-23,Delta,N846XX,8134,LAX,CityName,State,DEN,CityName,State,0,0,-7,0,0,,67,392,0,0,0,0,0
2021-07-23,United,N365XX,6683,ORD,CityName,State,DFW,CityName,State,0,0,2,0,0,,187,2332,0,0,0,0,0
2021-07-23,American,N425XX,9349,SEA,CityName,State,DEN,CityName,State,0,0,-8,0,0,,188,2125,0,0,0,0,0
2021-07-24,Delta,N163XX,8944,BOS,CityName,State,SFO,CityName,State,0,0,-11,0,0,,136,2266,0,0,0,0,0
2021-07-24,Delta,N897XX,1723,ORD,CityName,State,SFO,CityName,State,0,0,8,0,0,,157,1976,0,0,0,0,0
2021-07-24,JetBlue,N927XX,7068,LAX,CityName,State,DEN,CityName,State,45,1,35,1,0,,297,2185,35,0,0,0,0
2021-07-24,JetBlue,N696XX,7368,SFO,CityName,State,SEA,CityName,State,45,1,31,1,0,,230,2068,0,0,0,0,31
2021-07-24,American,N132XX,6844,BOS,CityName,State,ATL,CityName,State,15,1,17,1,0,,63,1038,0,0,17,0,0
2021-07-24,Southwest,N129XX,7448,ORD,CityName,State,BOS,CityName,State,0,0,-12,0,0,,227,972,0,0,0,0,0
2021-07-24,American,N270XX,6249,DEN,CityName,State,MIA,CityName,State,60,1,53,1,0,,144,1448,0,0,0,0,53
2021-07-24,Delta,N400XX,8478,SFO,CityName,State,JFK,CityName,State,30,1,19,1,0,,285,1824,19,0,0,0,0
2021-07-24,Southwest,N936XX,5936,DFW,CityName,State,BOS,CityName,State,0,0,-14,0,0,,97,1754,0,0,0,0,0
2021-07-24,JetBlue,N599XX,9519,DEN,CityName,State,BOS,CityName,State,15,1,1,0,0,,125,1815,0,0,0,0,0
2021-07-24,United,N870XX,1853,LAX,CityName,State,ORD,CityName,State,0,0,8,0,0,,73,2704,0,0,0,0,0
2021-07-24,American,N791XX,4007,ORD,CityName,State,SFO,CityName,State,60,1,47,1,0,,95,1931,0,0,0,0,47
2021-07-24,Delta,N804XX,2069,SEA,CityName,State,SFO,CityName,State,30,1,37,1,0,,321,1025,37,0,0,0,0
2021-07-24,Delta,N905XX,3352,BOS,CityName,State,ATL,CityName,State,120,1,108,1,0,,258,2435,108,0,0,0,0
2021-07-24,Delta,N615XX,1649,SEA,CityName,State,DFW,CityName,State,0,0,1,0,0,,276,2606,0,0,0,0,0
2021-07-24,Southwest,N310XX,3419,LAX,CityName,State,JFK,CityName,State,0,0,0,0,0,,342,1513,0,0,0,0,0
2021-07-24,Delta,N431XX,6433,DFW,CityName,State,DFW,CityName,State,60,1,53,1,0,,190,2815,53,0,0,0,0
2021-07-24,American,N207XX,1098,SFO,CityName,State,ORD,CityName,State,0,0,-9,0,0,,348,933,0,0,0,0,0
2021-07-25,Southwest,N259XX,8926,BOS,CityName,State,DEN,CityName,State,0,0,0,0,0,,125,157,0,0,0,0,0
2021-07-25,American,N873XX,6224,SFO,CityName,State,DEN,CityName,State,0,0,-7,0,0,,212,1067,0,0,0,0,0
2021-07-25,JetBlue,N215XX,1784,SEA,CityName,State,LAX,CityName,State,0,0,1,0,0,,203,2824,0,0,0,0,0
2021-07-25,American,N329XX,4811,MIA,CityName,State,DFW,CityName,State,0,0,-10,0,0,,165,2709,0,0,0,0,0
2021-07-25,JetBlue,N851XX,7863,DFW,CityName,State,DEN,CityName,State,0,0,-5,0,0,,142,2959,0,0,0,0,0
2021-07-25,American,N880XX,1605,LAX,CityName,State,SFO,CityName,State,0,0,-9,0,0,,272,209,0,0,0,0,0
2021-07-25,JetBlue,N390XX,9205,SFO,CityName,State,JFK,CityName,State,0,0,-8,0,0,,160,1597,0,0,0,0,0
2021-07-25,United,N248XX,4600,MIA,CityName,State,MIA,CityName,State,0,0,8,0,0,,294,2149,0,0,0,0,0
2021-07-25,United,N951XX,4700,LAX,CityName,State,JFK,CityName,State,0,0,8,0,0,,167,720,0,0,0,0,0
2021-07-25,American,N867XX,1125,JFK,CityName,State,SEA,CityName,State,0,0,-1,0,0,,199,1527,0,0,0,0,0
2021-07-25,JetBlue,N148XX,6890,SEA,CityName,State,SFO,CityName,State,0,0,5,0,0,,338,2464,0,0,0,0,0
2021-07-25,American,N526XX,335,LAX,CityName,State,SEA,CityName,State,0,0,0,0,0,,357,2141,0,0,0,0,0
2021-07-25,JetBlue,N661XX,7521,SFO,CityName,State,SEA,CityName,State,15,1,0,0,1,A,181,2900,0,0,0,0,0
2021-07-25,United,N786XX,9197,ATL,CityName,State,LAX,CityName,State,45,1,50,1,0,,333,2064,0,0,0,0,50
2021-07-25,JetBlue,N658XX,3256,MIA,CityName,State,SFO,CityName,State,45,1,0,0,1,A,154,790,0,0,0,0,0
2021-07-26,JetBlue,N360XX,9918,BOS,CityName,State,DFW,CityName,State,30,1,24,1,0,,298,1363,0,24,0,0,0
2021-07-26,American,N177XX,3450,SFO,CityName,State,BOS,CityName,State,0,0,-9,0,0,,105,2190,0,0,0,0,0
2021-07-26,American,N710XX,8208,MIA,CityName,State,LAX,CityName,State,0,0,-3,0,0,,340,1591,0,0,0,0,0
2021-07-26,United,N692XX,3288,DEN,CityName,State,ATL,CityName,State,0,0,10,0,0,,307,2333,0,0,0,0,0
2021-07-26,American,N261XX,7031,ATL,CityName,State,JFK,CityName,State,0,0,-7,0,0,,293,1538,0,0,0,0,0
2021-07-26,JetBlue,N841XX,2428,ATL,CityName,State,MIA,CityName,State,30,1,24,1,0,,321,2990,24,0,0,0,0
2021-07-26,Southwest,N649XX,2284,SEA,CityName,State,SFO,CityName,State,45,1,39,1,0,,311,2233,0,39,0,0,0
2021-07-26,JetBlue,N299XX,1571,MIA,CityName,State,JFK,CityName,State,0,0,-13,0,0,,72,1923,0,0,0,0,0
2021-07-26,American,N799XX,534,DEN,CityName,State,LAX,CityName,State,0,0,9,0,0,,126,1822,0,0,0,0,0
2021-07-26,United,N631XX,2957,DFW,CityName,State,DEN,CityName,State,240,1,228,1,0,,86,1651,228,0,0,0,0
2021-07-26,Southwest,N359XX,6923,SEA,CityName,State,SFO,CityName,State,0,0,3,0,0,,203,2270,0,0,0,0,0
2021-07-26,Southwest,N627XX,6436,DFW,CityName,State,SFO,CityName,State,0,0,6,0,0,,74,1427,0,0,0,0,0
2021-07-26,JetBlue,N213XX,1706,DFW,CityName,State,ATL,CityName,State,0,0,10,0,0,,356,266,0,0,0,0,0
2021-07-27,American,N938XX,1641,SEA,CityName,State,ORD,CityName,State,0,0,7,0,0,,270,2203,0,0,0,0,0
2021-07-27,American,N141XX,4433,MIA,CityName,State,SEA,CityName,State,0,0,-6,0,0,,119,2362,0,0,0,0,0
2021-07-27,Delta,N426XX,9393,MIA,CityName,State,DEN,CityName,State,0,0,-9,0,0,,80,690,0,0,0,0,0
2021-07-27,JetBlue,N769XX,2219,DEN,CityName,State,ATL,CityName,State,0,0,3,0,0,,89,1380,0,0,0,0,0
2021-07-27,JetBlue,N611XX,422,BOS,CityName,State,DEN,CityName,State,0,0,5,0,0,,200,2422,0,0,0,0,0
2021-07-27,United,N646XX,1108,BOS,CityName,State,DEN,CityName,State,60,1,51,1,0,,248,2991,51,0,0,0,0
2021-07-27,Delta,N131XX,269,BOS,CityName,State,LAX,CityName,State,0,0,1,0,0,,190,2904,0,0,0,0,0
2021-07-27,American,N117XX,8726,MIA,CityName,State,JFK,CityName,State,120,1,112,1,0,,324,1066,0,0,0,0,112
2021-07-27,Southwest,N662XX,6559,DEN,CityName,State,BOS,CityName,State,0,0,-8,0,0,,235,2657,0,0,0,0,0
2021-07-27,Delta,N353XX,2695,LAX,CityName,State,DFW,CityName,State,0,0,7,0,0,,165,1527,0,0,0,0,0
2021-07-27,Southwest,N325XX,9158,MIA,CityName,State,LAX,CityName,State,15,1,25,1,0,,83,877,0,25,0,0,0
2021-07-27,Delta,N345XX,1120,SFO,CityName,State,MIA,CityName,State,0,0,7,0,0,,280,1268,0,0,0,0,0
2021-07-27,American,N287XX,5734,LAX,CityName,State,ATL,CityName,State,0,0,-6,0,0,,200,1358,0,0,0,0,0
2021-07-27,Southwest,N418XX,1553,MIA,CityName,State,SEA,CityName,State,0,0,-14,0,0,,271,1825,0,0,0,0,0
2021-07-27,Delta,N664XX,5574,SEA,CityName,State,MIA,CityName,State,0,0,0,0,0,,191,777,0,0,0,0,0
2021-07-27,American,N826XX,1171,MIA,CityName,State,LAX,CityName,State,0,0,-8,0,0,,192,1490,0,0,0,0,0
2021-07-28,American,N374XX,5373,SEA,CityName,State,BOS,CityName,State,0,0,-12,0,0,,241,2676,0,0,0,0,0
2021-07-28,United,N271XX,2742,SFO,CityName,State,BOS,CityName,State,0,0,-11,0,0,,312,631,0,0,0,0,0
2021-07-28,Southwest,N444XX,2404,JFK,CityName,State,DEN,CityName,State,15,1,4,0,0,,65,2729,0,0,0,0,0
2021-07-28,Delta,N238XX,9527,SEA,CityName,State,MIA,CityName,State,30,1,23,1,0,,250,1118,23,0,0,0,0
2021-07-28,JetBlue,N791XX,3640,BOS,CityName,State,ATL,CityName,State,0,0,-12,0,0,,238,2481,0,0,0,0,0
2021-07-28,American,N674XX,7447,DEN,CityName,State,SEA,CityName,State,0,0,10,0,0,,354,599,0,0,0,0,0
2021-07-28,American,N828XX,5537,JFK,CityName,State,LAX,CityName,State,0,0,10,0,0,,127,2897,0,0,0,0,0
2021-07-28,Southwest,N717XX,867,ORD,CityName,State,DEN,CityName,State,0,0,4,0,0,,184,2608,0,0,0,0,0
2021-07-28,American,N213XX,3512,JFK,CityName,State,SFO,CityName,State,0,0,-9,0,0,,279,1177,0,0,0,0,0
2021-07-28,Delta,N264XX,8750,DEN,CityName,State,DFW,CityName,State,0,0,-14,0,0,,61,2865,0,0,0,0,0
2021-07-28,United,N959XX,1469,LAX,CityName,State,DFW,CityName,State,0,0,-10,0,0,,346,1763,0,0,0,0,0
2021-07-28,Southwest,N299XX,6277,MIA,CityName,State,DFW,CityName,State,0,0,-11,0,0,,69,2568,0,0,0,0,0
2021-07-28,Delta,N662XX,7056,LAX,CityName,State,ATL,CityName,State,120,1,128,1,0,,348,1442,128,0,0,0,0
2021-07-28,United,N723XX,3153,MIA,CityName,State,SFO,CityName,State,15,1,13,0,0,,280,621,0,0,0,0,0
2021-07-28,JetBlue,N637XX,3614,ATL,CityName,State,SFO,CityName,State,0,0,3,0,0,,246,2304,0,0,0,0,0
2021-07-28,United,N772XX,1870,SFO,CityName,State,ORD,CityName,State,0,0,-1,0,0,,137,296,0,0,0,0,0
2021-07-28,American,N183XX,6932,JFK,CityName,State,MIA,CityName,State,0,0,6,0,0,,345,834,0,0,0,0,0
2021-07-28,JetBlue,N738XX,1313,DEN,CityName,State,ATL,CityName,State,0,0,-10,0,0,,251,1150,0,0,0,0,0
2021-07-29,Delta,N607XX,2112,SFO,CityName,State,ORD,CityName,State,0,0,9,0,0,,238,2688,0,0,0,0,0
2021-07-29,Southwest,N944XX,562,SFO,CityName,State,SEA,CityName,State,0,0,-9,0,0,,151,2013,0,0,0,0,0
2021-07-29,JetBlue,N805XX,1359,ORD,CityName,State,BOS,CityName,State,0,0,-14,0,0,,346,663,0,0,0,0,0
2021-07-29,Delta,N479XX,199,DEN,CityName,State,BOS,CityName,State,15,1,17,1,0,,354,548,17,0,0,0,0
2021-07-29,American,N827XX,3424,DEN,CityName,State,MIA,CityName,State,0,0,6,0,0,,259,168,0,0,0,0,0
2021-07-29,Southwest,N394XX,9912,BOS,CityName,State,MIA,CityName,State,15,1,3,0,0,,147,2161,0,0,0,0,0
2021-07-29,JetBlue,N992XX,7160,DEN,CityName,State,DFW,CityName,State,0,0,10,0,0,,339,1031,0,0,0,0,0
2021-07-29,JetBlue,N270XX,8983,MIA,CityName,State,DFW,CityName,State,0,0,4,0,0,,299,845,0,0,0,0,0
2021-07-29,American,N115XX,1117,SEA,CityName,State,ATL,CityName,State,0,0,-6,0,0,,233,361,0,0,0,0,0
2021-07-29,American,N373XX,6425,ORD,CityName,State,DEN,CityName,State,0,0,-12,0,0,,123,1841,0,0,0,0,0
2021-07-29,Southwest,N280XX,7547,SFO,CityName,State,BOS,CityName,State,0,0,-10,0,0,,94,2674,0,0,0,0,0
2021-07-29,JetBlue,N921XX,5342,DEN,CityName,State,LAX,CityName,State,15,1,2,0,0,,314,514,0,0,0,0,0
2021-07-29,Delta,N513XX,6022,ORD,CityName,State,SFO,CityName,State,60,1,69,1,0,,46,1063,69,0,0,0,0
2021-07-29,American,N154XX,1620,SEA,CityName,State,SEA,CityName,State,0,0,2,0,0,,71,2050,0,0,0,0,0
2021-07-29,JetBlue,N586XX,2985,ORD,CityName,State,JFK,CityName,State,0,0,-5,0,0,,90,2756,0,0,0,0,0
2021-07-30,United,N363XX,2561,DEN,CityName,State,LAX,CityName,State,0,0,-2,0,0,,262,2030,0,0,0,0,0
2021-07-30,JetBlue,N127XX,6417,BOS,CityName,State,BOS,CityName,State,0,0,3,0,0,,327,2285,0,0,0,0,0
2021-07-30,United,N326XX,5407,MIA,CityName,State,JFK,CityName,State,0,0,-10,0,0,,215,1558,0,0,0,0,0
2021-07-30,United,N382XX,5678,SFO,CityName,State,ORD,CityName,State,0,0,-14,0,0,,48,2477,0,0,0,0,0
2021-07-30,American,N231XX,399,JFK,CityName,State,LAX,CityName,State,0,0,9,0,0,,83,2155,0,0,0,0,0
2021-07-30,Southwest,N749XX,5902,BOS,CityName,State,DEN,CityName,State,0,0,-8,0,0,,313,2562,0,0,0,0,0
2021-07-30,American,N531XX,1034,BOS,CityName,State,SEA,CityName,State,0,0,-12,0,0,,45,1856,0,0,0,0,0
2021-07-30,Southwest,N583XX,3258,DFW,CityName,State,ATL,CityName,State,60,1,68,1,0,,196,2142,68,0,0,0,0
2021-07-30,Delta,N767XX,7666,SEA,CityName,State,SEA,CityName,State,0,0,-14,0,0,,103,569,0,0,0,0,0
2021-07-30,United,N232XX,8971,MIA,CityName,State,SEA,CityName,State,45,1,32,1,0,,79,1997,0,0,0,0,32
2021-07-30,United,N255XX,5326,SFO,CityName,State,BOS,CityName,State,0,0,-10,0,0,,321,344,0,0,0,0,0
2021-07-30,American,N390XX,875,SEA,CityName,State,SFO,CityName,State,0,0,1,0,0,,53,209,0,0,0,0,0
2021-07-30,JetBlue,N535XX,2115,ORD,CityName,State,LAX,CityName,State,15,1,9,0,0,,358,1709,0,0,0,0,0
2021-07-30,Southwest,N208XX,2179,JFK,CityName,State,SEA,CityName,State,0,0,8,0,0,,94,2152,0,0,0,0,0
2021-07-30,JetBlue,N534XX,5684,BOS,CityName,State,DFW,CityName,State,0,0,-13,0,0,,141,2846,0,0,0,0,0
2021-07-30,United,N573XX,7278,SFO,CityName,State,SEA,CityName,State,0,0,-3,0,0,,328,2266,0,0,0,0,0
2021-07-31,JetBlue,N276XX,1051,LAX,CityName,State,DFW,CityName,State,15,1,23,1,0,,202,2784,0,0,0,0,23
2021-07-31,Southwest,N627XX,7682,ORD,CityName,State,LAX,CityName,State,0,0,9,0,0,,148,414,0,0,0,0,0
2021-07-31,JetBlue,N492XX,804,LAX,CityName,State,BOS,CityName,State,15,1,16,1,0,,141,1708,16,0,0,0,0
2021-07-31,Delta,N929XX,5969,DFW,CityName,State,BOS,CityName,State,45,1,37,1,0,,340,919,37,0,0,0,0
2021-07-31,Southwest,N885XX,2799,SEA,CityName,State,ATL,CityName,State,0,0,-3,0,0,,241,1746,0,0,0,0,0
2021-07-31,Delta,N931XX,291,DEN,CityName,State,BOS,CityName,State,0,0,-2,0,0,,272,1049,0,0,0,0,0
2021-07-31,JetBlue,N328XX,5877,SEA,CityName,State,DEN,CityName,State,0,0,-13,0,0,,137,1712,0,0,0,0,0
2021-07-31,JetBlue,N876XX,5838,BOS,CityName,State,JFK,CityName,State,0,0,-13,0,0,,357,1973,0,0,0,0,0
2021-07-31,Delta,N789XX,3738,SEA,CityName,State,ORD,CityName,State,0,0,3,0,0,,332,1316,0,0,0,0,0
2021-08-01,Delta,N735XX,2984,SEA,CityName,State,SFO,CityName,State,0,0,-3,0,0,,189,2564,0,0,0,0,0
2021-08-01,United,N912XX,1092,BOS,CityName,State,SEA,CityName,State,0,0,-2,0,0,,141,493,0,0,0,0,0
2021-08-01,United,N521XX,2788,BOS,CityName,State,BOS,CityName,State,0,0,7,0,0,,73,905,0,0,0,0,0
2021-08-01,Delta,N956XX,1124,ORD,CityName,State,ORD,CityName,State,0,0,0,0,0,,158,745,0,0,0,0,0
2021-08-01,Southwest,N860XX,3076,ORD,CityName,State,JFK,CityName,State,30,1,30,1,0,,127,1550,30,0,0,0,0
2021-08-01,American,N532XX,5228,MIA,CityName,State,ATL,CityName,State,0,0,5,0,0,,207,1882,0,0,0,0,0
2021-08-01,Delta,N386XX,7216,SEA,CityName,State,ORD,CityName,State,0,0,-14,0,0,,200,2292,0,0,0,0,0
2021-08-01,United,N767XX,6617,ATL,CityName,State,LAX,CityName,State,15,1,2,0,0,,341,2799,0,0,0,0,0
2021-08-01,American,N661XX,5794,ORD,CityName,State,ORD,CityName,State,0,0,2,0,0,,265,2621,0,0,0,0,0
2021-08-02,Southwest,N103XX,7767,SFO,CityName,State,DFW,CityName,State,0,0,10,0,0,,213,2138,0,0,0,0,0
2021-08-02,American,N953XX,3054,DEN,CityName,State,ATL,CityName,State,0,0,-2,0,0,,262,999,0,0,0,0,0
2021-08-02,Delta,N403XX,1024,DEN,CityName,State,SFO,CityName,State,0,0,-9,0,0,,185,2440,0,0,0,0,0
2021-08-02,JetBlue,N411XX,3032,ORD,CityName,State,JFK,CityName,State,0,0,10,0,0,,208,1643,0,0,0,0,0
2021-08-02,JetBlue,N255XX,9136,LAX,CityName,State,LAX,CityName,State,0,0,1,0,0,,355,485,0,0,0,0,0
2021-08-02,American,N381XX,3591,LAX,CityName,State,DEN,CityName,State,0,0,-8,0,0,,109,663,0,0,0,0,0
2021-08-02,American,N538XX,1528,DEN,CityName,State,ATL,CityName,State,0,0,2,0,0,,186,2607,0,0,0,0,0
2021-08-02,United,N819XX,2688,LAX,CityName,State,DEN,CityName,State,0,0,-11,0,0,,84,1380,0,0,0,0,0
2021-08-02,United,N372XX,4429,MIA,CityName,State,SFO,CityName,State,0,0,0,0,0,,355,1796,0,0,0,0,0
2021-08-02,United,N784XX,3767,DFW,CityName,State,DFW,CityName,State,0,0,0,0,0,,334,1367,0,0,0,0,0
2021-08-02,Delta,N595XX,1056,SFO,CityName,State,ATL,CityName,State,30,1,30,1,0,,157,1606,0,0,0,0,30
2021-08-02,American,N860XX,7079,JFK,CityName,State,DFW,CityName,State,0,0,-11,0,0,,146,1945,0,0,0,0,0
2021-08-03,Delta,N710XX,9134,JFK,CityName,State,BOS,CityName,State,60,1,52,1,0,,246,686,0,52,0,0,0
2021-08-03,Southwest,N701XX,2222,SEA,CityName,State,ATL,CityName,State,30,1,39,1,0,,172,2642,0,0,0,0,39
2021-08-03,JetBlue,N251XX,9372,MIA,CityName,State,JFK,CityName,State,45,1,37,1,0,,218,1056,37,0,0,0,0
2021-08-03,Southwest,N650XX,6482,SEA,CityName,State,LAX,CityName,State,0,0,-6,0,0,,75,2808,0,0,0,0,0
2021-08-03,Delta,N111XX,8990,MIA,CityName,State,SEA,CityName,State,0,0,-6,0,0,,232,452,0,0,0,0,0
2021-08-03,JetBlue,N194XX,7222,ATL,CityName,State,ORD,CityName,State,0,0,-9,0,0,,204,2119,0,0,0,0,0
2021-08-03,JetBlue,N482XX,8859,SFO,CityName,State,ORD,CityName,State,0,0,-13,0,0,,81,260,0,0,0,0,0
2021-08-03,United,N387XX,8974,SEA,CityName,State,SFO,CityName,State,0,0,-4,0,0,,130,2403,0,0,0,0,0
2021-08-03,JetBlue,N207XX,432,DFW,CityName,State,SFO,CityName,State,0,0,4,0,0,,300,2157,0,0,0,0,0
2021-08-03,American,N249XX,2900,SFO,CityName,State,SFO,CityName,State,45,1,44,1,0,,246,1395,0,44,0,0,0
2021-08-03,American,N920XX,3252,LAX,CityName,State,ATL,CityName,State,0,0,-13,0,0,,193,347,0,0,0,0,0
2021-08-03,American,N696XX,4896,MIA,CityName,State,SFO,CityName,State,0,0,-9,0,0,,235,2269,0,0,0,0,0
2021-08-03,Southwest,N742XX,5477,ORD,CityName,State,ORD,CityName,State,15,1,19,1,0,,89,2362,0,0,19,0,0
2021-08-03,Southwest,N903XX,1104,DFW,CityName,State,DFW,CityName,State,45,1,51,1,0,,310,2279,0,0,0,0,51
2021-08-03,Southwest,N444XX,1546,SEA,CityName,State,DFW,CityName,State,0,0,-13,0,0,,82,1894,0,0,0,0,0
2021-08-04,Southwest,N543XX,2883,LAX,CityName,State,ATL,CityName,State,15,1,15,1,0,,117,1952,15,0,0,0,0
2021-08-04,United,N254XX,3397,ATL,CityName,State,DEN,CityName,State,120,1,107,1,0,,328,1314,0,0,107,0,0
2021-08-04,JetBlue,N762XX,2983,LAX,CityName,State,JFK,CityName,State,0,0,3,0,0,,96,1144,0,0,0,0,0
2021-08-04,Southwest,N716XX,2937,BOS,CityName,State,BOS,CityName,State,0,0,9,0,0,,101,1226,0,0,0,0,0
2021-08-04,United,N277XX,4566,JFK,CityName,State,DEN,CityName,State,0,0,1,0,0,,63,1314,0,0,0,0,0
2021-08-04,JetBlue,N519XX,1268,JFK,CityName,State,ATL,CityName,State,60,1,64,1,0,,87,2490,0,64,0,0,0
2021-08-04,Delta,N890XX,8368,DFW,CityName,State,BOS,CityName,State,0,0,7,0,0,,54,2917,0,0,0,0,0
2021-08-04,JetBlue,N910XX,9475,DFW,CityName,State,BOS,CityName,State,0,0,-10,0,0,,217,573,0,0,0,0,0
2021-08-04,Delta,N332XX,3455,ATL,CityName,State,ATL,CityName,State,0,0,8,0,0,,291,2305,0,0,0,0,0
2021-08-04,Delta,N997XX,4874,SFO,CityName,State,SFO,CityName,State,45,1,51,1,0,,202,1968,51,0,0,0,0
2021-08-04,JetBlue,N600XX,8684,ORD,CityName,State,JFK,CityName,State,0,0,4,0,0,,124,1838,0,0,0,0,0
2021-08-04,JetBlue,N250XX,1514,SEA,CityName,State,SEA,CityName,State,0,0,8,0,0,,150,2165,0,0,0,0,0
2021-08-04,United,N577XX,7921,ORD,CityName,State,DFW,CityName,State,0,0,9,0,0,,137,2855,0,0,0,0,0
2021-08-04,United,N780XX,6387,JFK,CityName,State,JFK,CityName,State,0,0,-12,0,0,,281,2864,0,0,0,0,0
2021-08-05,United,N129XX,2006,MIA,CityName,State,SEA,CityName,State,15,1,7,0,0,,233,2158,0,0,0,0,0
2021-08-05,JetBlue,N699XX,2197,DEN,CityName,State,DEN,CityName,State,0,0,9,0,0,,179,2944,0,0,0,0,0
2021-08-05,American,N577XX,4406,LAX,CityName,State,JFK,CityName,State,0,0,-14,0,0,,122,1886,0,0,0,0,0
2021-08-05,Delta,N843XX,4156,ORD,CityName,State,SFO,CityName,State,0,0,0,0,0,,316,2501,0,0,0,0,0
2021-08-05,Delta,N204XX,1202,BOS,CityName,State,MIA,CityName,State,15,1,2,0,0,,133,1828,0,0,0,0,0
2021-08-05,United,N191XX,1905,SFO,CityName,State,SEA,CityName,State,0,0,6,0,0,,301,845,0,0,0,0,0
2021-08-05,Delta,N881XX,8831,ORD,CityName,State,DEN,CityName,State,0,0,6,0,0,,295,1858,0,0,0,0,0
2021-08-05,Southwest,N412XX,537,DEN,CityName,State,LAX,CityName,State,0,0,1,0,0,,296,2679,0,0,0,0,0
2021-08-05,Southwest,N576XX,832,MIA,CityName,State,ATL,CityName,State,45,1,52,1,0,,263,278,0,52,0,0,0
2021-08-05,JetBlue,N996XX,8533,MIA,CityName,State,BOS,CityName,State,0,0,-7,0,0,,162,1273,0,0,0,0,0
2021-08-05,JetBlue,N573XX,8751,SEA,CityName,State,MIA,CityName,State,30,1,35,1,0,,272,1914,35,0,0,0,0
2021-08-05,Southwest,N771XX,7433,LAX,CityName,State,DEN,CityName,State,15,1,1,0,0,,327,843,0,0,0,0,0
2021-08-05,Delta,N808XX,8611,MIA,CityName,State,SEA,CityName,State,240,1,249,1,0,,286,261,0,0,249,0,0
2021-08-05,Delta,N368XX,7100,SEA,CityName,State,SFO,CityName,State,0,0,10,0,0,,58,1681,0,0,0,0,0
2021-08-05,United,N427XX,9215,JFK,CityName,State,SEA,CityName,State,30,1,40,1,0,,284,2650,40,0,0,0,0
2021-08-05,Southwest,N265XX,2054,BOS,CityName,State,MIA,CityName,State,45,1,44,1,0,,337,1554,0,0,44,0,0
2021-08-05,United,N143XX,4925,SEA,CityName,State,SFO,CityName,State,0,0,5,0,0,,256,666,0,0,0,0,0
2021-08-05,American,N967XX,8527,ORD,CityName,State,DEN,CityName,State,0,0,-8,0,0,,331,479,0,0,0,0,0
2021-08-05,United,N489XX,9183,SEA,CityName,State,DFW,CityName,State,0,0,-9,0,0,,96,2688,0,0,0,0,0
2021-08-06,United,N973XX,946,MIA,CityName,State,LAX,CityName,State,0,0,-1,0,0,,306,843,0,0,0,0,0
2021-08-06,Southwest,N542XX,1128,MIA,CityName,State,ORD,CityName,State,0,0,0,0,0,,186,2992,0,0,0,0,0
2021-08-06,American,N231XX,8911,ORD,CityName,State,DFW,CityName,State,0,0,-10,0,0,,292,896,0,0,0,0,0
2021-08-06,Southwest,N496XX,8949,ORD,CityName,State,SEA,CityName,State,30,1,32,1,0,,236,1743,32,0,0,0,0
2021-08-06,Delta,N221XX,4967,BOS,CityName,State,DFW,CityName,State,0,0,9,0,0,,72,586,0,0,0,0,0
2021-08-06,United,N162XX,4538,SFO,CityName,State,ORD,CityName,State,0,0,3,0,0,,73,1850,0,0,0,0,0
2021-08-06,JetBlue,N699XX,7536,SFO,CityName,State,ORD,CityName,State,0,0,-5,0,0,,320,2563,0,0,0,0,0
2021-08-06,JetBlue,N350XX,1631,ATL,CityName,State,JFK,CityName,State,0,0,6,0,0,,193,2609,0,0,0,0,0
2021-08-06,United,N320XX,7715,DEN,CityName,State,BOS,CityName,State,0,0,-10,0,0,,306,2392,0,0,0,0,0
2021-08-06,Southwest,N817XX,9891,SFO,CityName,State,JFK,CityName,State,0,0,10,0,0,,318,588,0,0,0,0,0
2021-08-06,JetBlue,N791XX,6994,BOS,CityName,State,SEA,CityName,State,0,0,-1,0,0,,242,2248,0,0,0,0,0
2021-08-06,American,N333XX,8592,MIA,CityName,State,JFK,CityName,State,0,0,4,0,0,,318,2507,0,0,0,0,0
2021-08-07,Delta,N652XX,7080,MIA,CityName,State,MIA,CityName,State,0,0,-4,0,0,,191,1215,0,0,0,0,0
2021-08-07,JetBlue,N780XX,7613,SFO,CityName,State,ORD,CityName,State,0,0,-11,0,0,,227,533,0,0,0,0,0
2021-08-07,JetBlue,N125XX,3034,DFW,CityName,State,ATL,CityName,State,0,0,-2,0,0,,185,2602,0,0,0,0,0
2021-08-07,JetBlue,N932XX,9914,SFO,CityName,State,SFO,CityName,State,0,0,0,0,1,A,321,527,0,0,0,0,0
2021-08-07,Delta,N460XX,5985,SFO,CityName,State,ATL,CityName,State,30,1,25,1,0,,72,2124,0,0,25,0,0
2021-08-07,Southwest,N227XX,5699,DEN,CityName,State,DEN,CityName,State,120,1,127,1,0,,108,2822,0,0,127,0,0
2021-08-07,United,N853XX,7837,ORD,CityName,State,SEA,CityName,State,0,0,-3,0,0,,111,2225,0,0,0,0,0
2021-08-07,United,N561XX,588,SFO,CityName,State,ATL,CityName,State,30,1,16,1,0,,124,1937,16,0,0,0,0
2021-08-07,American,N462XX,6577,DFW,CityName,State,MIA,CityName,State,0,0,-6,0,0,,284,400,0,0,0,0,0
2021-08-07,Delta,N478XX,7058,JFK,CityName,State,MIA,CityName,State,0,0,10,0,0,,117,1496,0,0,0,0,0
2021-08-07,American,N439XX,406,BOS,CityName,State,MIA,CityName,State,45,1,48,1,0,,298,2833,48,0,0,0,0
2021-08-07,United,N131XX,5504,MIA,CityName,State,LAX,CityName,State,0,0,-3,0,0,,332,714,0,0,0,0,0
2021-08-07,JetBlue,N196XX,1783,BOS,CityName,State,ATL,CityName,State,15,1,2,0,0,,248,426,0,0,0,0,0
2021-08-07,JetBlue,N447XX,3205,LAX,CityName,State,DFW,CityName,State,60,1,49,1,0,,224,510,0,0,0,0,49
2021-08-08,United,N135XX,8470,SEA,CityName,State,SFO,CityName,State,0,0,-8,0,0,,151,1600,0,0,0,0,0
2021-08-08,American,N806XX,5464,DFW,CityName,State,ATL,CityName,State,0,0,-4,0,0,,157,2992,0,0,0,0,0
2021-08-08,American,N287XX,7163,ORD,CityName,State,SEA,CityName,State,0,0,-5,0,0,,233,729,0,0,0,0,0
2021-08-08,American,N619XX,2263,ATL,CityName,State,JFK,CityName,State,0,0,-13,0,0,,259,1374,0,0,0,0,0
2021-08-08,Southwest,N257XX,6055,ATL,CityName,State,BOS,CityName,State,0,0,6,0,0,,143,2819,0,0,0,0,0
2021-08-08,United,N695XX,5838,MIA,CityName,State,MIA,CityName,State,0,0,-8,0,0,,301,1910,0,0,0,0,0
2021-08-08,Delta,N172XX,4241,ATL,CityName,State,DFW,CityName,State,0,0,-3,0,0,,225,1201,0,0,0,0,0
2021-08-08,United,N583XX,9678,LAX,CityName,State,DFW,CityName,State,60,1,53,1,0,,215,1373,0,0,0,0,53
2021-08-08,Delta,N505XX,211,JFK,CityName,State,DFW,CityName,State,120,1,129,1,0,,294,626,129,0,0,0,0
2021-08-08,American,N855XX,8759,MIA,CityName,State,DEN,CityName,State,45,1,40,1,0,,248,600,0,0,40,0,0
2021-08-08,American,N183XX,6325,ORD,CityName,State,JFK,CityName,State,0,0,-1,0,0,,126,845,0,0,0,0,0
2021-08-09,JetBlue,N913XX,5162,SEA,CityName,State,ATL,CityName,State,15,1,6,0,0,,336,730,0,0,0,0,0
2021-08-09,JetBlue,N636XX,7854,SEA,CityName,State,MIA,CityName,State,30,1,27,1,0,,89,2296,27,0,0,0,0
2021-08-09,Southwest,N329XX,1352,ORD,CityName,State,DFW,CityName,State,0,0,6,0,0,,245,2934,0,0,0,0,0
2021-08-09,JetBlue,N831XX,5517,DEN,CityName,State,DFW,CityName,State,120,1,117,1,0,,269,445,117,0,0,0,0
2021-08-09,Delta,N623XX,6859,SEA,CityName,State,SEA,CityName,State,60,1,64,1,0,,57,1126,64,0,0,0,0
2021-08-09,United,N100XX,9315,BOS,CityName,State,BOS,CityName,State,0,0,6,0,0,,94,649,0,0,0,0,0
2021-08-09,Delta,N168XX,7799,MIA,CityName,State,DEN,CityName,State,0,0,-9,0,0,,118,1312,0,0,0,0,0
2021-08-09,JetBlue,N473XX,5428,MIA,CityName,State,ORD,CityName,State,0,0,8,0,0,,66,2877,0,0,0,0,0
2021-08-09,Southwest,N756XX,4008,SEA,CityName,State,ATL,CityName,State,15,1,20,1,0,,197,2260,20,0,0,0,0
2021-08-09,Delta,N885XX,7152,JFK,CityName,State,ATL,CityName,State,0,0,0,0,0,,344,2594,0,0,0,0,0
2021-08-09,JetBlue,N784XX,6746,SFO,CityName,State,LAX,CityName,State,120,1,111,1,0,,211,292,0,0,0,0,111
2021-08-09,Delta,N458XX,7491,DFW,CityName,State,ATL,CityName,State,30,1,27,1,0,,120,288,0,0,27,0,0
2021-08-10,United,N113XX,1162,MIA,CityName,State,BOS,CityName,State,120,1,117,1,0,,94,276,117,0,0,0,0
2021-08-10,Delta,N677XX,7087,DEN,CityName,State,MIA,CityName,State,0,0,7,0,0,,231,1090,0,0,0,0,0
2021-08-10,United,N386XX,9883,BOS,CityName,State,MIA,CityName,State,0,0,0,0,0,,196,2599,0,0,0,0,0
2021-08-10,American,N613XX,9003,LAX,CityName,State,JFK,CityName,State,0,0,-3,0,0,,104,2270,0,0,0,0,0
2021-08-10,JetBlue,N209XX,6666,DFW,CityName,State,MIA,CityName,State,0,0,-6,0,0,,324,2822,0,0,0,0,0
2021-08-10,Southwest,N112XX,3387,SEA,CityName,State,ORD,CityName,State,0,0,-2,0,0,,298,376,0,0,0,0,0
2021-08-10,JetBlue,N219XX,1384,DEN,CityName,State,DFW,CityName,State,0,0,4,0,0,,257,1842,0,0,0,0,0
2021-08-10,United,N681XX,7335,SEA,CityName,State,MIA,CityName,State,0,0,5,0,0,,357,2560,0,0,0,0,0
2021-08-10,United,N631XX,7194,ORD,CityName,State,SEA,CityName,State,0,0,5,0,0,,304,1954,0,0,0,0,0
2021-08-10,Delta,N285XX,7416,DFW,CityName,State,DEN,CityName,State,15,1,10,0,0,,303,299,0,0,0,0,0
2021-08-11,Southwest,N312XX,4784,ORD,CityName,State,MIA,CityName,State,0,0,-8,0,0,,147,413,0,0,0,0,0
2021-08-11,Southwest,N596XX,8359,ORD,CityName,State,SEA,CityName,State,0,0,9,0,0,,63,1354,0,0,0,0,0
2021-08-11,American,N974XX,7687,LAX,CityName,State,BOS,CityName,State,0,0,9,0,0,,194,2697,0,0,0,0,0
2021-08-11,American,N791XX,8592,SEA,CityName,State,SFO,CityName,State,120,1,119,1,0,,98,2829,0,0,0,0,119
2021-08-11,American,N910XX,1938,BOS,CityName,State,DEN,CityName,State,0,0,2,0,0,,161,739,0,0,0,0,0
2021-08-11,Southwest,N679XX,1720,LAX,CityName,State,LAX,CityName,State,0,0,0,0,0,,79,826,0,0,0,0,0
2021-08-11,American,N640XX,778,ORD,CityName,State,DEN,CityName,State,0,0,0,0,1,A,331,317,0,0,0,0,0
2021-08-11,Delta,N154XX,2707,LAX,CityName,State,SEA,CityName,State,0,0,-5,0,0,,276,1798,0,0,0,0,0
2021-08-11,Southwest,N617XX,6975,DEN,CityName,State,DFW,CityName,State,0,0,0,0,1,A,355,2798,0,0,0,0,0
2021-08-11,United,N785XX,2376,MIA,CityName,State,SFO,CityName,State,0,0,-3,0,0,,209,2705,0,0,0,0,0
2021-08-11,Delta,N970XX,2797,DEN,CityName,State,SFO,CityName,State,0,0,-12,0,0,,338,412,0,0,0,0,0
2021-08-11,Southwest,N936XX,860,SFO,CityName,State,MIA,CityName,State,0,0,4,0,0,,337,299,0,0,0,0,0
2021-08-11,JetBlue,N575XX,9563,SFO,CityName,State,SEA,CityName,State,0,0,-4,0,0,,216,1779,0,0,0,0,0
2021-08-12,United,N254XX,6328,ORD,CityName,State,SEA,CityName,State,60,1,46,1,0,,344,486,46,0,0,0,0
2021-08-12,American,N817XX,8744,SFO,CityName,State,JFK,CityName,State,0,0,3,0,0,,56,2871,0,0,0,0,0
2021-08-12,United,N494XX,9204,SFO,CityName,State,MIA,CityName,State,0,0,-6,0,0,,173,2337,0,0,0,0,0
2021-08-12,JetBlue,N415XX,7013,DFW,CityName,State,ATL,CityName,State,0,0,-8,0,0,,101,2299,0,0,0,0,0
2021-08-12,JetBlue,N415XX,3724,SFO,CityName,State,SEA,CityName,State,0,0,0,0,1,A,80,2164,0,0,0,0,0
2021-08-12,American,N700XX,7538,SEA,CityName,State,ATL,CityName,State,0,0,-8,0,0,,321,982,0,0,0,0,0
2021-08-12,Southwest,N534XX,8428,MIA,CityName,State,BOS,CityName,State,0,0,10,0,0,,244,2541,0,0,0,0,0
2021-08-12,JetBlue,N401XX,8141,MIA,CityName,State,BOS,CityName,State,0,0,-4,0,0,,261,1100,0,0,0,0,0
2021-08-12,American,N935XX,1377,SEA,CityName,State,SEA,CityName,State,0,0,-10,0,0,,251,1760,0,0,0,0,0
2021-08-12,Delta,N671XX,5759,SEA,CityName,State,JFK,CityName,State,15,1,20,1,0,,177,286,20,0,0,0,0
2021-08-12,American,N805XX,8933,JFK,CityName,State,MIA,CityName,State,0,0,-14,0,0,,253,1297,0,0,0,0,0
2021-08-13,American,N922XX,9834,LAX,CityName,State,JFK,CityName,State,0,0,-7,0,0,,218,2970,0,0,0,0,0
2021-08-13,American,N225XX,5932,ORD,CityName,State,SFO,CityName,State,0,0,10,0,0,,246,2145,0,0,0,0,0
2021-08-13,JetBlue,N993XX,7411,BOS,CityName,State,DFW,CityName,State,15,1,19,1,0,,129,658,0,0,19,0,0
2021-08-13,United,N381XX,9036,LAX,CityName,State,JFK,CityName,State,15,1,17,1,0,,231,2690,17,0,0,0,0
2021-08-13,JetBlue,N490XX,4505,SFO,CityName,State,ORD,CityName,State,0,0,-2,0,0,,52,1469,0,0,0,0,0
2021-08-13,American,N807XX,3353,BOS,CityName,State,SFO,CityName,State,0,0,7,0,0,,229,499,0,0,0,0,0
2021-08-13,United,N671XX,1021,DFW,CityName,State,MIA,CityName,State,0,0,-12,0,0,,280,1356,0,0,0,0,0
2021-08-13,Delta,N159XX,2382,DEN,CityName,State,MIA,CityName,State,0,0,-3,0,0,,290,2095,0,0,0,0,0
2021-08-13,Southwest,N207XX,2002,DEN,CityName,State,LAX,CityName,State,0,0,-10,0,0,,127,2756,0,0,0,0,0
2021-08-13,Southwest,N261XX,6330,ATL,CityName,State,DEN,CityName,State,0,0,-13,0,0,,167,1403,0,0,0,0,0
2021-08-13,Delta,N363XX,7241,BOS,CityName,State,DEN,CityName,State,240,1,244,1,0,,352,470,244,0,0,0,0
2021-08-13,American,N858XX,5113,BOS,CityName,State,MIA,CityName,State,0,0,-5,0,0,,312,2449,0,0,0,0,0
2021-08-13,Delta,N650XX,2450,MIA,CityName,State,ATL,CityName,State,0,0,-8,0,0,,267,1907,0,0,0,0,0
2021-08-13,Southwest,N890XX,1230,DEN,CityName,State,BOS,CityName,State,0,0,-8,0,0,,341,338,0,0,0,0,0
2021-08-13,American,N280XX,3091,LAX,CityName,State,JFK,CityName,State,15,1,2,0,0,,268,2047,0,0,0,0,0
2021-08-14,Delta,N698XX,5745,ATL,CityName,State,MIA,CityName,State,0,0,-4,0,0,,316,1512,0,0,0,0,0
2021-08-14,Delta,N712XX,7258,ATL,CityName,State,LAX,CityName,State,0,0,-6,0,0,,354,644,0,0,0,0,0
2021-08-14,Southwest,N131XX,1838,SEA,CityName,State,ORD,CityName,State,120,1,0,0,1,A,332,898,0,0,0,0,0
2021-08-14,Delta,N682XX,5208,DFW,CityName,State,JFK,CityName,State,0,0,-3,0,0,,306,2266,0,0,0,0,0
2021-08-14,Delta,N642XX,5104,LAX,CityName,State,DEN,CityName,State,30,1,23,1,0,,100,1714,23,0,0,0,0
2021-08-14,JetBlue,N463XX,6042,MIA,CityName,State,ORD,CityName,State,0,0,-5,0,0,,264,1712,0,0,0,0,0
2021-08-14,Delta,N670XX,5973,ORD,CityName,State,LAX,CityName,State,0,0,-11,0,0,,193,2810,0,0,0,0,0
2021-08-14,Delta,N104XX,1537,JFK,CityName,State,ATL,CityName,State,0,0,9,0,0,,70,2093,0,0,0,0,0
2021-08-14,United,N375XX,8191,LAX,CityName,State,ATL,CityName,State,0,0,-11,0,0,,72,856,0,0,0,0,0
2021-08-14,United,N227XX,7168,JFK,CityName,State,DEN,CityName,State,0,0,6,0,0,,170,520,0,0,0,0,0
2021-08-14,Southwest,N676XX,2377,JFK,CityName,State,JFK,CityName,State,0,0,0,0,1,A,187,2043,0,0,0,0,0
2021-08-14,Southwest,N212XX,363,DEN,CityName,State,MIA,CityName,State,0,0,7,0,0,,165,1464,0,0,0,0,0
2021-08-14,Delta,N239XX,2950,LAX,CityName,State,DEN,CityName,State,120,1,112,1,0,,152,2514,112,0,0,0,0
2021-08-14,United,N447XX,1239,ATL,CityName,State,DFW,CityName,State,0,0,8,0,0,,86,1467,0,0,0,0,0
2021-08-14,JetBlue,N852XX,576,SEA,CityName,State,DFW,CityName,State,0,0,10,0,0,,252,819,0,0,0,0,0
2021-08-14,Southwest,N188XX,1220,BOS,CityName,State,ORD,CityName,State,45,1,51,1,0,,281,2909,0,0,51,0,0
2021-08-14,JetBlue,N393XX,3935,MIA,CityName,State,ORD,CityName,State,0,0,-1,0,0,,123,1842,0,0,0,0,0
2021-08-14,Delta,N367XX,9194,MIA,CityName,State,ORD,CityName,State,0,0,-3,0,0,,350,2433,0,0,0,0,0
2021-08-15,United,N746XX,4120,MIA,CityName,State,ORD,CityName,State,0,0,-6,0,0,,339,2548,0,0,0,0,0
2021-08-15,JetBlue,N819XX,3618,SEA,CityName,State,LAX,CityName,State,0,0,-3,0,0,,79,1260,0,0,0,0,0
2021-08-15,Delta,N304XX,417,MIA,CityName,State,SFO,CityName,State,15,1,9,0,0,,324,2964,0,0,0,0,0
2021-08-15,United,N113XX,152,JFK,CityName,State,SEA,CityName,State,30,1,38,1,0,,302,1423,38,0,0,0,0
2021-08-15,Southwest,N255XX,7954,SEA,CityName,State,ATL,CityName,State,0,0,9,0,0,,322,1086,0,0,0,0,0
2021-08-15,Delta,N784XX,9775,DEN,CityName,State,LAX,CityName,State,0,0,0,0,1,A,157,1216,0,0,0,0,0
2021-08-15,American,N567XX,1565,DEN,CityName,State,DFW,CityName,State,240,1,240,1,0,,179,225,240,0,0,0,0
2021-08-15,Southwest,N964XX,195,BOS,CityName,State,ORD,CityName,State,0,0,-9,0,0,,149,989,0,0,0,0,0
2021-08-15,JetBlue,N451XX,5392,LAX,CityName,State,BOS,CityName,State,15,1,17,1,0,,258,399,0,17,0,0,0
2021-08-15,Delta,N803XX,444,LAX,CityName,State,DEN,CityName,State,0,0,10,0,0,,283,1504,0,0,0,0,0
2021-08-15,Southwest,N342XX,2870,SFO,CityName,State,JFK,CityName,State,0,0,7,0,0,,221,1153,0,0,0,0,0
2021-08-15,Southwest,N833XX,1770,MIA,CityName,State,BOS,CityName,State,45,1,45,1,0,,329,2906,0,0,0,0,45
2021-08-15,JetBlue,N779XX,279,MIA,CityName,State,DFW,CityName,State,0,0,-9,0,0,,256,2489,0,0,0,0,0
2021-08-15,American,N657XX,1179,SEA,CityName,State,SEA,CityName,State,0,0,3,0,0,,224,1345,0,0,0,0,0
2021-08-15,Southwest,N523XX,3058,DEN,CityName,State,ATL,CityName,State,240,1,230,1,0,,308,314,0,0,230,0,0
2021-08-16,JetBlue,N166XX,5731,ATL,CityName,State,BOS,CityName,State,0,0,10,0,0,,143,330,0,0,0,0,0
2021-08-16,Delta,N770XX,5262,LAX,CityName,State,ORD,CityName,State,0,0,0,0,0,,299,383,0,0,0,0,0
2021-08-16,American,N456XX,8842,ORD,CityName,State,ORD,CityName,State,0,0,4,0,0,,168,1041,0,0,0,0,0
2021-08-16,Southwest,N140XX,9901,ORD,CityName,State,BOS,CityName,State,0,0,-9,0,0,,159,986,0,0,0,0,0
2021-08-16,American,N768XX,1230,ATL,CityName,State,LAX,CityName,State,0,0,5,0,0,,109,1325,0,0,0,0,0
2021-08-16,JetBlue,N804XX,4943,BOS,CityName,State,DFW,CityName,State,0,0,10,0,0,,299,1777,0,0,0,0,0
2021-08-16,Southwest,N547XX,5220,SEA,CityName,State,DEN,CityName,State,30,1,37,1,0,,57,1787,0,0,37,0,0
2021-08-16,Delta,N913XX,2677,JFK,CityName,State,DFW,CityName,State,0,0,7,0,0,,51,2942,0,0,0,0,0
2021-08-16,JetBlue,N854XX,1677,SFO,CityName,State,JFK,CityName,State,15,1,20,1,0,,203,1545,0,0,0,0,20
2021-08-16,Southwest,N505XX,9593,ORD,CityName,State,ATL,CityName,State,0,0,-12,0,0,,143,769,0,0,0,0,0
2021-08-16,Southwest,N128XX,8936,BOS,CityName,State,JFK,CityName,State,0,0,-3,0,0,,316,2464,0,0,0,0,0
2021-08-16,Delta,N915XX,8470,ATL,CityName,State,DFW,CityName,State,0,0,-11,0,0,,181,2476,0,0,0,0,0
2021-08-16,Southwest,N781XX,9123,ATL,CityName,State,SFO,CityName,State,0,0,-1,0,0,,126,2311,0,0,0,0,0
2021-08-17,Delta,N894XX,1849,SFO,CityName,State,SFO,CityName,State,0,0,-7,0,0,,160,1756,0,0,0,0,0
2021-08-17,American,N817XX,5986,LAX,CityName,State,JFK,CityName,State,0,0,-6,0,0,,183,477,0,0,0,0,0
2021-08-17,American,N836XX,9711,BOS,CityName,State,SFO,CityName,State,0,0,-10,0,0,,67,1194,0,0,0,0,0
2021-08-17,Southwest,N226XX,7431,SFO,CityName,State,SFO,CityName,State,0,0,-5,0,0,,267,2963,0,0,0,0,0
2021-08-17,American,N684XX,9662,DFW,CityName,State,DEN,CityName,State,0,0,-12,0,0,,336,2606,0,0,0,0,0
2021-08-17,American,N533XX,4553,DFW,CityName,State,MIA,CityName,State,0,0,-2,0,0,,248,2640,0,0,0,0,0
2021-08-17,Delta,N672XX,6445,LAX,CityName,State,BOS,CityName,State,0,0,0,0,0,,193,2745,0,0,0,0,0
2021-08-17,United,N950XX,4513,SFO,CityName,State,ATL,CityName,State,0,0,1,0,0,,246,208,0,0,0,0,0
2021-08-17,United,N413XX,3440,JFK,CityName,State,DFW,CityName,State,0,0,-6,0,0,,167,238,0,0,0,0,0
2021-08-17,JetBlue,N868XX,9364,ORD,CityName,State,DFW,CityName,State,0,0,10,0,0,,190,1746,0,0,0,0,0
2021-08-17,Southwest,N562XX,4132,ATL,CityName,State,DFW,CityName,State,0,0,7,0,0,,177,2851,0,0,0,0,0
2021-08-17,Delta,N621XX,768,DEN,CityName,State,BOS,CityName,State,0,0,0,0,0,,108,1501,0,0,0,0,0
2021-08-17,JetBlue,N973XX,4660,MIA,CityName,State,SFO,CityName,State,60,1,65,1,0,,230,2684,65,0,0,0,0
2021-08-18,American,N267XX,6019,ATL,CityName,State,SFO,CityName,State,45,1,51,1,0,,119,1707,0,0,51,0,0
2021-08-18,American,N150XX,7479,ORD,CityName,State,ORD,CityName,State,0,0,5,0,0,,324,1796,0,0,0,0,0
2021-08-18,American,N212XX,3996,DFW,CityName,State,SEA,CityName,State,0,0,7,0,0,,337,329,0,0,0,0,0
2021-08-18,JetBlue,N256XX,3717,ORD,CityName,State,SEA,CityName,State,0,0,-2,0,0,,120,391,0,0,0,0,0
2021-08-18,JetBlue,N282XX,3549,ATL,CityName,State,LAX,CityName,State,0,0,3,0,0,,119,1299,0,0,0,0,0
2021-08-18,United,N515XX,967,SFO,CityName,State,JFK,CityName,State,0,0,-6,0,0,,135,1599,0,0,0,0,0
2021-08-18,JetBlue,N316XX,7687,MIA,CityName,State,LAX,CityName,State,45,1,33,1,0,,68,2063,33,0,0,0,0
2021-08-18,Delta,N825XX,3008,ORD,CityName,State,SEA,CityName,State,0,0,-12,0,0,,62,275,0,0,0,0,0
2021-08-18,American,N755XX,602,SFO,CityName,State,ORD,CityName,State,30,1,25,1,0,,202,871,25,0,0,0,0
2021-08-18,United,N154XX,8078,SFO,CityName,State,JFK,CityName,State,0,0,-7,0,0,,347,830,0,0,0,0,0
2021-08-18,Southwest,N673XX,8656,ATL,CityName,State,SFO,CityName,State,0,0,-10,0,0,,281,2293,0,0,0,0,0
2021-08-18,Southwest,N609XX,8771,SFO,CityName,State,DFW,CityName,State,30,1,19,1,0,,327,2377,0,0,0,0,19
2021-08-19,Southwest,N388XX,1904,SFO,CityName,State,SFO,CityName,State,30,1,32,1,0,,85,1083,0,32,0,0,0
2021-08-19,Delta,N332XX,2172,ATL,CityName,State,SEA,CityName,State,0,0,-9,0,0,,140,2060,0,0,0,0,0
2021-08-19,Southwest,N580XX,9091,BOS,CityName,State,ATL,CityName,State,0,0,2,0,0,,73,1999,0,0,0,0,0
2021-08-19,JetBlue,N933XX,8693,MIA,CityName,State,JFK,CityName,State,0,0,8,0,0,,166,1728,0,0,0,0,0
2021-08-19,American,N327XX,3450,SEA,CityName,State,ORD,CityName,State,0,0,8,0,0,,77,2309,0,0,0,0,0
2021-08-19,Southwest,N973XX,3304,LAX,CityName,State,DFW,CityName,State,15,1,21,1,0,,297,1957,0,0,0,0,21
2021-08-19,Southwest,N258XX,2026,LAX,CityName,State,ORD,CityName,State,0,0,-1,0,0,,264,2790,0,0,0,0,0
2021-08-19,United,N661XX,3954,SFO,CityName,State,MIA,CityName,State,240,1,229,1,0,,160,1902,229,0,0,0,0
2021-08-19,JetBlue,N721XX,7712,LAX,CityName,State,ATL,CityName,State,60,1,51,1,0,,124,2182,51,0,0,0,0
2021-08-19,United,N955XX,9218,SFO,CityName,State,BOS,CityName,State,30,1,28,1,0,,336,1892,0,28,0,0,0
2021-08-19,United,N543XX,6888,SFO,CityName,State,DEN,CityName,State,0,0,4,0,0,,225,2287,0,0,0,0,0
2021-08-19,American,N362XX,9805,BOS,CityName,State,ATL,CityName,State,0,0,2,0,0,,171,1928,0,0,0,0,0
2021-08-19,Delta,N406XX,1619,ORD,CityName,State,JFK,CityName,State,15,1,6,0,0,,103,1000,0,0,0,0,0
2021-08-19,JetBlue,N425XX,2038,BOS,CityName,State,ATL,CityName,State,15,1,19,1,0,,358,1579,0,0,19,0,0
2021-08-19,Southwest,N365XX,7732,ORD,CityName,State,DFW,CityName,State,0,0,-14,0,0,,145,2142,0,0,0,0,0
2021-08-19,United,N358XX,4280,SFO,CityName,State,DFW,CityName,State,0,0,-11,0,0,,188,974,0,0,0,0,0
2021-08-19,JetBlue,N335XX,4784,SEA,CityName,State,JFK,CityName,State,15,1,8,0,0,,232,208,0,0,0,0,0
2021-08-20,JetBlue,N820XX,5374,DEN,CityName,State,SEA,CityName,State,0,0,-9,0,0,,209,250,0,0,0,0,0
2021-08-20,American,N125XX,8279,LAX,CityName,State,SEA,CityName,State,0,0,8,0,0,,86,2485,0,0,0,0,0
2021-08-20,United,N962XX,6443,LAX,CityName,State,DFW,CityName,State,0,0,-7,0,0,,351,2783,0,0,0,0,0
2021-08-20,American,N302XX,4624,DEN,CityName,State,JFK,CityName,State,0,0,8,0,0,,273,1672,0,0,0,0,0
2021-08-20,Southwest,N826XX,126,DFW,CityName,State,SEA,CityName,State,0,0,-10,0,0,,182,1955,0,0,0,0,0
2021-08-20,Southwest,N359XX,6550,JFK,CityName,State,JFK,CityName,State,60,1,56,1,0,,303,2037,56,0,0,0,0
2021-08-20,Southwest,N145XX,4130,MIA,CityName,State,SFO,CityName,State,0,0,9,0,0,,109,1704,0,0,0,0,0
2021-08-20,JetBlue,N759XX,1632,JFK,CityName,State,DEN,CityName,State,0,0,-11,0,0,,58,2749,0,0,0,0,0
2021-08-20,American,N401XX,6695,MIA,CityName,State,MIA,CityName,State,0,0,-11,0,0,,67,363,0,0,0,0,0
2021-08-21,Southwest,N272XX,7962,ORD,CityName,State,ATL,CityName,State,240,1,250,1,0,,66,891,250,0,0,0,0
2021-08-21,JetBlue,N490XX,7763,MIA,CityName,State,ATL,CityName,State,0,0,-9,0,0,,198,1128,0,0,0,0,0
2021-08-21,Delta,N615XX,1318,DFW,CityName,State,SEA,CityName,State,0,0,-11,0,0,,304,2013,0,0,0,0,0
2021-08-21,JetBlue,N189XX,7514,JFK,CityName,State,BOS,CityName,State,0,0,1,0,0,,122,1256,0,0,0,0,0
2021-08-21,United,N347XX,8445,DFW,CityName,State,SEA,CityName,State,0,0,-9,0,0,,97,1850,0,0,0,0,0
2021-08-21,United,N584XX,270,SEA,CityName,State,ORD,CityName,State,0,0,-4,0,0,,203,1517,0,0,0,0,0
2021-08-21,American,N339XX,9208,LAX,CityName,State,LAX,CityName,State,0,0,8,0,0,,114,973,0,0,0,0,0
2021-08-21,American,N241XX,6008,DFW,CityName,State,LAX,CityName,State,120,1,114,1,0,,283,2097,114,0,0,0,0
2021-08-22,United,N232XX,7695,BOS,CityName,State,MIA,CityName,State,0,0,-8,0,0,,85,2098,0,0,0,0,0
2021-08-22,JetBlue,N167XX,6232,JFK,CityName,State,ATL,CityName,State,0,0,8,0,0,,258,1369,0,0,0,0,0
2021-08-22,United,N145XX,728,LAX,CityName,State,BOS,CityName,State,0,0,3,0,0,,149,2748,0,0,0,0,0
2021-08-22,United,N476XX,8306,ORD,CityName,State,DEN,CityName,State,0,0,-4,0,0,,226,2662,0,0,0,0,0
2021-08-22,JetBlue,N288XX,3455,BOS,CityName,State,LAX,CityName,State,0,0,-14,0,0,,252,530,0,0,0,0,0
2021-08-22,Southwest,N165XX,2157,DFW,CityName,State,BOS,CityName,State,15,1,13,0,0,,237,1261,0,0,0,0,0
2021-08-22,American,N719XX,4364,DEN,CityName,State,ORD,CityName,State,0,0,7,0,0,,279,750,0,0,0,0,0
2021-08-22,JetBlue,N465XX,6628,DEN,CityName,State,LAX,CityName,State,15,1,6,0,0,,283,1968,0,0,0,0,0
2021-08-22,Southwest,N221XX,564,LAX,CityName,State,SFO,CityName,State,60,1,70,1,0,,80,1623,0,0,70,0,0
2021-08-22,Southwest,N395XX,1904,DFW,CityName,State,DEN,CityName,State,0,0,2,0,0,,144,1354,0,0,0,0,0
2021-08-22,Delta,N988XX,8227,DEN,CityName,State,ATL,CityName,State,15,1,16,1,0,,163,261,0,0,16,0,0
2021-08-22,American,N365XX,2708,SEA,CityName,State,SFO,CityName,State,0,0,-2,0,0,,121,1459,0,0,0,0,0
2021-08-22,JetBlue,N912XX,8731,DFW,CityName,State,MIA,CityName,State,0,0,2,0,0,,334,2392,0,0,0,0,0
2021-08-22,United,N227XX,2046,MIA,CityName,State,JFK,CityName,State,0,0,-11,0,0,,226,1678,0,0,0,0,0
2021-08-22,JetBlue,N558XX,2368,MIA,CityName,State,DEN,CityName,State,0,0,10,0,0,,332,1207,0,0,0,0,0
2021-08-22,Delta,N107XX,433,DEN,CityName,State,DFW,CityName,State,0,0,-11,0,0,,123,1983,0,0,0,0,0
2021-08-22,Delta,N371XX,6348,MIA,CityName,State,DEN,CityName,State,0,0,-6,0,0,,155,2129,0,0,0,0,0
2021-08-22,Delta,N505XX,8009,SFO,CityName,State,SEA,CityName,State,0,0,8,0,0,,321,183,0,0,0,0,0
2021-08-22,Delta,N279XX,8823,DEN,CityName,State,DEN,CityName,State,0,0,6,0,0,,212,2885,0,0,0,0,0
2021-08-22,JetBlue,N360XX,1232,DEN,CityName,State,SEA,CityName,State,45,1,48,1,0,,268,2393,0,0,48,0,0
2021-08-22,JetBlue,N875XX,9252,ORD,CityName,State,ORD,CityName,State,0,0,9,0,0,,207,552,0,0,0,0,0
2021-08-22,United,N532XX,5854,SEA,CityName,State,DFW,CityName,State,15,1,21,1,0,,256,2730,0,0,21,0,0
2021-08-23,JetBlue,N856XX,5251,ATL,CityName,State,JFK,CityName,State,0,0,-12,0,0,,236,1074,0,0,0,0,0
2021-08-23,American,N707XX,4255,DFW,CityName,State,LAX,CityName,State,0,0,0,0,1,A,262,2513,0,0,0,0,0
2021-08-23,JetBlue,N592XX,2598,SFO,CityName,State,ATL,CityName,State,15,1,21,1,0,,293,1712,21,0,0,0,0
2021-08-23,Delta,N965XX,4935,BOS,CityName,State,BOS,CityName,State,0,0,0,0,1,A,277,2623,0,0,0,0,0
2021-08-23,Delta,N106XX,8350,BOS,CityName,State,ATL,CityName,State,0,0,2,0,0,,312,2722,0,0,0,0,0
2021-08-23,Southwest,N303XX,3995,SEA,CityName,State,DEN,CityName,State,30,1,25,1,0,,75,2814,0,0,25,0,0
2021-08-23,Delta,N168XX,3273,ORD,CityName,State,LAX,CityName,State,0,0,1,0,0,,346,1346,0,0,0,0,0
2021-08-23,American,N100XX,3811,DEN,CityName,State,ORD,CityName,State,60,1,50,1,0,,218,708,0,50,0,0,0
2021-08-23,Southwest,N874XX,4338,DEN,CityName,State,MIA,CityName,State,0,0,-12,0,0,,310,2214,0,0,0,0,0
2021-08-23,Southwest,N473XX,8332,LAX,CityName,State,LAX,CityName,State,30,1,18,1,0,,308,779,18,0,0,0,0
2021-08-23,Delta,N267XX,2777,SEA,CityName,State,DEN,CityName,State,30,1,28,1,0,,145,2360,0,0,0,0,28
2021-08-24,American,N755XX,6901,ORD,CityName,State,DFW,CityName,State,0,0,-7,0,0,,228,693,0,0,0,0,0
2021-08-24,Delta,N958XX,3722,LAX,CityName,State,DEN,CityName,State,15,1,5,0,0,,340,1470,0,0,0,0,0
2021-08-24,JetBlue,N584XX,1329,MIA,CityName,State,BOS,CityName,State,0,0,-8,0,0,,105,1751,0,0,0,0,0
2021-08-24,United,N664XX,3773,SEA,CityName,State,DEN,CityName,State,0,0,-1,0,0,,46,649,0,0,0,0,0
2021-08-24,American,N513XX,8362,BOS,CityName,State,JFK,CityName,State,0,0,-10,0,0,,103,607,0,0,0,0,0
2021-08-24,JetBlue,N364XX,8282,MIA,CityName,State,SEA,CityName,State,0,0,-1,0,0,,136,817,0,0,0,0,0
2021-08-24,United,N387XX,1455,ATL,CityName,State,SFO,CityName,State,120,1,111,1,0,,51,1552,0,111,0,0,0
2021-08-24,JetBlue,N165XX,6274,LAX,CityName,State,ATL,CityName,State,0,0,-13,0,0,,82,1542,0,0,0,0,0
2021-08-24,Southwest,N724XX,3047,SEA,CityName,State,BOS,CityName,State,60,1,64,1,0,,221,2663,0,64,0,0,0
2021-08-24,Southwest,N308XX,3757,SEA,CityName,State,SFO,CityName,State,15,1,12,0,0,,241,2279,0,0,0,0,0
2021-08-24,American,N890XX,2166,MIA,CityName,State,DEN,CityName,State,0,0,2,0,0,,216,1646,0,0,0,0,0
2021-08-24,Southwest,N594XX,2579,SFO,CityName,State,DEN,CityName,State,60,1,64,1,0,,329,1225,0,0,0,0,64
2021-08-24,United,N982XX,2505,DFW,CityName,State,DFW,CityName,State,0,0,-11,0,0,,184,2379,0,0,0,0,0
2021-08-25,Southwest,N578XX,7903,SEA,CityName,State,BOS,CityName,State,0,0,10,0,0,,233,2829,0,0,0,0,0
2021-08-25,American,N876XX,390,DEN,CityName,State,ATL,CityName,State,15,1,21,1,0,,229,1255,21,0,0,0,0
2021-08-25,United,N635XX,1183,SFO,CityName,State,LAX,CityName,State,0,0,-5,0,0,,298,2883,0,0,0,0,0
2021-08-25,American,N336XX,6274,ATL,CityName,State,LAX,CityName,State,0,0,-14,0,0,,132,985,0,0,0,0,0
2021-08-25,United,N730XX,4364,ORD,CityName,State,MIA,CityName,State,15,1,15,1,0,,243,969,0,0,15,0,0
2021-08-25,Southwest,N528XX,7239,DEN,CityName,State,LAX,CityName,State,0,0,-13,0,0,,160,771,0,0,0,0,0
2021-08-25,Delta,N937XX,9377,MIA,CityName,State,JFK,CityName,State,0,0,-1,0,0,,121,1908,0,0,0,0,0
2021-08-25,American,N798XX,9666,BOS,CityName,State,ORD,CityName,State,15,1,1,0,0,,155,1697,0,0,0,0,0
2021-08-25,Southwest,N714XX,1646,BOS,CityName,State,SFO,CityName,State,0,0,-7,0,0,,124,2077,0,0,0,0,0
2021-08-25,Southwest,N277XX,1746,DFW,CityName,State,DEN,CityName,State,15,1,14,0,0,,159,2496,0,0,0,0,0
2021-08-25,Delta,N165XX,5201,ORD,CityName,State,MIA,CityName,State,60,1,62,1,0,,315,1790,0,62,0,0,0
2021-08-25,Southwest,N802XX,3155,BOS,CityName,State,LAX,CityName,State,0,0,-10,0,0,,295,400,0,0,0,0,0
2021-08-25,JetBlue,N664XX,871,BOS,CityName,State,LAX,CityName,State,0,0,-3,0,0,,191,1912,0,0,0,0,0
2021-08-26,JetBlue,N169XX,1736,SEA,CityName,State,SEA,CityName,State,30,1,16,1,0,,290,1839,0,0,16,0,0
2021-08-26,American,N581XX,6644,SFO,CityName,State,BOS,CityName,State,0,0,10,0,0,,302,1255,0,0,0,0,0
2021-08-26,American,N879XX,3666,ORD,CityName,State,DEN,CityName,State,0,0,-6,0,0,,331,1498,0,0,0,0,0
2021-08-26,Delta,N608XX,2583,ATL,CityName,State,DFW,CityName,State,0,0,9,0,0,,223,2175,0,0,0,0,0
2021-08-26,American,N405XX,4202,ORD,CityName,State,MIA,CityName,State,0,0,9,0,0,,340,2622,0,0,0,0,0
2021-08-26,JetBlue,N484XX,1641,ATL,CityName,State,ORD,CityName,State,240,1,235,1,0,,285,644,0,0,235,0,0
2021-08-26,American,N426XX,8227,MIA,CityName,State,ATL,CityName,State,0,0,-9,0,0,,137,1960,0,0,0,0,0
2021-08-26,Southwest,N201XX,7956,DEN,CityName,State,BOS,CityName,State,0,0,-7,0,0,,255,1336,0,0,0,0,0
2021-08-26,JetBlue,N567XX,5185,BOS,CityName,State,JFK,CityName,State,0,0,-13,0,0,,213,1538,0,0,0,0,0
2021-08-26,JetBlue,N236XX,8961,JFK,CityName,State,ORD,CityName,State,0,0,-10,0,0,,112,620,0,0,0,0,0
2021-08-26,JetBlue,N739XX,2285,ATL,CityName,State,JFK,CityName,State,0,0,3,0,0,,57,852,0,0,0,0,0
2021-08-26,United,N689XX,4957,BOS,CityName,State,DEN,CityName,State,0,0,-2,0,0,,281,2314,0,0,0,0,0
2021-08-27,Southwest,N920XX,2578,ATL,CityName,State,DFW,CityName,State,45,1,35,1,0,,97,2268,0,0,35,0,0
2021-08-27,Southwest,N299XX,3969,JFK,CityName,State,SFO,CityName,State,30,1,18,1,0,,316,173,0,0,0,0,18
2021-08-27,United,N601XX,1428,JFK,CityName,State,MIA,CityName,State,0,0,-14,0,0,,287,2579,0,0,0,0,0
2021-08-27,American,N796XX,5013,ATL,CityName,State,DFW,CityName,State,30,1,18,1,0,,244,1069,0,18,0,0,0
2021-08-27,Delta,N864XX,8429,SEA,CityName,State,DEN,CityName,State,0,0,-10,0,0,,192,1440,0,0,0,0,0
2021-08-27,Southwest,N553XX,1818,DEN,CityName,State,LAX,CityName,State,0,0,-13,0,0,,217,1898,0,0,0,0,0
2021-08-27,Southwest,N180XX,565,DEN,CityName,State,JFK,CityName,State,0,0,-11,0,0,,78,1341,0,0,0,0,0
2021-08-27,United,N170XX,5041,ORD,CityName,State,ATL,CityName,State,120,1,122,1,0,,138,2654,122,0,0,0,0
2021-08-27,United,N478XX,8822,DFW,CityName,State,BOS,CityName,State,0,0,3,0,0,,54,1265,0,0,0,0,0
2021-08-27,United,N198XX,3075,ORD,CityName,State,JFK,CityName,State,0,0,0,0,1,A,126,1122,0,0,0,0,0
2021-08-27,Delta,N529XX,4972,SFO,CityName,State,ORD,CityName,State,0,0,7,0,0,,232,400,0,0,0,0,0
2021-08-27,American,N254XX,7413,SFO,CityName,State,MIA,CityName,State,0,0,6,0,0,,54,164,0,0,0,0,0
2021-08-27,JetBlue,N835XX,2195,ORD,CityName,State,ORD,CityName,State,30,1,38,1,0,,311,2081,38,0,0,0,0
2021-08-27,JetBlue,N131XX,6767,MIA,CityName,State,SEA,CityName,State,0,0,8,0,0,,339,1892,0,0,0,0,0
2021-08-27,American,N643XX,7993,SFO,CityName,State,SFO,CityName,State,0,0,8,0,0,,73,2302,0,0,0,0,0
2021-08-27,Delta,N852XX,9196,DEN,CityName,State,LAX,CityName,State,0,0,-2,0,0,,328,1142,0,0,0,0,0
2021-08-27,Delta,N340XX,6497,JFK,CityName,State,SEA,CityName,State,0,0,-12,0,0,,280,2798,0,0,0,0,0
2021-08-27,JetBlue,N712XX,8111,ATL,CityName,State,BOS,CityName,State,15,1,17,1,0,,337,1824,17,0,0,0,0
2021-08-27,JetBlue,N871XX,1867,BOS,CityName,State,SFO,CityName,State,15,1,2,0,0,,329,2906,0,0,0,0,0
2021-08-27,Delta,N997XX,9787,MIA,CityName,State,LAX,CityName,State,0,0,5,0,0,,210,1700,0,0,0,0,0
2021-08-27,Southwest,N721XX,9164,DFW,CityName,State,LAX,CityName,State,0,0,4,0,0,,355,1660,0,0,0,0,0
2021-08-27,Delta,N549XX,2456,SFO,CityName,State,ORD,CityName,State,0,0,5,0,0,,280,1994,0,0,0,0,0
2021-08-27,JetBlue,N963XX,3693,ATL,CityName,State,ORD,CityName,State,30,1,37,1,0,,250,2287,0,37,0,0,0
2021-08-27,Southwest,N515XX,8822,JFK,CityName,State,MIA,CityName,State,30,1,17,1,0,,70,2126,0,0,0,0,17
2021-08-27,Delta,N640XX,8114,JFK,CityName,State,DFW,CityName,State,0,0,-3,0,0,,251,1669,0,0,0,0,0
2021-08-28,United,N881XX,7839,JFK,CityName,State,MIA,CityName,State,0,0,-3,0,0,,278,2497,0,0,0,0,0
2021-08-28,United,N749XX,5839,ATL,CityName,State,DEN,CityName,State,120,1,112,1,0,,61,348,112,0,0,0,0
2021-08-28,Southwest,N165XX,8190,ATL,CityName,State,SEA,CityName,State,0,0,-13,0,0,,93,1749,0,0,0,0,0
2021-08-28,United,N717XX,1136,SFO,CityName,State,DFW,CityName,State,0,0,-2,0,0,,263,1352,0,0,0,0,0
2021-08-28,JetBlue,N704XX,4804,MIA,CityName,State,DFW,CityName,State,15,1,24,1,0,,78,1146,0,0,24,0,0
2021-08-28,United,N865XX,3215,DFW,CityName,State,DFW,CityName,State,0,0,-9,0,0,,215,2828,0,0,0,0,0
2021-08-28,Southwest,N620XX,2022,ATL,CityName,State,ATL,CityName,State,0,0,-11,0,0,,326,743,0,0,0,0,0
2021-08-28,JetBlue,N935XX,8504,SEA,CityName,State,LAX,CityName,State,0,0,10,0,0,,83,1417,0,0,0,0,0
2021-08-28,United,N393XX,4652,LAX,CityName,State,ATL,CityName,State,0,0,2,0,0,,264,1141,0,0,0,0,0
2021-08-28,Delta,N894XX,9255,DEN,CityName,State,MIA,CityName,State,0,0,-8,0,0,,171,497,0,0,0,0,0
2021-08-28,United,N197XX,4542,JFK,CityName,State,DEN,CityName,State,0,0,-13,0,0,,81,1175,0,0,0,0,0
2021-08-28,Southwest,N407XX,6653,SFO,CityName,State,MIA,CityName,State,30,1,25,1,0,,165,2994,0,0,25,0,0
2021-08-29,United,N350XX,8147,MIA,CityName,State,JFK,CityName,State,120,1,114,1,0,,109,1081,0,0,114,0,0
2021-08-29,American,N765XX,3967,ORD,CityName,State,SFO,CityName,State,0,0,-6,0,0,,57,2356,0,0,0,0,0
2021-08-29,Southwest,N851XX,2205,BOS,CityName,State,SFO,CityName,State,0,0,10,0,0,,69,1585,0,0,0,0,0
2021-08-29,Delta,N455XX,1055,JFK,CityName,State,DFW,CityName,State,0,0,-5,0,0,,275,1117,0,0,0,0,0
2021-08-29,American,N942XX,3342,BOS,CityName,State,LAX,CityName,State,0,0,3,0,0,,90,726,0,0,0,0,0
2021-08-29,American,N234XX,8657,ORD,CityName,State,ATL,CityName,State,0,0,-6,0,0,,169,2399,0,0,0,0,0
2021-08-29,Delta,N576XX,2801,ATL,CityName,State,ATL,CityName,State,0,0,-11,0,0,,53,1664,0,0,0,0,0
2021-08-29,Delta,N911XX,553,SEA,CityName,State,ATL,CityName,State,60,1,61,1,0,,167,2838,61,0,0,0,0
2021-08-29,American,N929XX,6824,MIA,CityName,State,LAX,CityName,State,0,0,-6,0,0,,313,1695,0,0,0,0,0
2021-08-29,American,N829XX,6938,DEN,CityName,State,MIA,CityName,State,0,0,-9,0,0,,52,932,0,0,0,0,0
2021-08-29,Southwest,N461XX,2179,ATL,CityName,State,ORD,CityName,State,60,1,55,1,0,,312,917,0,0,0,0,55
2021-08-29,Delta,N437XX,7864,ORD,CityName,State,BOS,CityName,State,60,1,47,1,0,,202,1000,47,0,0,0,0
2021-08-29,JetBlue,N931XX,1003,SEA,CityName,State,DEN,CityName,State,0,0,-11,0,0,,246,284,0,0,0,0,0
2021-08-29,United,N554XX,1604,SEA,CityName,State,SFO,CityName,State,240,1,249,1,0,,220,2447,0,249,0,0,0
2021-08-29,American,N555XX,1061,ATL,CityName,State,BOS,CityName,State,0,0,-6,0,0,,214,1792,0,0,0,0,0
2021-08-30,United,N291XX,5103,SEA,CityName,State,ORD,CityName,State,0,0,2,0,0,,356,2351,0,0,0,0,0
2021-08-30,American,N169XX,9737,SFO,CityName,State,BOS,CityName,State,0,0,-14,0,0,,89,1748,0,0,0,0,0
2021-08-30,Southwest,N965XX,5632,SFO,CityName,State,JFK,CityName,State,0,0,10,0,0,,213,1219,0,0,0,0,0
2021-08-30,American,N901XX,8368,LAX,CityName,State,SFO,CityName,State,0,0,-6,0,0,,182,346,0,0,0,0,0
2021-08-30,Delta,N659XX,6590,SFO,CityName,State,ATL,CityName,State,0,0,8,0,0,,179,370,0,0,0,0,0
2021-08-30,JetBlue,N244XX,7837,DEN,CityName,State,DFW,CityName,State,0,0,-7,0,0,,49,812,0,0,0,0,0
2021-08-30,Delta,N775XX,7335,DEN,CityName,State,ATL,CityName,State,0,0,4,0,0,,256,529,0,0,0,0,0
2021-08-30,Southwest,N782XX,8711,JFK,CityName,State,LAX,CityName,State,60,1,62,1,0,,147,1820,62,0,0,0,0
2021-08-30,United,N511XX,1236,DFW,CityName,State,SEA,CityName,State,45,1,36,1,0,,214,1048,36,0,0,0,0
2021-08-30,American,N912XX,8647,MIA,CityName,State,BOS,CityName,State,0,0,9,0,0,,313,1275,0,0,0,0,0
2021-08-30,United,N874XX,9008,ORD,CityName,State,MIA,CityName,State,0,0,0,0,1,A,343,224,0,0,0,0,0
2021-08-30,United,N165XX,6797,DEN,CityName,State,SFO,CityName,State,15,1,0,0,1,A,109,1986,0,0,0,0,0
2021-08-30,Delta,N165XX,4364,ORD,CityName,State,BOS,CityName,State,0,0,-8,0,0,,344,2156,0,0,0,0,0
2021-08-30,JetBlue,N947XX,5027,SFO,CityName,State,ATL,CityName,State,0,0,7,0,0,,109,185,0,0,0,0,0
2021-08-30,United,N484XX,3505,DEN,CityName,State,SFO,CityName,State,0,0,-14,0,0,,53,2499,0,0,0,0,0
2021-08-30,United,N603XX,2613,BOS,CityName,State,MIA,CityName,State,0,0,-8,0,0,,66,1171,0,0,0,0,0
2021-08-30,Southwest,N801XX,8588,MIA,CityName,State,MIA,CityName,State,30,1,24,1,0,,75,2225,0,0,0,0,24
2021-08-31,JetBlue,N305XX,2557,LAX,CityName,State,SFO,CityName,State,0,0,0,0,0,,171,353,0,0,0,0,0
2021-08-31,American,N279XX,728,DEN,CityName,State,ORD,CityName,State,45,1,32,1,0,,159,2447,0,0,32,0,0
2021-08-31,JetBlue,N759XX,4842,ATL,CityName,State,DFW,CityName,State,0,0,9,0,0,,303,1011,0,0,0,0,0
2021-08-31,United,N884XX,1809,MIA,CityName,State,DFW,CityName,State,60,1,69,1,0,,92,1190,0,0,0,0,69
2021-08-31,JetBlue,N168XX,2395,DEN,CityName,State,BOS,CityName,State,0,0,-4,0,0,,157,1317,0,0,0,0,0
2021-08-31,Southwest,N164XX,4221,ATL,CityName,State,BOS,CityName,State,0,0,-11,0,0,,125,1777,0,0,0,0,0
2021-08-31,American,N455XX,6583,DEN,CityName,State,JFK,CityName,State,0,0,-2,0,0,,113,2381,0,0,0,0,0
2021-08-31,American,N850XX,1646,SFO,CityName,State,BOS,CityName,State,15,1,5,0,0,,159,2781,0,0,0,0,0
2021-09-01,American,N827XX,5500,ORD,CityName,State,LAX,CityName,State,0,0,1,0,0,,327,461,0,0,0,0,0
2021-09-01,United,N482XX,4611,JFK,CityName,State,ORD,CityName,State,60,1,46,1,0,,332,907,0,46,0,0,0
2021-09-01,American,N442XX,9036,JFK,CityName,State,ATL,CityName,State,60,1,0,0,1,A,244,1120,0,0,0,0,0
2021-09-01,JetBlue,N541XX,1729,JFK,CityName,State,SFO,CityName,State,30,1,38,1,0,,272,1587,0,0,0,0,38
2021-09-01,JetBlue,N456XX,4578,ATL,CityName,State,LAX,CityName,State,0,0,4,0,0,,303,2697,0,0,0,0,0
2021-09-01,United,N577XX,3852,SEA,CityName,State,ORD,CityName,State,0,0,-14,0,0,,83,2848,0,0,0,0,0
2021-09-01,American,N141XX,9882,MIA,CityName,State,SFO,CityName,State,0,0,-2,0,0,,276,2812,0,0,0,0,0
2021-09-01,United,N977XX,1180,BOS,CityName,State,SFO,CityName,State,15,1,23,1,0,,260,1780,23,0,0,0,0
2021-09-01,Southwest,N623XX,912,ORD,CityName,State,SEA,CityName,State,45,1,34,1,0,,324,405,0,0,34,0,0
2021-09-01,Delta,N670XX,7291,DEN,CityName,State,ATL,CityName,State,0,0,-8,0,0,,66,2764,0,0,0,0,0
2021-09-01,Southwest,N824XX,6605,MIA,CityName,State,JFK,CityName,State,0,0,-2,0,0,,351,936,0,0,0,0,0
2021-09-01,American,N266XX,6605,SFO,CityName,State,DFW,CityName,State,0,0,4,0,0,,191,904,0,0,0,0,0
2021-09-01,United,N428XX,6878,LAX,CityName,State,DFW,CityName,State,15,1,1,0,0,,157,1039,0,0,0,0,0
2021-09-01,American,N571XX,8016,DFW,CityName,State,SEA,CityName,State,0,0,-11,0,0,,345,2211,0,0,0,0,0
2021-09-01,JetBlue,N855XX,1536,BOS,CityName,State,ATL,CityName,State,0,0,-2,0,0,,55,1600,0,0,0,0,0
2021-09-01,JetBlue,N761XX,2837,SFO,CityName,State,SEA,CityName,State,15,1,15,1,0,,344,2055,15,0,0,0,0
2021-09-01,Delta,N507XX,2345,SEA,CityName,State,DFW,CityName,State,0,0,10,0,0,,344,250,0,0,0,0,0
2021-09-01,United,N261XX,5158,ATL,CityName,State,DFW,CityName,State,15,1,21,1,0,,265,2464,0,0,0,0,21
2021-09-01,JetBlue,N170XX,8484,ATL,CityName,State,ATL,CityName,State,0,0,-11,0,0,,172,617,0,0,0,0,0
2021-09-01,JetBlue,N716XX,6539,LAX,CityName,State,LAX,CityName,State,0,0,-14,0,0,,224,1383,0,0,0,0,0
2021-09-02,JetBlue,N840XX,4853,DEN,CityName,State,DFW,CityName,State,0,0,-12,0,0,,330,2238,0,0,0,0,0
2021-09-02,American,N624XX,1642,ATL,CityName,State,JFK,CityName,State,0,0,-5,0,0,,222,810,0,0,0,0,0
2021-09-02,United,N149XX,4504,ORD,CityName,State,LAX,CityName,State,15,1,25,1,0,,354,1210,25,0,0,0,0
2021-09-02,JetBlue,N591XX,6667,BOS,CityName,State,JFK,CityName,State,0,0,5,0,0,,86,773,0,0,0,0,0
2021-09-02,Delta,N378XX,4772,LAX,CityName,State,ATL,CityName,State,30,1,30,1,0,,269,2580,0,30,0,0,0
2021-09-02,JetBlue,N684XX,8578,SEA,CityName,State,BOS,CityName,State,0,0,-10,0,0,,184,1032,0,0,0,0,0
2021-09-02,American,N889XX,4304,BOS,CityName,State,SEA,CityName,State,0,0,0,0,1,A,353,1267,0,0,0,0,0
2021-09-02,American,N772XX,9611,DFW,CityName,State,BOS,CityName,State,0,0,-4,0,0,,160,2923,0,0,0,0,0
2021-09-02,Southwest,N805XX,2375,ORD,CityName,State,JFK,CityName,State,0,0,1,0,0,,73,450,0,0,0,0,0
2021-09-02,Southwest,N807XX,711,ORD,CityName,State,ORD,CityName,State,0,0,2,0,0,,332,2910,0,0,0,0,0
2021-09-02,Southwest,N755XX,7751,DEN,CityName,State,SFO,CityName,State,0,0,7,0,0,,45,2198,0,0,0,0,0
2021-09-02,JetBlue,N752XX,4433,MIA,CityName,State,LAX,CityName,State,0,0,9,0,0,,172,2608,0,0,0,0,0
2021-09-02,American,N750XX,8741,ATL,CityName,State,DEN,CityName,State,0,0,-4,0,0,,306,1451,0,0,0,0,0
2021-09-02,American,N495XX,5152,SEA,CityName,State,BOS,CityName,State,0,0,8,0,0,,165,367,0,0,0,0,0
2021-09-02,Delta,N126XX,712,LAX,CityName,State,DFW,CityName,State,0,0,-11,0,0,,81,2113,0,0,0,0,0
2021-09-02,JetBlue,N569XX,2251,SEA,CityName,State,SEA,CityName,State,0,0,6,0,0,,290,508,0,0,0,0,0
2021-09-02,United,N131XX,9512,BOS,CityName,State,SEA,CityName,State,0,0,-6,0,0,,79,1642,0,0,0,0,0
2021-09-03,United,N785XX,2348,DFW,CityName,State,JFK,CityName,State,0,0,-14,0,0,,265,2920,0,0,0,0,0
2021-09-03,United,N610XX,5609,SFO,CityName,State,SFO,CityName,State,0,0,-6,0,0,,129,158,0,0,0,0,0
2021-09-03,American,N169XX,8407,JFK,CityName,State,LAX,CityName,State,0,0,-3,0,0,,111,367,0,0,0,0,0
2021-09-03,JetBlue,N915XX,9511,DEN,CityName,State,SEA,CityName,State,0,0,-11,0,0,,281,2823,0,0,0,0,0
2021-09-03,American,N402XX,2782,ATL,CityName,State,SEA,CityName,State,0,0,-9,0,0,,237,2286,0,0,0,0,0
2021-09-03,Southwest,N370XX,9153,BOS,CityName,State,ATL,CityName,State,0,0,-11,0,0,,253,729,0,0,0,0,0
2021-09-03,Delta,N783XX,8341,MIA,CityName,State,SEA,CityName,State,0,0,-9,0,0,,152,599,0,0,0,0,0
2021-09-03,JetBlue,N300XX,3081,SFO,CityName,State,LAX,CityName,State,0,0,7,0,0,,197,653,0,0,0,0,0
2021-09-03,JetBlue,N348XX,3913,SEA,CityName,State,SEA,CityName,State,0,0,9,0,0,,230,2745,0,0,0,0,0
2021-09-03,United,N110XX,262,LAX,CityName,State,BOS,CityName,State,0,0,-13,0,0,,285,632,0,0,0,0,0
2021-09-03,Southwest,N132XX,1860,SEA,CityName,State,SFO,CityName,State,0,0,-4,0,0,,62,2430,0,0,0,0,0
2021-09-04,United,N200XX,5934,LAX,CityName,State,DFW,CityName,State,0,0,10,0,0,,198,375,0,0,0,0,0
2021-09-04,Delta,N674XX,5771,SFO,CityName,State,DEN,CityName,State,0,0,0,0,0,,163,1927,0,0,0,0,0
2021-09-04,Southwest,N887XX,5264,LAX,CityName,State,LAX,CityName,State,0,0,-9,0,0,,77,527,0,0,0,0,0
2021-09-04,American,N520XX,3111,DEN,CityName,State,DFW,CityName,State,60,1,69,1,0,,228,1892,0,0,69,0,0
2021-09-04,Delta,N721XX,6294,DEN,CityName,State,MIA,CityName,State,0,0,-10,0,0,,122,2873,0,0,0,0,0
2021-09-04,American,N876XX,3444,ORD,CityName,State,JFK,CityName,State,0,0,8,0,0,,123,2044,0,0,0,0,0
2021-09-04,United,N739XX,8967,JFK,CityName,State,SEA,CityName,State,0,0,8,0,0,,357,2439,0,0,0,0,0
2021-09-04,United,N653XX,1448,SEA,CityName,State,LAX,CityName,State,0,0,8,0,0,,302,2542,0,0,0,0,0
2021-09-04,United,N397XX,3635,ORD,CityName,State,JFK,CityName,State,30,1,36,1,0,,326,714,0,0,0,0,36
2021-09-04,JetBlue,N843XX,9767,ATL,CityName,State,SFO,CityName,State,0,0,10,0,0,,214,794,0,0,0,0,0
2021-09-04,United,N190XX,2703,BOS,CityName,State,DEN,CityName,State,0,0,-11,0,0,,73,290,0,0,0,0,0
2021-09-04,JetBlue,N727XX,1291,ORD,CityName,State,DEN,CityName,State,0,0,-7,0,0,,245,822,0,0,0,0,0
2021-09-04,United,N687XX,7255,BOS,CityName,State,DEN,CityName,State,240,1,249,1,0,,73,2063,249,0,0,0,0
2021-09-04,JetBlue,N957XX,6774,BOS,CityName,State,ATL,CityName,State,0,0,1,0,0,,86,610,0,0,0,0,0
2021-09-04,Delta,N349XX,1030,ATL,CityName,State,DEN,CityName,State,0,0,-14,0,0,,303,2688,0,0,0,0,0
2021-09-04,Delta,N805XX,3694,ORD,CityName,State,SEA,CityName,State,60,1,68,1,0,,300,1260,68,0,0,0,0
2021-09-04,JetBlue,N269XX,3315,DFW,CityName,State,BOS,CityName,State,0,0,-9,0,0,,146,2502,0,0,0,0,0
2021-09-04,Southwest,N104XX,5404,SFO,CityName,State,LAX,CityName,State,0,0,5,0,0,,256,2585,0,0,0,0,0
2021-09-05,United,N627XX,9079,ORD,CityName,State,DEN,CityName,State,15,1,23,1,0,,113,855,0,0,0,0,23
2021-09-05,American,N483XX,7650,JFK,CityName,State,SEA,CityName,State,0,0,-13,0,0,,72,2221,0,0,0,0,0
2021-09-05,American,N143XX,2201,JFK,CityName,State,JFK,CityName,State,45,1,47,1,0,,307,1379,0,0,47,0,0
2021-09-05,Delta,N310XX,4310,SFO,CityName,State,DEN,CityName,State,0,0,-8,0,0,,116,1721,0,0,0,0,0
2021-09-05,Delta,N870XX,5265,LAX,CityName,State,JFK,CityName,State,0,0,-11,0,0,,47,1149,0,0,0,0,0
2021-09-05,Delta,N936XX,514,ATL,CityName,State,JFK,CityName,State,0,0,-7,0,0,,112,432,0,0,0,0,0
2021-09-05,United,N265XX,3224,LAX,CityName,State,MIA,CityName,State,240,1,244,1,0,,298,1698,244,0,0,0,0
2021-09-06,Southwest,N659XX,1308,ORD,CityName,State,JFK,CityName,State,0,0,3,0,0,,320,2419,0,0,0,0,0
2021-09-06,JetBlue,N856XX,8833,DEN,CityName,State,LAX,CityName,State,0,0,0,0,0,,279,976,0,0,0,0,0
2021-09-06,Delta,N174XX,1813,SFO,CityName,State,DEN,CityName,State,0,0,6,0,0,,213,1539,0,0,0,0,0
2021-09-06,JetBlue,N438XX,215,ATL,CityName,State,ATL,CityName,State,0,0,-1,0,0,,325,1575,0,0,0,0,0
2021-09-06,Delta,N170XX,9290,ATL,CityName,State,MIA,CityName,State,0,0,10,0,0,,268,1721,0,0,0,0,0
2021-09-06,American,N138XX,6794,SEA,CityName,State,DFW,CityName,State,45,1,54,1,0,,314,2843,0,0,0,0,54
2021-09-06,United,N376XX,8771,ORD,CityName,State,DEN,CityName,State,0,0,3,0,0,,96,1398,0,0,0,0,0
2021-09-06,JetBlue,N467XX,9315,DFW,CityName,State,DEN,CityName,State,0,0,5,0,0,,340,1201,0,0,0,0,0
2021-09-06,United,N804XX,9936,ORD,CityName,State,JFK,CityName,State,45,1,37,1,0,,258,687,0,0,0,0,37
2021-09-06,Delta,N762XX,4609,JFK,CityName,State,DEN,CityName,State,0,0,-3,0,0,,133,2002,0,0,0,0,0
2021-09-06,JetBlue,N156XX,6532,ORD,CityName,State,MIA,CityName,State,0,0,2,0,0,,354,2454,0,0,0,0,0
2021-09-06,United,N250XX,4426,ORD,CityName,State,MIA,CityName,State,0,0,-11,0,0,,158,2592,0,0,0,0,0
2021-09-06,American,N178XX,2811,SFO,CityName,State,SEA,CityName,State,0,0,-3,0,0,,278,2122,0,0,0,0,0
2021-09-06,United,N301XX,6475,LAX,CityName,State,JFK,CityName,State,0,0,0,0,0,,153,2445,0,0,0,0,0
2021-09-07,American,N716XX,8491,LAX,CityName,State,BOS,CityName,State,0,0,0,0,0,,314,923,0,0,0,0,0
2021-09-07,American,N618XX,7972,ATL,CityName,State,MIA,CityName,State,0,0,7,0,0,,147,2593,0,0,0,0,0
2021-09-07,United,N971XX,5058,MIA,CityName,State,DEN,CityName,State,0,0,-10,0,0,,272,798,0,0,0,0,0
2021-09-07,Southwest,N140XX,8501,ATL,CityName,State,ATL,CityName,State,0,0,-10,0,0,,238,905,0,0,0,0,0
2021-09-07,Southwest,N830XX,2933,LAX,CityName,State,MIA,CityName,State,0,0,2,0,0,,349,401,0,0,0,0,0
2021-09-07,United,N438XX,9397,MIA,CityName,State,SFO,CityName,State,0,0,7,0,0,,227,1582,0,0,0,0,0
2021-09-07,Delta,N827XX,1382,BOS,CityName,State,BOS,CityName,State,0,0,1,0,0,,79,731,0,0,0,0,0
2021-09-07,United,N258XX,3254,JFK,CityName,State,SEA,CityName,State,15,1,19,1,0,,328,2888,0,0,19,0,0
2021-09-07,United,N861XX,8457,ATL,CityName,State,JFK,CityName,State,0,0,-7,0,0,,305,2745,0,0,0,0,0
2021-09-07,Southwest,N924XX,8839,JFK,CityName,State,DFW,CityName,State,0,0,-3,0,0,,81,847,0,0,0,0,0
2021-09-07,American,N856XX,5140,SFO,CityName,State,ORD,CityName,State,0,0,6,0,0,,257,2571,0,0,0,0,0
2021-09-07,Delta,N402XX,5750,LAX,CityName,State,JFK,CityName,State,0,0,-1,0,0,,199,1820,0,0,0,0,0
2021-09-07,United,N321XX,8447,LAX,CityName,State,LAX,CityName,State,0,0,-10,0,0,,341,1249,0,0,0,0,0
2021-09-07,American,N444XX,2285,DEN,CityName,State,SEA,CityName,State,15,1,13,0,0,,243,896,0,0,0,0,0
2021-09-07,Delta,N468XX,179,ORD,CityName,State,ATL,CityName,State,0,0,-11,0,0,,336,850,0,0,0,0,0
2021-09-08,Delta,N456XX,1662,ATL,CityName,State,MIA,CityName,State,0,0,-1,0,0,,194,1971,0,0,0,0,0
2021-09-08,American,N349XX,9804,SEA,CityName,State,DFW,CityName,State,0,0,4,0,0,,206,2602,0,0,0,0,0
2021-09-08,United,N920XX,8137,MIA,CityName,State,DEN,CityName,State,0,0,-3,0,0,,166,659,0,0,0,0,0
2021-09-08,Delta,N813XX,9513,JFK,CityName,State,BOS,CityName,State,0,0,-13,0,0,,254,1843,0,0,0,0,0
2021-09-08,JetBlue,N785XX,8192,SEA,CityName,State,SFO,CityName,State,0,0,-14,0,0,,265,258,0,0,0,0,0
2021-09-08,United,N427XX,8165,SFO,CityName,State,SEA,CityName,State,60,1,60,1,0,,252,2715,60,0,0,0,0
2021-09-08,JetBlue,N210XX,3677,BOS,CityName,State,SFO,CityName,State,0,0,-5,0,0,,214,2392,0,0,0,0,0
2021-09-08,Southwest,N236XX,254,SFO,CityName,State,ORD,CityName,State,30,1,40,1,0,,50,1117,40,0,0,0,0
2021-09-08,United,N354XX,6101,LAX,CityName,State,ATL,CityName,State,15,1,9,0,0,,208,2473,0,0,0,0,0
2021-09-08,JetBlue,N579XX,8047,LAX,CityName,State,LAX,CityName,State,0,0,0,0,0,,345,791,0,0,0,0,0
2021-09-08,JetBlue,N792XX,5014,LAX,CityName,State,LAX,CityName,State,0,0,0,0,0,,299,1091,0,0,0,0,0
2021-09-08,United,N669XX,3577,BOS,CityName,State,DEN,CityName,State,240,1,247,1,0,,265,433,0,0,0,0,247
2021-09-08,United,N943XX,1662,ORD,CityName,State,ATL,CityName,State,0,0,-10,0,0,,128,2571,0,0,0,0,0
2021-09-08,Delta,N488XX,6953,ORD,CityName,State,SEA,CityName,State,0,0,-4,0,0,,267,700,0,0,0,0,0
2021-09-09,United,N912XX,1027,MIA,CityName,State,BOS,CityName,State,30,1,24,1,0,,206,427,24,0,0,0,0
2021-09-09,Southwest,N939XX,7411,DFW,CityName,State,SFO,CityName,State,0,0,3,0,0,,356,833,0,0,0,0,0
2021-09-09,American,N390XX,5309,JFK,CityName,State,DEN,CityName,State,0,0,4,0,0,,82,579,0,0,0,0,0
2021-09-09,United,N721XX,5835,MIA,CityName,State,LAX,CityName,State,0,0,-1,0,0,,270,2958,0,0,0,0,0
2021-09-09,United,N196XX,5767,BOS,CityName,State,JFK,CityName,State,15,1,16,1,0,,332,2501,0,16,0,0,0
2021-09-09,American,N689XX,1452,ORD,CityName,State,BOS,CityName,State,0,0,-2,0,0,,100,564,0,0,0,0,0
2021-09-09,Southwest,N109XX,9743,JFK,CityName,State,DEN,CityName,State,120,1,114,1,0,,285,1345,114,0,0,0,0
2021-09-09,Southwest,N775XX,6860,SFO,CityName,State,MIA,CityName,State,0,0,9,0,0,,185,2470,0,0,0,0,0
2021-09-09,United,N644XX,4299,LAX,CityName,State,DFW,CityName,State,0,0,-13,0,0,,156,283,0,0,0,0,0
2021-09-09,United,N731XX,4278,ORD,CityName,State,LAX,CityName,State,60,1,61,1,0,,355,1237,0,0,0,0,61
2021-09-09,American,N575XX,5106,SFO,CityName,State,DFW,CityName,State,15,1,18,1,0,,61,1696,0,18,0,0,0
2021-09-09,United,N674XX,539,LAX,CityName,State,SFO,CityName,State,0,0,-9,0,0,,205,2773,0,0,0,0,0
2021-09-09,Delta,N495XX,159,MIA,CityName,State,MIA,CityName,State,45,1,35,1,0,,217,686,0,0,0,0,35
2021-09-09,United,N160XX,4798,DEN,CityName,State,DFW,CityName,State,15,1,18,1,0,,149,502,0,0,0,0,18
2021-09-09,Southwest,N728XX,9106,MIA,CityName,State,ORD,CityName,State,0,0,-8,0,0,,331,526,0,0,0,0,0
2021-09-09,American,N620XX,3601,ATL,CityName,State,SFO,CityName,State,0,0,-8,0,0,,202,1848,0,0,0,0,0
2021-09-10,JetBlue,N621XX,372,DFW,CityName,State,BOS,CityName,State,0,0,-8,0,0,,99,1154,0,0,0,0,0
2021-09-10,Southwest,N300XX,9976,SEA,CityName,State,DFW,CityName,State,0,0,-8,0,0,,345,1889,0,0,0,0,0
2021-09-10,American,N441XX,7712,ATL,CityName,State,JFK,CityName,State,0,0,6,0,0,,192,2927,0,0,0,0,0
2021-09-10,American,N645XX,7889,SEA,CityName,State,DEN,CityName,State,0,0,-6,0,0,,129,1486,0,0,0,0,0
2021-09-10,JetBlue,N364XX,4823,DEN,CityName,State,ORD,CityName,State,0,0,1,0,0,,299,1259,0,0,0,0,0
2021-09-10,Delta,N556XX,4520,ORD,CityName,State,JFK,CityName,State,0,0,-7,0,0,,134,421,0,0,0,0,0
2021-09-10,Delta,N826XX,458,LAX,CityName,State,ATL,CityName,State,120,1,125,1,0,,69,1933,0,0,125,0,0
2021-09-10,United,N563XX,5399,ORD,CityName,State,JFK,CityName,State,0,0,-12,0,0,,254,2873,0,0,0,0,0
2021-09-10,United,N545XX,3705,JFK,CityName,State,DEN,CityName,State,0,0,-10,0,0,,240,1705,0,0,0,0,0
2021-09-10,JetBlue,N776XX,2978,BOS,CityName,State,LAX,CityName,State,0,0,-2,0,0,,237,2458,0,0,0,0,0
2021-09-10,JetBlue,N344XX,3156,BOS,CityName,State,DFW,CityName,State,0,0,10,0,0,,57,2503,0,0,0,0,0
2021-09-10,American,N568XX,6173,DFW,CityName,State,DFW,CityName,State,30,1,24,1,0,,292,1115,0,0,24,0,0
2021-09-10,Southwest,N651XX,2394,SEA,CityName,State,SEA,CityName,State,0,0,-8,0,0,,260,2552,0,0,0,0,0
2021-09-10,Southwest,N132XX,4970,DFW,CityName,State,MIA,CityName,State,0,0,0,0,0,,45,288,0,0,0,0,0
2021-09-10,JetBlue,N912XX,2872,JFK,CityName,State,JFK,CityName,State,0,0,10,0,0,,284,1237,0,0,0,0,0
2021-09-10,Southwest,N200XX,5716,MIA,CityName,State,BOS,CityName,State,0,0,-5,0,0,,55,2706,0,0,0,0,0
2021-09-10,Delta,N145XX,6861,ORD,CityName,State,ORD,CityName,State,0,0,-9,0,0,,354,614,0,0,0,0,0
2021-09-11,American,N313XX,6084,SEA,CityName,State,SFO,CityName,State,0,0,-5,0,0,,228,2528,0,0,0,0,0
2021-09-11,American,N168XX,1874,SEA,CityName,State,DFW,CityName,State,0,0,4,0,0,,146,501,0,0,0,0,0
2021-09-11,United,N460XX,6372,DEN,CityName,State,BOS,CityName,State,0,0,-11,0,0,,161,802,0,0,0,0,0
2021-09-11,JetBlue,N181XX,5076,SFO,CityName,State,SEA,CityName,State,30,1,22,1,0,,123,374,22,0,0,0,0
2021-09-11,Delta,N372XX,6250,JFK,CityName,State,BOS,CityName,State,0,0,1,0,0,,268,1843,0,0,0,0,0
2021-09-11,JetBlue,N138XX,4785,DEN,CityName,State,ORD,CityName,State,60,1,60,1,0,,351,2327,0,0,60,0,0
2021-09-11,Delta,N457XX,9428,DFW,CityName,State,SFO,CityName,State,0,0,1,0,0,,301,1957,0,0,0,0,0
2021-09-11,Southwest,N367XX,9019,ORD,CityName,State,SFO,CityName,State,0,0,-4,0,0,,154,1626,0,0,0,0,0
2021-09-11,American,N195XX,2131,DFW,CityName,State,BOS,CityName,State,0,0,-7,0,0,,67,2331,0,0,0,0,0
2021-09-11,JetBlue,N426XX,3155,JFK,CityName,State,JFK,CityName,State,0,0,9,0,0,,331,700,0,0,0,0,0
2021-09-11,JetBlue,N369XX,433,MIA,CityName,State,BOS,CityName,State,15,1,6,0,0,,222,854,0,0,0,0,0
2021-09-11,Delta,N235XX,2955,ATL,CityName,State,LAX,CityName,State,0,0,-1,0,0,,156,2308,0,0,0,0,0
2021-09-11,United,N571XX,7582,DEN,CityName,State,BOS,CityName,State,45,1,0,0,1,A,262,1555,0,0,0,0,0
2021-09-11,JetBlue,N894XX,7623,MIA,CityName,State,LAX,CityName,State,0,0,-2,0,0,,303,782,0,0,0,0,0
2021-09-11,Delta,N447XX,5140,ORD,CityName,State,LAX,CityName,State,30,1,26,1,0,,62,2783,26,0,0,0,0
2021-09-11,Delta,N476XX,2450,BOS,CityName,State,DFW,CityName,State,0,0,10,0,0,,299,2391,0,0,0,0,0
2021-09-11,Southwest,N105XX,7145,BOS,CityName,State,JFK,CityName,State,0,0,9,0,0,,105,2343,0,0,0,0,0
2021-09-11,Southwest,N342XX,9278,SFO,CityName,State,LAX,CityName,State,0,0,-9,0,0,,269,1236,0,0,0,0,0
2021-09-11,JetBlue,N964XX,6377,SFO,CityName,State,LAX,CityName,State,0,0,0,0,1,A,200,2121,0,0,0,0,0
2021-09-12,United,N143XX,9706,SFO,CityName,State,DFW,CityName,State,240,1,229,1,0,,278,1942,0,229,0,0,0
2021-09-12,JetBlue,N388XX,6292,LAX,CityName,State,DFW,CityName,State,0,0,9,0,0,,309,513,0,0,0,0,0
2021-09-12,Delta,N514XX,285,DEN,CityName,State,MIA,CityName,State,0,0,7,0,0,,344,677,0,0,0,0,0
2021-09-12,JetBlue,N821XX,8177,LAX,CityName,State,SFO,CityName,State,120,1,111,1,0,,249,1290,111,0,0,0,0
2021-09-12,United,N130XX,8672,LAX,CityName,State,BOS,CityName,State,0,0,-8,0,0,,100,957,0,0,0,0,0
2021-09-12,American,N774XX,1649,BOS,CityName,State,SEA,CityName,State,0,0,-8,0,0,,75,2725,0,0,0,0,0
2021-09-12,American,N764XX,9814,SFO,CityName,State,MIA,CityName,State,0,0,0,0,0,,144,1885,0,0,0,0,0
2021-09-12,JetBlue,N955XX,8265,ATL,CityName,State,SFO,CityName,State,0,0,9,0,0,,308,2861,0,0,0,0,0
2021-09-12,Southwest,N986XX,9016,LAX,CityName,State,DEN,CityName,State,0,0,-9,0,0,,188,214,0,0,0,0,0
2021-09-12,JetBlue,N536XX,6823,SFO,CityName,State,SEA,CityName,State,30,1,29,1,0,,58,2250,0,0,0,0,29
2021-09-12,Southwest,N445XX,5355,JFK,CityName,State,MIA,CityName,State,0,0,-7,0,0,,337,2112,0,0,0,0,0
2021-09-12,Delta,N157XX,2010,BOS,CityName,State,JFK,CityName,State,0,0,-13,0,0,,186,806,0,0,0,0,0
2021-09-12,Southwest,N974XX,1725,MIA,CityName,State,SEA,CityName,State,0,0,-13,0,0,,139,2768,0,0,0,0,0
2021-09-13,JetBlue,N872XX,4473,DEN,CityName,State,ATL,CityName,State,0,0,-14,0,0,,303,166,0,0,0,0,0
2021-09-13,Southwest,N867XX,6555,ORD,CityName,State,BOS,CityName,State,0,0,10,0,0,,150,175,0,0,0,0,0
2021-09-13,JetBlue,N304XX,2848,MIA,CityName,State,ATL,CityName,State,30,1,33,1,0,,74,1871,0,0,33,0,0
2021-09-13,JetBlue,N407XX,271,DEN,CityName,State,LAX,CityName,State,0,0,5,0,0,,165,1600,0,0,0,0,0
2021-09-13,United,N317XX,9510,MIA,CityName,State,SFO,CityName,State,120,1,106,1,0,,227,493,0,106,0,0,0
2021-09-13,United,N349XX,8313,ORD,CityName,State,ATL,CityName,State,0,0,5,0,0,,120,2700,0,0,0,0,0
2021-09-13,JetBlue,N314XX,3336,SEA,CityName,State,JFK,CityName,State,0,0,3,0,0,,215,554,0,0,0,0,0
2021-09-13,United,N802XX,744,JFK,CityName,State,ATL,CityName,State,15,1,9,0,0,,111,2796,0,0,0,0,0
2021-09-14,Delta,N150XX,2751,LAX,CityName,State,LAX,CityName,State,120,1,124,1,0,,90,1884,124,0,0,0,0
2021-09-14,United,N180XX,9142,DFW,CityName,State,JFK,CityName,State,15,1,4,0,0,,190,2994,0,0,0,0,0
2021-09-14,JetBlue,N150XX,9593,DFW,CityName,State,BOS,CityName,State,0,0,6,0,0,,228,2505,0,0,0,0,0
2021-09-14,Delta,N159XX,4808,SFO,CityName,State,ATL,CityName,State,0,0,-4,0,0,,108,539,0,0,0,0,0
2021-09-14,JetBlue,N148XX,8006,LAX,CityName,State,JFK,CityName,State,0,0,8,0,0,,353,1495,0,0,0,0,0
2021-09-14,United,N109XX,4766,SFO,CityName,State,LAX,CityName,State,0,0,-14,0,0,,118,2630,0,0,0,0,0
2021-09-14,JetBlue,N517XX,3975,BOS,CityName,State,DFW,CityName,State,0,0,-3,0,0,,290,1091,0,0,0,0,0
2021-09-14,Delta,N896XX,2672,BOS,CityName,State,ATL,CityName,State,0,0,-3,0,0,,53,1098,0,0,0,0,0
2021-09-14,JetBlue,N154XX,7025,DFW,CityName,State,LAX,CityName,State,0,0,-10,0,0,,262,2678,0,0,0,0,0
2021-09-14,Southwest,N130XX,1561,DEN,CityName,State,ORD,CityName,State,15,1,17,1,0,,197,247,17,0,0,0,0
2021-09-14,JetBlue,N908XX,8114,ATL,CityName,State,LAX,CityName,State,0,0,4,0,0,,235,854,0,0,0,0,0
2021-09-14,JetBlue,N663XX,2698,SFO,CityName,State,JFK,CityName,State,30,1,36,1,0,,194,2482,0,0,36,0,0
2021-09-14,United,N668XX,6759,ATL,CityName,State,DEN,CityName,State,240,1,235,1,0,,340,2370,0,0,235,0,0
2021-09-14,JetBlue,N654XX,9383,DEN,CityName,State,MIA,CityName,State,0,0,-3,0,0,,49,1626,0,0,0,0,0
2021-09-15,American,N672XX,8018,SFO,CityName,State,DEN,CityName,State,15,1,16,1,0,,313,1008,0,0,16,0,0
2021-09-15,Southwest,N871XX,9503,SFO,CityName,State,BOS,CityName,State,0,0,0,0,0,,171,2934,0,0,0,0,0
2021-09-15,United,N199XX,3776,DFW,CityName,State,ATL,CityName,State,15,1,12,0,0,,279,384,0,0,0,0,0
2021-09-15,United,N824XX,6632,DFW,CityName,State,ATL,CityName,State,0,0,-14,0,0,,309,1365,0,0,0,0,0
2021-09-15,Delta,N945XX,324,ORD,CityName,State,MIA,CityName,State,0,0,-7,0,0,,326,639,0,0,0,0,0
2021-09-15,JetBlue,N586XX,996,SEA,CityName,State,SEA,CityName,State,0,0,-2,0,0,,238,2433,0,0,0,0,0
2021-09-15,American,N860XX,2758,ATL,CityName,State,LAX,CityName,State,0,0,6,0,0,,302,729,0,0,0,0,0
2021-09-15,Southwest,N543XX,5456,BOS,CityName,State,SFO,CityName,State,15,1,6,0,0,,331,1392,0,0,0,0,0
2021-09-15,Southwest,N310XX,4857,BOS,CityName,State,ATL,CityName,State,15,1,1,0,0,,311,2406,0,0,0,0,0
2021-09-15,Delta,N952XX,8284,SEA,CityName,State,SFO,CityName,State,15,1,7,0,0,,182,2395,0,0,0,0,0
2021-09-15,American,N249XX,6716,LAX,CityName,State,DEN,CityName,State,0,0,8,0,0,,325,2532,0,0,0,0,0
2021-09-16,Southwest,N197XX,644,BOS,CityName,State,SEA,CityName,State,0,0,-1,0,0,,286,966,0,0,0,0,0
2021-09-16,Southwest,N400XX,5726,LAX,CityName,State,JFK,CityName,State,0,0,-11,0,0,,144,690,0,0,0,0,0
2021-09-16,United,N551XX,4962,BOS,CityName,State,DFW,CityName,State,30,1,16,1,0,,182,2656,0,0,16,0,0
2021-09-16,JetBlue,N342XX,1058,JFK,CityName,State,DEN,CityName,State,0,0,7,0,0,,305,2063,0,0,0,0,0
2021-09-16,JetBlue,N856XX,4660,JFK,CityName,State,DEN,CityName,State,45,1,35,1,0,,208,420,0,0,0,0,35
2021-09-16,American,N378XX,4426,SFO,CityName,State,ATL,CityName,State,0,0,2,0,0,,79,2768,0,0,0,0,0
2021-09-16,American,N998XX,5023,ATL,CityName,State,DEN,CityName,State,120,1,128,1,0,,175,2228,0,0,0,0,128
2021-09-16,United,N716XX,9603,MIA,CityName,State,DFW,CityName,State,0,0,-8,0,0,,159,2871,0,0,0,0,0
2021-09-16,Southwest,N518XX,8722,SEA,CityName,State,SFO,CityName,State,0,0,1,0,0,,91,1966,0,0,0,0,0
2021-09-16,American,N173XX,6846,LAX,CityName,State,ATL,CityName,State,15,1,2,0,0,,247,159,0,0,0,0,0
2021-09-16,Southwest,N942XX,609,ORD,CityName,State,BOS,CityName,State,0,0,10,0,0,,136,2108,0,0,0,0,0
2021-09-17,United,N940XX,2202,DFW,CityName,State,SEA,CityName,State,0,0,-2,0,0,,153,1571,0,0,0,0,0
2021-09-17,JetBlue,N727XX,4912,SFO,CityName,State,LAX,CityName,State,0,0,9,0,0,,230,1200,0,0,0,0,0
2021-09-17,JetBlue,N170XX,5499,JFK,CityName,State,DEN,CityName,State,0,0,8,0,0,,154,1828,0,0,0,0,0
2021-09-17,United,N694XX,7726,BOS,CityName,State,ORD,CityName,State,0,0,-5,0,0,,126,2030,0,0,0,0,0
2021-09-17,JetBlue,N435XX,7991,DEN,CityName,State,DEN,CityName,State,45,1,38,1,0,,65,2636,38,0,0,0,0
2021-09-17,American,N748XX,5719,JFK,CityName,State,MIA,CityName,State,60,1,65,1,0,,333,642,0,0,0,0,65
2021-09-17,Delta,N758XX,4676,ATL,CityName,State,SEA,CityName,State,15,1,7,0,0,,80,1120,0,0,0,0,0
2021-09-17,JetBlue,N250XX,7746,DFW,CityName,State,JFK,CityName,State,30,1,20,1,0,,47,2175,0,0,20,0,0
2021-09-17,JetBlue,N152XX,8935,SEA,CityName,State,BOS,CityName,State,0,0,-4,0,0,,74,577,0,0,0,0,0
2021-09-17,Delta,N871XX,3356,SEA,CityName,State,ORD,CityName,State,15,1,0,0,1,A,183,679,0,0,0,0,0
2021-09-17,American,N917XX,8605,SEA,CityName,State,BOS,CityName,State,0,0,-6,0,0,,60,597,0,0,0,0,0
2021-09-17,Delta,N632XX,9121,DFW,CityName,State,DFW,CityName,State,0,0,1,0,0,,161,2302,0,0,0,0,0
2021-09-17,JetBlue,N609XX,5948,LAX,CityName,State,ORD,CityName,State,0,0,10,0,0,,283,2210,0,0,0,0,0
2021-09-17,United,N145XX,3434,SFO,CityName,State,DEN,CityName,State,30,1,25,1,0,,109,2314,25,0,0,0,0
2021-09-17,Delta,N370XX,1566,SFO,CityName,State,ATL,CityName,State,0,0,9,0,0,,301,621,0,0,0,0,0
2021-09-17,American,N664XX,8055,SEA,CityName,State,SEA,CityName,State,0,0,-6,0,0,,279,2579,0,0,0,0,0
2021-09-18,JetBlue,N525XX,3882,JFK,CityName,State,JFK,CityName,State,0,0,-11,0,0,,73,1984,0,0,0,0,0
2021-09-18,American,N826XX,6171,DEN,CityName,State,ATL,CityName,State,0,0,8,0,0,,69,1841,0,0,0,0,0
2021-09-18,Southwest,N127XX,1146,ATL,CityName,State,SEA,CityName,State,0,0,-2,0,0,,340,749,0,0,0,0,0
2021-09-18,United,N707XX,4571,DFW,CityName,State,DFW,CityName,State,0,0,-12,0,0,,325,1651,0,0,0,0,0
2021-09-18,United,N744XX,2252,JFK,CityName,State,BOS,CityName,State,0,0,-10,0,0,,142,578,0,0,0,0,0
2021-09-18,Southwest,N677XX,9917,ATL,CityName,State,MIA,CityName,State,0,0,-10,0,0,,145,2701,0,0,0,0,0
2021-09-18,United,N401XX,4271,DFW,CityName,State,SFO,CityName,State,0,0,5,0,0,,62,382,0,0,0,0,0
2021-09-18,Southwest,N707XX,7798,DEN,CityName,State,SFO,CityName,State,0,0,-14,0,0,,225,2552,0,0,0,0,0
2021-09-18,JetBlue,N484XX,6947,SEA,CityName,State,ORD,CityName,State,0,0,2,0,0,,221,1887,0,0,0,0,0
2021-09-18,Delta,N786XX,6323,ORD,CityName,State,SEA,CityName,State,15,1,1,0,0,,330,2974,0,0,0,0,0
2021-09-18,Delta,N572XX,7870,BOS,CityName,State,ATL,CityName,State,15,1,4,0,0,,249,904,0,0,0,0,0
2021-09-18,JetBlue,N545XX,308,ORD,CityName,State,DEN,CityName,State,0,0,6,0,0,,113,2895,0,0,0,0,0
2021-09-18,American,N838XX,8024,ATL,CityName,State,DEN,CityName,State,0,0,0,0,0,,188,2527,0,0,0,0,0
2021-09-18,JetBlue,N991XX,4386,MIA,CityName,State,DFW,CityName,State,0,0,3,0,0,,189,913,0,0,0,0,0
2021-09-18,Delta,N770XX,7297,SEA,CityName,State,JFK,CityName,State,0,0,-7,0,0,,284,2298,0,0,0,0,0
2021-09-18,Southwest,N695XX,5044,DFW,CityName,State,JFK,CityName,State,0,0,1,0,0,,190,863,0,0,0,0,0
2021-09-18,JetBlue,N909XX,3206,JFK,CityName,State,LAX,CityName,State,0,0,-12,0,0,,181,1334,0,0,0,0,0
2021-09-19,Delta,N250XX,8317,SFO,CityName,State,SEA,CityName,State,0,0,2,0,0,,57,749,0,0,0,0,0
2021-09-19,JetBlue,N469XX,2767,DFW,CityName,State,SEA,CityName,State,0,0,-1,0,0,,240,1306,0,0,0,0,0
2021-09-19,American,N386XX,4583,DFW,CityName,State,DFW,CityName,State,0,0,3,0,0,,196,187,0,0,0,0,0
2021-09-19,United,N526XX,4431,SFO,CityName,State,MIA,CityName,State,15,1,11,0,0,,60,1640,0,0,0,0,0
2021-09-19,JetBlue,N310XX,5313,DFW,CityName,State,ATL,CityName,State,45,1,34,1,0,,305,626,0,0,34,0,0
2021-09-19,United,N432XX,2898,ORD,CityName,State,BOS,CityName,State,0,0,1,0,0,,294,2062,0,0,0,0,0
2021-09-19,Delta,N592XX,5554,ORD,CityName,State,SFO,CityName,State,0,0,8,0,0,,241,2399,0,0,0,0,0
2021-09-19,American,N474XX,4124,DEN,CityName,State,JFK,CityName,State,30,1,34,1,0,,162,1388,0,0,0,0,34
2021-09-19,Southwest,N275XX,9705,BOS,CityName,State,MIA,CityName,State,15,1,1,0,0,,119,1216,0,0,0,0,0
2021-09-19,United,N973XX,5021,ATL,CityName,State,SEA,CityName,State,0,0,-10,0,0,,356,2754,0,0,0,0,0
2021-09-19,American,N290XX,9457,JFK,CityName,State,ATL,CityName,State,0,0,-5,0,0,,126,1799,0,0,0,0,0
2021-09-20,JetBlue,N722XX,1842,DEN,CityName,State,SEA,CityName,State,0,0,-2,0,0,,286,1657,0,0,0,0,0
2021-09-20,American,N936XX,4906,SEA,CityName,State,ATL,CityName,State,0,0,-5,0,0,,271,1332,0,0,0,0,0
2021-09-20,Delta,N855XX,6898,DEN,CityName,State,ORD,CityName,State,0,0,-6,0,0,,132,2446,0,0,0,0,0
2021-09-20,United,N341XX,5803,SEA,CityName,State,SFO,CityName,State,0,0,-6,0,0,,157,1513,0,0,0,0,0
2021-09-20,Delta,N427XX,2648,SEA,CityName,State,LAX,CityName,State,0,0,-4,0,0,,195,1634,0,0,0,0,0
2021-09-20,Delta,N921XX,4022,MIA,CityName,State,ORD,CityName,State,0,0,-10,0,0,,206,1831,0,0,0,0,0
2021-09-20,Southwest,N647XX,5351,LAX,CityName,State,MIA,CityName,State,30,1,36,1,0,,263,2814,0,0,36,0,0
2021-09-21,United,N962XX,5862,SEA,CityName,State,ORD,CityName,State,15,1,10,0,0,,103,2630,0,0,0,0,0
2021-09-21,JetBlue,N621XX,3140,ATL,CityName,State,DFW,CityName,State,0,0,5,0,0,,301,2690,0,0,0,0,0
2021-09-21,Delta,N603XX,2174,ATL,CityName,State,DEN,CityName,State,15,1,1,0,0,,174,303,0,0,0,0,0
2021-09-21,American,N601XX,2863,MIA,CityName,State,ATL,CityName,State,0,0,4,0,0,,186,2038,0,0,0,0,0
2021-09-21,Southwest,N210XX,7886,SFO,CityName,State,LAX,CityName,State,0,0,-9,0,0,,56,2239,0,0,0,0,0
2021-09-21,JetBlue,N979XX,8661,JFK,CityName,State,SEA,CityName,State,15,1,9,0,0,,117,973,0,0,0,0,0
2021-09-21,Southwest,N499XX,8594,MIA,CityName,State,ATL,CityName,State,15,1,17,1,0,,322,1326,0,0,17,0,0
2021-09-21,Southwest,N214XX,4013,MIA,CityName,State,SEA,CityName,State,0,0,-11,0,0,,98,1479,0,0,0,0,0
2021-09-21,Southwest,N646XX,9337,ATL,CityName,State,SEA,CityName,State,0,0,-7,0,0,,72,2806,0,0,0,0,0
2021-09-21,American,N844XX,8231,DFW,CityName,State,DEN,CityName,State,0,0,1,0,0,,274,1953,0,0,0,0,0
2021-09-21,American,N416XX,8797,JFK,CityName,State,JFK,CityName,State,0,0,10,0,0,,325,2669,0,0,0,0,0
2021-09-21,JetBlue,N483XX,1637,DEN,CityName,State,DEN,CityName,State,0,0,-9,0,0,,144,1657,0,0,0,0,0
2021-09-21,Southwest,N344XX,8205,DEN,CityName,State,SFO,CityName,State,0,0,5,0,0,,110,348,0,0,0,0,0
2021-09-22,United,N949XX,5507,SFO,CityName,State,JFK,CityName,State,0,0,7,0,0,,237,2981,0,0,0,0,0
2021-09-22,Delta,N274XX,3628,JFK,CityName,State,JFK,CityName,State,15,1,24,1,0,,160,217,24,0,0,0,0
2021-09-22,JetBlue,N941XX,3478,ATL,CityName,State,MIA,CityName,State,0,0,6,0,0,,268,619,0,0,0,0,0
2021-09-22,Delta,N793XX,5805,JFK,CityName,State,BOS,CityName,State,0,0,0,0,1,A,132,1609,0,0,0,0,0
2021-09-22,United,N545XX,3764,BOS,CityName,State,SFO,CityName,State,45,1,48,1,0,,314,738,48,0,0,0,0
2021-09-22,American,N778XX,9124,DEN,CityName,State,SFO,CityName,State,60,1,53,1,0,,289,2650,0,53,0,0,0
2021-09-22,JetBlue,N627XX,8344,LAX,CityName,State,LAX,CityName,State,0,0,1,0,0,,46,1028,0,0,0,0,0
2021-09-22,Delta,N368XX,4072,SEA,CityName,State,SFO,CityName,State,0,0,0,0,0,,115,496,0,0,0,0,0
2021-09-23,Delta,N818XX,9876,LAX,CityName,State,JFK,CityName,State,0,0,-14,0,0,,68,802,0,0,0,0,0
2021-09-23,Southwest,N733XX,286,LAX,CityName,State,SFO,CityName,State,0,0,9,0,0,,76,1479,0,0,0,0,0
2021-09-23,Southwest,N158XX,2336,ORD,CityName,State,JFK,CityName,State,15,1,8,0,0,,336,1984,0,0,0,0,0
2021-09-23,Southwest,N379XX,1916,ORD,CityName,State,MIA,CityName,State,60,1,56,1,0,,127,2187,0,56,0,0,0
2021-09-23,Delta,N851XX,7774,JFK,CityName,State,SFO,CityName,State,0,0,5,0,0,,287,2180,0,0,0,0,0
2021-09-23,United,N772XX,7052,ORD,CityName,State,BOS,CityName,State,60,1,55,1,0,,233,2375,55,0,0,0,0
2021-09-23,United,N460XX,1506,ORD,CityName,State,SFO,CityName,State,30,1,19,1,0,,261,2030,19,0,0,0,0
2021-09-23,Delta,N586XX,326,MIA,CityName,State,MIA,CityName,State,0,0,-6,0,0,,56,1543,0,0,0,0,0
2021-09-23,JetBlue,N175XX,710,JFK,CityName,State,JFK,CityName,State,0,0,9,0,0,,103,1371,0,0,0,0,0
2021-09-23,Southwest,N267XX,6004,BOS,CityName,State,JFK,CityName,State,45,1,41,1,0,,259,711,0,41,0,0,0
2021-09-24,American,N972XX,6560,SFO,CityName,State,BOS,CityName,State,0,0,-11,0,0,,291,2460,0,0,0,0,0
2021-09-24,United,N897XX,8839,ATL,CityName,State,ATL,CityName,State,0,0,5,0,0,,310,2056,0,0,0,0,0
2021-09-24,Delta,N114XX,9642,SEA,CityName,State,MIA,CityName,State,15,1,12,0,0,,247,2396,0,0,0,0,0
2021-09-24,JetBlue,N219XX,3471,DFW,CityName,State,DFW,CityName,State,0,0,-4,0,0,,170,346,0,0,0,0,0
2021-09-24,American,N891XX,2742,LAX,CityName,State,SFO,CityName,State,0,0,-9,0,0,,216,472,0,0,0,0,0
2021-09-24,United,N687XX,1405,LAX,CityName,State,DEN,CityName,State,45,1,49,1,0,,261,2407,0,0,49,0,0
2021-09-24,Southwest,N952XX,9788,DEN,CityName,State,SFO,CityName,State,15,1,6,0,0,,282,2712,0,0,0,0,0
2021-09-24,JetBlue,N585XX,4274,ATL,CityName,State,ATL,CityName,State,15,1,8,0,0,,68,813,0,0,0,0,0
2021-09-24,Southwest,N380XX,6437,SFO,CityName,State,DEN,CityName,State,0,0,-8,0,0,,299,2858,0,0,0,0,0
2021-09-24,JetBlue,N804XX,3306,SEA,CityName,State,MIA,CityName,State,0,0,-13,0,0,,315,1340,0,0,0,0,0
2021-09-24,American,N570XX,9682,DEN,CityName,State,JFK,CityName,State,15,1,22,1,0,,122,2808,22,0,0,0,0
2021-09-25,American,N445XX,2342,SEA,CityName,State,ORD,CityName,State,15,1,5,0,0,,303,1763,0,0,0,0,0
2021-09-25,JetBlue,N771XX,7713,SFO,CityName,State,LAX,CityName,State,0,0,2,0,0,,328,1330,0,0,0,0,0
2021-09-25,Southwest,N361XX,6829,DFW,CityName,State,SFO,CityName,State,15,1,21,1,0,,209,2486,0,0,0,0,21
2021-09-25,Delta,N177XX,1649,JFK,CityName,State,JFK,CityName,State,0,0,-11,0,0,,325,1144,0,0,0,0,0
2021-09-25,JetBlue,N635XX,5420,SFO,CityName,State,DEN,CityName,State,0,0,-1,0,0,,296,1879,0,0,0,0,0
2021-09-25,Delta,N121XX,5204,DFW,CityName,State,BOS,CityName,State,0,0,-14,0,0,,207,332,0,0,0,0,0
2021-09-25,Southwest,N704XX,6202,DEN,CityName,State,DFW,CityName,State,0,0,-4,0,0,,244,741,0,0,0,0,0
2021-09-25,JetBlue,N767XX,824,JFK,CityName,State,LAX,CityName,State,0,0,-8,0,0,,125,1141,0,0,0,0,0
2021-09-25,Delta,N404XX,5187,ATL,CityName,State,ATL,CityName,State,240,1,233,1,0,,121,168,233,0,0,0,0
2021-09-25,JetBlue,N538XX,2203,JFK,CityName,State,ATL,CityName,State,0,0,3,0,0,,274,2500,0,0,0,0,0
2021-09-25,Southwest,N110XX,9857,DFW,CityName,State,MIA,CityName,State,0,0,10,0,0,,49,2186,0,0,0,0,0
2021-09-25,Southwest,N626XX,4319,ORD,CityName,State,SFO,CityName,State,0,0,-7,0,0,,187,988,0,0,0,0,0
2021-09-25,United,N763XX,8920,LAX,CityName,State,ORD,CityName,State,45,1,34,1,0,,66,1686,0,34,0,0,0
2021-09-25,United,N295XX,6433,DFW,CityName,State,MIA,CityName,State,0,0,1,0,0,,348,2161,0,0,0,0,0
2021-09-25,JetBlue,N802XX,8102,MIA,CityName,State,SEA,CityName,State,0,0,8,0,0,,243,796,0,0,0,0,0
2021-09-25,American,N126XX,4003,ATL,CityName,State,DFW,CityName,State,45,1,53,1,0,,145,1131,0,0,53,0,0
2021-09-25,United,N604XX,2855,DFW,CityName,State,MIA,CityName,State,0,0,0,0,0,,104,1941,0,0,0,0,0
2021-09-25,United,N434XX,7660,SEA,CityName,State,SEA,CityName,State,0,0,6,0,0,,87,2445,0,0,0,0,0
2021-09-26,Southwest,N341XX,8092,SEA,CityName,State,DFW,CityName,State,0,0,0,0,0,,137,701,0,0,0,0,0
2021-09-26,American,N181XX,205,DFW,CityName,State,BOS,CityName,State,240,1,234,1,0,,286,2351,234,0,0,0,0
2021-09-26,American,N627XX,4829,DEN,CityName,State,DFW,CityName,State,0,0,2,0,0,,213,976,0,0,0,0,0
2021-09-26,American,N438XX,7862,LAX,CityName,State,BOS,CityName,State,0,0,-7,0,0,,191,1109,0,0,0,0,0
2021-09-26,Delta,N969XX,3588,BOS,CityName,State,ATL,CityName,State,0,0,-1,0,0,,306,2991,0,0,0,0,0
2021-09-26,American,N661XX,4521,ATL,CityName,State,MIA,CityName,State,0,0,6,0,0,,155,392,0,0,0,0,0
2021-09-26,Delta,N313XX,6828,ORD,CityName,State,DFW,CityName,State,0,0,-8,0,0,,197,342,0,0,0,0,0
2021-09-26,JetBlue,N480XX,9119,SFO,CityName,State,SFO,CityName,State,0,0,-4,0,0,,46,2857,0,0,0,0,0
2021-09-26,American,N653XX,1501,DEN,CityName,State,ATL,CityName,State,0,0,5,0,0,,341,2627,0,0,0,0,0
2021-09-26,United,N608XX,6627,LAX,CityName,State,JFK,CityName,State,120,1,127,1,0,,223,1386,127,0,0,0,0
2021-09-27,American,N272XX,653,JFK,CityName,State,SEA,CityName,State,0,0,-14,0,0,,253,364,0,0,0,0,0
2021-09-27,American,N217XX,2422,BOS,CityName,State,DEN,CityName,State,0,0,-1,0,0,,294,1747,0,0,0,0,0
2021-09-27,JetBlue,N325XX,9881,DFW,CityName,State,DEN,CityName,State,0,0,0,0,0,,75,1571,0,0,0,0,0
2021-09-27,United,N549XX,2609,BOS,CityName,State,SEA,CityName,State,0,0,-11,0,0,,85,920,0,0,0,0,0
2021-09-27,Delta,N469XX,3198,LAX,CityName,State,JFK,CityName,State,0,0,0,0,0,,218,1259,0,0,0,0,0
2021-09-27,JetBlue,N470XX,8081,BOS,CityName,State,ORD,CityName,State,60,1,70,1,0,,83,1310,0,0,0,0,70
2021-09-27,Southwest,N282XX,8406,SEA,CityName,State,DEN,CityName,State,120,1,126,1,0,,45,1245,126,0,0,0,0
2021-09-27,Southwest,N699XX,6734,MIA,CityName,State,SFO,CityName,State,0,0,10,0,0,,140,1816,0,0,0,0,0
2021-09-27,Southwest,N353XX,5571,ATL,CityName,State,BOS,CityName,State,0,0,-9,0,0,,208,2839,0,0,0,0,0
2021-09-27,American,N946XX,203,ATL,CityName,State,JFK,CityName,State,0,0,-14,0,0,,169,2430,0,0,0,0,0
2021-09-27,United,N951XX,8410,LAX,CityName,State,ATL,CityName,State,0,0,8,0,0,,133,1441,0,0,0,0,0
2021-09-28,JetBlue,N904XX,8055,MIA,CityName,State,LAX,CityName,State,0,0,-12,0,0,,245,1946,0,0,0,0,0
2021-09-28,American,N179XX,8333,MIA,CityName,State,JFK,CityName,State,120,1,110,1,0,,324,2822,0,0,0,0,110
2021-09-28,United,N541XX,7354,MIA,CityName,State,MIA,CityName,State,0,0,0,0,1,A,216,803,0,0,0,0,0
2021-09-28,Delta,N443XX,9267,DFW,CityName,State,LAX,CityName,State,0,0,10,0,0,,321,2569,0,0,0,0,0
2021-09-28,Southwest,N659XX,5312,MIA,CityName,State,ORD,CityName,State,0,0,5,0,0,,89,1987,0,0,0,0,0
2021-09-28,Delta,N116XX,1259,ATL,CityName,State,ATL,CityName,State,0,0,5,0,0,,87,2661,0,0,0,0,0
2021-09-28,American,N215XX,9639,ORD,CityName,State,MIA,CityName,State,30,1,31,1,0,,246,1123,0,0,31,0,0
2021-09-28,JetBlue,N919XX,7917,ORD,CityName,State,JFK,CityName,State,0,0,-2,0,0,,195,1013,0,0,0,0,0
2021-09-28,JetBlue,N971XX,4412,SEA,CityName,State,DEN,CityName,State,0,0,-10,0,0,,158,1314,0,0,0,0,0
2021-09-28,United,N881XX,4572,JFK,CityName,State,SEA,CityName,State,0,0,-4,0,0,,166,1679,0,0,0,0,0
2021-09-28,American,N686XX,9895,SFO,CityName,State,BOS,CityName,State,0,0,2,0,0,,158,2354,0,0,0,0,0
2021-09-28,Delta,N506XX,2493,ATL,CityName,State,SEA,CityName,State,0,0,-10,0,0,,212,2720,0,0,0,0,0
2021-09-28,American,N793XX,9287,SFO,CityName,State,SEA,CityName,State,0,0,-3,0,0,,50,2438,0,0,0,0,0
2021-09-28,JetBlue,N634XX,8355,BOS,CityName,State,BOS,CityName,State,0,0,3,0,0,,216,1285,0,0,0,0,0
2021-09-28,Southwest,N220XX,7579,DEN,CityName,State,DEN,CityName,State,0,0,3,0,0,,288,2045,0,0,0,0,0
2021-09-28,American,N369XX,238,BOS,CityName,State,SFO,CityName,State,15,1,10,0,0,,46,1067,0,0,0,0,0
2021-09-28,Delta,N227XX,2563,MIA,CityName,State,ATL,CityName,State,0,0,-11,0,0,,202,2596,0,0,0,0,0
2021-09-29,United,N622XX,2250,SFO,CityName,State,DFW,CityName,State,0,0,5,0,0,,231,876,0,0,0,0,0
2021-09-29,JetBlue,N742XX,4083,JFK,CityName,State,SEA,CityName,State,0,0,-7,0,0,,143,357,0,0,0,0,0
2021-09-29,American,N565XX,6184,LAX,CityName,State,MIA,CityName,State,15,1,20,1,0,,202,1073,0,0,0,0,20
2021-09-29,American,N310XX,7716,ORD,CityName,State,ATL,CityName,State,15,1,21,1,0,,93,2540,0,21,0,0,0
2021-09-29,American,N784XX,3626,JFK,CityName,State,SEA,CityName,State,0,0,-7,0,0,,327,1666,0,0,0,0,0
2021-09-29,United,N293XX,6460,MIA,CityName,State,DEN,CityName,State,15,1,16,1,0,,103,651,0,16,0,0,0
2021-09-29,Southwest,N219XX,6372,LAX,CityName,State,SEA,CityName,State,0,0,-10,0,0,,156,275,0,0,0,0,0
2021-09-29,United,N569XX,1276,JFK,CityName,State,SEA,CityName,State,45,1,52,1,0,,302,1448,0,0,52,0,0
2021-09-29,American,N911XX,7495,MIA,CityName,State,BOS,CityName,State,0,0,8,0,0,,129,169,0,0,0,0,0
2021-09-29,American,N874XX,8134,MIA,CityName,State,DFW,CityName,State,45,1,39,1,0,,177,2693,39,0,0,0,0
2021-09-29,American,N201XX,8934,DEN,CityName,State,JFK,CityName,State,0,0,-10,0,0,,53,1943,0,0,0,0,0
2021-09-30,American,N317XX,8107,ATL,CityName,State,LAX,CityName,State,0,0,-5,0,0,,46,2638,0,0,0,0,0
2021-09-30,Southwest,N237XX,5805,ORD,CityName,State,DFW,CityName,State,0,0,5,0,0,,268,1528,0,0,0,0,0
2021-09-30,Delta,N193XX,2174,ATL,CityName,State,SFO,CityName,State,0,0,-3,0,0,,210,2162,0,0,0,0,0
2021-09-30,Southwest,N276XX,7127,ATL,CityName,State,DFW,CityName,State,0,0,5,0,0,,146,305,0,0,0,0,0
2021-09-30,Delta,N699XX,6262,ATL,CityName,State,BOS,CityName,State,120,1,124,1,0,,316,919,0,0,124,0,0
2021-09-30,American,N697XX,3903,JFK,CityName,State,DFW,CityName,State,0,0,10,0,0,,244,2481,0,0,0,0,0
2021-09-30,Southwest,N851XX,667,BOS,CityName,State,SEA,CityName,State,0,0,-10,0,0,,108,604,0,0,0,0,0
2021-09-30,JetBlue,N880XX,8927,ATL,CityName,State,LAX,CityName,State,45,1,31,1,0,,141,855,31,0,0,0,0
2021-09-30,JetBlue,N330XX,9336,DEN,CityName,State,DFW,CityName,State,45,1,45,1,0,,198,1937,0,0,0,0,45
2021-09-30,United,N618XX,4783,JFK,CityName,State,LAX,CityName,State,0,0,10,0,0,,269,2716,0,0,0,0,0
2021-09-30,United,N436XX,610,ATL,CityName,State,DFW,CityName,State,0,0,8,0,0,,111,1894,0,0,0,0,0
2021-09-30,American,N941XX,5440,ORD,CityName,State,BOS,CityName,State,0,0,-6,0,0,,250,1774,0,0,0,0,0
2021-09-30,Southwest,N423XX,1916,MIA,CityName,State,BOS,CityName,State,0,0,10,0,0,,245,1571,0,0,0,0,0
2021-09-30,JetBlue,N249XX,2495,ATL,CityName,State,DEN,CityName,State,0,0,-7,0,0,,46,1572,0,0,0,0,0
2021-09-30,American,N420XX,7965,JFK,CityName,State,BOS,CityName,State,0,0,2,0,0,,215,2318,0,0,0,0,0
2021-09-30,Delta,N312XX,722,DEN,CityName,State,DEN,CityName,State,0,0,3,0,0,,135,959,0,0,0,0,0
2021-10-01,United,N670XX,3284,LAX,CityName,State,ATL,CityName,State,0,0,7,0,0,,224,2552,0,0,0,0,0
2021-10-01,JetBlue,N119XX,2123,SEA,CityName,State,DFW,CityName,State,45,1,55,1,0,,90,1829,0,0,0,0,55
2021-10-01,Southwest,N388XX,4786,SEA,CityName,State,ORD,CityName,State,0,0,-10,0,0,,158,761,0,0,0,0,0
2021-10-01,American,N662XX,1576,LAX,CityName,State,DEN,CityName,State,15,1,19,1,0,,324,1961,0,19,0,0,0
2021-10-01,Delta,N757XX,7903,ATL,CityName,State,ATL,CityName,State,0,0,-11,0,0,,113,2644,0,0,0,0,0
2021-10-01,United,N316XX,4574,DEN,CityName,State,DFW,CityName,State,0,0,-2,0,0,,62,409,0,0,0,0,0
2021-10-01,American,N242XX,215,JFK,CityName,State,LAX,CityName,State,0,0,7,0,0,,161,1099,0,0,0,0,0
2021-10-01,Southwest,N650XX,8830,SEA,CityName,State,LAX,CityName,State,0,0,-11,0,0,,69,1688,0,0,0,0,0
2021-10-01,Southwest,N471XX,2736,SFO,CityName,State,ATL,CityName,State,0,0,8,0,0,,63,2232,0,0,0,0,0
2021-10-01,American,N590XX,8033,DEN,CityName,State,SFO,CityName,State,0,0,-9,0,0,,233,1034,0,0,0,0,0
2021-10-01,United,N677XX,6216,BOS,CityName,State,BOS,CityName,State,0,0,-10,0,0,,60,1765,0,0,0,0,0
2021-10-01,Delta,N395XX,5483,ATL,CityName,State,MIA,CityName,State,15,1,25,1,0,,47,2150,0,0,25,0,0
2021-10-02,United,N957XX,8019,MIA,CityName,State,ATL,CityName,State,45,1,42,1,0,,286,1505,42,0,0,0,0
2021-10-02,American,N103XX,6899,SEA,CityName,State,BOS,CityName,State,0,0,-2,0,0,,197,171,0,0,0,0,0
2021-10-02,Southwest,N541XX,2828,SFO,CityName,State,SFO,CityName,State,0,0,-2,0,0,,312,555,0,0,0,0,0
2021-10-02,Southwest,N845XX,3928,ORD,CityName,State,LAX,CityName,State,0,0,7,0,0,,143,1908,0,0,0,0,0
2021-10-02,Southwest,N384XX,8989,ORD,CityName,State,DFW,CityName,State,0,0,4,0,0,,320,865,0,0,0,0,0
2021-10-02,American,N807XX,3909,ORD,CityName,State,DEN,CityName,State,45,1,51,1,0,,78,2376,51,0,0,0,0
2021-10-02,JetBlue,N881XX,4327,LAX,CityName,State,MIA,CityName,State,0,0,1,0,0,,171,250,0,0,0,0,0
2021-10-02,United,N210XX,8605,MIA,CityName,State,JFK,CityName,State,0,0,-13,0,0,,303,741,0,0,0,0,0
2021-10-02,JetBlue,N703XX,9328,ORD,CityName,State,MIA,CityName,State,0,0,-4,0,0,,288,1805,0,0,0,0,0
2021-10-02,United,N260XX,7607,LAX,CityName,State,SFO,CityName,State,0,0,-12,0,0,,319,1686,0,0,0,0,0
2021-10-02,Delta,N888XX,6919,SFO,CityName,State,ORD,CityName,State,0,0,-6,0,0,,151,320,0,0,0,0,0
2021-10-02,United,N689XX,4747,ATL,CityName,State,SFO,CityName,State,0,0,-2,0,0,,217,533,0,0,0,0,0
2021-10-02,Southwest,N668XX,7159,ATL,CityName,State,LAX,CityName,State,0,0,-4,0,0,,177,2243,0,0,0,0,0
2021-10-02,United,N308XX,2715,BOS,CityName,State,SFO,CityName,State,0,0,0,0,0,,346,155,0,0,0,0,0
2021-10-02,JetBlue,N300XX,3634,ATL,CityName,State,SEA,CityName,State,30,1,30,1,0,,343,1437,30,0,0,0,0
2021-10-03,Southwest,N170XX,7671,LAX,CityName,State,MIA,CityName,State,0,0,-4,0,0,,221,893,0,0,0,0,0
2021-10-03,JetBlue,N958XX,3324,LAX,CityName,State,BOS,CityName,State,30,1,40,1,0,,145,354,0,0,0,0,40
2021-10-03,Southwest,N176XX,5412,SEA,CityName,State,BOS,CityName,State,0,0,-6,0,0,,342,1491,0,0,0,0,0
2021-10-03,United,N736XX,7267,SEA,CityName,State,MIA,CityName,State,60,1,48,1,0,,189,1061,48,0,0,0,0
2021-10-03,Southwest,N435XX,9993,JFK,CityName,State,ORD,CityName,State,0,0,8,0,0,,172,2916,0,0,0,0,0
2021-10-03,Southwest,N721XX,2180,LAX,CityName,State,LAX,CityName,State,45,1,44,1,0,,359,1616,44,0,0,0,0
2021-10-03,United,N210XX,3832,LAX,CityName,State,DEN,CityName,State,0,0,7,0,0,,314,1334,0,0,0,0,0
2021-10-03,JetBlue,N147XX,5907,SEA,CityName,State,JFK,CityName,State,0,0,-9,0,0,,260,2964,0,0,0,0,0
2021-10-03,Southwest,N930XX,6916,MIA,CityName,State,DFW,CityName,State,0,0,4,0,0,,131,1186,0,0,0,0,0
2021-10-03,Delta,N918XX,3475,DEN,CityName,State,DEN,CityName,State,0,0,3,0,0,,273,1766,0,0,0,0,0
2021-10-03,United,N551XX,7884,LAX,CityName,State,SFO,CityName,State,0,0,1,0,0,,76,991,0,0,0,0,0
2021-10-03,Delta,N349XX,9531,MIA,CityName,State,ORD,CityName,State,0,0,4,0,0,,310,2725,0,0,0,0,0
2021-10-03,United,N378XX,1297,MIA,CityName,State,JFK,CityName,State,15,1,8,0,0,,118,435,0,0,0,0,0
2021-10-03,United,N160XX,4270,DEN,CityName,State,JFK,CityName,State,0,0,-11,0,0,,229,2428,0,0,0,0,0
2021-10-03,Southwest,N463XX,9897,LAX,CityName,State,ORD,CityName,State,0,0,5,0,0,,160,2777,0,0,0,0,0
2021-10-03,JetBlue,N845XX,3800,BOS,CityName,State,ATL,CityName,State,0,0,-3,0,0,,217,921,0,0,0,0,0
2021-10-03,United,N142XX,2041,DFW,CityName,State,JFK,CityName,State,15,1,5,0,0,,205,2911,0,0,0,0,0
2021-10-03,Southwest,N498XX,325,BOS,CityName,State,DFW,CityName,State,15,1,20,1,0,,161,2120,0,0,0,0,20
2021-10-04,Delta,N770XX,9667,LAX,CityName,State,DEN,CityName,State,45,1,45,1,0,,233,1089,45,0,0,0,0
2021-10-04,JetBlue,N974XX,4916,BOS,CityName,State,JFK,CityName,State,0,0,-6,0,0,,351,1732,0,0,0,0,0
2021-10-04,United,N594XX,6195,ORD,CityName,State,SEA,CityName,State,0,0,-6,0,0,,309,733,0,0,0,0,0
2021-10-04,Delta,N200XX,8455,ORD,CityName,State,DEN,CityName,State,0,0,-3,0,0,,263,1717,0,0,0,0,0
2021-10-04,Southwest,N684XX,3255,SFO,CityName,State,ORD,CityName,State,0,0,7,0,0,,164,2264,0,0,0,0,0
2021-10-04,Southwest,N906XX,5037,LAX,CityName,State,ORD,CityName,State,15,1,1,0,0,,64,2649,0,0,0,0,0
2021-10-04,United,N287XX,4839,ATL,CityName,State,ORD,CityName,State,0,0,-11,0,0,,53,1226,0,0,0,0,0
2021-10-04,United,N225XX,3866,ORD,CityName,State,SFO,CityName,State,30,1,31,1,0,,47,2834,0,31,0,0,0
2021-10-04,JetBlue,N898XX,8955,BOS,CityName,State,MIA,CityName,State,0,0,-2,0,0,,359,1783,0,0,0,0,0
2021-10-04,JetBlue,N466XX,9162,MIA,CityName,State,SEA,CityName,State,0,0,7,0,0,,66,2455,0,0,0,0,0
2021-10-04,JetBlue,N166XX,2550,ATL,CityName,State,ORD,CityName,State,15,1,18,1,0,,87,1148,18,0,0,0,0
2021-10-05,American,N833XX,7294,ATL,CityName,State,BOS,CityName,State,0,0,6,0,0,,88,1182,0,0,0,0,0
2021-10-05,American,N235XX,421,LAX,CityName,State,SFO,CityName,State,0,0,5,0,0,,69,1874,0,0,0,0,0
2021-10-05,American,N850XX,9648,ORD,CityName,State,ATL,CityName,State,0,0,-1,0,0,,69,316,0,0,0,0,0
2021-10-05,Delta,N585XX,4639,BOS,CityName,State,ATL,CityName,State,0,0,-10,0,0,,101,2889,0,0,0,0,0
2021-10-05,JetBlue,N705XX,5985,SFO,CityName,State,ATL,CityName,State,0,0,5,0,0,,279,678,0,0,0,0,0
2021-10-05,American,N160XX,4663,LAX,CityName,State,DFW,CityName,State,0,0,10,0,0,,356,2087,0,0,0,0,0
2021-10-05,American,N348XX,3511,BOS,CityName,State,ATL,CityName,State,0,0,-10,0,0,,319,350,0,0,0,0,0
2021-10-05,Delta,N541XX,585,DFW,CityName,State,MIA,CityName,State,15,1,18,1,0,,201,233,0,0,18,0,0
2021-10-05,United,N413XX,3794,DEN,CityName,State,SEA,CityName,State,0,0,-14,0,0,,180,2516,0,0,0,0,0
2021-10-05,American,N609XX,3135,ORD,CityName,State,DEN,CityName,State,15,1,6,0,0,,344,337,0,0,0,0,0
2021-10-05,JetBlue,N930XX,1820,MIA,CityName,State,MIA,CityName,State,0,0,6,0,0,,329,2823,0,0,0,0,0
2021-10-05,American,N781XX,141,ORD,CityName,State,DEN,CityName,State,0,0,2,0,0,,241,2689,0,0,0,0,0
2021-10-06,JetBlue,N620XX,7766,ORD,CityName,State,BOS,CityName,State,45,1,43,1,0,,311,1928,0,43,0,0,0
2021-10-06,United,N977XX,1134,LAX,CityName,State,SEA,CityName,State,0,0,-2,0,0,,123,1146,0,0,0,0,0
2021-10-06,Southwest,N149XX,5209,LAX,CityName,State,LAX,CityName,State,0,0,-1,0,0,,359,2510,0,0,0,0,0
2021-10-06,United,N652XX,3113,SEA,CityName,State,DEN,CityName,State,45,1,41,1,0,,130,1705,41,0,0,0,0
2021-10-06,United,N929XX,2219,DEN,CityName,State,SEA,CityName,State,0,0,3,0,0,,255,2224,0,0,0,0,0
2021-10-06,American,N354XX,5380,DFW,CityName,State,ATL,CityName,State,30,1,26,1,0,,242,1619,26,0,0,0,0
2021-10-06,Delta,N652XX,2310,ORD,CityName,State,ORD,CityName,State,0,0,-7,0,0,,289,1405,0,0,0,0,0
2021-10-06,JetBlue,N886XX,7032,ORD,CityName,State,LAX,CityName,State,0,0,-7,0,0,,345,692,0,0,0,0,0
2021-10-06,American,N682XX,2482,ORD,CityName,State,DEN,CityName,State,0,0,-7,0,0,,49,1010,0,0,0,0,0
2021-10-06,American,N793XX,9530,DEN,CityName,State,JFK,CityName,State,0,0,1,0,0,,345,1556,0,0,0,0,0
2021-10-06,Southwest,N236XX,2234,MIA,CityName,State,SEA,CityName,State,0,0,-4,0,0,,47,1882,0,0,0,0,0
2021-10-06,American,N169XX,2838,ORD,CityName,State,DEN,CityName,State,0,0,-2,0,0,,63,1152,0,0,0,0,0
2021-10-06,JetBlue,N197XX,334,JFK,CityName,State,JFK,CityName,State,0,0,-9,0,0,,267,901,0,0,0,0,0
2021-10-07,JetBlue,N460XX,7489,ATL,CityName,State,SFO,CityName,State,60,1,54,1,0,,224,2625,54,0,0,0,0
2021-10-07,Delta,N118XX,9428,MIA,CityName,State,ORD,CityName,State,0,0,5,0,0,,125,985,0,0,0,0,0
2021-10-07,JetBlue,N385XX,3094,ATL,CityName,State,SFO,CityName,State,0,0,8,0,0,,337,1909,0,0,0,0,0
2021-10-07,Delta,N753XX,6489,ORD,CityName,State,ATL,CityName,State,0,0,-13,0,0,,333,685,0,0,0,0,0
2021-10-07,Delta,N499XX,2657,LAX,CityName,State,LAX,CityName,State,0,0,0,0,0,,187,1410,0,0,0,0,0
2021-10-07,American,N557XX,1617,DFW,CityName,State,SEA,CityName,State,0,0,-14,0,0,,309,1147,0,0,0,0,0
2021-10-07,JetBlue,N823XX,1223,SEA,CityName,State,JFK,CityName,State,45,1,33,1,0,,175,2815,0,0,0,0,33
2021-10-07,JetBlue,N440XX,5354,ATL,CityName,State,DEN,CityName,State,0,0,3,0,0,,184,1408,0,0,0,0,0
2021-10-07,Southwest,N670XX,5353,SEA,CityName,State,JFK,CityName,State,0,0,-8,0,0,,81,2427,0,0,0,0,0
2021-10-07,Southwest,N981XX,4498,ATL,CityName,State,DFW,CityName,State,0,0,-2,0,0,,94,2281,0,0,0,0,0
2021-10-07,Southwest,N879XX,171,ORD,CityName,State,JFK,CityName,State,15,1,9,0,0,,254,2373,0,0,0,0,0
2021-10-07,United,N230XX,9511,LAX,CityName,State,DEN,CityName,State,0,0,0,0,1,A,151,1182,0,0,0,0,0
2021-10-07,United,N755XX,4115,LAX,CityName,State,JFK,CityName,State,0,0,-2,0,0,,321,747,0,0,0,0,0
2021-10-07,Southwest,N757XX,665,LAX,CityName,State,LAX,CityName,State,0,0,-14,0,0,,148,1086,0,0,0,0,0
2021-10-07,Southwest,N930XX,2540,LAX,CityName,State,BOS,CityName,State,120,1,107,1,0,,127,2890,107,0,0,0,0
2021-10-07,Southwest,N416XX,2656,SFO,CityName,State,LAX,CityName,State,0,0,-9,0,0,,259,2584,0,0,0,0,0
2021-10-07,Delta,N153XX,3070,BOS,CityName,State,MIA,CityName,State,0,0,-10,0,0,,343,1206,0,0,0,0,0
2021-10-07,United,N190XX,1105,SEA,CityName,State,DEN,CityName,State,45,1,36,1,0,,201,828,0,0,0,0,36
2021-10-07,American,N724XX,8957,LAX,CityName,State,ORD,CityName,State,45,1,41,1,0,,76,1958,0,0,41,0,0
2021-10-07,Southwest,N490XX,9111,SEA,CityName,State,ATL,CityName,State,0,0,0,0,0,,145,2303,0,0,0,0,0
2021-10-07,Delta,N925XX,5417,DEN,CityName,State,JFK,CityName,State,0,0,-8,0,0,,50,1683,0,0,0,0,0
2021-10-07,JetBlue,N729XX,4740,ORD,CityName,State,MIA,CityName,State,30,1,0,0,1,A,125,694,0,0,0,0,0
2021-10-08,United,N554XX,7387,DFW,CityName,State,BOS,CityName,State,0,0,-2,0,0,,169,1860,0,0,0,0,0
2021-10-08,JetBlue,N571XX,5079,JFK,CityName,State,SFO,CityName,State,0,0,7,0,0,,108,2364,0,0,0,0,0
2021-10-08,Delta,N628XX,4523,JFK,CityName,State,DEN,CityName,State,15,1,18,1,0,,54,1041,0,0,0,0,18
2021-10-08,American,N206XX,4579,MIA,CityName,State,SEA,CityName,State,0,0,0,0,1,A,215,2243,0,0,0,0,0
2021-10-08,Delta,N632XX,1294,ATL,CityName,State,ATL,CityName,State,0,0,3,0,0,,243,2531,0,0,0,0,0
2021-10-08,American,N146XX,3182,SFO,CityName,State,BOS,CityName,State,0,0,1,0,0,,237,540,0,0,0,0,0
2021-10-08,United,N394XX,539,JFK,CityName,State,ORD,CityName,State,0,0,-9,0,0,,167,647,0,0,0,0,0
2021-10-08,JetBlue,N894XX,4800,JFK,CityName,State,SEA,CityName,State,60,1,68,1,0,,168,2031,68,0,0,0,0
2021-10-08,JetBlue,N171XX,4296,SFO,CityName,State,JFK,CityName,State,0,0,-5,0,0,,282,2867,0,0,0,0,0
2021-10-08,JetBlue,N792XX,3287,DFW,CityName,State,SEA,CityName,State,0,0,6,0,0,,276,2094,0,0,0,0,0
2021-10-08,United,N257XX,6333,ATL,CityName,State,ATL,CityName,State,0,0,0,0,1,A,357,2682,0,0,0,0,0
2021-10-08,JetBlue,N875XX,1770,SEA,CityName,State,SEA,CityName,State,0,0,-4,0,0,,208,2430,0,0,0,0,0
2021-10-08,Delta,N374XX,5011,DFW,CityName,State,DFW,CityName,State,0,0,-9,0,0,,239,243,0,0,0,0,0
2021-10-08,Delta,N139XX,4493,SFO,CityName,State,SEA,CityName,State,0,0,4,0,0,,246,2504,0,0,0,0,0
2021-10-09,Delta,N577XX,3522,SFO,CityName,State,DFW,CityName,State,0,0,10,0,0,,198,1572,0,0,0,0,0
2021-10-09,Southwest,N975XX,6614,DEN,CityName,State,SEA,CityName,State,0,0,-6,0,0,,314,1995,0,0,0,0,0
2021-10-09,Southwest,N112XX,1302,DFW,CityName,State,DFW,CityName,State,0,0,-4,0,0,,165,1118,0,0,0,0,0
2021-10-09,Southwest,N632XX,4020,ORD,CityName,State,JFK,CityName,State,15,1,0,0,1,A,344,2189,0,0,0,0,0
2021-10-09,Delta,N816XX,1552,DEN,CityName,State,SFO,CityName,State,120,1,129,1,0,,146,2793,0,129,0,0,0
2021-10-09,Southwest,N763XX,9327,MIA,CityName,State,SFO,CityName,State,120,1,112,1,0,,55,2329,112,0,0,0,0
2021-10-09,United,N771XX,5955,DEN,CityName,State,MIA,CityName,State,0,0,3,0,0,,87,1418,0,0,0,0,0
2021-10-09,American,N924XX,9486,DEN,CityName,State,DFW,CityName,State,0,0,-13,0,0,,341,2364,0,0,0,0,0
2021-10-09,Delta,N270XX,3585,BOS,CityName,State,ORD,CityName,State,0,0,0,0,0,,66,2622,0,0,0,0,0
2021-10-09,United,N378XX,1547,ATL,CityName,State,JFK,CityName,State,0,0,6,0,0,,220,744,0,0,0,0,0
2021-10-09,Delta,N664XX,4704,ATL,CityName,State,LAX,CityName,State,0,0,8,0,0,,140,1964,0,0,0,0,0
2021-10-09,Southwest,N919XX,186,MIA,CityName,State,SFO,CityName,State,0,0,5,0,0,,331,1815,0,0,0,0,0
2021-10-09,Southwest,N942XX,323,ATL,CityName,State,JFK,CityName,State,0,0,2,0,0,,223,2782,0,0,0,0,0
2021-10-10,Southwest,N579XX,3958,DFW,CityName,State,DEN,CityName,State,0,0,10,0,0,,325,857,0,0,0,0,0
2021-10-10,Southwest,N898XX,4142,ORD,CityName,State,LAX,CityName,State,15,1,22,1,0,,237,2436,0,22,0,0,0
2021-10-10,United,N605XX,3498,DFW,CityName,State,MIA,CityName,State,0,0,-5,0,0,,155,2424,0,0,0,0,0
2021-10-10,American,N855XX,4432,DFW,CityName,State,SFO,CityName,State,0,0,1,0,0,,155,797,0,0,0,0,0
2021-10-10,American,N183XX,6588,MIA,CityName,State,JFK,CityName,State,0,0,-14,0,0,,333,2950,0,0,0,0,0
2021-10-10,JetBlue,N993XX,7871,DFW,CityName,State,DEN,CityName,State,15,1,17,1,0,,153,1058,17,0,0,0,0
2021-10-10,Delta,N215XX,3981,BOS,CityName,State,JFK,CityName,State,15,1,5,0,0,,238,375,0,0,0,0,0
2021-10-10,Southwest,N995XX,7234,SEA,CityName,State,DFW,CityName,State,30,1,18,1,0,,67,1120,18,0,0,0,0
2021-10-10,United,N504XX,8115,DFW,CityName,State,BOS,CityName,State,0,0,6,0,0,,307,2452,0,0,0,0,0
2021-10-10,Southwest,N904XX,1869,MIA,CityName,State,JFK,CityName,State,0,0,-2,0,0,,324,1628,0,0,0,0,0
2021-10-10,JetBlue,N282XX,6815,DEN,CityName,State,ORD,CityName,State,0,0,-7,0,0,,345,2387,0,0,0,0,0
2021-10-11,JetBlue,N918XX,7514,MIA,CityName,State,JFK,CityName,State,0,0,-8,0,0,,158,1307,0,0,0,0,0
2021-10-11,Southwest,N964XX,1320,JFK,CityName,State,JFK,CityName,State,0,0,-6,0,0,,86,785,0,0,0,0,0
2021-10-11,Delta,N991XX,2454,SEA,CityName,State,SFO,CityName,State,0,0,-8,0,0,,134,2101,0,0,0,0,0
2021-10-11,United,N830XX,9153,JFK,CityName,State,JFK,CityName,State,0,0,-12,0,0,,327,2678,0,0,0,0,0
2021-10-11,JetBlue,N700XX,5907,DEN,CityName,State,ORD,CityName,State,0,0,-4,0,0,,125,2123,0,0,0,0,0
2021-10-11,JetBlue,N457XX,3582,BOS,CityName,State,SEA,CityName,State,0,0,-3,0,0,,331,2642,0,0,0,0,0
2021-10-11,Southwest,N793XX,9272,DFW,CityName,State,JFK,CityName,State,0,0,2,0,0,,319,632,0,0,0,0,0
2021-10-11,Delta,N516XX,7197,ATL,CityName,State,SFO,CityName,State,0,0,3,0,0,,308,2192,0,0,0,0,0
2021-10-11,JetBlue,N861XX,3188,SFO,CityName,State,SFO,CityName,State,0,0,-5,0,0,,339,1463,0,0,0,0,0
2021-10-11,JetBlue,N847XX,4678,ATL,CityName,State,JFK,CityName,State,0,0,-5,0,0,,101,572,0,0,0,0,0
2021-10-11,Delta,N351XX,5688,SEA,CityName,State,SEA,CityName,State,0,0,1,0,0,,291,1284,0,0,0,0,0
2021-10-11,JetBlue,N169XX,8351,SFO,CityName,State,SEA,CityName,State,0,0,-8,0,0,,306,2975,0,0,0,0,0
2021-10-11,American,N530XX,1412,ORD,CityName,State,MIA,CityName,State,30,1,23,1,0,,156,2064,23,0,0,0,0
2021-10-11,Delta,N467XX,9391,DEN,CityName,State,ATL,CityName,State,0,0,10,0,0,,90,2672,0,0,0,0,0
2021-10-11,Southwest,N928XX,2466,DFW,CityName,State,DFW,CityName,State,15,1,14,0,0,,49,2881,0,0,0,0,0
2021-10-11,Southwest,N715XX,7417,ATL,CityName,State,JFK,CityName,State,15,1,23,1,0,,255,1009,23,0,0,0,0
2021-10-11,United,N349XX,3394,SFO,CityName,State,ORD,CityName,State,0,0,-5,0,0,,352,2789,0,0,0,0,0
2021-10-12,Southwest,N602XX,7910,LAX,CityName,State,DFW,CityName,State,240,1,240,1,0,,343,1308,0,0,0,0,240
2021-10-12,JetBlue,N230XX,7804,ORD,CityName,State,DFW,CityName,State,0,0,-14,0,0,,202,337,0,0,0,0,0
2021-10-12,American,N924XX,922,BOS,CityName,State,BOS,CityName,State,0,0,4,0,0,,314,834,0,0,0,0,0
2021-10-12,United,N975XX,1611,MIA,CityName,State,MIA,CityName,State,0,0,-8,0,0,,204,1552,0,0,0,0,0
2021-10-12,Delta,N405XX,106,SEA,CityName,State,ORD,CityName,State,0,0,0,0,0,,220,1342,0,0,0,0,0
2021-10-12,Delta,N215XX,1084,SFO,CityName,State,MIA,CityName,State,0,0,-10,0,0,,91,2517,0,0,0,0,0
2021-10-12,JetBlue,N191XX,4527,DFW,CityName,State,ATL,CityName,State,0,0,2,0,0,,107,1532,0,0,0,0,0
2021-10-12,Delta,N655XX,9620,ATL,CityName,State,SEA,CityName,State,0,0,-14,0,0,,56,1678,0,0,0,0,0
2021-10-13,Delta,N314XX,5626,BOS,CityName,State,LAX,CityName,State,0,0,0,0,0,,125,1376,0,0,0,0,0
2021-10-13,Southwest,N818XX,7436,JFK,CityName,State,JFK,CityName,State,0,0,2,0,0,,148,2686,0,0,0,0,0
2021-10-13,JetBlue,N618XX,8948,BOS,CityName,State,MIA,CityName,State,0,0,-11,0,0,,294,1435,0,0,0,0,0
2021-10-13,United,N871XX,9466,JFK,CityName,State,MIA,CityName,State,0,0,4,0,0,,63,2420,0,0,0,0,0
2021-10-13,American,N625XX,2761,SEA,CityName,State,LAX,CityName,State,0,0,-8,0,0,,303,986,0,0,0,0,0
2021-10-13,Delta,N594XX,7332,SFO,CityName,State,SFO,CityName,State,0,0,9,0,0,,250,2234,0,0,0,0,0
2021-10-13,American,N318XX,3580,SEA,CityName,State,SEA,CityName,State,0,0,5,0,0,,294,2966,0,0,0,0,0
2021-10-13,Southwest,N911XX,5224,DFW,CityName,State,SFO,CityName,State,0,0,10,0,0,,65,1749,0,0,0,0,0
2021-10-13,Southwest,N284XX,6151,SFO,CityName,State,MIA,CityName,State,0,0,-8,0,0,,333,1204,0,0,0,0,0
2021-10-13,American,N782XX,9350,LAX,CityName,State,SEA,CityName,State,0,0,2,0,0,,235,912,0,0,0,0,0
2021-10-13,United,N107XX,8445,ORD,CityName,State,JFK,CityName,State,0,0,-11,0,0,,101,1707,0,0,0,0,0
2021-10-13,Delta,N405XX,2235,DFW,CityName,State,LAX,CityName,State,0,0,0,0,1,A,281,2804,0,0,0,0,0
2021-10-13,Southwest,N290XX,6184,BOS,CityName,State,LAX,CityName,State,45,1,44,1,0,,119,1911,0,44,0,0,0
2021-10-13,JetBlue,N261XX,9814,DEN,CityName,State,ORD,CityName,State,0,0,3,0,0,,150,1590,0,0,0,0,0
2021-10-13,United,N301XX,8495,JFK,CityName,State,SEA,CityName,State,45,1,35,1,0,,114,736,0,0,0,0,35
2021-10-13,American,N484XX,9235,SFO,CityName,State,DFW,CityName,State,0,0,10,0,0,,194,835,0,0,0,0,0
2021-10-13,United,N449XX,7416,DFW,CityName,State,BOS,CityName,State,0,0,-9,0,0,,206,392,0,0,0,0,0
2021-10-13,American,N106XX,5282,MIA,CityName,State,SEA,CityName,State,15,1,11,0,0,,267,2489,0,0,0,0,0
2021-10-13,JetBlue,N610XX,9398,DEN,CityName,State,ATL,CityName,State,0,0,0,0,1,A,134,2680,0,0,0,0,0
2021-10-13,American,N245XX,6121,BOS,CityName,State,ORD,CityName,State,0,0,-6,0,0,,173,1960,0,0,0,0,0
2021-10-13,JetBlue,N835XX,2947,ATL,CityName,State,BOS,CityName,State,30,1,28,1,0,,187,2463,28,0,0,0,0
2021-10-13,Delta,N452XX,8409,DFW,CityName,State,SFO,CityName,State,0,0,-6,0,0,,342,2775,0,0,0,0,0
2021-10-14,United,N401XX,2898,SFO,CityName,State,DEN,CityName,State,0,0,-3,0,0,,290,1569,0,0,0,0,0
2021-10-14,Southwest,N167XX,5270,MIA,CityName,State,SFO,CityName,State,0,0,-9,0,0,,168,556,0,0,0,0,0
2021-10-14,United,N831XX,1899,BOS,CityName,State,MIA,CityName,State,0,0,10,0,0,,223,1393,0,0,0,0,0
2021-10-14,Delta,N774XX,4987,LAX,CityName,State,LAX,CityName,State,0,0,-9,0,0,,138,2526,0,0,0,0,0
2021-10-14,Delta,N926XX,9383,JFK,CityName,State,SEA,CityName,State,0,0,-6,0,0,,301,2559,0,0,0,0,0
2021-10-14,Delta,N388XX,122,SEA,CityName,State,BOS,CityName,State,120,1,130,1,0,,336,1645,130,0,0,0,0
2021-10-14,American,N950XX,2006,ORD,CityName,State,DFW,CityName,State,0,0,4,0,0,,287,175,0,0,0,0,0
2021-10-14,Delta,N571XX,7445,SEA,CityName,State,SFO,CityName,State,0,0,-12,0,0,,123,467,0,0,0,0,0
2021-10-14,Delta,N283XX,3511,ATL,CityName,State,SEA,CityName,State,0,0,-3,0,0,,279,2013,0,0,0,0,0
2021-10-14,American,N625XX,7144,LAX,CityName,State,LAX,CityName,State,45,1,0,0,1,A,194,2342,0,0,0,0,0
2021-10-14,Southwest,N245XX,8650,BOS,CityName,State,LAX,CityName,State,15,1,6,0,0,,347,2142,0,0,0,0,0
2021-10-14,JetBlue,N383XX,9789,ATL,CityName,State,BOS,CityName,State,0,0,-10,0,0,,242,2520,0,0,0,0,0
2021-10-14,Southwest,N319XX,7782,SEA,CityName,State,LAX,CityName,State,45,1,50,1,0,,258,401,0,0,50,0,0
2021-10-14,United,N453XX,681,LAX,CityName,State,DFW,CityName,State,45,1,48,1,0,,80,1423,0,0,48,0,0
2021-10-15,JetBlue,N282XX,9984,LAX,CityName,State,SFO,CityName,State,0,0,-2,0,0,,243,869,0,0,0,0,0
2021-10-15,Delta,N268XX,9174,BOS,CityName,State,SFO,CityName,State,30,1,26,1,0,,279,2811,0,0,0,0,26
2021-10-15,Delta,N674XX,6471,JFK,CityName,State,ORD,CityName,State,60,1,60,1,0,,228,232,0,0,60,0,0
2021-10-15,American,N643XX,9598,LAX,CityName,State,ATL,CityName,State,0,0,-5,0,0,,142,312,0,0,0,0,0
2021-10-15,Delta,N457XX,2813,JFK,CityName,State,MIA,CityName,State,0,0,-5,0,0,,236,1259,0,0,0,0,0
2021-10-15,American,N670XX,7451,ATL,CityName,State,DFW,CityName,State,0,0,7,0,0,,332,1895,0,0,0,0,0
2021-10-15,JetBlue,N135XX,4237,MIA,CityName,State,SEA,CityName,State,0,0,1,0,0,,297,694,0,0,0,0,0
2021-10-15,JetBlue,N471XX,5948,MIA,CityName,State,BOS,CityName,State,0,0,-2,0,0,,142,1743,0,0,0,0,0
2021-10-15,JetBlue,N658XX,9780,SEA,CityName,State,DFW,CityName,State,0,0,-8,0,0,,109,2946,0,0,0,0,0
2021-10-15,American,N513XX,6132,DEN,CityName,State,SFO,CityName,State,0,0,0,0,0,,67,1402,0,0,0,0,0
2021-10-15,United,N290XX,8510,DEN,CityName,State,ATL,CityName,State,0,0,-2,0,0,,326,1939,0,0,0,0,0
2021-10-15,Southwest,N534XX,1592,MIA,CityName,State,ATL,CityName,State,240,1,244,1,0,,216,2973,0,0,244,0,0
2021-10-15,Southwest,N989XX,8346,DEN,CityName,State,SFO,CityName,State,0,0,10,0,0,,78,2238,0,0,0,0,0
2021-10-15,Delta,N660XX,7039,MIA,CityName,State,DFW,CityName,State,0,0,6,0,0,,253,2326,0,0,0,0,0
2021-10-15,JetBlue,N769XX,6329,DFW,CityName,State,MIA,CityName,State,15,1,23,1,0,,119,1338,0,0,23,0,0
2021-10-15,American,N234XX,8597,DEN,CityName,State,LAX,CityName,State,0,0,7,0,0,,78,982,0,0,0,0,0
2021-10-16,United,N486XX,4660,MIA,CityName,State,BOS,CityName,State,0,0,-9,0,0,,194,849,0,0,0,0,0
2021-10-16,Delta,N354XX,1309,MIA,CityName,State,BOS,CityName,State,0,0,10,0,0,,338,2503,0,0,0,0,0
2021-10-16,American,N571XX,5838,DEN,CityName,State,DFW,CityName,State,0,0,0,0,0,,180,462,0,0,0,0,0
2021-10-16,JetBlue,N528XX,5796,BOS,CityName,State,BOS,CityName,State,0,0,10,0,0,,165,1631,0,0,0,0,0
2021-10-16,Southwest,N171XX,328,ORD,CityName,State,MIA,CityName,State,0,0,2,0,0,,148,2710,0,0,0,0,0
2021-10-16,Delta,N496XX,5144,MIA,CityName,State,SEA,CityName,State,0,0,-5,0,0,,220,1014,0,0,0,0,0
2021-10-16,Southwest,N377XX,2190,LAX,CityName,State,DFW,CityName,State,0,0,-2,0,0,,120,473,0,0,0,0,0
2021-10-16,American,N663XX,1054,DEN,CityName,State,LAX,CityName,State,0,0,0,0,1,A,51,891,0,0,0,0,0
2021-10-16,American,N904XX,7702,DEN,CityName,State,DFW,CityName,State,45,1,55,1,0,,306,1257,0,0,55,0,0
2021-10-16,Delta,N578XX,1126,SFO,CityName,State,LAX,CityName,State,60,1,66,1,0,,61,2445,0,0,0,0,66
2021-10-16,Southwest,N888XX,1195,ORD,CityName,State,DFW,CityName,State,60,1,57,1,0,,261,1865,57,0,0,0,0
2021-10-16,Delta,N198XX,2014,DEN,CityName,State,BOS,CityName,State,0,0,-13,0,0,,267,2451,0,0,0,0,0
2021-10-16,Delta,N945XX,8299,ATL,CityName,State,DFW,CityName,State,0,0,7,0,0,,307,2492,0,0,0,0,0
2021-10-17,JetBlue,N482XX,5416,SFO,CityName,State,BOS,CityName,State,0,0,5,0,0,,192,2277,0,0,0,0,0
2021-10-17,JetBlue,N217XX,6050,DFW,CityName,State,MIA,CityName,State,0,0,1,0,0,,321,671,0,0,0,0,0
2021-10-17,American,N655XX,9270,ORD,CityName,State,SFO,CityName,State,15,1,16,1,0,,78,2627,0,0,0,0,16
2021-10-17,JetBlue,N809XX,8519,MIA,CityName,State,DFW,CityName,State,0,0,2,0,0,,52,1044,0,0,0,0,0
2021-10-17,JetBlue,N171XX,4404,DEN,CityName,State,LAX,CityName,State,0,0,1,0,0,,327,1035,0,0,0,0,0
2021-10-17,Delta,N415XX,6378,MIA,CityName,State,ORD,CityName,State,0,0,-1,0,0,,163,2000,0,0,0,0,0
2021-10-17,Delta,N449XX,2624,ORD,CityName,State,DEN,CityName,State,0,0,-14,0,0,,263,2994,0,0,0,0,0
2021-10-17,American,N890XX,2420,BOS,CityName,State,ATL,CityName,State,0,0,-6,0,0,,88,1668,0,0,0,0,0
2021-10-17,JetBlue,N883XX,8911,JFK,CityName,State,ORD,CityName,State,0,0,-12,0,0,,153,615,0,0,0,0,0
2021-10-17,United,N407XX,980,ORD,CityName,State,JFK,CityName,State,120,1,115,1,0,,94,734,0,115,0,0,0
2021-10-17,JetBlue,N588XX,9669,LAX,CityName,State,JFK,CityName,State,0,0,9,0,0,,249,1672,0,0,0,0,0
2021-10-17,Southwest,N508XX,367,SEA,CityName,State,ATL,CityName,State,15,1,16,1,0,,50,2458,16,0,0,0,0
2021-10-17,Delta,N712XX,5178,ORD,CityName,State,ORD,CityName,State,0,0,4,0,0,,287,2992,0,0,0,0,0
2021-10-18,Southwest,N265XX,796,LAX,CityName,State,ORD,CityName,State,0,0,-2,0,0,,238,1015,0,0,0,0,0
2021-10-18,American,N633XX,2453,JFK,CityName,State,MIA,CityName,State,0,0,10,0,0,,114,899,0,0,0,0,0
2021-10-18,Southwest,N948XX,4404,BOS,CityName,State,SFO,CityName,State,120,1,120,1,0,,168,305,0,0,120,0,0
2021-10-18,JetBlue,N994XX,5936,ORD,CityName,State,SEA,CityName,State,0,0,-10,0,0,,319,1378,0,0,0,0,0
2021-10-18,Southwest,N936XX,2643,DFW,CityName,State,LAX,CityName,State,120,1,125,1,0,,323,1878,125,0,0,0,0
2021-10-18,United,N354XX,5081,ATL,CityName,State,ATL,CityName,State,0,0,-6,0,0,,319,483,0,0,0,0,0
2021-10-18,Delta,N254XX,3788,JFK,CityName,State,ORD,CityName,State,0,0,-7,0,0,,159,1885,0,0,0,0,0
2021-10-18,American,N919XX,4970,DFW,CityName,State,SEA,CityName,State,0,0,-6,0,0,,144,2170,0,0,0,0,0
2021-10-18,Delta,N121XX,4702,LAX,CityName,State,ATL,CityName,State,0,0,1,0,0,,86,978,0,0,0,0,0
2021-10-18,American,N806XX,3819,ATL,CityName,State,DFW,CityName,State,0,0,-14,0,0,,303,1867,0,0,0,0,0
2021-10-18,JetBlue,N557XX,8307,DEN,CityName,State,JFK,CityName,State,0,0,-2,0,0,,192,342,0,0,0,0,0
2021-10-18,United,N885XX,6770,MIA,CityName,State,ORD,CityName,State,120,1,125,1,0,,261,1212,125,0,0,0,0
2021-10-18,American,N602XX,754,SEA,CityName,State,MIA,CityName,State,0,0,4,0,0,,52,2644,0,0,0,0,0
2021-10-18,Southwest,N666XX,2761,LAX,CityName,State,ORD,CityName,State,0,0,0,0,0,,139,2808,0,0,0,0,0
2021-10-19,Southwest,N445XX,4221,DFW,CityName,State,DEN,CityName,State,30,1,23,1,0,,196,1281,0,0,0,0,23
2021-10-19,United,N632XX,9891,ORD,CityName,State,MIA,CityName,State,0,0,-14,0,0,,91,1522,0,0,0,0,0
2021-10-19,Delta,N365XX,7216,DEN,CityName,State,JFK,CityName,State,0,0,-11,0,0,,158,2487,0,0,0,0,0
2021-10-19,JetBlue,N508XX,6723,SEA,CityName,State,ATL,CityName,State,0,0,-5,0,0,,181,2669,0,0,0,0,0
2021-10-19,United,N985XX,8809,MIA,CityName,State,BOS,CityName,State,15,1,7,0,0,,289,1077,0,0,0,0,0
2021-10-19,JetBlue,N861XX,8930,ORD,CityName,State,ORD,CityName,State,0,0,-2,0,0,,168,2818,0,0,0,0,0
2021-10-19,United,N619XX,4620,SFO,CityName,State,SFO,CityName,State,15,1,6,0,0,,98,378,0,0,0,0,0
2021-10-19,JetBlue,N376XX,1154,MIA,CityName,State,ORD,CityName,State,0,0,-8,0,0,,57,756,0,0,0,0,0
2021-10-19,Delta,N252XX,6656,DEN,CityName,State,SEA,CityName,State,0,0,-14,0,0,,210,1447,0,0,0,0,0
2021-10-19,American,N115XX,7687,MIA,CityName,State,SFO,CityName,State,0,0,-13,0,0,,312,742,0,0,0,0,0
2021-10-19,American,N568XX,7203,LAX,CityName,State,BOS,CityName,State,0,0,7,0,0,,78,232,0,0,0,0,0
2021-10-19,American,N216XX,1882,ORD,CityName,State,DFW,CityName,State,0,0,-10,0,0,,119,1848,0,0,0,0,0
2021-10-19,JetBlue,N111XX,1333,SFO,CityName,State,BOS,CityName,State,0,0,1,0,0,,179,1145,0,0,0,0,0
2021-10-19,Southwest,N162XX,692,ORD,CityName,State,SEA,CityName,State,120,1,122,1,0,,273,697,0,0,122,0,0
2021-10-19,United,N354XX,4050,DEN,CityName,State,ATL,CityName,State,30,1,22,1,0,,238,1519,22,0,0,0,0
2021-10-19,American,N409XX,6712,DEN,CityName,State,BOS,CityName,State,15,1,19,1,0,,191,1252,0,0,0,0,19
2021-10-20,JetBlue,N293XX,6970,DFW,CityName,State,SFO,CityName,State,0,0,8,0,0,,235,1340,0,0,0,0,0
2021-10-20,JetBlue,N602XX,5377,ORD,CityName,State,LAX,CityName,State,0,0,3,0,0,,254,1318,0,0,0,0,0
2021-10-20,JetBlue,N559XX,3912,DFW,CityName,State,DEN,CityName,State,0,0,-5,0,0,,84,2505,0,0,0,0,0
2021-10-20,JetBlue,N898XX,8242,ATL,CityName,State,DEN,CityName,State,0,0,-5,0,0,,302,2598,0,0,0,0,0
2021-10-20,United,N818XX,1407,BOS,CityName,State,MIA,CityName,State,0,0,8,0,0,,150,1981,0,0,0,0,0
2021-10-20,JetBlue,N767XX,2683,ORD,CityName,State,ATL,CityName,State,30,1,34,1,0,,73,840,34,0,0,0,0
2021-10-20,United,N369XX,7645,SFO,CityName,State,SEA,CityName,State,0,0,-5,0,0,,228,1472,0,0,0,0,0
2021-10-20,American,N201XX,1703,SEA,CityName,State,SFO,CityName,State,0,0,-6,0,0,,343,573,0,0,0,0,0
2021-10-20,Southwest,N286XX,2134,JFK,CityName,State,SFO,CityName,State,0,0,8,0,0,,75,331,0,0,0,0,0
2021-10-20,American,N591XX,3883,SFO,CityName,State,ORD,CityName,State,0,0,1,0,0,,180,1026,0,0,0,0,0
2021-10-20,Delta,N751XX,3023,DEN,CityName,State,JFK,CityName,State,0,0,-14,0,0,,269,284,0,0,0,0,0
2021-10-20,Southwest,N140XX,2303,SEA,CityName,State,SEA,CityName,State,120,1,111,1,0,,248,2494,0,0,0,0,111
2021-10-21,Delta,N824XX,9116,MIA,CityName,State,SEA,CityName,State,0,0,-12,0,0,,244,2926,0,0,0,0,0
2021-10-21,Delta,N422XX,2742,DFW,CityName,State,MIA,CityName,State,15,1,22,1,0,,65,2718,0,0,0,0,22
2021-10-21,United,N442XX,6632,DFW,CityName,State,DEN,CityName,State,0,0,3,0,0,,115,2258,0,0,0,0,0
2021-10-21,JetBlue,N148XX,7122,ORD,CityName,State,DFW,CityName,State,0,0,-11,0,0,,254,2355,0,0,0,0,0
2021-10-21,Delta,N968XX,1972,MIA,CityName,State,ATL,CityName,State,45,1,44,1,0,,267,2936,0,0,44,0,0
2021-10-21,Southwest,N469XX,257,JFK,CityName,State,SFO,CityName,State,30,1,33,1,0,,175,2987,33,0,0,0,0
2021-10-21,United,N888XX,6536,SFO,CityName,State,DFW,CityName,State,0,0,-11,0,0,,269,1143,0,0,0,0,0
2021-10-21,Delta,N467XX,7509,JFK,CityName,State,MIA,CityName,State,0,0,-13,0,0,,208,1939,0,0,0,0,0
2021-10-21,United,N477XX,3231,MIA,CityName,State,SFO,CityName,State,15,1,4,0,0,,190,2919,0,0,0,0,0
2021-10-21,American,N885XX,260,DEN,CityName,State,DFW,CityName,State,15,1,5,0,0,,80,2084,0,0,0,0,0
2021-10-21,Southwest,N209XX,1303,JFK,CityName,State,BOS,CityName,State,0,0,-11,0,0,,190,1722,0,0,0,0,0
2021-10-21,United,N876XX,8755,JFK,CityName,State,DFW,CityName,State,0,0,5,0,0,,323,966,0,0,0,0,0
2021-10-21,Delta,N415XX,2194,ORD,CityName,State,BOS,CityName,State,0,0,-10,0,0,,139,2076,0,0,0,0,0
2021-10-21,Delta,N243XX,3609,LAX,CityName,State,MIA,CityName,State,30,1,37,1,0,,297,1456,0,0,37,0,0
2021-10-21,Delta,N482XX,8695,ATL,CityName,State,MIA,CityName,State,0,0,5,0,0,,288,1947,0,0,0,0,0
2021-10-21,JetBlue,N111XX,2343,ORD,CityName,State,SEA,CityName,State,0,0,-14,0,0,,51,2197,0,0,0,0,0
2021-10-21,Southwest,N291XX,294,DEN,CityName,State,SEA,CityName,State,0,0,-10,0,0,,192,1696,0,0,0,0,0
2021-10-21,Delta,N111XX,6521,DEN,CityName,State,DFW,CityName,State,0,0,-2,0,0,,232,1373,0,0,0,0,0
2021-10-22,American,N466XX,1099,JFK,CityName,State,BOS,CityName,State,0,0,-14,0,0,,250,2579,0,0,0,0,0
2021-10-22,American,N621XX,9490,SEA,CityName,State,DEN,CityName,State,0,0,1,0,0,,265,2554,0,0,0,0,0
2021-10-22,American,N969XX,3353,LAX,CityName,State,JFK,CityName,State,0,0,-13,0,0,,130,1250,0,0,0,0,0
2021-10-22,Delta,N131XX,7579,ATL,CityName,State,MIA,CityName,State,0,0,-2,0,0,,217,2173,0,0,0,0,0
2021-10-22,JetBlue,N480XX,841,LAX,CityName,State,SFO,CityName,State,120,1,121,1,0,,60,369,0,0,121,0,0
2021-10-22,Delta,N473XX,7469,MIA,CityName,State,DFW,CityName,State,0,0,-13,0,0,,247,1645,0,0,0,0,0
2021-10-22,American,N120XX,253,ORD,CityName,State,LAX,CityName,State,0,0,-6,0,0,,191,1990,0,0,0,0,0
2021-10-22,Southwest,N356XX,5055,SEA,CityName,State,MIA,CityName,State,45,1,49,1,0,,228,2056,0,0,49,0,0
2021-10-22,JetBlue,N567XX,207,ORD,CityName,State,LAX,CityName,State,0,0,1,0,0,,197,2156,0,0,0,0,0
2021-10-22,American,N600XX,9539,ATL,CityName,State,MIA,CityName,State,0,0,-13,0,0,,359,776,0,0,0,0,0
2021-10-22,American,N709XX,7617,DFW,CityName,State,LAX,CityName,State,0,0,1,0,0,,262,848,0,0,0,0,0
2021-10-22,American,N706XX,320,BOS,CityName,State,LAX,CityName,State,30,1,39,1,0,,166,588,0,0,39,0,0
2021-10-22,Delta,N220XX,4460,BOS,CityName,State,BOS,CityName,State,0,0,9,0,0,,111,1779,0,0,0,0,0
2021-10-22,Delta,N664XX,8661,SEA,CityName,State,BOS,CityName,State,0,0,6,0,0,,316,2680,0,0,0,0,0
2021-10-22,Delta,N551XX,9217,ATL,CityName,State,JFK,CityName,State,0,0,-12,0,0,,45,1678,0,0,0,0,0
2021-10-22,American,N141XX,9675,LAX,CityName,State,BOS,CityName,State,45,1,40,1,0,,354,2959,0,0,0,0,40
2021-10-22,JetBlue,N672XX,9468,ORD,CityName,State,ATL,CityName,State,0,0,-1,0,0,,49,539,0,0,0,0,0
2021-10-22,JetBlue,N442XX,4620,SFO,CityName,State,DEN,CityName,State,0,0,-10,0,0,,328,1440,0,0,0,0,0
2021-10-22,Southwest,N626XX,7160,ATL,CityName,State,DFW,CityName,State,0,0,6,0,0,,302,321,0,0,0,0,0
2021-10-23,Southwest,N474XX,6063,ORD,CityName,State,MIA,CityName,State,0,0,-1,0,0,,355,2180,0,0,0,0,0
2021-10-23,American,N632XX,829,SFO,CityName,State,JFK,CityName,State,0,0,9,0,0,,196,1011,0,0,0,0,0
2021-10-23,Delta,N931XX,605,DFW,CityName,State,ORD,CityName,State,0,0,-2,0,0,,237,2463,0,0,0,0,0
2021-10-23,United,N872XX,9887,SFO,CityName,State,ORD,CityName,State,0,0,-8,0,0,,346,950,0,0,0,0,0
2021-10-23,Southwest,N902XX,9972,DEN,CityName,State,ATL,CityName,State,15,1,19,1,0,,155,1667,19,0,0,0,0
2021-10-23,American,N345XX,4369,JFK,CityName,State,ATL,CityName,State,0,0,-9,0,0,,274,2948,0,0,0,0,0
2021-10-23,United,N491XX,7485,ATL,CityName,State,DEN,CityName,State,60,1,46,1,0,,73,2924,0,0,0,0,46
2021-10-23,American,N458XX,9431,LAX,CityName,State,DFW,CityName,State,0,0,-8,0,0,,333,188,0,0,0,0,0
2021-10-23,United,N257XX,7465,MIA,CityName,State,JFK,CityName,State,0,0,2,0,0,,109,2680,0,0,0,0,0
2021-10-23,Southwest,N141XX,4767,ORD,CityName,State,SFO,CityName,State,15,1,17,1,0,,96,2597,0,0,17,0,0
2021-10-23,Southwest,N184XX,5154,MIA,CityName,State,MIA,CityName,State,15,1,19,1,0,,121,2126,19,0,0,0,0
2021-10-23,Delta,N873XX,6237,DEN,CityName,State,SFO,CityName,State,0,0,-1,0,0,,252,287,0,0,0,0,0
2021-10-23,Southwest,N558XX,7410,LAX,CityName,State,MIA,CityName,State,0,0,1,0,0,,48,354,0,0,0,0,0
2021-10-24,American,N552XX,1822,DFW,CityName,State,MIA,CityName,State,0,0,-12,0,0,,132,1419,0,0,0,0,0
2021-10-24,Southwest,N794XX,4793,SEA,CityName,State,MIA,CityName,State,0,0,2,0,0,,295,2407,0,0,0,0,0
2021-10-24,American,N554XX,7558,ATL,CityName,State,LAX,CityName,State,0,0,10,0,0,,277,1902,0,0,0,0,0
2021-10-24,United,N267XX,2703,LAX,CityName,State,DEN,CityName,State,0,0,9,0,0,,194,612,0,0,0,0,0
2021-10-24,Delta,N313XX,5646,SEA,CityName,State,BOS,CityName,State,45,1,42,1,0,,91,897,0,0,42,0,0
2021-10-24,Delta,N109XX,3720,DFW,CityName,State,JFK,CityName,State,15,1,5,0,0,,107,1181,0,0,0,0,0
2021-10-24,American,N889XX,9537,MIA,CityName,State,SEA,CityName,State,15,1,3,0,0,,114,701,0,0,0,0,0
2021-10-24,JetBlue,N760XX,4494,SFO,CityName,State,DEN,CityName,State,0,0,-12,0,0,,270,1897,0,0,0,0,0
2021-10-24,Southwest,N486XX,2478,LAX,CityName,State,MIA,CityName,State,0,0,-14,0,0,,276,1954,0,0,0,0,0
2021-10-24,Delta,N578XX,584,SFO,CityName,State,SEA,CityName,State,0,0,-11,0,0,,156,1067,0,0,0,0,0
2021-10-24,Southwest,N976XX,6109,SFO,CityName,State,MIA,CityName,State,15,1,18,1,0,,237,763,0,0,18,0,0
2021-10-24,Delta,N611XX,7894,JFK,CityName,State,BOS,CityName,State,15,1,9,0,0,,223,1161,0,0,0,0,0
2021-10-24,Delta,N605XX,5809,SFO,CityName,State,DEN,CityName,State,0,0,-10,0,0,,96,2477,0,0,0,0,0
2021-10-24,United,N594XX,2076,LAX,CityName,State,DFW,CityName,State,0,0,9,0,0,,65,1366,0,0,0,0,0
2021-10-24,Southwest,N950XX,1034,ORD,CityName,State,JFK,CityName,State,0,0,-11,0,0,,67,571,0,0,0,0,0
2021-10-24,Southwest,N962XX,1888,SEA,CityName,State,BOS,CityName,State,240,1,229,1,0,,262,2871,0,0,0,0,229
2021-10-25,Delta,N990XX,4874,JFK,CityName,State,ORD,CityName,State,0,0,8,0,0,,336,460,0,0,0,0,0
2021-10-25,JetBlue,N843XX,8529,ATL,CityName,State,SFO,CityName,State,0,0,-3,0,0,,282,366,0,0,0,0,0
2021-10-25,Delta,N532XX,3527,BOS,CityName,State,ORD,CityName,State,15,1,12,0,0,,335,1473,0,0,0,0,0
2021-10-25,United,N341XX,8857,ATL,CityName,State,LAX,CityName,State,0,0,9,0,0,,327,1073,0,0,0,0,0
2021-10-25,American,N142XX,7045,LAX,CityName,State,ATL,CityName,State,0,0,10,0,0,,264,2743,0,0,0,0,0
2021-10-25,Delta,N446XX,5699,SEA,CityName,State,ATL,CityName,State,0,0,4,0,0,,134,1758,0,0,0,0,0
2021-10-25,JetBlue,N195XX,7882,DFW,CityName,State,JFK,CityName,State,0,0,-12,0,0,,165,2629,0,0,0,0,0
2021-10-25,United,N833XX,5878,BOS,CityName,State,DEN,CityName,State,45,1,52,1,0,,164,1019,0,0,52,0,0
2021-10-25,Southwest,N745XX,9243,BOS,CityName,State,SEA,CityName,State,15,1,10,0,0,,264,2608,0,0,0,0,0
2021-10-25,United,N554XX,4719,DFW,CityName,State,MIA,CityName,State,15,1,22,1,0,,141,2632,0,0,0,0,22
2021-10-25,Delta,N434XX,916,DEN,CityName,State,SFO,CityName,State,0,0,7,0,0,,118,376,0,0,0,0,0
2021-10-26,JetBlue,N358XX,1951,MIA,CityName,State,BOS,CityName,State,0,0,-2,0,0,,351,1736,0,0,0,0,0
2021-10-26,American,N873XX,4518,SFO,CityName,State,DFW,CityName,State,60,1,57,1,0,,241,2503,0,0,0,0,57
2021-10-26,American,N122XX,4299,JFK,CityName,State,DEN,CityName,State,0,0,8,0,0,,259,2876,0,0,0,0,0
2021-10-26,Delta,N533XX,8510,ORD,CityName,State,ORD,CityName,State,0,0,4,0,0,,157,1110,0,0,0,0,0
2021-10-26,Delta,N899XX,4870,MIA,CityName,State,ATL,CityName,State,0,0,4,0,0,,346,427,0,0,0,0,0
2021-10-26,American,N690XX,9550,MIA,CityName,State,BOS,CityName,State,0,0,-12,0,0,,208,1370,0,0,0,0,0
2021-10-26,United,N625XX,5467,ATL,CityName,State,JFK,CityName,State,15,1,17,1,0,,309,545,17,0,0,0,0
2021-10-26,American,N368XX,4693,LAX,CityName,State,ATL,CityName,State,0,0,0,0,0,,237,1639,0,0,0,0,0
2021-10-26,Delta,N828XX,4510,MIA,CityName,State,ORD,CityName,State,0,0,9,0,0,,259,2756,0,0,0,0,0
2021-10-26,Southwest,N580XX,5285,SFO,CityName,State,MIA,CityName,State,0,0,9,0,0,,121,2021,0,0,0,0,0
2021-10-26,United,N781XX,6164,LAX,CityName,State,LAX,CityName,State,0,0,-13,0,0,,289,1701,0,0,0,0,0
2021-10-26,Delta,N877XX,2476,BOS,CityName,State,JFK,CityName,State,15,1,5,0,0,,262,1299,0,0,0,0,0
2021-10-26,Southwest,N744XX,6766,ATL,CityName,State,SEA,CityName,State,30,1,26,1,0,,288,235,0,0,26,0,0
2021-10-26,JetBlue,N285XX,891,ATL,CityName,State,ORD,CityName,State,0,0,-10,0,0,,229,792,0,0,0,0,0
2021-10-26,Delta,N604XX,365,ORD,CityName,State,MIA,CityName,State,15,1,25,1,0,,101,1341,25,0,0,0,0
2021-10-26,United,N935XX,8376,ORD,CityName,State,ORD,CityName,State,0,0,-2,0,0,,285,2329,0,0,0,0,0
2021-10-26,Delta,N533XX,2144,ORD,CityName,State,JFK,CityName,State,0,0,-13,0,0,,252,1762,0,0,0,0,0
2021-10-26,JetBlue,N242XX,3153,DFW,CityName,State,MIA,CityName,State,15,1,2,0,0,,227,1962,0,0,0,0,0
2021-10-26,JetBlue,N121XX,7961,DFW,CityName,State,ATL,CityName,State,120,1,118,1,0,,324,951,0,0,118,0,0
2021-10-26,Southwest,N444XX,6194,BOS,CityName,State,ATL,CityName,State,0,0,-13,0,0,,218,2515,0,0,0,0,0
2021-10-26,Southwest,N540XX,2009,SFO,CityName,State,SFO,CityName,State,45,1,52,1,0,,207,1172,0,0,0,0,52
2021-10-27,Southwest,N846XX,839,ATL,CityName,State,SFO,CityName,State,0,0,-4,0,0,,63,2347,0,0,0,0,0
2021-10-27,American,N606XX,6609,BOS,CityName,State,SFO,CityName,State,0,0,-6,0,0,,323,1962,0,0,0,0,0
2021-10-27,Southwest,N492XX,992,LAX,CityName,State,SEA,CityName,State,0,0,-7,0,0,,275,2228,0,0,0,0,0
2021-10-27,JetBlue,N786XX,3545,SFO,CityName,State,LAX,CityName,State,0,0,-5,0,0,,89,1590,0,0,0,0,0
2021-10-27,Southwest,N619XX,554,JFK,CityName,State,JFK,CityName,State,0,0,-2,0,0,,98,625,0,0,0,0,0
2021-10-27,United,N557XX,1293,SEA,CityName,State,SFO,CityName,State,0,0,4,0,0,,311,2102,0,0,0,0,0
2021-10-27,Southwest,N555XX,3037,LAX,CityName,State,LAX,CityName,State,0,0,3,0,0,,279,588,0,0,0,0,0
2021-10-27,Southwest,N433XX,5124,ATL,CityName,State,MIA,CityName,State,15,1,23,1,0,,91,1332,0,0,0,0,23
2021-10-27,JetBlue,N702XX,1818,JFK,CityName,State,SEA,CityName,State,0,0,4,0,0,,206,2525,0,0,0,0,0
2021-10-27,JetBlue,N269XX,2901,MIA,CityName,State,JFK,CityName,State,0,0,5,0,0,,221,592,0,0,0,0,0
2021-10-27,United,N656XX,9515,DFW,CityName,State,DFW,CityName,State,45,1,37,1,0,,196,1714,0,0,0,0,37
2021-10-27,United,N114XX,1572,LAX,CityName,State,DFW,CityName,State,15,1,11,0,0,,202,1298,0,0,0,0,0
2021-10-27,JetBlue,N975XX,5066,SFO,CityName,State,MIA,CityName,State,0,0,-7,0,0,,354,1605,0,0,0,0,0
2021-10-27,JetBlue,N278XX,2456,DEN,CityName,State,ORD,CityName,State,0,0,5,0,0,,220,1752,0,0,0,0,0
2021-10-27,Delta,N767XX,2047,ORD,CityName,State,JFK,CityName,State,0,0,9,0,0,,205,1994,0,0,0,0,0
2021-10-27,American,N988XX,5893,ORD,CityName,State,LAX,CityName,State,0,0,6,0,0,,199,344,0,0,0,0,0
2021-10-27,United,N189XX,4166,BOS,CityName,State,DEN,CityName,State,30,1,34,1,0,,308,334,0,0,34,0,0
2021-10-27,Delta,N297XX,3403,MIA,CityName,State,DEN,CityName,State,0,0,4,0,0,,332,1183,0,0,0,0,0
2021-10-27,JetBlue,N832XX,2243,LAX,CityName,State,LAX,CityName,State,0,0,-1,0,0,,336,2420,0,0,0,0,0
2021-10-27,Southwest,N413XX,9675,ATL,CityName,State,ORD,CityName,State,0,0,-4,0,0,,200,2459,0,0,0,0,0
2021-10-27,American,N377XX,6554,SFO,CityName,State,MIA,CityName,State,15,1,20,1,0,,121,1374,0,0,20,0,0
2021-10-27,Delta,N288XX,9768,ORD,CityName,State,ORD,CityName,State,0,0,1,0,0,,252,2023,0,0,0,0,0
2021-10-27,United,N521XX,6129,DEN,CityName,State,MIA,CityName,State,15,1,23,1,0,,247,1254,23,0,0,0,0
2021-10-27,American,N670XX,1921,BOS,CityName,State,BOS,CityName,State,0,0,6,0,0,,190,2365,0,0,0,0,0
2021-10-27,United,N211XX,9232,DFW,CityName,State,DFW,CityName,State,0,0,5,0,0,,254,2449,0,0,0,0,0
2021-10-27,Southwest,N416XX,8067,SFO,CityName,State,SFO,CityName,State,15,1,25,1,0,,327,2327,0,25,0,0,0
2021-10-28,Southwest,N551XX,1024,ATL,CityName,State,SFO,CityName,State,45,1,46,1,0,,330,1863,0,0,46,0,0
2021-10-28,American,N633XX,5751,BOS,CityName,State,MIA,CityName,State,0,0,-9,0,0,,193,1405,0,0,0,0,0
2021-10-28,Southwest,N687XX,2794,JFK,CityName,State,ORD,CityName,State,0,0,7,0,0,,230,1612,0,0,0,0,0
2021-10-28,United,N676XX,5209,DFW,CityName,State,DEN,CityName,State,30,1,40,1,0,,286,302,0,0,0,0,40
2021-10-28,Southwest,N484XX,9688,DFW,CityName,State,SEA,CityName,State,0,0,2,0,0,,172,1533,0,0,0,0,0
2021-10-28,Delta,N750XX,3981,ORD,CityName,State,ORD,CityName,State,15,1,14,0,0,,322,2824,0,0,0,0,0
2021-10-28,Southwest,N107XX,9237,LAX,CityName,State,ATL,CityName,State,0,0,6,0,0,,96,2716,0,0,0,0,0
2021-10-28,Delta,N417XX,2909,ORD,CityName,State,JFK,CityName,State,0,0,-13,0,0,,213,256,0,0,0,0,0
2021-10-29,JetBlue,N271XX,4566,JFK,CityName,State,DEN,CityName,State,240,1,229,1,0,,155,1812,0,0,229,0,0
2021-10-29,United,N271XX,8830,SEA,CityName,State,ATL,CityName,State,0,0,2,0,0,,341,1426,0,0,0,0,0
2021-10-29,JetBlue,N103XX,3204,LAX,CityName,State,ATL,CityName,State,0,0,0,0,0,,80,1027,0,0,0,0,0
2021-10-29,Delta,N626XX,6740,SEA,CityName,State,JFK,CityName,State,0,0,-14,0,0,,348,241,0,0,0,0,0
2021-10-29,JetBlue,N744XX,147,SEA,CityName,State,LAX,CityName,State,0,0,-3,0,0,,244,304,0,0,0,0,0
2021-10-29,Southwest,N523XX,6678,SEA,CityName,State,DFW,CityName,State,0,0,9,0,0,,59,2494,0,0,0,0,0
2021-10-29,JetBlue,N599XX,2484,DEN,CityName,State,SEA,CityName,State,60,1,69,1,0,,330,940,0,0,69,0,0
2021-10-29,American,N509XX,1599,DFW,CityName,State,ATL,CityName,State,0,0,-8,0,0,,284,399,0,0,0,0,0
2021-10-29,United,N782XX,8830,ORD,CityName,State,MIA,CityName,State,0,0,-6,0,0,,192,2827,0,0,0,0,0
2021-10-29,Delta,N890XX,9905,ATL,CityName,State,LAX,CityName,State,0,0,4,0,0,,223,1640,0,0,0,0,0
2021-10-29,American,N970XX,5496,DFW,CityName,State,LAX,CityName,State,0,0,-1,0,0,,142,1909,0,0,0,0,0
2021-10-29,Delta,N160XX,4646,DFW,CityName,State,ATL,CityName,State,30,1,26,1,0,,78,1725,0,0,26,0,0
2021-10-29,United,N243XX,8959,SEA,CityName,State,LAX,CityName,State,0,0,6,0,0,,137,1678,0,0,0,0,0
2021-10-29,American,N398XX,4780,DFW,CityName,State,SEA,CityName,State,0,0,-2,0,0,,56,1121,0,0,0,0,0
2021-10-29,American,N213XX,1651,ATL,CityName,State,DFW,CityName,State,0,0,8,0,0,,316,1856,0,0,0,0,0
2021-10-29,Delta,N139XX,5661,SEA,CityName,State,DFW,CityName,State,0,0,-12,0,0,,267,650,0,0,0,0,0
2021-10-29,United,N101XX,4842,SFO,CityName,State,DEN,CityName,State,0,0,5,0,0,,309,2141,0,0,0,0,0
2021-10-29,American,N730XX,807,LAX,CityName,State,ATL,CityName,State,0,0,-4,0,0,,51,2910,0,0,0,0,0
2021-10-30,United,N331XX,5756,MIA,CityName,State,JFK,CityName,State,0,0,-12,0,0,,224,834,0,0,0,0,0
2021-10-30,United,N673XX,1455,SEA,CityName,State,SEA,CityName,State,0,0,-8,0,0,,61,339,0,0,0,0,0
2021-10-30,American,N674XX,7322,DFW,CityName,State,LAX,CityName,State,0,0,3,0,0,,54,2572,0,0,0,0,0
2021-10-30,United,N499XX,1354,SFO,CityName,State,MIA,CityName,State,0,0,0,0,0,,243,1785,0,0,0,0,0
2021-10-30,JetBlue,N124XX,578,DEN,CityName,State,JFK,CityName,State,15,1,12,0,0,,145,2401,0,0,0,0,0
2021-10-30,Southwest,N805XX,2295,SFO,CityName,State,MIA,CityName,State,0,0,4,0,0,,316,2068,0,0,0,0,0
2021-10-30,American,N478XX,1493,DFW,CityName,State,DEN,CityName,State,0,0,-4,0,0,,136,2490,0,0,0,0,0
2021-10-30,JetBlue,N492XX,303,JFK,CityName,State,SFO,CityName,State,0,0,-9,0,0,,80,1711,0,0,0,0,0
2021-10-30,American,N126XX,8856,JFK,CityName,State,ATL,CityName,State,0,0,10,0,0,,160,2546,0,0,0,0,0
2021-10-30,Southwest,N184XX,9500,DEN,CityName,State,SFO,CityName,State,0,0,-4,0,0,,57,920,0,0,0,0,0
2021-10-30,JetBlue,N637XX,7848,LAX,CityName,State,ATL,CityName,State,15,1,1,0,0,,94,1869,0,0,0,0,0
2021-10-30,JetBlue,N892XX,4916,BOS,CityName,State,SEA,CityName,State,0,0,-8,0,0,,251,335,0,0,0,0,0
2021-10-30,Delta,N174XX,1606,JFK,CityName,State,DEN,CityName,State,0,0,-9,0,0,,94,868,0,0,0,0,0
2021-10-30,Southwest,N816XX,3662,LAX,CityName,State,SFO,CityName,State,0,0,2,0,0,,300,866,0,0,0,0,0
2021-10-30,Southwest,N717XX,3439,SFO,CityName,State,BOS,CityName,State,0,0,3,0,0,,236,1113,0,0,0,0,0
2021-10-31,American,N914XX,7830,SEA,CityName,State,ATL,CityName,State,0,0,-3,0,0,,285,2978,0,0,0,0,0
2021-10-31,United,N381XX,2186,MIA,CityName,State,DFW,CityName,State,0,0,-2,0,0,,84,211,0,0,0,0,0
2021-10-31,United,N164XX,9392,SFO,CityName,State,BOS,CityName,State,0,0,-8,0,0,,72,2244,0,0,0,0,0
2021-10-31,Southwest,N198XX,4205,SEA,CityName,State,DEN,CityName,State,60,1,60,1,0,,150,567,0,0,60,0,0
2021-10-31,JetBlue,N972XX,754,ATL,CityName,State,ORD,CityName,State,0,0,-6,0,0,,168,1823,0,0,0,0,0
2021-10-31,United,N497XX,8751,JFK,CityName,State,DEN,CityName,State,0,0,-11,0,0,,268,2672,0,0,0,0,0
2021-11-01,United,N534XX,3582,BOS,CityName,State,MIA,CityName,State,45,1,49,1,0,,59,2366,49,0,0,0,0
2021-11-01,American,N491XX,202,SEA,CityName,State,LAX,CityName,State,0,0,4,0,0,,329,1330,0,0,0,0,0
2021-11-01,American,N566XX,6834,DEN,CityName,State,ORD,CityName,State,0,0,4,0,0,,192,2844,0,0,0,0,0
2021-11-01,Delta,N509XX,1345,DEN,CityName,State,SFO,CityName,State,120,1,113,1,0,,344,534,113,0,0,0,0
2021-11-01,Delta,N508XX,3316,ORD,CityName,State,SFO,CityName,State,0,0,-3,0,0,,327,1197,0,0,0,0,0
2021-11-01,JetBlue,N544XX,7041,SFO,CityName,State,DEN,CityName,State,15,1,14,0,0,,333,1347,0,0,0,0,0
2021-11-01,United,N961XX,1179,DEN,CityName,State,SFO,CityName,State,0,0,-12,0,0,,245,1854,0,0,0,0,0
2021-11-01,Southwest,N478XX,3754,BOS,CityName,State,ORD,CityName,State,0,0,-12,0,0,,196,2590,0,0,0,0,0
2021-11-02,Delta,N424XX,7058,ATL,CityName,State,LAX,CityName,State,0,0,1,0,0,,59,448,0,0,0,0,0
2021-11-02,JetBlue,N443XX,6996,JFK,CityName,State,LAX,CityName,State,60,1,67,1,0,,88,2086,0,0,67,0,0
2021-11-02,American,N635XX,7784,DEN,CityName,State,DFW,CityName,State,0,0,-6,0,0,,359,884,0,0,0,0,0
2021-11-02,JetBlue,N709XX,165,DFW,CityName,State,BOS,CityName,State,0,0,-8,0,0,,347,163,0,0,0,0,0
2021-11-02,Delta,N301XX,3133,ATL,CityName,State,DEN,CityName,State,15,1,7,0,0,,285,974,0,0,0,0,0
2021-11-02,United,N674XX,9127,ORD,CityName,State,ATL,CityName,State,0,0,4,0,0,,194,2660,0,0,0,0,0
2021-11-02,Southwest,N343XX,6394,ATL,CityName,State,SEA,CityName,State,60,1,56,1,0,,141,2333,0,0,0,0,56
2021-11-02,Southwest,N486XX,9848,MIA,CityName,State,BOS,CityName,State,0,0,-2,0,0,,301,948,0,0,0,0,0
2021-11-02,JetBlue,N973XX,6287,BOS,CityName,State,MIA,CityName,State,0,0,-9,0,0,,132,2307,0,0,0,0,0
2021-11-02,American,N106XX,5187,SFO,CityName,State,MIA,CityName,State,0,0,1,0,0,,285,2298,0,0,0,0,0
2021-11-02,Southwest,N683XX,3368,DEN,CityName,State,SFO,CityName,State,0,0,-9,0,0,,50,1463,0,0,0,0,0
2021-11-02,Southwest,N575XX,8673,DEN,CityName,State,DEN,CityName,State,30,1,33,1,0,,333,988,0,0,33,0,0
2021-11-03,United,N898XX,9435,SEA,CityName,State,LAX,CityName,State,30,1,34,1,0,,147,2215,0,0,0,0,34
2021-11-03,JetBlue,N558XX,3084,MIA,CityName,State,MIA,CityName,State,60,1,55,1,0,,162,281,55,0,0,0,0
2021-11-03,Delta,N670XX,7508,JFK,CityName,State,MIA,CityName,State,15,1,25,1,0,,95,903,25,0,0,0,0
2021-11-03,American,N912XX,1580,JFK,CityName,State,LAX,CityName,State,0,0,7,0,0,,333,2628,0,0,0,0,0
2021-11-03,JetBlue,N516XX,2139,SEA,CityName,State,ORD,CityName,State,0,0,-10,0,0,,199,2068,0,0,0,0,0
2021-11-03,Southwest,N252XX,8562,DFW,CityName,State,JFK,CityName,State,0,0,5,0,0,,236,1796,0,0,0,0,0
2021-11-03,JetBlue,N997XX,347,JFK,CityName,State,SEA,CityName,State,0,0,-5,0,0,,250,2407,0,0,0,0,0
2021-11-03,Delta,N447XX,5796,MIA,CityName,State,BOS,CityName,State,45,1,32,1,0,,230,1188,32,0,0,0,0
2021-11-03,United,N970XX,883,ORD,CityName,State,BOS,CityName,State,0,0,4,0,0,,71,1667,0,0,0,0,0
2021-11-04,Delta,N644XX,321,JFK,CityName,State,JFK,CityName,State,0,0,-3,0,0,,140,1617,0,0,0,0,0
2021-11-04,Delta,N167XX,5329,SFO,CityName,State,SEA,CityName,State,0,0,4,0,0,,352,1812,0,0,0,0,0
2021-11-04,Delta,N477XX,9854,ATL,CityName,State,ATL,CityName,State,0,0,-2,0,0,,56,234,0,0,0,0,0
2021-11-04,United,N705XX,4384,SEA,CityName,State,DFW,CityName,State,0,0,-9,0,0,,136,2789,0,0,0,0,0
2021-11-04,Southwest,N324XX,8060,JFK,CityName,State,ATL,CityName,State,45,1,33,1,0,,267,2266,0,33,0,0,0
2021-11-04,Southwest,N955XX,5659,ATL,CityName,State,LAX,CityName,State,0,0,-8,0,0,,334,2429,0,0,0,0,0
2021-11-04,Southwest,N808XX,6037,SFO,CityName,State,MIA,CityName,State,0,0,-2,0,0,,95,2965,0,0,0,0,0
2021-11-04,United,N879XX,6483,LAX,CityName,State,JFK,CityName,State,15,1,3,0,0,,246,1636,0,0,0,0,0
2021-11-04,JetBlue,N607XX,7862,SEA,CityName,State,SFO,CityName,State,60,1,59,1,0,,210,2626,0,0,0,0,59
2021-11-04,American,N504XX,6264,ATL,CityName,State,ATL,CityName,State,15,1,5,0,0,,290,525,0,0,0,0,0
2021-11-04,Southwest,N278XX,7224,LAX,CityName,State,BOS,CityName,State,0,0,-10,0,0,,299,1400,0,0,0,0,0
2021-11-04,American,N335XX,3885,SFO,CityName,State,DFW,CityName,State,0,0,3,0,0,,180,987,0,0,0,0,0
2021-11-05,United,N183XX,9608,ORD,CityName,State,ATL,CityName,State,0,0,-4,0,0,,85,628,0,0,0,0,0
2021-11-05,United,N798XX,4656,MIA,CityName,State,SEA,CityName,State,0,0,-6,0,0,,222,2455,0,0,0,0,0
2021-11-05,United,N286XX,8961,DFW,CityName,State,ORD,CityName,State,0,0,6,0,0,,152,969,0,0,0,0,0
2021-11-05,Delta,N892XX,1452,ATL,CityName,State,MIA,CityName,State,45,1,49,1,0,,60,1829,0,0,49,0,0
2021-11-05,Southwest,N499XX,6697,DEN,CityName,State,LAX,CityName,State,0,0,3,0,0,,307,1745,0,0,0,0,0
2021-11-05,Delta,N185XX,5431,BOS,CityName,State,MIA,CityName,State,0,0,0,0,0,,120,2610,0,0,0,0,0
2021-11-05,Delta,N670XX,3237,LAX,CityName,State,ATL,CityName,State,240,1,237,1,0,,80,2898,0,237,0,0,0
2021-11-05,American,N585XX,8952,ORD,CityName,State,ORD,CityName,State,0,0,-5,0,0,,263,2593,0,0,0,0,0
2021-11-06,American,N996XX,6806,DEN,CityName,State,JFK,CityName,State,0,0,-12,0,0,,180,1719,0,0,0,0,0
2021-11-06,American,N272XX,3573,DEN,CityName,State,DEN,CityName,State,30,1,40,1,0,,301,322,40,0,0,0,0
2021-11-06,American,N951XX,2009,DFW,CityName,State,BOS,CityName,State,30,1,29,1,0,,254,2903,0,0,29,0,0
2021-11-06,United,N976XX,8263,LAX,CityName,State,SEA,CityName,State,0,0,9,0,0,,94,2856,0,0,0,0,0
2021-11-06,Delta,N938XX,5686,DEN,CityName,State,LAX,CityName,State,15,1,7,0,0,,170,2285,0,0,0,0,0
2021-11-06,American,N345XX,2278,JFK,CityName,State,ATL,CityName,State,0,0,4,0,0,,124,1407,0,0,0,0,0
2021-11-06,JetBlue,N232XX,5389,ORD,CityName,State,SEA,CityName,State,0,0,0,0,0,,273,2131,0,0,0,0,0
2021-11-06,JetBlue,N480XX,2908,ORD,CityName,State,ORD,CityName,State,0,0,-12,0,0,,344,2907,0,0,0,0,0
2021-11-06,Delta,N983XX,886,SFO,CityName,State,MIA,CityName,State,60,1,48,1,0,,242,1692,48,0,0,0,0
2021-11-06,JetBlue,N257XX,2028,DEN,CityName,State,LAX,CityName,State,0,0,-3,0,0,,175,996,0,0,0,0,0
2021-11-07,American,N395XX,9239,BOS,CityName,State,ORD,CityName,State,0,0,-10,0,0,,163,979,0,0,0,0,0
2021-11-07,Southwest,N967XX,8676,SFO,CityName,State,ORD,CityName,State,0,0,-9,0,0,,54,1901,0,0,0,0,0
2021-11-07,Southwest,N588XX,1201,DFW,CityName,State,SEA,CityName,State,0,0,-14,0,0,,46,2697,0,0,0,0,0
2021-11-07,Delta,N850XX,381,JFK,CityName,State,MIA,CityName,State,15,1,9,0,0,,337,1149,0,0,0,0,0
2021-11-07,JetBlue,N899XX,7984,LAX,CityName,State,LAX,CityName,State,0,0,0,0,0,,274,2603,0,0,0,0,0
2021-11-07,Southwest,N499XX,3764,SEA,CityName,State,SEA,CityName,State,0,0,5,0,0,,148,1643,0,0,0,0,0
2021-11-07,JetBlue,N315XX,3434,DFW,CityName,State,LAX,CityName,State,15,1,5,0,0,,111,1031,0,0,0,0,0
2021-11-07,JetBlue,N860XX,6907,MIA,CityName,State,SFO,CityName,State,0,0,1,0,0,,86,1080,0,0,0,0,0
2021-11-07,United,N984XX,2182,LAX,CityName,State,DEN,CityName,State,0,0,-2,0,0,,246,2187,0,0,0,0,0
2021-11-07,United,N344XX,5979,JFK,CityName,State,BOS,CityName,State,0,0,7,0,0,,210,1505,0,0,0,0,0
2021-11-07,Delta,N300XX,7613,ATL,CityName,State,ORD,CityName,State,0,0,-4,0,0,,150,1141,0,0,0,0,0
2021-11-08,American,N334XX,787,DFW,CityName,State,SEA,CityName,State,0,0,-13,0,0,,98,1733,0,0,0,0,0
2021-11-08,Southwest,N407XX,6543,DFW,CityName,State,JFK,CityName,State,0,0,-10,0,0,,96,2032,0,0,0,0,0
2021-11-08,American,N447XX,1786,MIA,CityName,State,ATL,CityName,State,0,0,-5,0,0,,184,1217,0,0,0,0,0
2021-11-08,American,N322XX,1579,ATL,CityName,State,BOS,CityName,State,0,0,10,0,0,,75,1453,0,0,0,0,0
2021-11-08,Delta,N810XX,7197,DFW,CityName,State,BOS,CityName,State,0,0,-7,0,0,,358,2454,0,0,0,0,0
2021-11-08,Delta,N618XX,2115,LAX,CityName,State,SEA,CityName,State,0,0,2,0,0,,307,703,0,0,0,0,0
2021-11-08,United,N163XX,3357,MIA,CityName,State,MIA,CityName,State,0,0,-3,0,0,,93,2103,0,0,0,0,0
2021-11-08,American,N687XX,2833,SFO,CityName,State,SFO,CityName,State,0,0,-14,0,0,,123,1814,0,0,0,0,0
2021-11-08,JetBlue,N528XX,8438,BOS,CityName,State,DEN,CityName,State,0,0,1,0,0,,311,2226,0,0,0,0,0
2021-11-08,United,N540XX,2443,SFO,CityName,State,SFO,CityName,State,45,1,40,1,0,,45,1996,40,0,0,0,0
2021-11-08,American,N573XX,7872,ATL,CityName,State,ORD,CityName,State,0,0,3,0,0,,116,1367,0,0,0,0,0
2021-11-08,JetBlue,N351XX,7997,DEN,CityName,State,SEA,CityName,State,0,0,0,0,0,,265,152,0,0,0,0,0
2021-11-09,United,N883XX,6365,ORD,CityName,State,ATL,CityName,State,15,1,16,1,0,,214,1386,0,0,16,0,0
2021-11-09,JetBlue,N902XX,5682,BOS,CityName,State,SFO,CityName,State,0,0,-6,0,0,,286,1483,0,0,0,0,0
2021-11-09,United,N986XX,4858,ATL,CityName,State,DEN,CityName,State,0,0,2,0,0,,300,243,0,0,0,0,0
2021-11-09,Southwest,N242XX,1783,SEA,CityName,State,DFW,CityName,State,0,0,7,0,0,,97,2605,0,0,0,0,0
2021-11-09,Delta,N159XX,287,SFO,CityName,State,BOS,CityName,State,0,0,-8,0,0,,349,1015,0,0,0,0,0
2021-11-09,United,N428XX,6712,LAX,CityName,State,BOS,CityName,State,60,1,52,1,0,,209,1886,0,0,52,0,0
2021-11-09,JetBlue,N482XX,5421,ORD,CityName,State,SEA,CityName,State,0,0,-13,0,0,,67,2684,0,0,0,0,0
2021-11-09,JetBlue,N257XX,1685,DEN,CityName,State,ORD,CityName,State,0,0,-8,0,0,,144,672,0,0,0,0,0
2021-11-09,JetBlue,N545XX,3788,SFO,CityName,State,LAX,CityName,State,0,0,-1,0,0,,79,2648,0,0,0,0,0
2021-11-09,Delta,N632XX,6139,DFW,CityName,State,DFW,CityName,State,0,0,8,0,0,,161,2053,0,0,0,0,0
2021-11-09,Delta,N629XX,5208,LAX,CityName,State,SEA,CityName,State,0,0,-7,0,0,,198,1512,0,0,0,0,0
2021-11-09,JetBlue,N557XX,3701,MIA,CityName,State,BOS,CityName,State,0,0,-3,0,0,,59,1465,0,0,0,0,0
2021-11-10,United,N338XX,7233,BOS,CityName,State,DEN,CityName,State,0,0,-2,0,0,,152,230,0,0,0,0,0
2021-11-10,JetBlue,N915XX,5645,SEA,CityName,State,BOS,CityName,State,30,1,33,1,0,,252,1461,33,0,0,0,0
2021-11-10,Southwest,N667XX,762,DEN,CityName,State,DEN,CityName,State,0,0,-1,0,0,,268,2476,0,0,0,0,0
2021-11-10,Southwest,N545XX,6923,DFW,CityName,State,JFK,CityName,State,0,0,4,0,0,,324,2376,0,0,0,0,0
2021-11-10,United,N476XX,9762,JFK,CityName,State,DEN,CityName,State,0,0,0,0,1,A,208,1026,0,0,0,0,0
2021-11-10,Southwest,N884XX,8549,DEN,CityName,State,LAX,CityName,State,0,0,8,0,0,,106,411,0,0,0,0,0
2021-11-10,JetBlue,N972XX,3360,ATL,CityName,State,DFW,CityName,State,0,0,-14,0,0,,165,2798,0,0,0,0,0
2021-11-10,JetBlue,N180XX,8444,DEN,CityName,State,BOS,CityName,State,0,0,6,0,0,,230,504,0,0,0,0,0
2021-11-10,Delta,N509XX,4692,SFO,CityName,State,LAX,CityName,State,0,0,2,0,0,,279,2676,0,0,0,0,0
2021-11-10,American,N588XX,4345,BOS,CityName,State,SFO,CityName,State,0,0,-8,0,0,,134,193,0,0,0,0,0
2021-11-10,Delta,N519XX,8307,ATL,CityName,State,DEN,CityName,State,120,1,109,1,0,,110,2227,0,0,0,0,109
2021-11-10,JetBlue,N478XX,311,BOS,CityName,State,MIA,CityName,State,0,0,0,0,0,,294,232,0,0,0,0,0
2021-11-10,United,N471XX,203,BOS,CityName,State,DEN,CityName,State,0,0,6,0,0,,352,645,0,0,0,0,0
2021-11-11,Delta,N189XX,836,DFW,CityName,State,LAX,CityName,State,0,0,-1,0,0,,160,1657,0,0,0,0,0
2021-11-11,Southwest,N768XX,2959,SFO,CityName,State,JFK,CityName,State,60,1,47,1,0,,307,2547,47,0,0,0,0
2021-11-11,Southwest,N642XX,1151,DEN,CityName,State,MIA,CityName,State,0,0,-2,0,0,,212,192,0,0,0,0,0
2021-11-11,JetBlue,N483XX,4683,ATL,CityName,State,ATL,CityName,State,0,0,1,0,0,,159,1227,0,0,0,0,0
2021-11-11,Southwest,N424XX,8224,SEA,CityName,State,SFO,CityName,State,0,0,-5,0,0,,70,2681,0,0,0,0,0
2021-11-11,Delta,N639XX,3615,ORD,CityName,State,LAX,CityName,State,15,1,19,1,0,,194,1639,0,0,19,0,0
2021-11-11,United,N168XX,3283,ATL,CityName,State,DEN,CityName,State,0,0,-13,0,0,,282,2199,0,0,0,0,0
2021-11-11,Southwest,N862XX,1073,ORD,CityName,State,SFO,CityName,State,0,0,-12,0,0,,116,848,0,0,0,0,0
2021-11-11,Delta,N931XX,458,ATL,CityName,State,SFO,CityName,State,0,0,-12,0,0,,329,1704,0,0,0,0,0
2021-11-11,United,N517XX,4237,BOS,CityName,State,MIA,CityName,State,15,1,24,1,0,,90,2062,0,0,0,0,24
2021-11-11,JetBlue,N273XX,945,SFO,CityName,State,ATL,CityName,State,0,0,-11,0,0,,87,2637,0,0,0,0,0
2021-11-11,Southwest,N233XX,6054,SFO,CityName,State,SFO,CityName,State,0,0,-2,0,0,,72,1594,0,0,0,0,0
2021-11-11,American,N387XX,9256,JFK,CityName,State,DFW,CityName,State,0,0,-1,0,0,,75,2567,0,0,0,0,0
2021-11-12,Southwest,N954XX,2629,SFO,CityName,State,MIA,CityName,State,0,0,6,0,0,,187,953,0,0,0,0,0
2021-11-12,JetBlue,N650XX,4732,DEN,CityName,State,DEN,CityName,State,0,0,5,0,0,,121,1701,0,0,0,0,0
2021-11-12,American,N986XX,6158,DFW,CityName,State,SFO,CityName,State,0,0,-14,0,0,,110,746,0,0,0,0,0
2021-11-12,United,N687XX,3930,DEN,CityName,State,DFW,CityName,State,0,0,-5,0,0,,144,2607,0,0,0,0,0
2021-11-12,JetBlue,N400XX,9167,SFO,CityName,State,MIA,CityName,State,0,0,5,0,0,,335,239,0,0,0,0,0
2021-11-12,JetBlue,N770XX,9636,MIA,CityName,State,SFO,CityName,State,0,0,-1,0,0,,230,154,0,0,0,0,0
2021-11-12,Southwest,N737XX,3924,ATL,CityName,State,ORD,CityName,State,0,0,0,0,0,,263,1743,0,0,0,0,0
2021-11-12,American,N750XX,9120,SFO,CityName,State,DFW,CityName,State,0,0,-10,0,0,,138,2306,0,0,0,0,0
2021-11-12,American,N432XX,1443,MIA,CityName,State,DFW,CityName,State,45,1,42,1,0,,248,535,42,0,0,0,0
2021-11-12,American,N955XX,1985,MIA,CityName,State,DEN,CityName,State,0,0,-3,0,0,,320,1407,0,0,0,0,0
2021-11-12,Delta,N435XX,811,ATL,CityName,State,LAX,CityName,State,0,0,-7,0,0,,146,2289,0,0,0,0,0
2021-11-12,Southwest,N776XX,391,SFO,CityName,State,JFK,CityName,State,0,0,9,0,0,,98,2035,0,0,0,0,0
2021-11-12,Delta,N759XX,8860,SEA,CityName,State,SEA,CityName,State,0,0,2,0,0,,158,2306,0,0,0,0,0
2021-11-12,American,N786XX,2832,ATL,CityName,State,SFO,CityName,State,0,0,5,0,0,,86,1433,0,0,0,0,0
2021-11-12,Southwest,N771XX,9154,DFW,CityName,State,DFW,CityName,State,0,0,-5,0,0,,93,323,0,0,0,0,0
2021-11-13,American,N120XX,1792,JFK,CityName,State,LAX,CityName,State,0,0,-12,0,0,,97,2424,0,0,0,0,0
2021-11-13,Delta,N766XX,6745,DFW,CityName,State,LAX,CityName,State,0,0,5,0,0,,167,619,0,0,0,0,0
2021-11-13,Delta,N611XX,153,DEN,CityName,State,SEA,CityName,State,0,0,-4,0,0,,116,2897,0,0,0,0,0
2021-11-13,JetBlue,N321XX,3795,BOS,CityName,State,BOS,CityName,State,0,0,-11,0,0,,207,2763,0,0,0,0,0
2021-11-13,Southwest,N704XX,6474,DEN,CityName,State,ORD,CityName,State,60,1,52,1,0,,199,2447,0,0,0,0,52
2021-11-13,American,N243XX,3350,LAX,CityName,State,ORD,CityName,State,0,0,7,0,0,,64,1728,0,0,0,0,0
2021-11-13,Southwest,N454XX,7933,BOS,CityName,State,JFK,CityName,State,0,0,3,0,0,,229,545,0,0,0,0,0
2021-11-13,JetBlue,N744XX,5785,DFW,CityName,State,JFK,CityName,State,0,0,-11,0,0,,47,2607,0,0,0,0,0
2021-11-13,United,N641XX,852,ATL,CityName,State,LAX,CityName,State,0,0,-6,0,0,,238,1199,0,0,0,0,0
2021-11-13,American,N923XX,5087,SFO,CityName,State,BOS,CityName,State,15,1,2,0,0,,276,1731,0,0,0,0,0
2021-11-13,JetBlue,N186XX,1502,JFK,CityName,State,BOS,CityName,State,15,1,19,1,0,,259,2366,0,0,0,0,19
2021-11-13,Delta,N445XX,2409,DEN,CityName,State,SFO,CityName,State,30,1,29,1,0,,144,196,29,0,0,0,0
2021-11-14,Southwest,N176XX,4048,ATL,CityName,State,ORD,CityName,State,0,0,-13,0,0,,113,2620,0,0,0,0,0
2021-11-14,United,N499XX,6008,DEN,CityName,State,DEN,CityName,State,0,0,-4,0,0,,277,1902,0,0,0,0,0
2021-11-14,American,N245XX,7230,BOS,CityName,State,MIA,CityName,State,0,0,-5,0,0,,322,1954,0,0,0,0,0
2021-11-14,JetBlue,N707XX,6904,SEA,CityName,State,LAX,CityName,State,0,0,-1,0,0,,261,1766,0,0,0,0,0
2021-11-14,JetBlue,N142XX,4739,SFO,CityName,State,DEN,CityName,State,15,1,25,1,0,,319,1430,0,0,0,0,25
2021-11-14,American,N452XX,585,MIA,CityName,State,ATL,CityName,State,0,0,4,0,0,,163,2430,0,0,0,0,0
2021-11-14,Southwest,N149XX,7794,ATL,CityName,State,JFK,CityName,State,0,0,-5,0,0,,105,1001,0,0,0,0,0
2021-11-14,JetBlue,N631XX,7223,JFK,CityName,State,ORD,CityName,State,0,0,-9,0,0,,164,2043,0,0,0,0,0
2021-11-14,United,N260XX,1965,SEA,CityName,State,DFW,CityName,State,0,0,-10,0,0,,222,2063,0,0,0,0,0
2021-11-14,Southwest,N731XX,3167,JFK,CityName,State,SEA,CityName,State,30,1,39,1,0,,291,553,0,0,0,0,39
2021-11-14,JetBlue,N937XX,538,SFO,CityName,State,ATL,CityName,State,0,0,-3,0,0,,265,2302,0,0,0,0,0
2021-11-14,JetBlue,N717XX,9328,BOS,CityName,State,SFO,CityName,State,15,1,25,1,0,,58,891,0,0,0,0,25
2021-11-14,American,N803XX,769,SFO,CityName,State,SEA,CityName,State,0,0,6,0,0,,126,1907,0,0,0,0,0
2021-11-14,United,N654XX,5889,MIA,CityName,State,DFW,CityName,State,0,0,7,0,0,,138,2780,0,0,0,0,0
2021-11-15,Southwest,N423XX,3038,LAX,CityName,State,JFK,CityName,State,0,0,-12,0,0,,241,2743,0,0,0,0,0
2021-11-15,Southwest,N489XX,3053,JFK,CityName,State,BOS,CityName,State,0,0,2,0,0,,277,2636,0,0,0,0,0
2021-11-15,United,N135XX,6722,DFW,CityName,State,JFK,CityName,State,0,0,8,0,0,,194,1851,0,0,0,0,0
2021-11-15,United,N628XX,1181,JFK,CityName,State,LAX,CityName,State,45,1,54,1,0,,142,699,0,0,54,0,0
2021-11-15,American,N513XX,4582,LAX,CityName,State,SEA,CityName,State,0,0,-2,0,0,,198,2076,0,0,0,0,0
2021-11-15,Delta,N992XX,5680,SFO,CityName,State,SEA,CityName,State,0,0,-6,0,0,,274,1733,0,0,0,0,0
2021-11-15,Southwest,N633XX,8482,ATL,CityName,State,LAX,CityName,State,15,1,20,1,0,,77,2694,0,0,0,0,20
2021-11-16,United,N312XX,4006,LAX,CityName,State,MIA,CityName,State,0,0,8,0,0,,329,208,0,0,0,0,0
2021-11-16,United,N810XX,3251,MIA,CityName,State,DEN,CityName,State,0,0,3,0,0,,248,168,0,0,0,0,0
2021-11-16,JetBlue,N701XX,3466,SEA,CityName,State,MIA,CityName,State,0,0,-2,0,0,,338,261,0,0,0,0,0
2021-11-16,American,N616XX,9595,DEN,CityName,State,MIA,CityName,State,0,0,-11,0,0,,77,1851,0,0,0,0,0
2021-11-16,Southwest,N200XX,2931,ORD,CityName,State,LAX,CityName,State,30,1,40,1,0,,190,2680,0,0,0,0,40
2021-11-16,Southwest,N712XX,763,DEN,CityName,State,JFK,CityName,State,0,0,-4,0,0,,185,2662,0,0,0,0,0
2021-11-16,Delta,N930XX,4493,LAX,CityName,State,SFO,CityName,State,0,0,-2,0,0,,84,1702,0,0,0,0,0
2021-11-16,JetBlue,N687XX,916,ATL,CityName,State,ATL,CityName,State,0,0,-8,0,0,,179,2795,0,0,0,0,0
2021-11-16,United,N780XX,8002,JFK,CityName,State,ATL,CityName,State,0,0,-14,0,0,,228,501,0,0,0,0,0
2021-11-16,American,N695XX,8641,BOS,CityName,State,SFO,CityName,State,0,0,-6,0,0,,197,1933,0,0,0,0,0
2021-11-16,Southwest,N281XX,9602,JFK,CityName,State,SEA,CityName,State,15,1,14,0,0,,195,1995,0,0,0,0,0
2021-11-16,Delta,N899XX,2286,MIA,CityName,State,SFO,CityName,State,0,0,10,0,0,,325,2334,0,0,0,0,0
2021-11-17,Southwest,N816XX,8065,LAX,CityName,State,ORD,CityName,State,0,0,-5,0,0,,166,2156,0,0,0,0,0
2021-11-17,JetBlue,N400XX,9705,ORD,CityName,State,SEA,CityName,State,0,0,-12,0,0,,289,547,0,0,0,0,0
2021-11-17,Delta,N433XX,1453,ORD,CityName,State,SFO,CityName,State,0,0,-12,0,0,,213,913,0,0,0,0,0
2021-11-17,Southwest,N387XX,858,MIA,CityName,State,MIA,CityName,State,0,0,-1,0,0,,199,2412,0,0,0,0,0
2021-11-17,Delta,N948XX,2004,BOS,CityName,State,MIA,CityName,State,0,0,5,0,0,,278,1057,0,0,0,0,0
2021-11-17,Delta,N101XX,5790,LAX,CityName,State,SFO,CityName,State,0,0,5,0,0,,49,2987,0,0,0,0,0
2021-11-17,United,N648XX,2645,DEN,CityName,State,JFK,CityName,State,0,0,-1,0,0,,155,1838,0,0,0,0,0
2021-11-17,Southwest,N892XX,9017,MIA,CityName,State,DFW,CityName,State,0,0,0,0,1,A,305,2401,0,0,0,0,0
2021-11-17,American,N567XX,8983,LAX,CityName,State,DFW,CityName,State,0,0,-2,0,0,,323,2359,0,0,0,0,0
2021-11-17,United,N568XX,6450,SEA,CityName,State,DFW,CityName,State,45,1,46,1,0,,264,835,0,0,46,0,0
2021-11-17,Delta,N692XX,4954,SFO,CityName,State,ORD,CityName,State,60,1,51,1,0,,57,2331,0,0,51,0,0
2021-11-17,Delta,N683XX,2264,BOS,CityName,State,SEA,CityName,State,0,0,-5,0,0,,203,656,0,0,0,0,0
2021-11-17,American,N466XX,289,DEN,CityName,State,ATL,CityName,State,15,1,22,1,0,,343,734,0,0,22,0,0
2021-11-17,Delta,N730XX,5813,ATL,CityName,State,BOS,CityName,State,30,1,28,1,0,,179,2484,0,0,0,0,28
2021-11-17,United,N281XX,4985,JFK,CityName,State,MIA,CityName,State,0,0,-10,0,0,,320,738,0,0,0,0,0
2021-11-17,Delta,N804XX,6686,ORD,CityName,State,JFK,CityName,State,0,0,-13,0,0,,317,714,0,0,0,0,0
2021-11-17,Delta,N136XX,3735,ORD,CityName,State,JFK,CityName,State,0,0,0,0,0,,187,2035,0,0,0,0,0
2021-11-17,American,N637XX,6114,LAX,CityName,State,DEN,CityName,State,0,0,-2,0,0,,257,268,0,0,0,0,0
2021-11-17,American,N191XX,2602,DEN,CityName,State,ATL,CityName,State,0,0,-13,0,0,,218,1669,0,0,0,0,0
2021-11-17,Delta,N411XX,7829,MIA,CityName,State,BOS,CityName,State,0,0,3,0,0,,267,1707,0,0,0,0,0
2021-11-18,JetBlue,N556XX,3491,MIA,CityName,State,BOS,CityName,State,0,0,-8,0,0,,274,1080,0,0,0,0,0
2021-11-18,JetBlue,N952XX,9430,SFO,CityName,State,LAX,CityName,State,0,0,0,0,0,,184,1633,0,0,0,0,0
2021-11-18,United,N410XX,7211,SFO,CityName,State,ORD,CityName,State,30,1,22,1,0,,249,2357,0,0,0,0,22
2021-11-18,JetBlue,N578XX,5300,SEA,CityName,State,DEN,CityName,State,0,0,2,0,0,,182,1393,0,0,0,0,0
2021-11-18,JetBlue,N690XX,3418,LAX,CityName,State,LAX,CityName,State,15,1,19,1,0,,195,1317,19,0,0,0,0
2021-11-18,United,N826XX,5415,DFW,CityName,State,ORD,CityName,State,30,1,24,1,0,,137,2717,0,0,0,0,24
2021-11-18,Southwest,N304XX,1581,LAX,CityName,State,LAX,CityName,State,0,0,6,0,0,,150,1771,0,0,0,0,0
2021-11-18,United,N784XX,8376,BOS,CityName,State,SEA,CityName,State,0,0,-12,0,0,,67,2204,0,0,0,0,0
2021-11-18,United,N404XX,8279,ORD,CityName,State,SFO,CityName,State,45,1,51,1,0,,142,1646,51,0,0,0,0
2021-11-18,United,N488XX,1096,SEA,CityName,State,ORD,CityName,State,0,0,0,0,0,,282,697,0,0,0,0,0
2021-11-19,Delta,N153XX,3722,MIA,CityName,State,ORD,CityName,State,0,0,-14,0,0,,181,802,0,0,0,0,0
2021-11-19,United,N250XX,2101,ATL,CityName,State,SFO,CityName,State,0,0,-13,0,0,,191,1191,0,0,0,0,0
2021-11-19,JetBlue,N244XX,2296,BOS,CityName,State,DFW,CityName,State,0,0,-1,0,0,,305,1616,0,0,0,0,0
2021-11-19,Southwest,N565XX,9076,SEA,CityName,State,MIA,CityName,State,0,0,-8,0,0,,139,2103,0,0,0,0,0
2021-11-19,JetBlue,N970XX,6120,DFW,CityName,State,DFW,CityName,State,0,0,-6,0,0,,93,1871,0,0,0,0,0
2021-11-19,Southwest,N455XX,4421,DEN,CityName,State,ORD,CityName,State,0,0,3,0,0,,324,2228,0,0,0,0,0
2021-11-19,Delta,N704XX,3520,SFO,CityName,State,SFO,CityName,State,0,0,-3,0,0,,181,2000,0,0,0,0,0
2021-11-19,United,N853XX,2239,DFW,CityName,State,SEA,CityName,State,0,0,-5,0,0,,168,1459,0,0,0,0,0
2021-11-19,Southwest,N121XX,529,ATL,CityName,State,DEN,CityName,State,15,1,10,0,0,,154,695,0,0,0,0,0
2021-11-19,Delta,N390XX,7407,SEA,CityName,State,ATL,CityName,State,0,0,-13,0,0,,224,2914,0,0,0,0,0
2021-11-19,JetBlue,N200XX,9183,DEN,CityName,State,BOS,CityName,State,0,0,-7,0,0,,87,2558,0,0,0,0,0
2021-11-19,JetBlue,N376XX,4483,DFW,CityName,State,LAX,CityName,State,0,0,-11,0,0,,159,1655,0,0,0,0,0
2021-11-19,Southwest,N521XX,6202,LAX,CityName,State,ATL,CityName,State,0,0,1,0,0,,145,2804,0,0,0,0,0
2021-11-19,Southwest,N261XX,5173,SFO,CityName,State,JFK,CityName,State,30,1,26,1,0,,311,2774,0,0,0,0,26
2021-11-20,United,N737XX,3478,SEA,CityName,State,ATL,CityName,State,0,0,4,0,0,,354,233,0,0,0,0,0
2021-11-20,American,N150XX,4078,MIA,CityName,State,ORD,CityName,State,0,0,-12,0,0,,221,1450,0,0,0,0,0
2021-11-20,Delta,N669XX,7437,SFO,CityName,State,BOS,CityName,State,0,0,-12,0,0,,188,913,0,0,0,0,0
2021-11-20,Delta,N328XX,3634,DFW,CityName,State,LAX,CityName,State,0,0,-8,0,0,,119,627,0,0,0,0,0
2021-11-20,JetBlue,N215XX,6566,DFW,CityName,State,JFK,CityName,State,0,0,-4,0,0,,45,1626,0,0,0,0,0
2021-11-20,United,N614XX,9521,ORD,CityName,State,JFK,CityName,State,0,0,0,0,1,A,317,1864,0,0,0,0,0
2021-11-20,United,N337XX,1396,MIA,CityName,State,DFW,CityName,State,0,0,6,0,0,,334,488,0,0,0,0,0
2021-11-20,JetBlue,N530XX,6796,DFW,CityName,State,SEA,CityName,State,0,0,7,0,0,,297,2744,0,0,0,0,0
2021-11-20,Delta,N402XX,895,ORD,CityName,State,ATL,CityName,State,15,1,3,0,0,,284,2173,0,0,0,0,0
2021-11-20,JetBlue,N648XX,4616,ORD,CityName,State,MIA,CityName,State,15,1,18,1,0,,327,2617,18,0,0,0,0
2021-11-20,Southwest,N781XX,4384,BOS,CityName,State,DEN,CityName,State,0,0,-12,0,0,,112,1785,0,0,0,0,0
2021-11-20,Delta,N454XX,1736,SFO,CityName,State,MIA,CityName,State,30,1,23,1,0,,153,2663,23,0,0,0,0
2021-11-20,Delta,N884XX,8660,DEN,CityName,State,BOS,CityName,State,15,1,9,0,0,,200,1785,0,0,0,0,0
2021-11-21,Southwest,N951XX,6864,LAX,CityName,State,MIA,CityName,State,0,0,-3,0,0,,264,2457,0,0,0,0,0
2021-11-21,Southwest,N989XX,4898,LAX,CityName,State,MIA,CityName,State,0,0,-5,0,0,,241,602,0,0,0,0,0
2021-11-21,United,N778XX,7696,SFO,CityName,State,SFO,CityName,State,0,0,-11,0,0,,215,279,0,0,0,0,0
2021-11-21,United,N632XX,6015,SFO,CityName,State,DFW,CityName,State,15,1,2,0,0,,276,2371,0,0,0,0,0
2021-11-21,American,N921XX,9684,DEN,CityName,State,BOS,CityName,State,15,1,15,1,0,,225,2206,15,0,0,0,0
2021-11-21,JetBlue,N466XX,1796,ORD,CityName,State,MIA,CityName,State,0,0,-8,0,0,,151,764,0,0,0,0,0
2021-11-21,Southwest,N521XX,5498,SFO,CityName,State,DFW,CityName,State,60,1,70,1,0,,48,1674,0,0,70,0,0
2021-11-21,United,N119XX,7999,DEN,CityName,State,ATL,CityName,State,0,0,6,0,0,,282,435,0,0,0,0,0
2021-11-21,JetBlue,N399XX,8090,SFO,CityName,State,BOS,CityName,State,0,0,-12,0,0,,89,2968,0,0,0,0,0
2021-11-21,United,N198XX,3308,SFO,CityName,State,DEN,CityName,State,0,0,-3,0,0,,299,578,0,0,0,0,0
2021-11-21,United,N366XX,953,DEN,CityName,State,MIA,CityName,State,0,0,-2,0,0,,294,2438,0,0,0,0,0
2021-11-21,United,N830XX,2935,DEN,CityName,State,SFO,CityName,State,0,0,8,0,0,,198,385,0,0,0,0,0
2021-11-21,Southwest,N773XX,3804,JFK,CityName,State,SFO,CityName,State,0,0,7,0,0,,250,550,0,0,0,0,0
2021-11-21,United,N357XX,8682,MIA,CityName,State,JFK,CityName,State,30,1,24,1,0,,307,1910,24,0,0,0,0
2021-11-21,Delta,N328XX,9475,ATL,CityName,State,DEN,CityName,State,0,0,-11,0,0,,165,1300,0,0,0,0,0
2021-11-22,American,N132XX,4243,DEN,CityName,State,ATL,CityName,State,0,0,-9,0,0,,255,202,0,0,0,0,0
2021-11-22,United,N906XX,6575,ATL,CityName,State,LAX,CityName,State,30,1,25,1,0,,116,2227,25,0,0,0,0
2021-11-22,JetBlue,N411XX,4845,SEA,CityName,State,BOS,CityName,State,30,1,16,1,0,,305,2009,0,0,0,0,16
2021-11-22,American,N376XX,3962,ATL,CityName,State,DFW,CityName,State,15,1,5,0,0,,301,1193,0,0,0,0,0
2021-11-22,American,N600XX,3527,MIA,CityName,State,BOS,CityName,State,0,0,-8,0,0,,215,1036,0,0,0,0,0
2021-11-22,American,N925XX,8703,ORD,CityName,State,MIA,CityName,State,0,0,7,0,0,,68,2066,0,0,0,0,0
2021-11-22,United,N638XX,1043,MIA,CityName,State,MIA,CityName,State,0,0,6,0,0,,308,552,0,0,0,0,0
2021-11-22,American,N350XX,1670,JFK,CityName,State,SFO,CityName,State,0,0,0,0,0,,208,2947,0,0,0,0,0
2021-11-22,JetBlue,N402XX,9028,ATL,CityName,State,MIA,CityName,State,0,0,-5,0,0,,127,2638,0,0,0,0,0
2021-11-22,Southwest,N217XX,2922,SFO,CityName,State,SFO,CityName,State,0,0,-12,0,0,,144,815,0,0,0,0,0
2021-11-22,United,N174XX,9386,ORD,CityName,State,MIA,CityName,State,0,0,-9,0,0,,188,1236,0,0,0,0,0
2021-11-22,Southwest,N270XX,3183,SEA,CityName,State,SFO,CityName,State,0,0,0,0,0,,262,2900,0,0,0,0,0
2021-11-22,JetBlue,N756XX,953,BOS,CityName,State,LAX,CityName,State,45,1,43,1,0,,218,1752,43,0,0,0,0
2021-11-22,American,N660XX,4645,SEA,CityName,State,SFO,CityName,State,0,0,-3,0,0,,251,1354,0,0,0,0,0
2021-11-22,Delta,N106XX,2030,JFK,CityName,State,LAX,CityName,State,0,0,0,0,0,,104,2897,0,0,0,0,0
2021-11-22,United,N830XX,8925,ATL,CityName,State,DEN,CityName,State,0,0,-4,0,0,,156,1175,0,0,0,0,0
2021-11-22,Southwest,N137XX,9046,DFW,CityName,State,BOS,CityName,State,240,1,248,1,0,,354,769,248,0,0,0,0
2021-11-22,American,N218XX,7634,LAX,CityName,State,BOS,CityName,State,0,0,-10,0,0,,194,1313,0,0,0,0,0
2021-11-22,American,N462XX,4637,BOS,CityName,State,DEN,CityName,State,0,0,0,0,1,A,259,1458,0,0,0,0,0
2021-11-22,United,N698XX,2789,ORD,CityName,State,ORD,CityName,State,0,0,0,0,0,,343,2652,0,0,0,0,0
2021-11-23,American,N950XX,932,MIA,CityName,State,ORD,CityName,State,0,0,2,0,0,,294,422,0,0,0,0,0
2021-11-23,JetBlue,N984XX,3753,DFW,CityName,State,BOS,CityName,State,0,0,-4,0,0,,315,2997,0,0,0,0,0
2021-11-23,American,N400XX,6713,ORD,CityName,State,BOS,CityName,State,0,0,-7,0,0,,153,573,0,0,0,0,0
2021-11-23,American,N786XX,3361,SFO,CityName,State,DFW,CityName,State,15,1,4,0,0,,230,1633,0,0,0,0,0
2021-11-23,United,N847XX,2619,DFW,CityName,State,DFW,CityName,State,15,1,16,1,0,,259,1063,0,0,16,0,0
2021-11-23,Delta,N813XX,1297,SEA,CityName,State,DEN,CityName,State,0,0,-10,0,0,,217,2553,0,0,0,0,0
2021-11-23,Southwest,N553XX,1687,SEA,CityName,State,ATL,CityName,State,0,0,-2,0,0,,228,1827,0,0,0,0,0
2021-11-23,Southwest,N974XX,6425,MIA,CityName,State,MIA,CityName,State,0,0,-5,0,0,,91,1933,0,0,0,0,0
2021-11-23,Delta,N982XX,5400,BOS,CityName,State,SEA,CityName,State,0,0,-10,0,0,,136,2704,0,0,0,0,0
2021-11-23,JetBlue,N210XX,3751,ORD,CityName,State,ORD,CityName,State,0,0,-7,0,0,,303,657,0,0,0,0,0
2021-11-23,JetBlue,N215XX,7179,MIA,CityName,State,DEN,CityName,State,60,1,64,1,0,,183,1718,64,0,0,0,0
2021-11-23,JetBlue,N617XX,9898,ATL,CityName,State,MIA,CityName,State,0,0,-12,0,0,,334,2706,0,0,0,0,0
2021-11-23,JetBlue,N399XX,4599,DFW,CityName,State,DEN,CityName,State,0,0,-10,0,0,,81,235,0,0,0,0,0
2021-11-24,Delta,N559XX,6738,SEA,CityName,State,JFK,CityName,State,0,0,2,0,0,,101,2298,0,0,0,0,0
2021-11-24,Delta,N370XX,7958,MIA,CityName,State,LAX,CityName,State,15,1,17,1,0,,258,2921,0,0,17,0,0
2021-11-24,American,N456XX,1471,ATL,CityName,State,JFK,CityName,State,60,1,67,1,0,,155,1490,0,0,0,0,67
2021-11-24,American,N429XX,8686,BOS,CityName,State,ORD,CityName,State,0,0,3,0,0,,317,2597,0,0,0,0,0
2021-11-24,JetBlue,N904XX,8199,DFW,CityName,State,ATL,CityName,State,45,1,51,1,0,,80,2692,0,0,51,0,0
2021-11-24,American,N292XX,7492,SEA,CityName,State,SFO,CityName,State,0,0,-11,0,0,,282,717,0,0,0,0,0
2021-11-24,Southwest,N682XX,5743,LAX,CityName,State,DEN,CityName,State,0,0,4,0,0,,203,184,0,0,0,0,0
2021-11-24,Delta,N297XX,6419,MIA,CityName,State,DFW,CityName,State,0,0,2,0,0,,158,2557,0,0,0,0,0
2021-11-24,Delta,N881XX,4149,JFK,CityName,State,DFW,CityName,State,0,0,-3,0,0,,139,1636,0,0,0,0,0
2021-11-24,American,N534XX,9099,ATL,CityName,State,SEA,CityName,State,15,1,7,0,0,,134,2833,0,0,0,0,0
2021-11-24,JetBlue,N447XX,2484,SEA,CityName,State,JFK,CityName,State,0,0,6,0,0,,285,2685,0,0,0,0,0
2021-11-24,JetBlue,N499XX,3581,MIA,CityName,State,DEN,CityName,State,0,0,3,0,0,,318,235,0,0,0,0,0
2021-11-24,Southwest,N716XX,5725,BOS,CityName,State,JFK,CityName,State,30,1,18,1,0,,198,587,0,0,18,0,0
2021-11-24,American,N312XX,7679,ATL,CityName,State,ORD,CityName,State,0,0,10,0,0,,82,2059,0,0,0,0,0
2021-11-24,Southwest,N853XX,5148,DFW,CityName,State,JFK,CityName,State,0,0,3,0,0,,336,1633,0,0,0,0,0
2021-11-24,JetBlue,N878XX,5463,SFO,CityName,State,ATL,CityName,State,0,0,-8,0,0,,108,198,0,0,0,0,0
2021-11-24,American,N362XX,3424,DFW,CityName,State,ATL,CityName,State,30,1,21,1,0,,193,1097,0,0,0,0,21
2021-11-24,American,N206XX,8149,SEA,CityName,State,ATL,CityName,State,0,0,-14,0,0,,133,2534,0,0,0,0,0
2021-11-25,Southwest,N843XX,5361,DFW,CityName,State,LAX,CityName,State,0,0,-11,0,0,,359,465,0,0,0,0,0
2021-11-25,Delta,N498XX,2289,BOS,CityName,State,SFO,CityName,State,0,0,-6,0,0,,179,1337,0,0,0,0,0
2021-11-25,Southwest,N259XX,9300,DFW,CityName,State,DEN,CityName,State,15,1,18,1,0,,125,2176,0,0,0,0,18
2021-11-25,JetBlue,N354XX,3403,ATL,CityName,State,DEN,CityName,State,0,0,8,0,0,,266,2641,0,0,0,0,0
2021-11-25,United,N649XX,9112,DFW,CityName,State,ORD,CityName,State,0,0,-8,0,0,,148,1185,0,0,0,0,0
2021-11-25,United,N963XX,1508,BOS,CityName,State,MIA,CityName,State,0,0,8,0,0,,323,1362,0,0,0,0,0
2021-11-25,American,N144XX,7705,SFO,CityName,State,DFW,CityName,State,0,0,-9,0,0,,332,1082,0,0,0,0,0
2021-11-25,American,N296XX,7964,SEA,CityName,State,SFO,CityName,State,0,0,10,0,0,,288,950,0,0,0,0,0
2021-11-25,JetBlue,N910XX,3172,ORD,CityName,State,DFW,CityName,State,0,0,6,0,0,,196,1082,0,0,0,0,0
2021-11-25,United,N388XX,568,BOS,CityName,State,DEN,CityName,State,0,0,1,0,0,,209,1317,0,0,0,0,0
2021-11-25,Delta,N884XX,7194,BOS,CityName,State,ORD,CityName,State,0,0,9,0,0,,49,356,0,0,0,0,0
2021-11-25,American,N553XX,1617,SFO,CityName,State,MIA,CityName,State,0,0,2,0,0,,316,1538,0,0,0,0,0
2021-11-25,Southwest,N520XX,7895,SEA,CityName,State,DFW,CityName,State,0,0,-2,0,0,,117,2325,0,0,0,0,0
2021-11-26,JetBlue,N643XX,5999,SFO,CityName,State,MIA,CityName,State,15,1,12,0,0,,78,1458,0,0,0,0,0
2021-11-26,Southwest,N160XX,4461,ATL,CityName,State,DFW,CityName,State,45,1,39,1,0,,321,369,39,0,0,0,0
2021-11-26,United,N198XX,6909,BOS,CityName,State,ORD,CityName,State,0,0,-2,0,0,,222,2414,0,0,0,0,0
2021-11-26,JetBlue,N860XX,2445,ATL,CityName,State,ORD,CityName,State,0,0,6,0,0,,277,766,0,0,0,0,0
2021-11-26,JetBlue,N676XX,7567,BOS,CityName,State,JFK,CityName,State,0,0,5,0,0,,216,369,0,0,0,0,0
2021-11-26,Delta,N449XX,8123,JFK,CityName,State,JFK,CityName,State,0,0,-10,0,0,,169,1020,0,0,0,0,0
2021-11-26,JetBlue,N723XX,7527,JFK,CityName,State,SFO,CityName,State,30,1,19,1,0,,82,1231,0,0,0,0,19
2021-11-26,JetBlue,N230XX,7400,SFO,CityName,State,MIA,CityName,State,0,0,0,0,0,,162,2924,0,0,0,0,0
2021-11-26,JetBlue,N361XX,2096,ATL,CityName,State,JFK,CityName,State,0,0,0,0,0,,260,1550,0,0,0,0,0
2021-11-26,American,N521XX,4782,DEN,CityName,State,ATL,CityName,State,0,0,5,0,0,,146,2043,0,0,0,0,0
2021-11-26,American,N895XX,9423,DFW,CityName,State,JFK,CityName,State,60,1,61,1,0,,108,1877,0,0,0,0,61
2021-11-26,JetBlue,N126XX,7269,SFO,CityName,State,DEN,CityName,State,0,0,10,0,0,,144,1588,0,0,0,0,0
2021-11-27,United,N437XX,2659,MIA,CityName,State,SFO,CityName,State,0,0,3,0,0,,183,712,0,0,0,0,0
2021-11-27,JetBlue,N246XX,7904,DEN,CityName,State,DEN,CityName,State,0,0,1,0,0,,81,718,0,0,0,0,0
2021-11-27,JetBlue,N137XX,3628,DFW,CityName,State,MIA,CityName,State,0,0,-9,0,0,,300,2834,0,0,0,0,0
2021-11-27,Southwest,N390XX,8243,SFO,CityName,State,JFK,CityName,State,0,0,1,0,0,,186,1277,0,0,0,0,0
2021-11-27,United,N383XX,2655,BOS,CityName,State,JFK,CityName,State,0,0,4,0,0,,283,578,0,0,0,0,0
2021-11-27,Delta,N695XX,6943,DFW,CityName,State,ATL,CityName,State,0,0,0,0,1,A,206,463,0,0,0,0,0
2021-11-27,Southwest,N758XX,8579,DEN,CityName,State,ATL,CityName,State,0,0,5,0,0,,192,949,0,0,0,0,0
2021-11-27,Southwest,N987XX,5472,MIA,CityName,State,SFO,CityName,State,15,1,6,0,0,,99,2418,0,0,0,0,0
2021-11-27,Southwest,N339XX,1560,SEA,CityName,State,JFK,CityName,State,0,0,3,0,0,,95,1497,0,0,0,0,0
2021-11-28,American,N503XX,3653,BOS,CityName,State,LAX,CityName,State,0,0,10,0,0,,192,1670,0,0,0,0,0
2021-11-28,Southwest,N132XX,9411,DFW,CityName,State,DFW,CityName,State,0,0,-4,0,0,,77,2964,0,0,0,0,0
2021-11-28,American,N441XX,6068,DFW,CityName,State,DFW,CityName,State,0,0,-4,0,0,,64,222,0,0,0,0,0
2021-11-28,JetBlue,N443XX,8307,ATL,CityName,State,MIA,CityName,State,0,0,10,0,0,,317,1448,0,0,0,0,0
2021-11-28,JetBlue,N574XX,1982,SEA,CityName,State,MIA,CityName,State,0,0,0,0,1,A,180,716,0,0,0,0,0
2021-11-28,JetBlue,N433XX,7138,ATL,CityName,State,JFK,CityName,State,0,0,-3,0,0,,117,562,0,0,0,0,0
2021-11-28,American,N663XX,1723,DFW,CityName,State,MIA,CityName,State,30,1,32,1,0,,256,1092,0,0,0,0,32
2021-11-28,Delta,N196XX,215,DEN,CityName,State,ATL,CityName,State,0,0,3,0,0,,86,2171,0,0,0,0,0
2021-11-28,American,N329XX,8605,BOS,CityName,State,JFK,CityName,State,0,0,-3,0,0,,60,1012,0,0,0,0,0
2021-11-28,JetBlue,N395XX,3544,MIA,CityName,State,DFW,CityName,State,120,1,106,1,0,,134,1844,0,0,0,0,106
2021-11-28,Delta,N946XX,170,ATL,CityName,State,JFK,CityName,State,15,1,20,1,0,,59,446,0,0,20,0,0
2021-11-28,Southwest,N424XX,2613,JFK,CityName,State,ATL,CityName,State,0,0,4,0,0,,232,227,0,0,0,0,0
2021-11-28,Southwest,N911XX,5296,MIA,CityName,State,LAX,CityName,State,0,0,-9,0,0,,162,2160,0,0,0,0,0
2021-11-28,Southwest,N190XX,8063,JFK,CityName,State,SEA,CityName,State,0,0,7,0,0,,83,2484,0,0,0,0,0
2021-11-28,Delta,N142XX,4237,SFO,CityName,State,SEA,CityName,State,0,0,1,0,0,,302,467,0,0,0,0,0
2021-11-28,JetBlue,N927XX,4231,DEN,CityName,State,DEN,CityName,State,0,0,5,0,0,,179,942,0,0,0,0,0
2021-11-28,United,N855XX,5039,SEA,CityName,State,SEA,CityName,State,30,1,22,1,0,,289,2116,22,0,0,0,0
2021-11-29,JetBlue,N377XX,8425,SFO,CityName,State,LAX,CityName,State,0,0,9,0,0,,309,655,0,0,0,0,0
2021-11-29,JetBlue,N558XX,3457,ORD,CityName,State,SFO,CityName,State,0,0,-5,0,0,,113,1955,0,0,0,0,0
2021-11-29,American,N199XX,7612,LAX,CityName,State,DFW,CityName,State,45,1,55,1,0,,129,779,0,55,0,0,0
2021-11-29,American,N723XX,1862,BOS,CityName,State,ORD,CityName,State,0,0,9,0,0,,346,2466,0,0,0,0,0
2021-11-29,American,N585XX,8285,LAX,CityName,State,SEA,CityName,State,0,0,-9,0,0,,187,2816,0,0,0,0,0
2021-11-29,Southwest,N425XX,3724,DFW,CityName,State,DFW,CityName,State,0,0,10,0,0,,82,829,0,0,0,0,0
2021-11-29,American,N742XX,1757,LAX,CityName,State,BOS,CityName,State,0,0,-4,0,0,,214,1127,0,0,0,0,0
2021-11-29,Southwest,N587XX,621,JFK,CityName,State,DEN,CityName,State,0,0,10,0,0,,98,1945,0,0,0,0,0
2021-11-29,American,N329XX,9387,BOS,CityName,State,DEN,CityName,State,0,0,7,0,0,,311,801,0,0,0,0,0
2021-11-29,United,N510XX,5655,JFK,CityName,State,DFW,CityName,State,0,0,-4,0,0,,281,1893,0,0,0,0,0
2021-11-29,Southwest,N299XX,3996,DEN,CityName,State,DEN,CityName,State,0,0,-5,0,0,,276,2334,0,0,0,0,0
2021-11-29,Southwest,N943XX,8071,DEN,CityName,State,ATL,CityName,State,45,1,40,1,0,,214,607,40,0,0,0,0
2021-11-29,Delta,N124XX,1709,DEN,CityName,State,MIA,CityName,State,0,0,-13,0,0,,50,459,0,0,0,0,0
2021-11-29,JetBlue,N393XX,1631,DFW,CityName,State,DFW,CityName,State,0,0,5,0,0,,348,784,0,0,0,0,0
2021-11-29,American,N822XX,4634,SEA,CityName,State,ORD,CityName,State,15,1,15,1,0,,163,1489,15,0,0,0,0
2021-11-30,United,N840XX,2775,JFK,CityName,State,SFO,CityName,State,30,1,17,1,0,,315,1597,17,0,0,0,0
2021-11-30,American,N122XX,3544,ATL,CityName,State,SFO,CityName,State,0,0,3,0,0,,173,1052,0,0,0,0,0
2021-11-30,Southwest,N359XX,1056,SEA,CityName,State,DEN,CityName,State,60,1,49,1,0,,202,276,49,0,0,0,0
2021-11-30,United,N978XX,6326,BOS,CityName,State,ATL,CityName,State,0,0,6,0,0,,135,2093,0,0,0,0,0
2021-11-30,United,N730XX,1947,SFO,CityName,State,MIA,CityName,State,0,0,-14,0,0,,200,1308,0,0,0,0,0
2021-11-30,American,N739XX,9322,MIA,CityName,State,MIA,CityName,State,0,0,9,0,0,,234,2185,0,0,0,0,0
2021-11-30,Southwest,N828XX,1553,LAX,CityName,State,SEA,CityName,State,15,1,17,1,0,,61,783,17,0,0,0,0
2021-11-30,JetBlue,N893XX,8005,MIA,CityName,State,DEN,CityName,State,0,0,-11,0,0,,168,637,0,0,0,0,0
2021-11-30,American,N616XX,204,ORD,CityName,State,DFW,CityName,State,60,1,52,1,0,,220,2709,52,0,0,0,0
2021-11-30,United,N332XX,3092,SFO,CityName,State,DFW,CityName,State,0,0,-14,0,0,,94,1988,0,0,0,0,0
2021-11-30,United,N602XX,3542,DFW,CityName,State,ATL,CityName,State,0,0,-6,0,0,,171,2744,0,0,0,0,0
2021-11-30,American,N343XX,5444,BOS,CityName,State,BOS,CityName,State,0,0,4,0,0,,240,2966,0,0,0,0,0
2021-11-30,United,N559XX,6394,LAX,CityName,State,ORD,CityName,State,0,0,5,0,0,,253,887,0,0,0,0,0
2021-11-30,American,N669XX,545,DEN,CityName,State,SFO,CityName,State,60,1,59,1,0,,122,804,0,0,59,0,0
2021-11-30,Southwest,N507XX,3083,BOS,CityName,State,MIA,CityName,State,0,0,-2,0,0,,157,850,0,0,0,0,0
2021-11-30,American,N111XX,1067,DFW,CityName,State,SEA,CityName,State,15,1,24,1,0,,124,521,0,24,0,0,0
2021-11-30,Southwest,N283XX,4989,DFW,CityName,State,SEA,CityName,State,0,0,7,0,0,,186,1269,0,0,0,0,0
2021-12-01,American,N434XX,819,DEN,CityName,State,SEA,CityName,State,0,0,-3,0,0,,191,250,0,0,0,0,0
2021-12-01,JetBlue,N198XX,8137,BOS,CityName,State,ATL,CityName,State,0,0,-2,0,0,,75,573,0,0,0,0,0
2021-12-01,United,N577XX,2048,LAX,CityName,State,DEN,CityName,State,45,1,37,1,0,,335,2275,0,37,0,0,0
2021-12-01,JetBlue,N984XX,1788,SEA,CityName,State,DFW,CityName,State,60,1,54,1,0,,201,1046,0,0,54,0,0
2021-12-01,Delta,N609XX,1277,SFO,CityName,State,MIA,CityName,State,0,0,-2,0,0,,244,2051,0,0,0,0,0
2021-12-01,Southwest,N492XX,5379,MIA,CityName,State,SFO,CityName,State,15,1,14,0,0,,167,1915,0,0,0,0,0
2021-12-01,American,N384XX,5768,ATL,CityName,State,BOS,CityName,State,15,1,19,1,0,,90,1429,0,0,19,0,0
2021-12-01,JetBlue,N596XX,4904,LAX,CityName,State,DEN,CityName,State,0,0,5,0,0,,270,647,0,0,0,0,0
2021-12-01,American,N750XX,4156,SEA,CityName,State,MIA,CityName,State,0,0,-9,0,0,,57,2132,0,0,0,0,0
2021-12-01,JetBlue,N509XX,3573,BOS,CityName,State,SFO,CityName,State,0,0,-11,0,0,,147,1767,0,0,0,0,0
2021-12-01,Delta,N280XX,2846,ATL,CityName,State,MIA,CityName,State,15,1,11,0,0,,306,2805,0,0,0,0,0
2021-12-01,Southwest,N677XX,4719,ATL,CityName,State,SEA,CityName,State,0,0,9,0,0,,301,2375,0,0,0,0,0
2021-12-01,JetBlue,N221XX,7434,MIA,CityName,State,BOS,CityName,State,60,1,46,1,0,,129,2515,0,46,0,0,0
2021-12-01,JetBlue,N243XX,2570,ORD,CityName,State,SFO,CityName,State,0,0,-5,0,0,,131,163,0,0,0,0,0
2021-12-01,Southwest,N552XX,9059,SFO,CityName,State,SEA,CityName,State,0,0,7,0,0,,71,1573,0,0,0,0,0
2021-12-02,Southwest,N440XX,4925,ATL,CityName,State,JFK,CityName,State,0,0,1,0,0,,313,1957,0,0,0,0,0
2021-12-02,American,N803XX,5888,ORD,CityName,State,ATL,CityName,State,0,0,-1,0,0,,265,2175,0,0,0,0,0
2021-12-02,American,N126XX,1278,ORD,CityName,State,ATL,CityName,State,30,1,39,1,0,,95,903,39,0,0,0,0
2021-12-02,Southwest,N362XX,1196,DFW,CityName,State,LAX,CityName,State,30,1,22,1,0,,94,2415,22,0,0,0,0
2021-12-02,Delta,N884XX,6374,ORD,CityName,State,DEN,CityName,State,0,0,5,0,0,,270,1422,0,0,0,0,0
2021-12-02,United,N468XX,3173,BOS,CityName,State,BOS,CityName,State,0,0,-7,0,0,,337,2872,0,0,0,0,0
2021-12-02,Delta,N433XX,3571,MIA,CityName,State,BOS,CityName,State,0,0,-14,0,0,,75,2694,0,0,0,0,0
2021-12-02,Delta,N728XX,8430,BOS,CityName,State,DEN,CityName,State,30,1,35,1,0,,256,189,0,0,0,0,35
2021-12-02,Delta,N635XX,5202,BOS,CityName,State,DEN,CityName,State,60,1,57,1,0,,232,2368,0,0,0,0,57
2021-12-02,American,N360XX,2725,DEN,CityName,State,DFW,CityName,State,0,0,7,0,0,,277,2076,0,0,0,0,0
2021-12-02,American,N794XX,7489,DFW,CityName,State,SFO,CityName,State,0,0,-3,0,0,,148,846,0,0,0,0,0
2021-12-02,Southwest,N140XX,9373,DFW,CityName,State,SFO,CityName,State,45,1,31,1,0,,249,2555,0,31,0,0,0
2021-12-02,American,N991XX,9866,DFW,CityName,State,DFW,CityName,State,0,0,5,0,0,,104,386,0,0,0,0,0
2021-12-02,American,N686XX,3243,MIA,CityName,State,DEN,CityName,State,0,0,-5,0,0,,276,807,0,0,0,0,0
2021-12-02,Delta,N153XX,5550,SEA,CityName,State,ATL,CityName,State,15,1,1,0,0,,288,1915,0,0,0,0,0
2021-12-02,United,N472XX,2818,DEN,CityName,State,SFO,CityName,State,0,0,-1,0,0,,354,526,0,0,0,0,0
2021-12-03,Southwest,N488XX,2862,ORD,CityName,State,DFW,CityName,State,120,1,0,0,1,A,112,1437,0,0,0,0,0
2021-12-03,United,N914XX,3275,ATL,CityName,State,JFK,CityName,State,0,0,4,0,0,,225,2620,0,0,0,0,0
2021-12-03,American,N909XX,7908,BOS,CityName,State,DFW,CityName,State,15,1,12,0,0,,210,1597,0,0,0,0,0
2021-12-03,JetBlue,N554XX,4225,ORD,CityName,State,LAX,CityName,State,240,1,243,1,0,,312,2489,0,243,0,0,0
2021-12-03,American,N327XX,3415,MIA,CityName,State,LAX,CityName,State,15,1,7,0,0,,47,1942,0,0,0,0,0
2021-12-03,United,N608XX,4438,SEA,CityName,State,SEA,CityName,State,0,0,-13,0,0,,135,342,0,0,0,0,0
2021-12-03,JetBlue,N316XX,2242,ATL,CityName,State,SFO,CityName,State,15,1,21,1,0,,247,2870,0,0,21,0,0
2021-12-03,United,N185XX,5191,SFO,CityName,State,DEN,CityName,State,30,1,33,1,0,,297,284,0,33,0,0,0
2021-12-03,United,N639XX,1794,SEA,CityName,State,LAX,CityName,State,60,1,47,1,0,,351,2870,0,0,47,0,0
2021-12-03,Delta,N484XX,4420,MIA,CityName,State,JFK,CityName,State,0,0,2,0,0,,119,1747,0,0,0,0,0
2021-12-03,JetBlue,N865XX,6294,LAX,CityName,State,SEA,CityName,State,0,0,1,0,0,,94,999,0,0,0,0,0
2021-12-03,Southwest,N895XX,4899,ATL,CityName,State,SEA,CityName,State,0,0,0,0,1,A,220,2612,0,0,0,0,0
2021-12-03,United,N680XX,656,ORD,CityName,State,DFW,CityName,State,0,0,-6,0,0,,193,2681,0,0,0,0,0
2021-12-03,JetBlue,N111XX,4751,DFW,CityName,State,JFK,CityName,State,0,0,4,0,0,,228,152,0,0,0,0,0
2021-12-04,United,N743XX,3698,SFO,CityName,State,ORD,CityName,State,30,1,22,1,0,,133,1553,22,0,0,0,0
2021-12-04,American,N496XX,7391,LAX,CityName,State,JFK,CityName,State,0,0,-14,0,0,,288,2921,0,0,0,0,0
2021-12-04,Southwest,N385XX,4003,DEN,CityName,State,ATL,CityName,State,0,0,-10,0,0,,128,1431,0,0,0,0,0
2021-12-04,United,N291XX,6354,MIA,CityName,State,ATL,CityName,State,0,0,-6,0,0,,308,1891,0,0,0,0,0
2021-12-04,Southwest,N817XX,2379,LAX,CityName,State,DEN,CityName,State,0,0,-11,0,0,,105,203,0,0,0,0,0
2021-12-04,Delta,N732XX,2887,DEN,CityName,State,ATL,CityName,State,0,0,5,0,0,,260,1449,0,0,0,0,0
2021-12-04,JetBlue,N655XX,3971,LAX,CityName,State,MIA,CityName,State,0,0,-2,0,0,,60,2137,0,0,0,0,0
2021-12-04,JetBlue,N732XX,4232,JFK,CityName,State,BOS,CityName,State,0,0,-3,0,0,,110,2422,0,0,0,0,0
2021-12-04,United,N353XX,5828,SEA,CityName,State,ORD,CityName,State,0,0,1,0,0,,347,2415,0,0,0,0,0
2021-12-04,United,N139XX,402,SEA,CityName,State,SEA,CityName,State,15,1,4,0,0,,231,523,0,0,0,0,0
2021-12-04,Southwest,N296XX,7944,DFW,CityName,State,ORD,CityName,State,0,0,-7,0,0,,318,2781,0,0,0,0,0
2021-12-05,United,N214XX,480,ATL,CityName,State,DFW,CityName,State,0,0,9,0,0,,146,2609,0,0,0,0,0
2021-12-05,JetBlue,N783XX,7739,SFO,CityName,State,LAX,CityName,State,60,1,52,1,0,,62,715,0,0,0,0,52
2021-12-05,Southwest,N820XX,5826,DEN,CityName,State,BOS,CityName,State,0,0,0,0,0,,111,2493,0,0,0,0,0
2021-12-05,Southwest,N868XX,2849,BOS,CityName,State,SEA,CityName,State,30,1,38,1,0,,297,1245,38,0,0,0,0
2021-12-05,United,N653XX,4197,DEN,CityName,State,ORD,CityName,State,0,0,5,0,0,,207,1281,0,0,0,0,0
2021-12-05,United,N131XX,143,DEN,CityName,State,MIA,CityName,State,0,0,-12,0,0,,74,333,0,0,0,0,0
2021-12-05,Southwest,N294XX,5036,LAX,CityName,State,ORD,CityName,State,0,0,-2,0,0,,136,1044,0,0,0,0,0
2021-12-05,United,N879XX,5173,ORD,CityName,State,BOS,CityName,State,0,0,3,0,0,,328,1049,0,0,0,0,0
2021-12-05,United,N254XX,5775,LAX,CityName,State,SFO,CityName,State,0,0,10,0,0,,187,2767,0,0,0,0,0
2021-12-05,United,N938XX,6343,DFW,CityName,State,BOS,CityName,State,15,1,25,1,0,,320,2735,0,0,0,0,25
2021-12-05,United,N975XX,4988,JFK,CityName,State,ORD,CityName,State,0,0,-14,0,0,,185,2027,0,0,0,0,0
2021-12-05,United,N347XX,2989,JFK,CityName,State,SEA,CityName,State,30,1,31,1,0,,285,2937,0,0,0,0,31
2021-12-05,American,N432XX,6528,SEA,CityName,State,LAX,CityName,State,0,0,-4,0,0,,109,2545,0,0,0,0,0
2021-12-05,Delta,N303XX,6063,LAX,CityName,State,DEN,CityName,State,0,0,-10,0,0,,282,202,0,0,0,0,0
2021-12-05,JetBlue,N363XX,3416,DEN,CityName,State,MIA,CityName,State,0,0,5,0,0,,169,657,0,0,0,0,0
2021-12-06,JetBlue,N144XX,2398,SFO,CityName,State,ORD,CityName,State,0,0,-4,0,0,,329,791,0,0,0,0,0
2021-12-06,JetBlue,N357XX,6306,SFO,CityName,State,ATL,CityName,State,0,0,-1,0,0,,248,1905,0,0,0,0,0
2021-12-06,JetBlue,N838XX,4809,SFO,CityName,State,ATL,CityName,State,0,0,0,0,0,,46,1802,0,0,0,0,0
2021-12-06,Delta,N907XX,2887,MIA,CityName,State,LAX,CityName,State,0,0,3,0,0,,239,649,0,0,0,0,0
2021-12-06,Southwest,N330XX,5327,LAX,CityName,State,MIA,CityName,State,0,0,3,0,0,,116,2564,0,0,0,0,0
2021-12-06,Delta,N274XX,8209,SEA,CityName,State,ORD,CityName,State,30,1,18,1,0,,306,1374,0,18,0,0,0
2021-12-06,JetBlue,N298XX,8770,LAX,CityName,State,JFK,CityName,State,0,0,0,0,1,A,246,2543,0,0,0,0,0
2021-12-06,Southwest,N938XX,2781,BOS,CityName,State,MIA,CityName,State,0,0,-13,0,0,,122,2910,0,0,0,0,0
2021-12-06,United,N104XX,1033,MIA,CityName,State,BOS,CityName,State,0,0,-4,0,0,,161,697,0,0,0,0,0
2021-12-06,American,N235XX,8015,MIA,CityName,State,SFO,CityName,State,0,0,-5,0,0,,189,2876,0,0,0,0,0
2021-12-06,Southwest,N683XX,1833,DFW,CityName,State,SEA,CityName,State,0,0,-14,0,0,,193,2510,0,0,0,0,0
2021-12-07,United,N915XX,5654,SEA,CityName,State,JFK,CityName,State,0,0,-7,0,0,,127,2191,0,0,0,0,0
2021-12-07,JetBlue,N253XX,6783,LAX,CityName,State,ORD,CityName,State,0,0,-1,0,0,,127,2549,0,0,0,0,0
2021-12-07,Southwest,N725XX,3988,ORD,CityName,State,SEA,CityName,State,0,0,-12,0,0,,265,1349,0,0,0,0,0
2021-12-07,Southwest,N519XX,8718,JFK,CityName,State,MIA,CityName,State,0,0,10,0,0,,320,185,0,0,0,0,0
2021-12-07,United,N358XX,8113,LAX,CityName,State,ORD,CityName,State,0,0,-2,0,0,,274,2440,0,0,0,0,0
2021-12-07,United,N541XX,7776,JFK,CityName,State,ORD,CityName,State,30,1,25,1,0,,354,1105,0,0,25,0,0
2021-12-07,Delta,N766XX,7449,DEN,CityName,State,DEN,CityName,State,0,0,-5,0,0,,102,713,0,0,0,0,0
2021-12-07,United,N307XX,488,LAX,CityName,State,JFK,CityName,State,60,1,68,1,0,,285,1413,0,0,68,0,0
2021-12-07,United,N711XX,1739,ATL,CityName,State,ORD,CityName,State,0,0,-3,0,0,,111,705,0,0,0,0,0
2021-12-07,Southwest,N697XX,9158,MIA,CityName,State,LAX,CityName,State,0,0,5,0,0,,157,2296,0,0,0,0,0
2021-12-07,American,N650XX,3513,ORD,CityName,State,DFW,CityName,State,0,0,5,0,0,,282,1522,0,0,0,0,0
2021-12-07,United,N102XX,4269,BOS,CityName,State,SFO,CityName,State,30,1,26,1,0,,250,2884,0,0,26,0,0
2021-12-07,Southwest,N209XX,2923,DFW,CityName,State,BOS,CityName,State,0,0,-3,0,0,,102,2724,0,0,0,0,0
2021-12-07,American,N337XX,217,BOS,CityName,State,DFW,CityName,State,0,0,-8,0,0,,247,1836,0,0,0,0,0
2021-12-07,United,N422XX,6213,DFW,CityName,State,DEN,CityName,State,0,0,-1,0,0,,68,1423,0,0,0,0,0
2021-12-07,Southwest,N355XX,741,LAX,CityName,State,BOS,CityName,State,0,0,4,0,0,,194,556,0,0,0,0,0
2021-12-07,Delta,N937XX,9732,SFO,CityName,State,DEN,CityName,State,0,0,-8,0,0,,72,2026,0,0,0,0,0
2021-12-08,American,N793XX,3560,DEN,CityName,State,LAX,CityName,State,15,1,22,1,0,,179,315,22,0,0,0,0
2021-12-08,Southwest,N652XX,3590,JFK,CityName,State,LAX,CityName,State,15,1,9,0,0,,102,272,0,0,0,0,0
2021-12-08,Delta,N623XX,6649,ATL,CityName,State,JFK,CityName,State,0,0,-8,0,0,,312,922,0,0,0,0,0
2021-12-08,JetBlue,N146XX,4151,SEA,CityName,State,DFW,CityName,State,0,0,-1,0,0,,250,805,0,0,0,0,0
2021-12-08,United,N269XX,1949,DEN,CityName,State,ORD,CityName,State,0,0,-14,0,0,,64,2338,0,0,0,0,0
2021-12-08,American,N613XX,1185,DFW,CityName,State,SEA,CityName,State,0,0,10,0,0,,277,906,0,0,0,0,0
2021-12-08,United,N681XX,9780,DFW,CityName,State,ATL,CityName,State,0,0,9,0,0,,185,908,0,0,0,0,0
2021-12-09,United,N601XX,130,BOS,CityName,State,SFO,CityName,State,120,1,113,1,0,,64,2715,0,113,0,0,0
2021-12-09,Delta,N607XX,848,JFK,CityName,State,SEA,CityName,State,0,0,8,0,0,,295,365,0,0,0,0,0
2021-12-09,American,N487XX,8979,BOS,CityName,State,BOS,CityName,State,0,0,-1,0,0,,99,2435,0,0,0,0,0
2021-12-09,United,N734XX,7678,SEA,CityName,State,DFW,CityName,State,0,0,8,0,0,,142,1783,0,0,0,0,0
2021-12-09,United,N681XX,8944,JFK,CityName,State,ORD,CityName,State,0,0,6,0,0,,121,2487,0,0,0,0,0
2021-12-09,Delta,N978XX,9496,SEA,CityName,State,LAX,CityName,State,0,0,0,0,0,,63,2714,0,0,0,0,0
2021-12-09,United,N491XX,7036,ORD,CityName,State,BOS,CityName,State,0,0,3,0,0,,86,2369,0,0,0,0,0
2021-12-09,Delta,N704XX,4365,ATL,CityName,State,BOS,CityName,State,0,0,-6,0,0,,226,2753,0,0,0,0,0
2021-12-09,Delta,N961XX,413,BOS,CityName,State,JFK,CityName,State,0,0,5,0,0,,263,2713,0,0,0,0,0
2021-12-09,Southwest,N423XX,3540,SEA,CityName,State,SEA,CityName,State,0,0,-11,0,0,,84,455,0,0,0,0,0
2021-12-09,Southwest,N363XX,4799,DFW,CityName,State,DEN,CityName,State,0,0,9,0,0,,232,1869,0,0,0,0,0
2021-12-09,JetBlue,N568XX,7591,ATL,CityName,State,SFO,CityName,State,45,1,33,1,0,,178,1695,33,0,0,0,0
2021-12-09,Southwest,N699XX,6499,LAX,CityName,State,ORD,CityName,State,0,0,-6,0,0,,130,1030,0,0,0,0,0
2021-12-09,Southwest,N578XX,3864,LAX,CityName,State,ATL,CityName,State,60,1,47,1,0,,68,2823,47,0,0,0,0
2021-12-09,JetBlue,N868XX,6011,DEN,CityName,State,DEN,CityName,State,0,0,-5,0,0,,133,2639,0,0,0,0,0
2021-12-10,United,N849XX,7971,JFK,CityName,State,ORD,CityName,State,0,0,0,0,1,A,157,749,0,0,0,0,0
2021-12-10,JetBlue,N472XX,5850,ORD,CityName,State,SFO,CityName,State,0,0,-13,0,0,,87,2128,0,0,0,0,0
2021-12-10,Delta,N894XX,118,LAX,CityName,State,MIA,CityName,State,0,0,-8,0,0,,300,2476,0,0,0,0,0
2021-12-10,United,N401XX,2548,DEN,CityName,State,ORD,CityName,State,0,0,-7,0,0,,255,1338,0,0,0,0,0
2021-12-10,Delta,N552XX,2309,JFK,CityName,State,DEN,CityName,State,45,1,39,1,0,,161,1933,39,0,0,0,0
2021-12-10,Delta,N822XX,565,LAX,CityName,State,SEA,CityName,State,0,0,-7,0,0,,182,2637,0,0,0,0,0
2021-12-10,JetBlue,N392XX,6224,DEN,CityName,State,SFO,CityName,State,0,0,6,0,0,,193,601,0,0,0,0,0
2021-12-10,Southwest,N343XX,8911,DEN,CityName,State,ATL,CityName,State,0,0,2,0,0,,140,2351,0,0,0,0,0
2021-12-10,Delta,N876XX,1254,SEA,CityName,State,JFK,CityName,State,0,0,10,0,0,,99,2534,0,0,0,0,0
2021-12-10,Delta,N458XX,4680,BOS,CityName,State,DEN,CityName,State,0,0,-5,0,0,,343,1182,0,0,0,0,0
2021-12-10,Delta,N433XX,1268,MIA,CityName,State,DEN,CityName,State,0,0,4,0,0,,324,417,0,0,0,0,0
2021-12-10,JetBlue,N671XX,3511,MIA,CityName,State,JFK,CityName,State,0,0,-10,0,0,,345,2343,0,0,0,0,0
2021-12-10,United,N658XX,6662,ATL,CityName,State,BOS,CityName,State,0,0,-8,0,0,,249,221,0,0,0,0,0
2021-12-10,JetBlue,N453XX,1957,SFO,CityName,State,DFW,CityName,State,0,0,-2,0,0,,229,1771,0,0,0,0,0
2021-12-10,JetBlue,N794XX,1650,DEN,CityName,State,SEA,CityName,State,0,0,6,0,0,,139,2466,0,0,0,0,0
2021-12-11,American,N476XX,3909,MIA,CityName,State,MIA,CityName,State,0,0,-6,0,0,,204,1310,0,0,0,0,0
2021-12-11,American,N103XX,233,ATL,CityName,State,DEN,CityName,State,0,0,8,0,0,,83,1089,0,0,0,0,0
2021-12-11,Delta,N186XX,5742,JFK,CityName,State,ORD,CityName,State,0,0,8,0,0,,121,324,0,0,0,0,0
2021-12-11,American,N769XX,6909,ATL,CityName,State,DFW,CityName,State,0,0,5,0,0,,81,974,0,0,0,0,0
2021-12-11,American,N346XX,6904,ORD,CityName,State,BOS,CityName,State,0,0,-12,0,0,,238,1635,0,0,0,0,0
2021-12-11,Southwest,N324XX,7589,DEN,CityName,State,JFK,CityName,State,0,0,3,0,0,,292,1836,0,0,0,0,0
2021-12-11,United,N952XX,5805,DEN,CityName,State,MIA,CityName,State,15,1,22,1,0,,94,2857,22,0,0,0,0
2021-12-11,American,N165XX,5390,DEN,CityName,State,ATL,CityName,State,0,0,2,0,0,,167,2851,0,0,0,0,0
2021-12-11,JetBlue,N688XX,4366,SFO,CityName,State,SFO,CityName,State,0,0,-2,0,0,,224,1582,0,0,0,0,0
2021-12-11,United,N348XX,5103,LAX,CityName,State,BOS,CityName,State,60,1,70,1,0,,313,1144,0,0,0,0,70
2021-12-11,United,N928XX,277,LAX,CityName,State,SFO,CityName,State,0,0,4,0,0,,207,1432,0,0,0,0,0
2021-12-11,American,N981XX,2133,BOS,CityName,State,LAX,CityName,State,0,0,-12,0,0,,337,2827,0,0,0,0,0
2021-12-11,American,N858XX,2363,MIA,CityName,State,DFW,CityName,State,0,0,-5,0,0,,63,820,0,0,0,0,0
2021-12-11,Southwest,N335XX,1562,SFO,CityName,State,DEN,CityName,State,45,1,54,1,0,,153,549,0,0,0,0,54
2021-12-11,American,N405XX,2286,SFO,CityName,State,MIA,CityName,State,0,0,8,0,0,,102,1143,0,0,0,0,0
2021-12-11,United,N451XX,8771,SEA,CityName,State,SFO,CityName,State,0,0,-9,0,0,,283,2838,0,0,0,0,0
2021-12-12,Southwest,N456XX,5314,JFK,CityName,State,SFO,CityName,State,45,1,47,1,0,,313,1717,47,0,0,0,0
2021-12-12,United,N631XX,5805,SEA,CityName,State,ATL,CityName,State,0,0,-3,0,0,,61,1412,0,0,0,0,0
2021-12-12,JetBlue,N492XX,1770,BOS,CityName,State,JFK,CityName,State,30,1,24,1,0,,122,935,0,0,0,0,24
2021-12-12,Southwest,N791XX,2011,DFW,CityName,State,LAX,CityName,State,0,0,-4,0,0,,296,2631,0,0,0,0,0
2021-12-12,JetBlue,N749XX,8623,BOS,CityName,State,JFK,CityName,State,0,0,-11,0,0,,347,662,0,0,0,0,0
2021-12-12,Delta,N237XX,2269,DFW,CityName,State,DFW,CityName,State,0,0,-3,0,0,,77,2298,0,0,0,0,0
2021-12-12,United,N271XX,8418,DFW,CityName,State,SFO,CityName,State,15,1,1,0,0,,241,2058,0,0,0,0,0
2021-12-12,Southwest,N417XX,3057,SEA,CityName,State,MIA,CityName,State,0,0,0,0,1,A,261,957,0,0,0,0,0
2021-12-12,Delta,N564XX,8619,DEN,CityName,State,ATL,CityName,State,0,0,-9,0,0,,266,2983,0,0,0,0,0
2021-12-12,Southwest,N782XX,4814,DEN,CityName,State,MIA,CityName,State,0,0,-8,0,0,,110,708,0,0,0,0,0
2021-12-12,Southwest,N604XX,1946,LAX,CityName,State,MIA,CityName,State,15,1,25,1,0,,181,1710,0,0,25,0,0
2021-12-12,JetBlue,N632XX,9938,MIA,CityName,State,DEN,CityName,State,15,1,1,0,0,,156,1103,0,0,0,0,0
2021-12-12,Southwest,N521XX,7599,SFO,CityName,State,ORD,CityName,State,30,1,19,1,0,,273,683,0,0,19,0,0
2021-12-12,American,N345XX,5325,JFK,CityName,State,SFO,CityName,State,0,0,-6,0,0,,193,2755,0,0,0,0,0
2021-12-12,Delta,N510XX,1589,DEN,CityName,State,LAX,CityName,State,15,1,23,1,0,,180,2899,0,0,0,0,23
2021-12-12,American,N143XX,4065,ATL,CityName,State,BOS,CityName,State,15,1,6,0,0,,169,493,0,0,0,0,0
2021-12-12,Southwest,N778XX,1886,BOS,CityName,State,MIA,CityName,State,0,0,-14,0,0,,181,1778,0,0,0,0,0
2021-12-13,United,N952XX,8044,JFK,CityName,State,SFO,CityName,State,30,1,24,1,0,,304,412,24,0,0,0,0
2021-12-13,Delta,N141XX,2486,SFO,CityName,State,DEN,CityName,State,0,0,0,0,0,,247,2802,0,0,0,0,0
2021-12-13,Delta,N695XX,9746,DFW,CityName,State,DFW,CityName,State,0,0,-1,0,0,,265,209,0,0,0,0,0
2021-12-13,Delta,N459XX,3337,ORD,CityName,State,BOS,CityName,State,0,0,-7,0,0,,264,1619,0,0,0,0,0
2021-12-13,United,N409XX,4790,DEN,CityName,State,ORD,CityName,State,0,0,-1,0,0,,289,2952,0,0,0,0,0
2021-12-13,Delta,N613XX,949,DEN,CityName,State,LAX,CityName,State,0,0,-2,0,0,,240,1651,0,0,0,0,0
2021-12-13,Delta,N707XX,2295,SEA,CityName,State,LAX,CityName,State,0,0,-4,0,0,,230,338,0,0,0,0,0
2021-12-13,Delta,N285XX,4967,DFW,CityName,State,BOS,CityName,State,0,0,0,0,1,A,332,2564,0,0,0,0,0
2021-12-13,American,N645XX,9547,MIA,CityName,State,ATL,CityName,State,0,0,-14,0,0,,173,2063,0,0,0,0,0
2021-12-13,United,N263XX,806,SFO,CityName,State,SFO,CityName,State,0,0,-7,0,0,,104,1128,0,0,0,0,0
2021-12-13,American,N121XX,142,SEA,CityName,State,SEA,CityName,State,0,0,-13,0,0,,283,2133,0,0,0,0,0
2021-12-13,United,N377XX,249,MIA,CityName,State,ORD,CityName,State,0,0,-11,0,0,,323,1133,0,0,0,0,0
2021-12-13,Southwest,N878XX,3426,SFO,CityName,State,DFW,CityName,State,45,1,41,1,0,,81,735,41,0,0,0,0
2021-12-13,Delta,N847XX,6332,LAX,CityName,State,JFK,CityName,State,0,0,9,0,0,,258,2379,0,0,0,0,0
2021-12-14,JetBlue,N512XX,780,SFO,CityName,State,DEN,CityName,State,0,0,-9,0,0,,264,2272,0,0,0,0,0
2021-12-14,JetBlue,N700XX,5850,DEN,CityName,State,ORD,CityName,State,45,1,38,1,0,,117,2567,0,0,38,0,0
2021-12-14,JetBlue,N418XX,7188,DFW,CityName,State,JFK,CityName,State,15,1,9,0,0,,284,829,0,0,0,0,0
2021-12-14,JetBlue,N863XX,7695,DEN,CityName,State,JFK,CityName,State,30,1,17,1,0,,293,2053,17,0,0,0,0
2021-12-14,Delta,N814XX,244,ATL,CityName,State,SFO,CityName,State,30,1,17,1,0,,293,2635,0,17,0,0,0
2021-12-14,Delta,N503XX,7782,BOS,CityName,State,DEN,CityName,State,0,0,5,0,0,,332,935,0,0,0,0,0
2021-12-14,United,N303XX,2040,JFK,CityName,State,DFW,CityName,State,0,0,-14,0,0,,342,1768,0,0,0,0,0
2021-12-14,United,N387XX,1668,SFO,CityName,State,ORD,CityName,State,0,0,-6,0,0,,153,1710,0,0,0,0,0
2021-12-14,Southwest,N938XX,376,LAX,CityName,State,JFK,CityName,State,15,1,23,1,0,,96,2414,0,23,0,0,0
2021-12-14,Southwest,N420XX,7323,BOS,CityName,State,DFW,CityName,State,0,0,0,0,1,A,84,2532,0,0,0,0,0
2021-12-14,American,N628XX,4098,LAX,CityName,State,JFK,CityName,State,0,0,3,0,0,,216,1296,0,0,0,0,0
2021-12-15,Delta,N171XX,5202,ORD,CityName,State,JFK,CityName,State,0,0,10,0,0,,350,1819,0,0,0,0,0
2021-12-15,JetBlue,N104XX,2183,BOS,CityName,State,ATL,CityName,State,0,0,5,0,0,,160,611,0,0,0,0,0
2021-12-15,United,N104XX,9696,BOS,CityName,State,DEN,CityName,State,30,1,29,1,0,,46,2329,29,0,0,0,0
2021-12-15,JetBlue,N893XX,6481,DFW,CityName,State,ORD,CityName,State,0,0,-9,0,0,,50,2407,0,0,0,0,0
2021-12-15,Delta,N164XX,2898,ORD,CityName,State,MIA,CityName,State,0,0,-4,0,0,,151,2471,0,0,0,0,0
2021-12-15,Delta,N398XX,3967,SEA,CityName,State,MIA,CityName,State,0,0,0,0,1,A,204,410,0,0,0,0,0
2021-12-15,JetBlue,N496XX,8824,JFK,CityName,State,MIA,CityName,State,45,1,31,1,0,,274,2784,0,0,0,0,31
2021-12-15,JetBlue,N141XX,7566,DEN,CityName,State,DFW,CityName,State,0,0,-14,0,0,,344,1687,0,0,0,0,0
2021-12-15,American,N599XX,128,ORD,CityName,State,SEA,CityName,State,0,0,-10,0,0,,159,1345,0,0,0,0,0
2021-12-15,Delta,N445XX,4924,LAX,CityName,State,BOS,CityName,State,0,0,9,0,0,,315,1632,0,0,0,0,0
2021-12-16,United,N330XX,8214,SFO,CityName,State,ATL,CityName,State,0,0,-10,0,0,,332,2763,0,0,0,0,0
2021-12-16,Southwest,N153XX,9092,ATL,CityName,State,ATL,CityName,State,0,0,-6,0,0,,50,733,0,0,0,0,0
2021-12-16,Delta,N868XX,4998,BOS,CityName,State,SFO,CityName,State,0,0,9,0,0,,99,1240,0,0,0,0,0
2021-12-16,Delta,N322XX,8658,SFO,CityName,State,SEA,CityName,State,0,0,5,0,0,,200,2186,0,0,0,0,0
2021-12-16,Delta,N665XX,5560,SFO,CityName,State,ATL,CityName,State,0,0,10,0,0,,283,533,0,0,0,0,0
2021-12-16,United,N990XX,6666,MIA,CityName,State,JFK,CityName,State,45,1,36,1,0,,213,1710,0,36,0,0,0
2021-12-16,Delta,N871XX,4516,MIA,CityName,State,DFW,CityName,State,0,0,-7,0,0,,187,1387,0,0,0,0,0
2021-12-16,United,N561XX,3115,ATL,CityName,State,MIA,CityName,State,15,1,25,1,0,,244,2128,0,0,25,0,0
2021-12-16,Delta,N169XX,8488,MIA,CityName,State,BOS,CityName,State,30,1,31,1,0,,165,1560,31,0,0,0,0
2021-12-16,JetBlue,N566XX,2681,DEN,CityName,State,ATL,CityName,State,0,0,-9,0,0,,113,2789,0,0,0,0,0
2021-12-16,JetBlue,N206XX,4436,BOS,CityName,State,SFO,CityName,State,0,0,-3,0,0,,61,1016,0,0,0,0,0
2021-12-16,American,N688XX,7049,LAX,CityName,State,ORD,CityName,State,0,0,6,0,0,,243,650,0,0,0,0,0
2021-12-16,Delta,N994XX,9230,LAX,CityName,State,JFK,CityName,State,0,0,-11,0,0,,173,1786,0,0,0,0,0
2021-12-16,United,N738XX,7073,SFO,CityName,State,ORD,CityName,State,0,0,2,0,0,,284,2817,0,0,0,0,0
2021-12-16,Delta,N313XX,9636,SEA,CityName,State,DEN,CityName,State,0,0,-3,0,0,,220,1362,0,0,0,0,0
2021-12-16,Delta,N898XX,7535,JFK,CityName,State,ATL,CityName,State,0,0,1,0,0,,115,2801,0,0,0,0,0
2021-12-16,American,N129XX,1307,JFK,CityName,State,SEA,CityName,State,15,1,2,0,0,,325,893,0,0,0,0,0
2021-12-16,JetBlue,N338XX,3910,DFW,CityName,State,LAX,CityName,State,30,1,40,1,0,,152,700,40,0,0,0,0
2021-12-17,JetBlue,N551XX,2013,SEA,CityName,State,SEA,CityName,State,0,0,-5,0,0,,75,2301,0,0,0,0,0
2021-12-17,JetBlue,N357XX,9932,LAX,CityName,State,ATL,CityName,State,30,1,26,1,0,,151,343,0,0,26,0,0
2021-12-17,American,N452XX,2025,SFO,CityName,State,DFW,CityName,State,0,0,-4,0,0,,291,2959,0,0,0,0,0
2021-12-17,Southwest,N278XX,6076,DEN,CityName,State,ATL,CityName,State,120,1,127,1,0,,55,1316,0,127,0,0,0
2021-12-17,JetBlue,N485XX,8206,DEN,CityName,State,DFW,CityName,State,0,0,5,0,0,,169,2846,0,0,0,0,0
2021-12-17,JetBlue,N969XX,5335,SEA,CityName,State,DEN,CityName,State,0,0,2,0,0,,326,2353,0,0,0,0,0
2021-12-17,Delta,N286XX,8549,ATL,CityName,State,BOS,CityName,State,0,0,-3,0,0,,270,2255,0,0,0,0,0
2021-12-17,United,N585XX,7598,SFO,CityName,State,DFW,CityName,State,60,1,49,1,0,,219,1192,0,49,0,0,0
2021-12-17,Southwest,N969XX,3682,DEN,CityName,State,DFW,CityName,State,0,0,10,0,0,,339,888,0,0,0,0,0
2021-12-17,American,N202XX,513,BOS,CityName,State,LAX,CityName,State,0,0,-11,0,0,,306,1496,0,0,0,0,0
2021-12-17,American,N917XX,4168,SEA,CityName,State,MIA,CityName,State,0,0,-11,0,0,,45,2716,0,0,0,0,0
2021-12-17,Southwest,N786XX,8666,LAX,CityName,State,BOS,CityName,State,0,0,-6,0,0,,249,1418,0,0,0,0,0
2021-12-17,Southwest,N301XX,3446,JFK,CityName,State,DFW,CityName,State,0,0,-11,0,0,,345,1334,0,0,0,0,0
2021-12-17,Delta,N502XX,9857,ORD,CityName,State,DEN,CityName,State,0,0,-3,0,0,,335,778,0,0,0,0,0
2021-12-18,American,N728XX,5078,JFK,CityName,State,ATL,CityName,State,0,0,10,0,0,,228,1020,0,0,0,0,0
2021-12-18,Delta,N471XX,6857,ORD,CityName,State,ATL,CityName,State,15,1,2,0,0,,162,341,0,0,0,0,0
2021-12-18,United,N233XX,5690,MIA,CityName,State,LAX,CityName,State,0,0,4,0,0,,107,870,0,0,0,0,0
2021-12-18,JetBlue,N137XX,8355,ORD,CityName,State,JFK,CityName,State,0,0,-12,0,0,,255,2813,0,0,0,0,0
2021-12-18,Southwest,N729XX,4795,JFK,CityName,State,DFW,CityName,State,0,0,-11,0,0,,310,2235,0,0,0,0,0
2021-12-18,Delta,N592XX,4013,SFO,CityName,State,ORD,CityName,State,0,0,-1,0,0,,231,1144,0,0,0,0,0
2021-12-18,Southwest,N105XX,9443,DFW,CityName,State,MIA,CityName,State,0,0,-4,0,0,,329,397,0,0,0,0,0
2021-12-18,Delta,N298XX,1132,DEN,CityName,State,ATL,CityName,State,0,0,-7,0,0,,88,2286,0,0,0,0,0
2021-12-18,United,N584XX,8450,BOS,CityName,State,SEA,CityName,State,0,0,-11,0,0,,358,1492,0,0,0,0,0
2021-12-18,American,N972XX,2545,MIA,CityName,State,JFK,CityName,State,30,1,33,1,0,,336,2563,33,0,0,0,0
2021-12-18,American,N991XX,5805,DFW,CityName,State,JFK,CityName,State,0,0,-5,0,0,,243,2303,0,0,0,0,0
2021-12-18,Southwest,N187XX,9410,JFK,CityName,State,JFK,CityName,State,0,0,-4,0,0,,119,1634,0,0,0,0,0
2021-12-18,United,N353XX,9305,LAX,CityName,State,DFW,CityName,State,15,1,9,0,0,,109,1560,0,0,0,0,0
2021-12-18,Southwest,N594XX,8184,JFK,CityName,State,DEN,CityName,State,0,0,6,0,0,,191,2220,0,0,0,0,0
2021-12-18,JetBlue,N791XX,2700,LAX,CityName,State,DFW,CityName,State,0,0,9,0,0,,214,517,0,0,0,0,0
2021-12-19,Southwest,N789XX,1901,BOS,CityName,State,SFO,CityName,State,0,0,-14,0,0,,313,2204,0,0,0,0,0
2021-12-19,Delta,N363XX,5763,LAX,CityName,State,LAX,CityName,State,30,1,34,1,0,,303,603,0,34,0,0,0
2021-12-19,JetBlue,N942XX,2548,JFK,CityName,State,JFK,CityName,State,0,0,7,0,0,,149,1287,0,0,0,0,0
2021-12-19,JetBlue,N365XX,9551,BOS,CityName,State,LAX,CityName,State,0,0,5,0,0,,118,2419,0,0,0,0,0
2021-12-19,Delta,N410XX,8658,LAX,CityName,State,BOS,CityName,State,45,1,51,1,0,,348,281,0,0,0,0,51
2021-12-19,JetBlue,N730XX,4011,DFW,CityName,State,SFO,CityName,State,0,0,-10,0,0,,313,399,0,0,0,0,0
2021-12-19,JetBlue,N791XX,9421,ORD,CityName,State,DEN,CityName,State,45,1,54,1,0,,91,1418,0,0,54,0,0
2021-12-19,Southwest,N831XX,2164,SEA,CityName,State,DFW,CityName,State,0,0,-11,0,0,,195,2513,0,0,0,0,0
2021-12-19,JetBlue,N380XX,1199,DEN,CityName,State,ATL,CityName,State,0,0,5,0,0,,298,689,0,0,0,0,0
2021-12-19,JetBlue,N991XX,124,DFW,CityName,State,LAX,CityName,State,0,0,-13,0,0,,192,1219,0,0,0,0,0
2021-12-19,JetBlue,N265XX,7415,DFW,CityName,State,ORD,CityName,State,0,0,9,0,0,,83,2307,0,0,0,0,0
2021-12-19,JetBlue,N623XX,6128,BOS,CityName,State,DFW,CityName,State,60,1,65,1,0,,296,2489,65,0,0,0,0
2021-12-19,Delta,N134XX,7658,DFW,CityName,State,ORD,CityName,State,0,0,-11,0,0,,331,2216,0,0,0,0,0
2021-12-20,American,N471XX,5426,SEA,CityName,State,SEA,CityName,State,45,1,36,1,0,,327,2700,36,0,0,0,0
2021-12-20,Southwest,N840XX,9699,LAX,CityName,State,ORD,CityName,State,60,1,51,1,0,,110,929,0,0,51,0,0
2021-12-20,United,N270XX,3174,SFO,CityName,State,ORD,CityName,State,0,0,-4,0,0,,105,618,0,0,0,0,0
2021-12-20,United,N795XX,8458,JFK,CityName,State,MIA,CityName,State,0,0,-14,0,0,,49,2815,0,0,0,0,0
2021-12-20,United,N550XX,5708,BOS,CityName,State,MIA,CityName,State,0,0,7,0,0,,93,1311,0,0,0,0,0
2021-12-20,United,N736XX,9437,LAX,CityName,State,JFK,CityName,State,45,1,32,1,0,,309,1575,32,0,0,0,0
2021-12-20,JetBlue,N842XX,8522,BOS,CityName,State,BOS,CityName,State,0,0,-14,0,0,,347,1680,0,0,0,0,0
2021-12-20,American,N153XX,5658,JFK,CityName,State,DEN,CityName,State,0,0,2,0,0,,298,478,0,0,0,0,0
2021-12-20,Southwest,N600XX,2406,MIA,CityName,State,JFK,CityName,State,0,0,-9,0,0,,246,1864,0,0,0,0,0
2021-12-20,JetBlue,N189XX,6971,DEN,CityName,State,MIA,CityName,State,30,1,22,1,0,,89,2095,0,0,0,0,22
2021-12-20,Southwest,N867XX,5568,DEN,CityName,State,BOS,CityName,State,0,0,5,0,0,,253,643,0,0,0,0,0
2021-12-21,United,N509XX,6838,MIA,CityName,State,MIA,CityName,State,0,0,-11,0,0,,135,393,0,0,0,0,0
2021-12-21,United,N508XX,1163,JFK,CityName,State,DFW,CityName,State,240,1,243,1,0,,212,1439,0,0,243,0,0
2021-12-21,Southwest,N753XX,8718,DFW,CityName,State,JFK,CityName,State,0,0,5,0,0,,303,972,0,0,0,0,0
2021-12-21,American,N941XX,107,SFO,CityName,State,MIA,CityName,State,0,0,-9,0,0,,303,155,0,0,0,0,0
2021-12-21,Delta,N142XX,2512,LAX,CityName,State,SFO,CityName,State,0,0,-9,0,0,,212,273,0,0,0,0,0
2021-12-21,Delta,N637XX,3826,JFK,CityName,State,SFO,CityName,State,15,1,19,1,0,,79,1987,19,0,0,0,0
2021-12-21,American,N279XX,7647,DFW,CityName,State,JFK,CityName,State,0,0,-8,0,0,,150,610,0,0,0,0,0
2021-12-21,Southwest,N405XX,6782,SEA,CityName,State,DEN,CityName,State,0,0,-13,0,0,,348,2039,0,0,0,0,0
2021-12-21,American,N967XX,2037,LAX,CityName,State,LAX,CityName,State,0,0,-6,0,0,,261,202,0,0,0,0,0
2021-12-21,JetBlue,N236XX,7386,LAX,CityName,State,DEN,CityName,State,0,0,6,0,0,,120,802,0,0,0,0,0
2021-12-21,American,N221XX,1211,SEA,CityName,State,SEA,CityName,State,0,0,8,0,0,,63,929,0,0,0,0,0
2021-12-21,United,N176XX,1422,JFK,CityName,State,DEN,CityName,State,30,1,34,1,0,,230,1986,0,0,34,0,0
2021-12-21,American,N136XX,8877,ATL,CityName,State,SFO,CityName,State,0,0,10,0,0,,101,2460,0,0,0,0,0
2021-12-21,JetBlue,N817XX,5020,ATL,CityName,State,MIA,CityName,State,0,0,-14,0,0,,240,2061,0,0,0,0,0
2021-12-21,Southwest,N343XX,4044,SFO,CityName,State,BOS,CityName,State,0,0,-7,0,0,,206,509,0,0,0,0,0
2021-12-21,United,N649XX,9826,BOS,CityName,State,SEA,CityName,State,0,0,-12,0,0,,161,358,0,0,0,0,0
2021-12-21,Delta,N602XX,9172,LAX,CityName,State,BOS,CityName,State,0,0,-12,0,0,,330,1175,0,0,0,0,0
2021-12-21,JetBlue,N998XX,3701,ATL,CityName,State,LAX,CityName,State,0,0,4,0,0,,224,2264,0,0,0,0,0
2021-12-22,American,N425XX,1378,SEA,CityName,State,SEA,CityName,State,0,0,3,0,0,,323,422,0,0,0,0,0
2021-12-22,American,N668XX,4309,DFW,CityName,State,MIA,CityName,State,15,1,22,1,0,,94,1329,22,0,0,0,0
2021-12-22,Southwest,N785XX,6840,ATL,CityName,State,MIA,CityName,State,0,0,10,0,0,,313,1385,0,0,0,0,0
2021-12-22,Southwest,N829XX,1118,JFK,CityName,State,DFW,CityName,State,0,0,1,0,0,,239,1590,0,0,0,0,0
2021-12-22,Delta,N215XX,612,LAX,CityName,State,ATL,CityName,State,0,0,10,0,0,,98,1178,0,0,0,0,0
2021-12-22,Delta,N657XX,8142,SFO,CityName,State,ATL,CityName,State,0,0,-3,0,0,,253,1778,0,0,0,0,0
2021-12-22,American,N245XX,8413,SEA,CityName,State,DFW,CityName,State,0,0,-13,0,0,,243,1168,0,0,0,0,0
2021-12-22,JetBlue,N665XX,6692,JFK,CityName,State,BOS,CityName,State,15,1,15,1,0,,114,2976,15,0,0,0,0
2021-12-22,American,N188XX,7678,MIA,CityName,State,DEN,CityName,State,0,0,-9,0,0,,71,2232,0,0,0,0,0
2021-12-22,JetBlue,N464XX,9102,LAX,CityName,State,DFW,CityName,State,0,0,-12,0,0,,60,2875,0,0,0,0,0
2021-12-22,American,N241XX,5199,DEN,CityName,State,MIA,CityName,State,0,0,-13,0,0,,288,1836,0,0,0,0,0
2021-12-22,Southwest,N996XX,1131,SFO,CityName,State,ATL,CityName,State,0,0,-1,0,0,,221,589,0,0,0,0,0
2021-12-23,Southwest,N749XX,8255,DEN,CityName,State,SFO,CityName,State,0,0,3,0,0,,125,1485,0,0,0,0,0
2021-12-23,Southwest,N336XX,2869,BOS,CityName,State,ATL,CityName,State,15,1,8,0,0,,349,2209,0,0,0,0,0
2021-12-23,Southwest,N917XX,4224,ORD,CityName,State,SFO,CityName,State,0,0,0,0,1,A,305,1724,0,0,0,0,0
2021-12-23,Delta,N218XX,1092,SFO,CityName,State,ORD,CityName,State,0,0,6,0,0,,230,1694,0,0,0,0,0
2021-12-23,JetBlue,N176XX,6108,SEA,CityName,State,SEA,CityName,State,0,0,9,0,0,,90,2114,0,0,0,0,0
2021-12-23,Delta,N492XX,946,MIA,CityName,State,LAX,CityName,State,0,0,-5,0,0,,210,1424,0,0,0,0,0
2021-12-23,Southwest,N199XX,8837,JFK,CityName,State,DEN,CityName,State,60,1,70,1,0,,288,1636,0,0,70,0,0
2021-12-23,Southwest,N308XX,7218,JFK,CityName,State,DFW,CityName,State,0,0,9,0,0,,186,152,0,0,0,0,0
2021-12-23,American,N744XX,9705,ATL,CityName,State,DEN,CityName,State,60,1,59,1,0,,297,1266,59,0,0,0,0
2021-12-23,Delta,N652XX,9533,LAX,CityName,State,JFK,CityName,State,0,0,-12,0,0,,339,495,0,0,0,0,0
2021-12-23,American,N427XX,4298,LAX,CityName,State,LAX,CityName,State,0,0,0,0,0,,116,2466,0,0,0,0,0
2021-12-23,United,N139XX,7187,DFW,CityName,State,BOS,CityName,State,0,0,9,0,0,,275,2076,0,0,0,0,0
2021-12-23,Delta,N657XX,7405,ORD,CityName,State,SEA,CityName,State,0,0,10,0,0,,136,1572,0,0,0,0,0
2021-12-23,American,N897XX,3061,ATL,CityName,State,DFW,CityName,State,0,0,-4,0,0,,164,999,0,0,0,0,0
2021-12-23,United,N112XX,6739,ORD,CityName,State,SFO,CityName,State,0,0,3,0,0,,222,1666,0,0,0,0,0
2021-12-23,Southwest,N635XX,8655,MIA,CityName,State,ORD,CityName,State,0,0,-3,0,0,,282,2180,0,0,0,0,0
2021-12-24,Delta,N653XX,4983,ORD,CityName,State,ATL,CityName,State,0,0,0,0,0,,275,203,0,0,0,0,0
2021-12-24,American,N515XX,8471,JFK,CityName,State,SEA,CityName,State,15,1,18,1,0,,151,1630,0,0,18,0,0
2021-12-24,United,N127XX,479,ORD,CityName,State,ATL,CityName,State,0,0,-6,0,0,,232,631,0,0,0,0,0
2021-12-24,JetBlue,N253XX,4246,ATL,CityName,State,MIA,CityName,State,0,0,-10,0,0,,291,2226,0,0,0,0,0
2021-12-24,United,N505XX,7334,ATL,CityName,State,DFW,CityName,State,0,0,-4,0,0,,355,1021,0,0,0,0,0
2021-12-24,JetBlue,N713XX,4449,ORD,CityName,State,ORD,CityName,State,0,0,2,0,0,,333,2801,0,0,0,0,0
2021-12-24,Delta,N366XX,1926,JFK,CityName,State,LAX,CityName,State,0,0,-2,0,0,,260,2382,0,0,0,0,0
2021-12-24,JetBlue,N794XX,2098,DEN,CityName,State,JFK,CityName,State,0,0,8,0,0,,189,695,0,0,0,0,0
2021-12-24,United,N891XX,4419,SFO,CityName,State,DEN,CityName,State,0,0,7,0,0,,206,1037,0,0,0,0,0
2021-12-24,United,N898XX,5176,ATL,CityName,State,SFO,CityName,State,0,0,8,0,0,,200,959,0,0,0,0,0
2021-12-24,Southwest,N899XX,6846,MIA,CityName,State,ATL,CityName,State,0,0,5,0,0,,231,1487,0,0,0,0,0
2021-12-24,Southwest,N179XX,8689,DFW,CityName,State,BOS,CityName,State,0,0,4,0,0,,186,2778,0,0,0,0,0
2021-12-24,Southwest,N533XX,8748,BOS,CityName,State,MIA,CityName,State,30,1,25,1,0,,271,828,25,0,0,0,0
2021-12-24,JetBlue,N682XX,7612,ATL,CityName,State,BOS,CityName,State,0,0,-4,0,0,,170,1729,0,0,0,0,0
2021-12-24,Southwest,N601XX,3360,ATL,CityName,State,DFW,CityName,State,0,0,9,0,0,,359,2118,0,0,0,0,0
2021-12-24,JetBlue,N930XX,904,DFW,CityName,State,DFW,CityName,State,0,0,0,0,1,A,188,2491,0,0,0,0,0
2021-12-24,Southwest,N319XX,6015,MIA,CityName,State,SEA,CityName,State,0,0,-12,0,0,,256,640,0,0,0,0,0
2021-12-25,American,N854XX,8477,MIA,CityName,State,SFO,CityName,State,0,0,-2,0,0,,295,2193,0,0,0,0,0
2021-12-25,JetBlue,N536XX,2768,JFK,CityName,State,ATL,CityName,State,0,0,8,0,0,,302,2169,0,0,0,0,0
2021-12-25,Delta,N228XX,1810,MIA,CityName,State,BOS,CityName,State,0,0,-8,0,0,,157,2564,0,0,0,0,0
2021-12-25,American,N914XX,3813,LAX,CityName,State,SFO,CityName,State,0,0,-11,0,0,,273,2547,0,0,0,0,0
2021-12-25,Southwest,N318XX,2774,JFK,CityName,State,LAX,CityName,State,0,0,5,0,0,,91,2131,0,0,0,0,0
2021-12-25,Southwest,N520XX,9063,DFW,CityName,State,ATL,CityName,State,0,0,7,0,0,,110,2845,0,0,0,0,0
2021-12-25,JetBlue,N756XX,3671,JFK,CityName,State,SFO,CityName,State,15,1,13,0,0,,157,2999,0,0,0,0,0
2021-12-25,American,N342XX,3200,ATL,CityName,State,MIA,CityName,State,0,0,9,0,0,,71,2227,0,0,0,0,0
2021-12-25,Southwest,N730XX,7080,ATL,CityName,State,SEA,CityName,State,0,0,-10,0,0,,167,2587,0,0,0,0,0
2021-12-25,Southwest,N382XX,6263,ATL,CityName,State,ORD,CityName,State,120,1,120,1,0,,277,1112,0,120,0,0,0
2021-12-25,United,N433XX,797,MIA,CityName,State,SEA,CityName,State,0,0,-14,0,0,,202,2936,0,0,0,0,0
2021-12-26,United,N646XX,7592,DEN,CityName,State,BOS,CityName,State,0,0,-3,0,0,,205,1772,0,0,0,0,0
2021-12-26,American,N336XX,3815,SEA,CityName,State,JFK,CityName,State,0,0,-11,0,0,,156,1798,0,0,0,0,0
2021-12-26,Delta,N674XX,4272,SEA,CityName,State,SFO,CityName,State,0,0,9,0,0,,183,1710,0,0,0,0,0
2021-12-26,Delta,N630XX,2633,DEN,CityName,State,ATL,CityName,State,15,1,13,0,0,,333,231,0,0,0,0,0
2021-12-26,United,N298XX,3048,SEA,CityName,State,SFO,CityName,State,0,0,-3,0,0,,259,2439,0,0,0,0,0
2021-12-26,Delta,N836XX,2126,DEN,CityName,State,SFO,CityName,State,120,1,0,0,1,A,216,2540,0,0,0,0,0
2021-12-26,JetBlue,N376XX,5771,DEN,CityName,State,BOS,CityName,State,0,0,7,0,0,,322,1125,0,0,0,0,0
2021-12-26,Southwest,N548XX,787,JFK,CityName,State,SFO,CityName,State,0,0,-5,0,0,,320,573,0,0,0,0,0
2021-12-26,JetBlue,N567XX,2777,SFO,CityName,State,ATL,CityName,State,0,0,-9,0,0,,164,563,0,0,0,0,0
2021-12-26,American,N666XX,9523,LAX,CityName,State,ORD,CityName,State,0,0,3,0,0,,163,949,0,0,0,0,0
2021-12-26,United,N491XX,4796,BOS,CityName,State,JFK,CityName,State,0,0,5,0,0,,350,276,0,0,0,0,0
2021-12-27,United,N972XX,4491,DEN,CityName,State,ATL,CityName,State,0,0,10,0,0,,289,534,0,0,0,0,0
2021-12-27,Southwest,N326XX,546,ORD,CityName,State,SFO,CityName,State,0,0,3,0,0,,67,2733,0,0,0,0,0
2021-12-27,JetBlue,N770XX,7704,JFK,CityName,State,DEN,CityName,State,0,0,2,0,0,,315,1998,0,0,0,0,0
2021-12-27,American,N599XX,5778,SFO,CityName,State,SEA,CityName,State,0,0,-1,0,0,,162,1421,0,0,0,0,0
2021-12-27,JetBlue,N544XX,6062,DFW,CityName,State,DEN,CityName,State,0,0,-1,0,0,,174,1848,0,0,0,0,0
2021-12-28,Delta,N105XX,674,LAX,CityName,State,BOS,CityName,State,0,0,-10,0,0,,285,771,0,0,0,0,0
2021-12-28,American,N191XX,1160,DFW,CityName,State,DEN,CityName,State,0,0,-6,0,0,,95,2309,0,0,0,0,0
2021-12-28,Southwest,N354XX,7591,SEA,CityName,State,JFK,CityName,State,0,0,-2,0,0,,288,2073,0,0,0,0,0
2021-12-28,JetBlue,N529XX,4855,DEN,CityName,State,BOS,CityName,State,0,0,-11,0,0,,185,2511,0,0,0,0,0
2021-12-28,American,N849XX,8077,ORD,CityName,State,DEN,CityName,State,0,0,-1,0,0,,289,444,0,0,0,0,0
2021-12-28,JetBlue,N152XX,5395,ATL,CityName,State,SFO,CityName,State,0,0,6,0,0,,199,1485,0,0,0,0,0
2021-12-28,JetBlue,N934XX,9821,DEN,CityName,State,SEA,CityName,State,0,0,0,0,1,A,129,1972,0,0,0,0,0
2021-12-28,American,N166XX,4920,JFK,CityName,State,SFO,CityName,State,0,0,3,0,0,,255,1733,0,0,0,0,0
2021-12-28,Delta,N482XX,9426,LAX,CityName,State,SEA,CityName,State,0,0,1,0,0,,358,357,0,0,0,0,0
2021-12-28,American,N470XX,1377,DFW,CityName,State,ORD,CityName,State,60,1,50,1,0,,190,1400,0,0,50,0,0
2021-12-28,JetBlue,N140XX,7280,MIA,CityName,State,ATL,CityName,State,0,0,-2,0,0,,156,1465,0,0,0,0,0
2021-12-28,United,N835XX,7752,ORD,CityName,State,SEA,CityName,State,30,1,23,1,0,,103,2809,23,0,0,0,0
2021-12-28,United,N879XX,653,DFW,CityName,State,MIA,CityName,State,0,0,-9,0,0,,353,2366,0,0,0,0,0
2021-12-28,American,N778XX,2399,BOS,CityName,State,DEN,CityName,State,0,0,-1,0,0,,144,1705,0,0,0,0,0
2021-12-28,Southwest,N707XX,4897,JFK,CityName,State,SFO,CityName,State,0,0,-14,0,0,,152,272,0,0,0,0,0
2021-12-28,Southwest,N807XX,7766,ORD,CityName,State,LAX,CityName,State,0,0,-3,0,0,,306,1680,0,0,0,0,0
2021-12-28,Delta,N545XX,1176,LAX,CityName,State,DEN,CityName,State,0,0,-9,0,0,,117,325,0,0,0,0,0
2021-12-29,JetBlue,N190XX,8018,LAX,CityName,State,SFO,CityName,State,15,1,17,1,0,,217,2591,17,0,0,0,0
2021-12-29,Southwest,N994XX,1723,JFK,CityName,State,ORD,CityName,State,30,1,33,1,0,,223,1500,0,0,33,0,0
2021-12-29,American,N222XX,3434,ATL,CityName,State,ORD,CityName,State,0,0,3,0,0,,258,912,0,0,0,0,0
2021-12-29,Southwest,N930XX,9089,BOS,CityName,State,SFO,CityName,State,30,1,40,1,0,,227,2864,40,0,0,0,0
2021-12-29,American,N621XX,3110,DEN,CityName,State,ORD,CityName,State,0,0,-11,0,0,,73,2036,0,0,0,0,0
2021-12-29,JetBlue,N891XX,415,LAX,CityName,State,SFO,CityName,State,45,1,47,1,0,,285,2001,0,0,0,0,47
2021-12-29,United,N488XX,9574,BOS,CityName,State,ATL,CityName,State,0,0,8,0,0,,92,219,0,0,0,0,0
2021-12-29,Delta,N463XX,3288,BOS,CityName,State,JFK,CityName,State,0,0,-10,0,0,,186,1282,0,0,0,0,0
2021-12-29,United,N687XX,2862,DFW,CityName,State,LAX,CityName,State,120,1,110,1,0,,324,1697,0,110,0,0,0
2021-12-29,United,N348XX,5142,JFK,CityName,State,ORD,CityName,State,0,0,-5,0,0,,287,2144,0,0,0,0,0
2021-12-29,United,N819XX,1974,MIA,CityName,State,DEN,CityName,State,0,0,3,0,0,,161,2900,0,0,0,0,0
2021-12-29,JetBlue,N241XX,2227,ATL,CityName,State,ATL,CityName,State,0,0,6,0,0,,342,2247,0,0,0,0,0
2021-12-29,American,N746XX,2109,DEN,CityName,State,ATL,CityName,State,0,0,-12,0,0,,111,2030,0,0,0,0,0
2021-12-29,United,N835XX,5323,SFO,CityName,State,DEN,CityName,State,0,0,3,0,0,,225,2146,0,0,0,0,0
2021-12-29,United,N340XX,2321,ATL,CityName,State,MIA,CityName,State,0,0,6,0,0,,223,1839,0,0,0,0,0
2021-12-30,Southwest,N242XX,5900,ATL,CityName,State,SEA,CityName,State,15,1,14,0,0,,178,500,0,0,0,0,0
2021-12-30,JetBlue,N489XX,6166,ORD,CityName,State,BOS,CityName,State,0,0,7,0,0,,248,498,0,0,0,0,0
2021-12-30,United,N686XX,9963,DEN,CityName,State,DEN,CityName,State,0,0,-10,0,0,,309,2970,0,0,0,0,0
2021-12-30,JetBlue,N334XX,4326,LAX,CityName,State,JFK,CityName,State,30,1,23,1,0,,235,2133,0,23,0,0,0
2021-12-30,United,N927XX,4417,DFW,CityName,State,SFO,CityName,State,30,1,35,1,0,,190,1758,0,35,0,0,0
2021-12-30,JetBlue,N511XX,1760,SFO,CityName,State,DFW,CityName,State,0,0,2,0,0,,137,2727,0,0,0,0,0
2021-12-30,United,N147XX,2750,SFO,CityName,State,DEN,CityName,State,0,0,9,0,0,,195,747,0,0,0,0,0
2021-12-30,American,N177XX,4798,ATL,CityName,State,JFK,CityName,State,15,1,5,0,0,,282,2658,0,0,0,0,0
