FlightDate,Reporting_Airline,Tail_Number,Flight_Number_Reporting_Airline,Origin,OriginCityName,OriginState,Dest,DestCityName,DestState,DepDelay,DepDel15,ArrDelay,ArrDel15,Cancelled,CancellationCode,AirTime,Distance,CarrierDelay,WeatherDelay,NASDelay,SecurityDelay,LateAircraftDelay
2023-01-01,American,N727XX,404,ATL,CityName,State,SFO,CityName,State,60,1,58,1,0,,272,1479,58,0,0,0,0
2023-01-01,Southwest,N909XX,6804,MIA,CityName,State,ORD,CityName,State,0,0,0,0,0,,355,516,0,0,0,0,0
2023-01-01,Delta,N204XX,4520,JFK,CityName,State,SFO,CityName,State,0,0,-2,0,0,,127,269,0,0,0,0,0
2023-01-01,American,N685XX,4612,BOS,CityName,State,ATL,CityName,State,0,0,-5,0,0,,298,2506,0,0,0,0,0
2023-01-01,Southwest,N926XX,8481,DEN,CityName,State,SEA,CityName,State,0,0,0,0,1,A,197,1410,0,0,0,0,0
2023-01-01,JetBlue,N260XX,3556,BOS,CityName,State,LAX,CityName,State,0,0,-6,0,0,,50,1479,0,0,0,0,0
2023-01-01,Delta,N635XX,4661,DEN,CityName,State,ORD,CityName,State,0,0,-9,0,0,,79,1621,0,0,0,0,0
2023-01-01,American,N443XX,3737,DFW,CityName,State,SEA,CityName,State,0,0,9,0,0,,189,2837,0,0,0,0,0
2023-01-01,Delta,N432XX,298,JFK,CityName,State,DEN,CityName,State,0,0,-3,0,0,,161,2854,0,0,0,0,0
2023-01-02,American,N626XX,3133,BOS,CityName,State,SFO,CityName,State,0,0,7,0,0,,293,315,0,0,0,0,0
2023-01-02,American,N325XX,1622,SFO,CityName,State,ATL,CityName,State,0,0,4,0,0,,50,383,0,0,0,0,0
2023-01-02,JetBlue,N193XX,7645,ATL,CityName,State,SFO,CityName,State,0,0,-8,0,0,,332,509,0,0,0,0,0
2023-01-02,Delta,N535XX,2246,DEN,CityName,State,SFO,CityName,State,0,0,-6,0,0,,343,586,0,0,0,0,0
2023-01-02,United,N617XX,3126,DEN,CityName,State,DFW,CityName,State,0,0,-3,0,0,,214,412,0,0,0,0,0
2023-01-02,Delta,N154XX,5607,JFK,CityName,State,BOS,CityName,State,0,0,-8,0,0,,288,1791,0,0,0,0,0
2023-01-03,American,N639XX,2046,SFO,CityName,State,SFO,CityName,State,0,0,5,0,0,,108,222,0,0,0,0,0
2023-01-03,Delta,N582XX,4399,SFO,CityName,State,DEN,CityName,State,0,0,9,0,0,,331,2991,0,0,0,0,0
2023-01-03,Southwest,N446XX,6213,SFO,CityName,State,ORD,CityName,State,0,0,-14,0,0,,160,451,0,0,0,0,0
2023-01-03,American,N982XX,4629,MIA,CityName,State,BOS,CityName,State,15,1,24,1,0,,112,811,24,0,0,0,0
2023-01-03,JetBlue,N410XX,1712,BOS,CityName,State,ATL,CityName,State,0,0,-6,0,0,,267,2081,0,0,0,0,0
2023-01-03,Southwest,N803XX,8271,BOS,CityName,State,JFK,CityName,State,0,0,6,0,0,,292,1365,0,0,0,0,0
2023-01-03,American,N141XX,4129,DFW,CityName,State,MIA,CityName,State,0,0,1,0,0,,215,1382,0,0,0,0,0
2023-01-03,United,N289XX,5629,BOS,CityName,State,JFK,CityName,State,0,0,-9,0,0,,145,1646,0,0,0,0,0
2023-01-03,United,N576XX,2535,DFW,CityName,State,ORD,CityName,State,15,1,3,0,0,,137,810,0,0,0,0,0
2023-01-03,Delta,N284XX,1827,ORD,CityName,State,SFO,CityName,State,0,0,-4,0,0,,79,2166,0,0,0,0,0
2023-01-03,United,N804XX,1124,BOS,CityName,State,ATL,CityName,State,0,0,-5,0,0,,111,1726,0,0,0,0,0
2023-01-04,Delta,N494XX,1021,BOS,CityName,State,LAX,CityName,State,0,0,9,0,0,,340,1279,0,0,0,0,0
2023-01-04,United,N612XX,472,ATL,CityName,State,JFK,CityName,State,0,0,-3,0,0,,135,707,0,0,0,0,0
2023-01-04,Southwest,N234XX,7167,SFO,CityName,State,DEN,CityName,State,60,1,50,1,0,,166,2206,0,0,0,0,50
2023-01-04,United,N971XX,9305,SFO,CityName,State,DEN,CityName,State,0,0,-13,0,0,,145,2887,0,0,0,0,0
2023-01-04,JetBlue,N465XX,9167,LAX,CityName,State,DEN,CityName,State,15,1,18,1,0,,54,549,18,0,0,0,0
2023-01-04,American,N332XX,1496,ORD,CityName,State,DEN,CityName,State,15,1,11,0,0,,357,389,0,0,0,0,0
2023-01-04,United,N807XX,3323,SEA,CityName,State,MIA,CityName,State,0,0,8,0,0,,160,737,0,0,0,0,0
2023-01-04,American,N854XX,2077,LAX,CityName,State,SFO,CityName,State,0,0,-2,0,0,,61,1195,0,0,0,0,0
2023-01-04,Southwest,N481XX,4257,LAX,CityName,State,JFK,CityName,State,0,0,-14,0,0,,227,1908,0,0,0,0,0
2023-01-04,United,N587XX,6151,JFK,CityName,State,JFK,CityName,State,0,0,8,0,0,,51,799,0,0,0,0,0
2023-01-04,American,N701XX,4002,SEA,CityName,State,ORD,CityName,State,45,1,34,1,0,,248,1411,0,34,0,0,0
2023-01-04,Delta,N138XX,3181,SFO,CityName,State,DEN,CityName,State,0,0,-3,0,0,,184,1594,0,0,0,0,0
2023-01-04,Southwest,N184XX,6392,ORD,CityName,State,ATL,CityName,State,15,1,8,0,0,,202,773,0,0,0,0,0
2023-01-04,United,N907XX,4060,BOS,CityName,State,MIA,CityName,State,60,1,58,1,0,,300,729,0,0,58,0,0
2023-01-04,United,N755XX,2494,DFW,CityName,State,DEN,CityName,State,0,0,9,0,0,,231,1755,0,0,0,0,0
2023-01-04,JetBlue,N967XX,9606,MIA,CityName,State,DFW,CityName,State,0,0,-11,0,0,,134,2535,0,0,0,0,0
2023-01-04,Delta,N407XX,5753,MIA,CityName,State,DFW,CityName,State,0,0,0,0,0,,342,587,0,0,0,0,0
2023-01-04,Southwest,N666XX,5111,DFW,CityName,State,JFK,CityName,State,0,0,8,0,0,,272,1047,0,0,0,0,0
2023-01-04,JetBlue,N175XX,8709,MIA,CityName,State,DFW,CityName,State,15,1,2,0,0,,181,1596,0,0,0,0,0
2023-01-04,Delta,N476XX,7483,ATL,CityName,State,SEA,CityName,State,0,0,-3,0,0,,49,2692,0,0,0,0,0
2023-01-04,United,N512XX,6860,MIA,CityName,State,MIA,CityName,State,0,0,-9,0,0,,77,1533,0,0,0,0,0
2023-01-04,Southwest,N954XX,5936,SFO,CityName,State,SFO,CityName,State,0,0,-10,0,0,,260,954,0,0,0,0,0
2023-01-05,Southwest,N364XX,6493,JFK,CityName,State,MIA,CityName,State,120,1,128,1,0,,294,609,128,0,0,0,0
2023-01-05,American,N973XX,4435,JFK,CityName,State,BOS,CityName,State,0,0,0,0,0,,218,1260,0,0,0,0,0
2023-01-05,JetBlue,N924XX,4640,SFO,CityName,State,SFO,CityName,State,0,0,-8,0,0,,61,683,0,0,0,0,0
2023-01-05,American,N924XX,9364,ORD,CityName,State,ATL,CityName,State,0,0,9,0,0,,217,2696,0,0,0,0,0
2023-01-05,JetBlue,N791XX,8518,MIA,CityName,State,LAX,CityName,State,0,0,-1,0,0,,220,502,0,0,0,0,0
2023-01-05,Delta,N790XX,5503,MIA,CityName,State,JFK,CityName,State,0,0,-14,0,0,,358,2837,0,0,0,0,0
2023-01-05,Delta,N340XX,243,SEA,CityName,State,ATL,CityName,State,0,0,-8,0,0,,150,1761,0,0,0,0,0
2023-01-05,JetBlue,N481XX,1972,DFW,CityName,State,ATL,CityName,State,0,0,-8,0,0,,179,1435,0,0,0,0,0
2023-01-05,JetBlue,N639XX,7181,BOS,CityName,State,DFW,CityName,State,0,0,-2,0,0,,279,1526,0,0,0,0,0
2023-01-05,Southwest,N423XX,4594,DFW,CityName,State,LAX,CityName,State,0,0,-3,0,0,,48,2127,0,0,0,0,0
2023-01-05,Delta,N484XX,2127,LAX,CityName,State,SFO,CityName,State,0,0,-12,0,0,,62,1190,0,0,0,0,0
2023-01-05,Delta,N633XX,1238,ORD,CityName,State,LAX,CityName,State,0,0,4,0,0,,224,232,0,0,0,0,0
2023-01-05,American,N251XX,5699,SEA,CityName,State,SEA,CityName,State,0,0,1,0,0,,225,2507,0,0,0,0,0
2023-01-05,United,N510XX,6941,MIA,CityName,State,SEA,CityName,State,0,0,-13,0,0,,185,978,0,0,0,0,0
2023-01-05,Southwest,N471XX,6866,SFO,CityName,State,MIA,CityName,State,0,0,-6,0,0,,192,1721,0,0,0,0,0
2023-01-05,Delta,N335XX,8016,JFK,CityName,State,ATL,CityName,State,60,1,59,1,0,,64,236,59,0,0,0,0
2023-01-05,American,N476XX,6235,SFO,CityName,State,DEN,CityName,State,0,0,0,0,0,,234,1735,0,0,0,0,0
2023-01-05,JetBlue,N471XX,5961,ORD,CityName,State,ATL,CityName,State,0,0,9,0,0,,106,1104,0,0,0,0,0
2023-01-05,JetBlue,N975XX,4224,BOS,CityName,State,SFO,CityName,State,0,0,-12,0,0,,354,563,0,0,0,0,0
2023-01-06,Delta,N623XX,3500,ORD,CityName,State,DFW,CityName,State,0,0,-3,0,0,,107,160,0,0,0,0,0
2023-01-06,United,N482XX,3061,SFO,CityName,State,LAX,CityName,State,0,0,2,0,0,,254,483,0,0,0,0,0
2023-01-06,Delta,N587XX,1454,LAX,CityName,State,ATL,CityName,State,0,0,-12,0,0,,351,673,0,0,0,0,0
2023-01-06,JetBlue,N397XX,4542,LAX,CityName,State,SFO,CityName,State,45,1,34,1,0,,241,1530,0,0,0,0,34
2023-01-06,JetBlue,N302XX,7442,ATL,CityName,State,DFW,CityName,State,0,0,-9,0,0,,288,2543,0,0,0,0,0
2023-01-06,American,N804XX,5608,SEA,CityName,State,MIA,CityName,State,0,0,7,0,0,,247,2769,0,0,0,0,0
2023-01-06,Delta,N949XX,9330,BOS,CityName,State,BOS,CityName,State,0,0,-12,0,0,,104,152,0,0,0,0,0
2023-01-06,Southwest,N641XX,8047,LAX,CityName,State,MIA,CityName,State,0,0,-4,0,0,,129,793,0,0,0,0,0
2023-01-06,American,N197XX,4614,MIA,CityName,State,DFW,CityName,State,0,0,1,0,0,,336,2636,0,0,0,0,0
2023-01-06,Delta,N560XX,5897,MIA,CityName,State,SFO,CityName,State,0,0,0,0,0,,259,1482,0,0,0,0,0
2023-01-06,Southwest,N853XX,682,JFK,CityName,State,MIA,CityName,State,0,0,9,0,0,,239,1440,0,0,0,0,0
2023-01-06,United,N344XX,293,SFO,CityName,State,JFK,CityName,State,0,0,-8,0,0,,168,2922,0,0,0,0,0
2023-01-06,United,N899XX,1700,SFO,CityName,State,SEA,CityName,State,0,0,3,0,0,,239,2665,0,0,0,0,0
2023-01-07,Delta,N738XX,1438,SEA,CityName,State,ATL,CityName,State,0,0,-5,0,0,,203,2980,0,0,0,0,0
2023-01-07,JetBlue,N329XX,7344,MIA,CityName,State,ORD,CityName,State,0,0,-13,0,0,,207,2452,0,0,0,0,0
2023-01-07,Southwest,N981XX,2317,JFK,CityName,State,LAX,CityName,State,0,0,-10,0,0,,166,1550,0,0,0,0,0
2023-01-07,Delta,N832XX,3871,DEN,CityName,State,ORD,CityName,State,0,0,4,0,0,,337,1488,0,0,0,0,0
2023-01-07,Delta,N814XX,189,SEA,CityName,State,LAX,CityName,State,15,1,25,1,0,,141,160,25,0,0,0,0
2023-01-07,American,N301XX,1770,ORD,CityName,State,ORD,CityName,State,0,0,-5,0,0,,49,2847,0,0,0,0,0
2023-01-07,Delta,N622XX,1270,JFK,CityName,State,MIA,CityName,State,0,0,5,0,0,,200,778,0,0,0,0,0
2023-01-07,American,N576XX,7913,LAX,CityName,State,LAX,CityName,State,0,0,-11,0,0,,69,962,0,0,0,0,0
2023-01-07,Southwest,N235XX,8083,ATL,CityName,State,ATL,CityName,State,30,1,20,1,0,,344,1878,0,0,20,0,0
2023-01-07,United,N611XX,5505,DEN,CityName,State,SFO,CityName,State,0,0,3,0,0,,147,2171,0,0,0,0,0
2023-01-08,American,N672XX,9291,LAX,CityName,State,DEN,CityName,State,0,0,9,0,0,,284,2364,0,0,0,0,0
2023-01-08,JetBlue,N937XX,8574,JFK,CityName,State,BOS,CityName,State,15,1,25,1,0,,154,516,0,25,0,0,0
2023-01-08,Delta,N868XX,9918,JFK,CityName,State,MIA,CityName,State,0,0,-14,0,0,,72,2314,0,0,0,0,0
2023-01-08,American,N683XX,8156,DFW,CityName,State,SEA,CityName,State,0,0,-9,0,0,,262,1757,0,0,0,0,0
2023-01-08,Southwest,N534XX,8696,JFK,CityName,State,ATL,CityName,State,0,0,-2,0,0,,65,450,0,0,0,0,0
2023-01-08,American,N692XX,4322,JFK,CityName,State,LAX,CityName,State,15,1,21,1,0,,233,1928,0,0,0,0,21
2023-01-08,Southwest,N629XX,8620,MIA,CityName,State,DEN,CityName,State,15,1,14,0,0,,139,2933,0,0,0,0,0
2023-01-08,American,N616XX,3097,LAX,CityName,State,ORD,CityName,State,45,1,48,1,0,,154,2980,0,0,0,0,48
2023-01-08,Southwest,N681XX,9517,SFO,CityName,State,SFO,CityName,State,0,0,3,0,0,,141,2284,0,0,0,0,0
2023-01-08,Delta,N773XX,1290,LAX,CityName,State,SFO,CityName,State,0,0,7,0,0,,52,717,0,0,0,0,0
2023-01-08,American,N728XX,5083,SFO,CityName,State,ATL,CityName,State,0,0,4,0,0,,99,2269,0,0,0,0,0
2023-01-08,JetBlue,N972XX,1066,DEN,CityName,State,SFO,CityName,State,0,0,-5,0,0,,186,1304,0,0,0,0,0
2023-01-08,Southwest,N289XX,2381,DFW,CityName,State,ORD,CityName,State,0,0,-13,0,0,,230,1069,0,0,0,0,0
2023-01-08,United,N222XX,252,JFK,CityName,State,ORD,CityName,State,0,0,10,0,0,,211,270,0,0,0,0,0
2023-01-08,Delta,N571XX,945,BOS,CityName,State,JFK,CityName,State,0,0,0,0,0,,64,2520,0,0,0,0,0
2023-01-08,JetBlue,N866XX,2904,DFW,CityName,State,LAX,CityName,State,0,0,4,0,0,,245,792,0,0,0,0,0
2023-01-08,JetBlue,N679XX,2804,JFK,CityName,State,JFK,CityName,State,0,0,10,0,0,,274,2094,0,0,0,0,0
2023-01-08,United,N323XX,9276,MIA,CityName,State,SEA,CityName,State,0,0,7,0,0,,63,1542,0,0,0,0,0
2023-01-08,Delta,N985XX,7962,JFK,CityName,State,JFK,CityName,State,0,0,-9,0,0,,277,2629,0,0,0,0,0
2023-01-08,Southwest,N821XX,2834,ORD,CityName,State,DEN,CityName,State,0,0,0,0,0,,313,625,0,0,0,0,0
2023-01-08,Southwest,N854XX,8692,LAX,CityName,State,JFK,CityName,State,0,0,-11,0,0,,284,785,0,0,0,0,0
2023-01-08,Delta,N408XX,7371,DFW,CityName,State,MIA,CityName,State,0,0,9,0,0,,169,2445,0,0,0,0,0
2023-01-09,JetBlue,N376XX,2010,SFO,CityName,State,MIA,CityName,State,0,0,7,0,0,,118,1417,0,0,0,0,0
2023-01-09,United,N313XX,5431,SFO,CityName,State,SFO,CityName,State,0,0,-9,0,0,,74,2285,0,0,0,0,0
2023-01-09,American,N839XX,1274,SEA,CityName,State,BOS,CityName,State,0,0,-14,0,0,,112,2422,0,0,0,0,0
2023-01-09,Delta,N342XX,3144,MIA,CityName,State,ATL,CityName,State,0,0,3,0,0,,162,1244,0,0,0,0,0
2023-01-09,American,N838XX,9970,JFK,CityName,State,LAX,CityName,State,240,1,240,1,0,,195,476,0,0,240,0,0
2023-01-09,Delta,N583XX,1118,SEA,CityName,State,ATL,CityName,State,0,0,0,0,1,A,229,1491,0,0,0,0,0
2023-01-09,Southwest,N744XX,6299,JFK,CityName,State,DEN,CityName,State,0,0,0,0,1,A,173,459,0,0,0,0,0
2023-01-09,Delta,N510XX,6758,ORD,CityName,State,SEA,CityName,State,0,0,-9,0,0,,238,916,0,0,0,0,0
2023-01-09,JetBlue,N241XX,7897,LAX,CityName,State,JFK,CityName,State,0,0,3,0,0,,106,1277,0,0,0,0,0
2023-01-09,Delta,N839XX,1140,DFW,CityName,State,SFO,CityName,State,0,0,-11,0,0,,238,2634,0,0,0,0,0
2023-01-09,American,N404XX,8207,LAX,CityName,State,DEN,CityName,State,0,0,-1,0,0,,301,1168,0,0,0,0,0
2023-01-09,American,N818XX,1112,SFO,CityName,State,DFW,CityName,State,0,0,-14,0,0,,191,2872,0,0,0,0,0
2023-01-09,United,N978XX,2621,ATL,CityName,State,DEN,CityName,State,30,1,35,1,0,,166,2335,35,0,0,0,0
2023-01-09,Delta,N347XX,8749,BOS,CityName,State,MIA,CityName,State,15,1,1,0,0,,91,1264,0,0,0,0,0
2023-01-09,United,N974XX,791,ATL,CityName,State,LAX,CityName,State,15,1,14,0,0,,62,705,0,0,0,0,0
2023-01-09,JetBlue,N432XX,3135,SFO,CityName,State,ATL,CityName,State,0,0,-4,0,0,,325,2829,0,0,0,0,0
2023-01-09,Southwest,N960XX,4582,BOS,CityName,State,DFW,CityName,State,0,0,4,0,0,,179,2013,0,0,0,0,0
2023-01-09,Delta,N482XX,4014,MIA,CityName,State,DEN,CityName,State,15,1,23,1,0,,214,2390,0,0,23,0,0
2023-01-09,Southwest,N429XX,2449,DFW,CityName,State,SEA,CityName,State,60,1,66,1,0,,252,2248,0,66,0,0,0
2023-01-09,United,N931XX,4495,SFO,CityName,State,JFK,CityName,State,15,1,9,0,0,,345,2495,0,0,0,0,0
2023-01-09,JetBlue,N525XX,8892,BOS,CityName,State,ATL,CityName,State,0,0,-2,0,0,,131,161,0,0,0,0,0
2023-01-09,Delta,N612XX,4424,MIA,CityName,State,BOS,CityName,State,0,0,2,0,0,,54,271,0,0,0,0,0
2023-01-09,United,N776XX,5457,JFK,CityName,State,LAX,CityName,State,15,1,3,0,0,,202,581,0,0,0,0,0
2023-01-10,JetBlue,N958XX,8946,BOS,CityName,State,DFW,CityName,State,0,0,-12,0,0,,311,2246,0,0,0,0,0
2023-01-10,American,N101XX,3688,DFW,CityName,State,BOS,CityName,State,15,1,22,1,0,,200,1060,0,0,0,0,22
2023-01-10,American,N406XX,9361,DEN,CityName,State,SFO,CityName,State,0,0,-13,0,0,,131,406,0,0,0,0,0
2023-01-10,Southwest,N857XX,2430,JFK,CityName,State,BOS,CityName,State,15,1,10,0,0,,218,2217,0,0,0,0,0
2023-01-10,Southwest,N499XX,1283,JFK,CityName,State,SFO,CityName,State,30,1,21,1,0,,213,306,21,0,0,0,0
2023-01-10,Delta,N328XX,3596,LAX,CityName,State,SFO,CityName,State,0,0,-7,0,0,,214,2913,0,0,0,0,0
2023-01-10,American,N978XX,555,ORD,CityName,State,SFO,CityName,State,0,0,-10,0,0,,189,358,0,0,0,0,0
2023-01-10,United,N174XX,5112,BOS,CityName,State,SFO,CityName,State,0,0,7,0,0,,255,2362,0,0,0,0,0
2023-01-10,JetBlue,N881XX,4855,DFW,CityName,State,DFW,CityName,State,0,0,5,0,0,,209,2756,0,0,0,0,0
2023-01-10,Southwest,N337XX,8776,DEN,CityName,State,SEA,CityName,State,0,0,-6,0,0,,195,2838,0,0,0,0,0
2023-01-10,JetBlue,N121XX,3846,DEN,CityName,State,DEN,CityName,State,15,1,21,1,0,,355,2184,21,0,0,0,0
2023-01-10,Delta,N593XX,6684,LAX,CityName,State,SEA,CityName,State,45,1,46,1,0,,346,2749,46,0,0,0,0
2023-01-10,United,N704XX,1454,BOS,CityName,State,SEA,CityName,State,45,1,44,1,0,,308,2301,0,44,0,0,0
2023-01-10,JetBlue,N591XX,4857,SEA,CityName,State,DEN,CityName,State,120,1,110,1,0,,111,1834,0,0,110,0,0
2023-01-11,American,N654XX,6465,ATL,CityName,State,BOS,CityName,State,0,0,5,0,0,,200,248,0,0,0,0,0
2023-01-11,Delta,N297XX,2498,ATL,CityName,State,SEA,CityName,State,0,0,2,0,0,,63,2855,0,0,0,0,0
2023-01-11,American,N932XX,457,LAX,CityName,State,MIA,CityName,State,0,0,0,0,0,,62,1560,0,0,0,0,0
2023-01-11,JetBlue,N183XX,8528,ORD,CityName,State,DEN,CityName,State,15,1,19,1,0,,183,2331,0,0,19,0,0
2023-01-11,American,N634XX,5214,JFK,CityName,State,MIA,CityName,State,0,0,2,0,0,,207,2983,0,0,0,0,0
2023-01-11,United,N723XX,7543,JFK,CityName,State,SFO,CityName,State,0,0,-7,0,0,,140,1426,0,0,0,0,0
2023-01-11,Southwest,N801XX,4259,LAX,CityName,State,SEA,CityName,State,0,0,-6,0,0,,235,2775,0,0,0,0,0
2023-01-11,JetBlue,N136XX,7893,DFW,CityName,State,BOS,CityName,State,0,0,-12,0,0,,268,2333,0,0,0,0,0
2023-01-11,United,N491XX,4459,JFK,CityName,State,SFO,CityName,State,60,1,53,1,0,,186,488,0,0,53,0,0
2023-01-11,American,N300XX,3192,ATL,CityName,State,SEA,CityName,State,0,0,-14,0,0,,251,2051,0,0,0,0,0
2023-01-11,American,N695XX,333,SFO,CityName,State,BOS,CityName,State,0,0,10,0,0,,347,2407,0,0,0,0,0
2023-01-12,JetBlue,N636XX,9548,SFO,CityName,State,SEA,CityName,State,0,0,0,0,1,A,113,2493,0,0,0,0,0
2023-01-12,United,N341XX,3189,DFW,CityName,State,LAX,CityName,State,0,0,-11,0,0,,180,227,0,0,0,0,0
2023-01-12,JetBlue,N820XX,6811,DEN,CityName,State,DFW,CityName,State,0,0,-1,0,0,,197,1439,0,0,0,0,0
2023-01-12,United,N203XX,6565,SEA,CityName,State,LAX,CityName,State,0,0,0,0,0,,285,2496,0,0,0,0,0
2023-01-12,JetBlue,N401XX,4585,DEN,CityName,State,ORD,CityName,State,15,1,17,1,0,,97,2792,0,17,0,0,0
2023-01-13,Southwest,N200XX,8252,ORD,CityName,State,SEA,CityName,State,0,0,-5,0,0,,74,1916,0,0,0,0,0
2023-01-13,Southwest,N901XX,835,LAX,CityName,State,ORD,CityName,State,0,0,9,0,0,,52,1601,0,0,0,0,0
2023-01-13,United,N614XX,4980,DFW,CityName,State,SFO,CityName,State,0,0,6,0,0,,200,1116,0,0,0,0,0
2023-01-13,Delta,N886XX,790,DEN,CityName,State,SFO,CityName,State,0,0,-6,0,0,,203,1936,0,0,0,0,0
2023-01-13,Delta,N526XX,8216,MIA,CityName,State,BOS,CityName,State,0,0,-10,0,0,,197,2270,0,0,0,0,0
2023-01-13,Delta,N992XX,7188,DEN,CityName,State,SFO,CityName,State,0,0,-12,0,0,,111,230,0,0,0,0,0
2023-01-13,Delta,N975XX,7765,LAX,CityName,State,LAX,CityName,State,30,1,35,1,0,,257,2699,0,35,0,0,0
2023-01-13,Delta,N692XX,4980,BOS,CityName,State,JFK,CityName,State,0,0,-7,0,0,,164,359,0,0,0,0,0
2023-01-13,Delta,N129XX,877,ORD,CityName,State,ORD,CityName,State,0,0,-8,0,0,,274,1861,0,0,0,0,0
2023-01-13,JetBlue,N188XX,3499,ORD,CityName,State,ATL,CityName,State,60,1,50,1,0,,144,1041,0,0,0,0,50
2023-01-13,JetBlue,N610XX,3978,ATL,CityName,State,ORD,CityName,State,30,1,25,1,0,,112,1024,0,0,25,0,0
2023-01-13,JetBlue,N333XX,6544,MIA,CityName,State,DEN,CityName,State,15,1,6,0,0,,213,2231,0,0,0,0,0
2023-01-13,Southwest,N989XX,9904,DFW,CityName,State,ORD,CityName,State,0,0,9,0,0,,107,1591,0,0,0,0,0
2023-01-13,Southwest,N950XX,8238,ATL,CityName,State,DFW,CityName,State,0,0,-6,0,0,,78,526,0,0,0,0,0
2023-01-13,Southwest,N971XX,4230,SFO,CityName,State,DFW,CityName,State,15,1,16,1,0,,316,468,0,16,0,0,0
2023-01-13,Delta,N596XX,132,DEN,CityName,State,SEA,CityName,State,0,0,-5,0,0,,155,680,0,0,0,0,0
2023-01-14,Delta,N498XX,3600,ORD,CityName,State,DEN,CityName,State,30,1,29,1,0,,106,274,0,0,29,0,0
2023-01-14,United,N510XX,5254,BOS,CityName,State,ATL,CityName,State,0,0,-13,0,0,,228,2262,0,0,0,0,0
2023-01-14,Southwest,N830XX,2225,JFK,CityName,State,MIA,CityName,State,0,0,-11,0,0,,125,1396,0,0,0,0,0
2023-01-14,Delta,N414XX,9294,ATL,CityName,State,MIA,CityName,State,0,0,-4,0,0,,66,2583,0,0,0,0,0
2023-01-14,American,N738XX,418,JFK,CityName,State,JFK,CityName,State,30,1,40,1,0,,148,712,0,0,40,0,0
2023-01-14,United,N747XX,7175,LAX,CityName,State,SFO,CityName,State,0,0,-8,0,0,,260,991,0,0,0,0,0
2023-01-14,Delta,N442XX,8854,ATL,CityName,State,DFW,CityName,State,15,1,23,1,0,,129,1596,0,0,23,0,0
2023-01-14,Delta,N624XX,9617,DEN,CityName,State,BOS,CityName,State,0,0,5,0,0,,56,1456,0,0,0,0,0
2023-01-14,Delta,N373XX,849,DFW,CityName,State,SEA,CityName,State,0,0,-11,0,0,,114,593,0,0,0,0,0
2023-01-14,JetBlue,N880XX,2810,BOS,CityName,State,ATL,CityName,State,0,0,5,0,0,,254,2231,0,0,0,0,0
2023-01-14,Delta,N571XX,9086,JFK,CityName,State,BOS,CityName,State,0,0,-3,0,0,,48,182,0,0,0,0,0
2023-01-14,United,N724XX,464,DFW,CityName,State,JFK,CityName,State,0,0,0,0,0,,63,1373,0,0,0,0,0
2023-01-14,JetBlue,N238XX,2910,ATL,CityName,State,ORD,CityName,State,0,0,-12,0,0,,47,1239,0,0,0,0,0
2023-01-14,Southwest,N160XX,5357,SEA,CityName,State,BOS,CityName,State,15,1,20,1,0,,48,285,0,0,0,0,20
2023-01-15,Delta,N444XX,9238,JFK,CityName,State,MIA,CityName,State,0,0,-11,0,0,,353,2638,0,0,0,0,0
2023-01-15,Delta,N675XX,7241,DFW,CityName,State,SFO,CityName,State,0,0,-9,0,0,,306,1821,0,0,0,0,0
2023-01-15,American,N191XX,2555,ATL,CityName,State,DEN,CityName,State,30,1,18,1,0,,203,1821,18,0,0,0,0
2023-01-15,JetBlue,N922XX,7550,DEN,CityName,State,SFO,CityName,State,0,0,-4,0,0,,204,1436,0,0,0,0,0
2023-01-15,JetBlue,N658XX,8620,SEA,CityName,State,DEN,CityName,State,0,0,-3,0,0,,98,1812,0,0,0,0,0
2023-01-15,Southwest,N248XX,9730,ORD,CityName,State,BOS,CityName,State,0,0,-1,0,0,,314,1689,0,0,0,0,0
2023-01-15,American,N493XX,1411,DFW,CityName,State,SEA,CityName,State,0,0,-9,0,0,,130,1264,0,0,0,0,0
2023-01-15,American,N618XX,6083,DFW,CityName,State,ORD,CityName,State,0,0,2,0,0,,355,325,0,0,0,0,0
2023-01-15,Southwest,N500XX,4069,SEA,CityName,State,DEN,CityName,State,0,0,-2,0,0,,339,1979,0,0,0,0,0
2023-01-16,Southwest,N288XX,2999,ATL,CityName,State,BOS,CityName,State,120,1,124,1,0,,145,242,0,0,124,0,0
2023-01-16,American,N376XX,8775,JFK,CityName,State,DFW,CityName,State,0,0,0,0,0,,134,2207,0,0,0,0,0
2023-01-16,American,N282XX,7256,SFO,CityName,State,MIA,CityName,State,0,0,4,0,0,,266,2115,0,0,0,0,0
2023-01-16,American,N246XX,2348,LAX,CityName,State,LAX,CityName,State,0,0,1,0,0,,305,2405,0,0,0,0,0
2023-01-16,United,N918XX,7500,SFO,CityName,State,BOS,CityName,State,0,0,-3,0,0,,264,2042,0,0,0,0,0
2023-01-16,Southwest,N862XX,3124,ORD,CityName,State,MIA,CityName,State,45,1,34,1,0,,144,2535,34,0,0,0,0
2023-01-16,JetBlue,N694XX,5556,ORD,CityName,State,BOS,CityName,State,30,1,28,1,0,,283,2903,0,28,0,0,0
2023-01-16,American,N701XX,5108,ORD,CityName,State,ORD,CityName,State,15,1,23,1,0,,191,2907,23,0,0,0,0
2023-01-16,JetBlue,N944XX,3863,SEA,CityName,State,ORD,CityName,State,0,0,5,0,0,,195,2299,0,0,0,0,0
2023-01-16,JetBlue,N676XX,787,BOS,CityName,State,JFK,CityName,State,15,1,22,1,0,,324,2848,0,0,22,0,0
2023-01-16,Southwest,N967XX,9485,SEA,CityName,State,ATL,CityName,State,0,0,-3,0,0,,238,947,0,0,0,0,0
2023-01-16,United,N678XX,8620,DFW,CityName,State,SFO,CityName,State,0,0,-6,0,0,,329,1338,0,0,0,0,0
2023-01-16,Southwest,N571XX,3945,MIA,CityName,State,SFO,CityName,State,30,1,30,1,0,,160,957,0,0,30,0,0
2023-01-16,JetBlue,N533XX,1126,JFK,CityName,State,JFK,CityName,State,0,0,-14,0,0,,309,1724,0,0,0,0,0
2023-01-16,American,N987XX,9318,LAX,CityName,State,JFK,CityName,State,15,1,11,0,0,,288,479,0,0,0,0,0
2023-01-16,Southwest,N195XX,463,LAX,CityName,State,JFK,CityName,State,0,0,-2,0,0,,149,637,0,0,0,0,0
2023-01-17,Delta,N831XX,2641,MIA,CityName,State,LAX,CityName,State,0,0,-4,0,0,,212,2661,0,0,0,0,0
2023-01-17,Southwest,N619XX,5401,JFK,CityName,State,ORD,CityName,State,0,0,5,0,0,,301,1975,0,0,0,0,0
2023-01-17,Delta,N205XX,739,BOS,CityName,State,ORD,CityName,State,0,0,-6,0,0,,76,1795,0,0,0,0,0
2023-01-17,United,N707XX,814,ATL,CityName,State,JFK,CityName,State,0,0,7,0,0,,113,1226,0,0,0,0,0
2023-01-17,Southwest,N551XX,9083,JFK,CityName,State,BOS,CityName,State,0,0,-14,0,0,,204,932,0,0,0,0,0
2023-01-17,American,N898XX,6088,MIA,CityName,State,JFK,CityName,State,15,1,21,1,0,,200,2722,21,0,0,0,0
2023-01-17,American,N182XX,1815,BOS,CityName,State,DFW,CityName,State,0,0,1,0,0,,111,845,0,0,0,0,0
2023-01-17,Southwest,N721XX,7864,DEN,CityName,State,ORD,CityName,State,0,0,-12,0,0,,103,1543,0,0,0,0,0
2023-01-17,JetBlue,N646XX,5477,DEN,CityName,State,ORD,CityName,State,45,1,48,1,0,,191,1016,48,0,0,0,0
2023-01-17,Southwest,N243XX,9688,DFW,CityName,State,SFO,CityName,State,0,0,8,0,0,,76,1121,0,0,0,0,0
2023-01-17,JetBlue,N853XX,6605,ORD,CityName,State,BOS,CityName,State,0,0,-10,0,0,,224,2832,0,0,0,0,0
2023-01-17,United,N183XX,9958,SFO,CityName,State,DFW,CityName,State,0,0,1,0,0,,247,1143,0,0,0,0,0
2023-01-17,Southwest,N747XX,112,JFK,CityName,State,BOS,CityName,State,0,0,-8,0,0,,299,2884,0,0,0,0,0
2023-01-17,Delta,N848XX,1108,JFK,CityName,State,DEN,CityName,State,0,0,10,0,0,,264,1780,0,0,0,0,0
2023-01-17,JetBlue,N394XX,1664,DFW,CityName,State,ORD,CityName,State,0,0,0,0,1,A,137,423,0,0,0,0,0
2023-01-17,JetBlue,N667XX,4033,ATL,CityName,State,SEA,CityName,State,0,0,8,0,0,,250,303,0,0,0,0,0
2023-01-17,Southwest,N344XX,7239,BOS,CityName,State,SEA,CityName,State,0,0,5,0,0,,108,2475,0,0,0,0,0
2023-01-17,JetBlue,N743XX,2568,DFW,CityName,State,LAX,CityName,State,15,1,14,0,0,,248,1064,0,0,0,0,0
2023-01-18,JetBlue,N264XX,1861,DFW,CityName,State,ORD,CityName,State,0,0,9,0,0,,150,1697,0,0,0,0,0
2023-01-18,JetBlue,N877XX,9843,ORD,CityName,State,BOS,CityName,State,30,1,19,1,0,,187,2955,0,0,19,0,0
2023-01-18,United,N243XX,1507,MIA,CityName,State,ORD,CityName,State,0,0,-8,0,0,,92,697,0,0,0,0,0
2023-01-18,JetBlue,N488XX,6508,LAX,CityName,State,BOS,CityName,State,0,0,-1,0,0,,173,1998,0,0,0,0,0
2023-01-18,Southwest,N463XX,4284,DEN,CityName,State,ORD,CityName,State,0,0,-8,0,0,,89,1682,0,0,0,0,0
2023-01-18,Southwest,N381XX,1199,JFK,CityName,State,MIA,CityName,State,60,1,68,1,0,,338,340,68,0,0,0,0
2023-01-18,American,N414XX,5448,ATL,CityName,State,ATL,CityName,State,45,1,54,1,0,,144,1941,0,0,0,0,54
2023-01-18,Southwest,N760XX,5957,LAX,CityName,State,MIA,CityName,State,0,0,1,0,0,,115,1728,0,0,0,0,0
2023-01-18,Southwest,N794XX,1694,DEN,CityName,State,JFK,CityName,State,0,0,-4,0,0,,305,2339,0,0,0,0,0
2023-01-18,United,N464XX,3459,ORD,CityName,State,DFW,CityName,State,0,0,-2,0,0,,306,399,0,0,0,0,0
2023-01-18,Delta,N673XX,4904,DEN,CityName,State,DEN,CityName,State,0,0,-2,0,0,,312,1623,0,0,0,0,0
2023-01-19,Southwest,N606XX,5684,MIA,CityName,State,LAX,CityName,State,0,0,-1,0,0,,252,723,0,0,0,0,0
2023-01-19,JetBlue,N237XX,700,DEN,CityName,State,MIA,CityName,State,30,1,23,1,0,,74,953,0,0,0,0,23
2023-01-19,Delta,N689XX,4239,SEA,CityName,State,SEA,CityName,State,0,0,-9,0,0,,298,317,0,0,0,0,0
2023-01-19,JetBlue,N402XX,7527,BOS,CityName,State,SEA,CityName,State,0,0,-4,0,0,,253,2070,0,0,0,0,0
2023-01-19,JetBlue,N558XX,1377,ORD,CityName,State,MIA,CityName,State,0,0,-7,0,0,,174,1590,0,0,0,0,0
2023-01-19,Southwest,N802XX,9500,SFO,CityName,State,DEN,CityName,State,0,0,-9,0,0,,69,1292,0,0,0,0,0
2023-01-19,Southwest,N701XX,846,MIA,CityName,State,ATL,CityName,State,0,0,9,0,0,,63,1645,0,0,0,0,0
2023-01-19,Southwest,N171XX,441,LAX,CityName,State,DEN,CityName,State,0,0,-1,0,0,,173,2540,0,0,0,0,0
2023-01-19,United,N605XX,598,SFO,CityName,State,MIA,CityName,State,0,0,3,0,0,,234,2123,0,0,0,0,0
2023-01-19,Delta,N430XX,7632,DFW,CityName,State,ORD,CityName,State,120,1,124,1,0,,174,2299,0,0,0,0,124
2023-01-20,Southwest,N559XX,6833,SEA,CityName,State,SFO,CityName,State,0,0,9,0,0,,59,939,0,0,0,0,0
2023-01-20,United,N501XX,2031,DFW,CityName,State,MIA,CityName,State,0,0,-12,0,0,,338,579,0,0,0,0,0
2023-01-20,Delta,N612XX,5490,MIA,CityName,State,DFW,CityName,State,0,0,-9,0,0,,335,667,0,0,0,0,0
2023-01-20,Southwest,N814XX,6430,JFK,CityName,State,MIA,CityName,State,0,0,-12,0,0,,322,717,0,0,0,0,0
2023-01-20,Southwest,N248XX,3148,SFO,CityName,State,DFW,CityName,State,0,0,8,0,0,,174,800,0,0,0,0,0
2023-01-20,American,N852XX,5053,LAX,CityName,State,LAX,CityName,State,0,0,-4,0,0,,181,1138,0,0,0,0,0
2023-01-20,Delta,N801XX,3091,SEA,CityName,State,SFO,CityName,State,0,0,10,0,0,,81,1117,0,0,0,0,0
2023-01-20,Southwest,N757XX,4386,MIA,CityName,State,ATL,CityName,State,0,0,-2,0,0,,279,1215,0,0,0,0,0
2023-01-20,Southwest,N655XX,3990,ATL,CityName,State,ATL,CityName,State,0,0,-5,0,0,,327,326,0,0,0,0,0
2023-01-20,United,N680XX,9787,LAX,CityName,State,LAX,CityName,State,0,0,-9,0,0,,161,1285,0,0,0,0,0
2023-01-20,Southwest,N948XX,5061,DFW,CityName,State,SEA,CityName,State,0,0,-14,0,0,,194,1278,0,0,0,0,0
2023-01-20,American,N759XX,2611,DFW,CityName,State,ORD,CityName,State,0,0,9,0,0,,206,648,0,0,0,0,0
2023-01-20,Southwest,N278XX,8100,SFO,CityName,State,DFW,CityName,State,0,0,5,0,0,,336,704,0,0,0,0,0
2023-01-20,JetBlue,N759XX,7550,SFO,CityName,State,MIA,CityName,State,0,0,-9,0,0,,64,670,0,0,0,0,0
2023-01-20,United,N254XX,1992,LAX,CityName,State,JFK,CityName,State,15,1,21,1,0,,115,1785,0,0,21,0,0
2023-01-20,Southwest,N570XX,4592,BOS,CityName,State,ORD,CityName,State,15,1,3,0,0,,314,490,0,0,0,0,0
2023-01-20,Southwest,N687XX,3575,DEN,CityName,State,LAX,CityName,State,0,0,-7,0,0,,342,2301,0,0,0,0,0
2023-01-21,JetBlue,N993XX,9114,JFK,CityName,State,BOS,CityName,State,0,0,-8,0,0,,341,2912,0,0,0,0,0
2023-01-21,United,N407XX,792,ORD,CityName,State,SFO,CityName,State,0,0,4,0,0,,172,2312,0,0,0,0,0
2023-01-21,United,N384XX,2641,SFO,CityName,State,ORD,CityName,State,0,0,4,0,0,,169,599,0,0,0,0,0
2023-01-21,Delta,N666XX,8840,ORD,CityName,State,SEA,CityName,State,0,0,1,0,0,,71,2695,0,0,0,0,0
2023-01-21,United,N336XX,999,DFW,CityName,State,MIA,CityName,State,120,1,125,1,0,,351,2795,0,125,0,0,0
2023-01-21,American,N793XX,924,ORD,CityName,State,JFK,CityName,State,0,0,-4,0,0,,119,1249,0,0,0,0,0
2023-01-21,Delta,N469XX,9834,SEA,CityName,State,LAX,CityName,State,0,0,-11,0,0,,162,1919,0,0,0,0,0
2023-01-21,United,N779XX,1519,ORD,CityName,State,DEN,CityName,State,15,1,21,1,0,,348,2742,21,0,0,0,0
2023-01-21,Delta,N823XX,9444,SEA,CityName,State,BOS,CityName,State,0,0,-4,0,0,,312,1037,0,0,0,0,0
2023-01-21,American,N900XX,4482,ORD,CityName,State,ORD,CityName,State,0,0,-14,0,0,,103,2144,0,0,0,0,0
2023-01-21,Delta,N504XX,3336,DFW,CityName,State,LAX,CityName,State,120,1,112,1,0,,245,2586,112,0,0,0,0
2023-01-22,Delta,N546XX,2168,DEN,CityName,State,LAX,CityName,State,0,0,7,0,0,,201,1006,0,0,0,0,0
2023-01-22,American,N923XX,7319,MIA,CityName,State,ORD,CityName,State,0,0,0,0,0,,299,1651,0,0,0,0,0
2023-01-22,JetBlue,N425XX,5127,MIA,CityName,State,BOS,CityName,State,0,0,3,0,0,,277,829,0,0,0,0,0
2023-01-22,United,N714XX,7881,MIA,CityName,State,LAX,CityName,State,15,1,25,1,0,,54,1151,0,0,25,0,0
2023-01-22,Southwest,N598XX,7289,ORD,CityName,State,MIA,CityName,State,0,0,-9,0,0,,184,1836,0,0,0,0,0
2023-01-22,JetBlue,N278XX,5858,SFO,CityName,State,SFO,CityName,State,0,0,-1,0,0,,207,1870,0,0,0,0,0
2023-01-22,Delta,N257XX,1897,ORD,CityName,State,LAX,CityName,State,0,0,-7,0,0,,239,1628,0,0,0,0,0
2023-01-22,American,N488XX,9482,ORD,CityName,State,DFW,CityName,State,0,0,3,0,0,,233,991,0,0,0,0,0
2023-01-22,JetBlue,N318XX,8142,JFK,CityName,State,JFK,CityName,State,0,0,3,0,0,,314,653,0,0,0,0,0
2023-01-22,JetBlue,N262XX,4803,DEN,CityName,State,DFW,CityName,State,0,0,-10,0,0,,235,1586,0,0,0,0,0
2023-01-22,Southwest,N939XX,3066,ATL,CityName,State,ORD,CityName,State,0,0,-1,0,0,,45,1877,0,0,0,0,0
2023-01-22,Southwest,N796XX,6793,SFO,CityName,State,ORD,CityName,State,0,0,-14,0,0,,288,2691,0,0,0,0,0
2023-01-22,JetBlue,N672XX,4111,DEN,CityName,State,DEN,CityName,State,0,0,-3,0,0,,323,1112,0,0,0,0,0
2023-01-23,Delta,N192XX,5118,SFO,CityName,State,DEN,CityName,State,0,0,-7,0,0,,341,793,0,0,0,0,0
2023-01-23,Southwest,N316XX,6206,SFO,CityName,State,SEA,CityName,State,0,0,10,0,0,,179,2955,0,0,0,0,0
2023-01-23,Southwest,N756XX,1238,MIA,CityName,State,BOS,CityName,State,0,0,-6,0,0,,183,1375,0,0,0,0,0
2023-01-23,JetBlue,N352XX,3009,BOS,CityName,State,ORD,CityName,State,30,1,27,1,0,,73,899,0,27,0,0,0
2023-01-23,United,N616XX,9732,DFW,CityName,State,JFK,CityName,State,0,0,-7,0,0,,182,1921,0,0,0,0,0
2023-01-23,Southwest,N702XX,3306,DFW,CityName,State,MIA,CityName,State,0,0,-7,0,0,,179,2636,0,0,0,0,0
2023-01-23,JetBlue,N656XX,2482,JFK,CityName,State,ATL,CityName,State,0,0,-1,0,0,,339,1814,0,0,0,0,0
2023-01-23,Delta,N815XX,3911,ORD,CityName,State,ORD,CityName,State,0,0,8,0,0,,280,2931,0,0,0,0,0
2023-01-23,American,N736XX,1988,MIA,CityName,State,DFW,CityName,State,0,0,-10,0,0,,146,2331,0,0,0,0,0
2023-01-23,Southwest,N326XX,9600,LAX,CityName,State,LAX,CityName,State,0,0,-9,0,0,,256,2898,0,0,0,0,0
2023-01-24,JetBlue,N335XX,8339,DEN,CityName,State,DFW,CityName,State,0,0,9,0,0,,134,152,0,0,0,0,0
2023-01-24,Southwest,N836XX,8830,JFK,CityName,State,SFO,CityName,State,0,0,-3,0,0,,281,884,0,0,0,0,0
2023-01-24,Delta,N307XX,634,SFO,CityName,State,DFW,CityName,State,0,0,-10,0,0,,308,2489,0,0,0,0,0
2023-01-24,United,N663XX,3451,DFW,CityName,State,ORD,CityName,State,0,0,-7,0,0,,195,2084,0,0,0,0,0
2023-01-24,American,N146XX,8302,ORD,CityName,State,LAX,CityName,State,0,0,10,0,0,,138,2215,0,0,0,0,0
2023-01-24,Southwest,N309XX,2747,JFK,CityName,State,ORD,CityName,State,0,0,-11,0,0,,194,1702,0,0,0,0,0
2023-01-24,Southwest,N404XX,9703,JFK,CityName,State,ATL,CityName,State,120,1,122,1,0,,177,725,122,0,0,0,0
2023-01-24,JetBlue,N117XX,6232,ATL,CityName,State,DEN,CityName,State,0,0,5,0,0,,93,442,0,0,0,0,0
2023-01-24,American,N331XX,1046,BOS,CityName,State,DEN,CityName,State,15,1,22,1,0,,119,742,22,0,0,0,0
2023-01-24,Delta,N781XX,4989,BOS,CityName,State,ATL,CityName,State,0,0,1,0,0,,305,2884,0,0,0,0,0
2023-01-24,Southwest,N539XX,6130,ATL,CityName,State,SFO,CityName,State,0,0,0,0,0,,48,1402,0,0,0,0,0
2023-01-24,American,N337XX,4392,LAX,CityName,State,SFO,CityName,State,0,0,5,0,0,,65,2301,0,0,0,0,0
2023-01-25,United,N432XX,6613,JFK,CityName,State,BOS,CityName,State,15,1,13,0,0,,117,1145,0,0,0,0,0
2023-01-25,Delta,N962XX,9587,LAX,CityName,State,DEN,CityName,State,45,1,53,1,0,,319,2688,53,0,0,0,0
2023-01-25,JetBlue,N696XX,8756,ORD,CityName,State,SFO,CityName,State,0,0,2,0,0,,81,1486,0,0,0,0,0
2023-01-25,American,N642XX,5149,JFK,CityName,State,ORD,CityName,State,0,0,-13,0,0,,243,337,0,0,0,0,0
2023-01-25,Southwest,N580XX,9049,DEN,CityName,State,SFO,CityName,State,0,0,-2,0,0,,129,1051,0,0,0,0,0
2023-01-25,Southwest,N440XX,9419,SEA,CityName,State,SEA,CityName,State,0,0,7,0,0,,195,2300,0,0,0,0,0
2023-01-25,United,N483XX,5174,DFW,CityName,State,DEN,CityName,State,0,0,-13,0,0,,286,1390,0,0,0,0,0
2023-01-25,Southwest,N824XX,4495,ATL,CityName,State,SEA,CityName,State,0,0,9,0,0,,84,175,0,0,0,0,0
2023-01-25,Delta,N470XX,8511,LAX,CityName,State,ORD,CityName,State,30,1,20,1,0,,332,198,20,0,0,0,0
2023-01-25,JetBlue,N775XX,5748,DEN,CityName,State,SFO,CityName,State,0,0,-4,0,0,,221,2264,0,0,0,0,0
2023-01-25,Southwest,N197XX,8589,ATL,CityName,State,ATL,CityName,State,0,0,-9,0,0,,94,1378,0,0,0,0,0
2023-01-25,JetBlue,N656XX,4442,LAX,CityName,State,LAX,CityName,State,0,0,-3,0,0,,65,2570,0,0,0,0,0
2023-01-25,United,N154XX,3088,ORD,CityName,State,DEN,CityName,State,0,0,-8,0,0,,294,426,0,0,0,0,0
2023-01-25,JetBlue,N462XX,278,JFK,CityName,State,DEN,CityName,State,0,0,1,0,0,,215,2153,0,0,0,0,0
2023-01-25,JetBlue,N444XX,2400,BOS,CityName,State,BOS,CityName,State,45,1,47,1,0,,311,2630,47,0,0,0,0
2023-01-25,JetBlue,N219XX,7809,DEN,CityName,State,SFO,CityName,State,0,0,-8,0,0,,100,606,0,0,0,0,0
2023-01-25,Delta,N751XX,5176,LAX,CityName,State,LAX,CityName,State,0,0,0,0,0,,145,1935,0,0,0,0,0
2023-01-25,American,N175XX,3819,DEN,CityName,State,DFW,CityName,State,0,0,-13,0,0,,109,268,0,0,0,0,0
2023-01-25,Southwest,N375XX,2252,LAX,CityName,State,SEA,CityName,State,0,0,6,0,0,,54,2282,0,0,0,0,0
2023-01-25,Southwest,N556XX,9294,MIA,CityName,State,MIA,CityName,State,15,1,16,1,0,,208,1773,16,0,0,0,0
2023-01-25,Southwest,N673XX,9101,SFO,CityName,State,BOS,CityName,State,0,0,9,0,0,,297,1245,0,0,0,0,0
2023-01-25,American,N961XX,3954,DEN,CityName,State,ATL,CityName,State,0,0,-12,0,0,,71,2929,0,0,0,0,0
2023-01-26,JetBlue,N307XX,2710,DFW,CityName,State,BOS,CityName,State,60,1,65,1,0,,243,1821,65,0,0,0,0
2023-01-26,Delta,N536XX,7670,DEN,CityName,State,JFK,CityName,State,15,1,10,0,0,,308,213,0,0,0,0,0
2023-01-26,Delta,N894XX,7860,DEN,CityName,State,SFO,CityName,State,0,0,-4,0,0,,172,889,0,0,0,0,0
2023-01-26,Southwest,N687XX,6730,LAX,CityName,State,MIA,CityName,State,0,0,8,0,0,,345,2902,0,0,0,0,0
2023-01-26,JetBlue,N143XX,5497,DFW,CityName,State,ORD,CityName,State,0,0,-7,0,0,,358,789,0,0,0,0,0
2023-01-26,American,N123XX,3956,DFW,CityName,State,JFK,CityName,State,0,0,4,0,0,,136,2754,0,0,0,0,0
2023-01-26,Southwest,N416XX,3590,LAX,CityName,State,SFO,CityName,State,0,0,9,0,0,,261,2816,0,0,0,0,0
2023-01-26,United,N470XX,1305,JFK,CityName,State,JFK,CityName,State,0,0,4,0,0,,278,1157,0,0,0,0,0
2023-01-26,Southwest,N761XX,3294,ORD,CityName,State,DFW,CityName,State,0,0,7,0,0,,270,1015,0,0,0,0,0
2023-01-26,United,N876XX,4173,DEN,CityName,State,ATL,CityName,State,0,0,-7,0,0,,134,605,0,0,0,0,0
2023-01-26,Delta,N473XX,6263,BOS,CityName,State,ORD,CityName,State,0,0,-13,0,0,,120,2135,0,0,0,0,0
2023-01-26,JetBlue,N328XX,8684,JFK,CityName,State,DEN,CityName,State,0,0,8,0,0,,67,1340,0,0,0,0,0
2023-01-26,Southwest,N119XX,1250,LAX,CityName,State,SFO,CityName,State,15,1,0,0,1,A,337,894,0,0,0,0,0
2023-01-26,Southwest,N346XX,5893,JFK,CityName,State,LAX,CityName,State,15,1,22,1,0,,323,2188,22,0,0,0,0
2023-01-26,Delta,N614XX,6458,MIA,CityName,State,DFW,CityName,State,120,1,120,1,0,,189,2224,0,0,0,0,120
2023-01-27,United,N963XX,1447,MIA,CityName,State,SEA,CityName,State,0,0,-14,0,0,,134,2947,0,0,0,0,0
2023-01-27,Southwest,N393XX,7546,MIA,CityName,State,DFW,CityName,State,60,1,65,1,0,,212,1642,65,0,0,0,0
2023-01-27,Delta,N923XX,9982,ATL,CityName,State,DEN,CityName,State,0,0,-7,0,0,,51,2016,0,0,0,0,0
2023-01-27,United,N460XX,1020,LAX,CityName,State,LAX,CityName,State,15,1,14,0,0,,269,2543,0,0,0,0,0
2023-01-27,JetBlue,N725XX,2909,ORD,CityName,State,DFW,CityName,State,0,0,7,0,0,,269,2127,0,0,0,0,0
2023-01-27,Delta,N339XX,1719,DFW,CityName,State,ORD,CityName,State,0,0,1,0,0,,207,1950,0,0,0,0,0
2023-01-27,Delta,N825XX,1006,ORD,CityName,State,JFK,CityName,State,0,0,10,0,0,,301,2352,0,0,0,0,0
2023-01-27,JetBlue,N587XX,711,DEN,CityName,State,ATL,CityName,State,0,0,6,0,0,,125,389,0,0,0,0,0
2023-01-27,Southwest,N143XX,4192,ATL,CityName,State,ORD,CityName,State,0,0,-14,0,0,,271,2271,0,0,0,0,0
2023-01-27,Delta,N617XX,9797,JFK,CityName,State,LAX,CityName,State,0,0,3,0,0,,250,188,0,0,0,0,0
2023-01-27,Southwest,N582XX,1108,ATL,CityName,State,ORD,CityName,State,0,0,-11,0,0,,268,1986,0,0,0,0,0
2023-01-28,United,N300XX,3091,MIA,CityName,State,SFO,CityName,State,0,0,4,0,0,,76,348,0,0,0,0,0
2023-01-28,Delta,N472XX,4564,DFW,CityName,State,ATL,CityName,State,0,0,6,0,0,,343,2780,0,0,0,0,0
2023-01-28,Southwest,N607XX,4899,LAX,CityName,State,JFK,CityName,State,15,1,2,0,0,,256,2805,0,0,0,0,0
2023-01-28,American,N875XX,9545,DEN,CityName,State,SEA,CityName,State,0,0,-13,0,0,,294,1494,0,0,0,0,0
2023-01-28,Southwest,N782XX,320,LAX,CityName,State,DFW,CityName,State,0,0,6,0,0,,341,695,0,0,0,0,0
2023-01-28,JetBlue,N688XX,2786,DEN,CityName,State,ORD,CityName,State,0,0,-8,0,0,,269,2392,0,0,0,0,0
2023-01-28,Southwest,N211XX,2473,DFW,CityName,State,MIA,CityName,State,0,0,9,0,0,,94,2568,0,0,0,0,0
2023-01-28,American,N776XX,7957,JFK,CityName,State,JFK,CityName,State,0,0,0,0,0,,328,1130,0,0,0,0,0
2023-01-28,United,N912XX,5157,DEN,CityName,State,ORD,CityName,State,0,0,1,0,0,,262,292,0,0,0,0,0
2023-01-28,American,N231XX,1872,SEA,CityName,State,MIA,CityName,State,15,1,22,1,0,,259,2799,0,22,0,0,0
2023-01-28,Southwest,N281XX,3807,LAX,CityName,State,LAX,CityName,State,0,0,9,0,0,,197,2575,0,0,0,0,0
2023-01-28,JetBlue,N659XX,3578,LAX,CityName,State,ATL,CityName,State,0,0,0,0,0,,206,435,0,0,0,0,0
2023-01-28,Southwest,N154XX,4013,SEA,CityName,State,SFO,CityName,State,60,1,52,1,0,,216,1440,52,0,0,0,0
2023-01-28,Delta,N680XX,6453,ATL,CityName,State,SFO,CityName,State,60,1,60,1,0,,242,243,60,0,0,0,0
2023-01-29,American,N770XX,2396,JFK,CityName,State,ORD,CityName,State,15,1,16,1,0,,177,2928,0,0,0,0,16
2023-01-29,Southwest,N125XX,8637,ORD,CityName,State,ORD,CityName,State,0,0,6,0,0,,48,1117,0,0,0,0,0
2023-01-29,Delta,N165XX,3885,BOS,CityName,State,SFO,CityName,State,0,0,-8,0,0,,324,1046,0,0,0,0,0
2023-01-29,United,N475XX,4204,ORD,CityName,State,DEN,CityName,State,0,0,-13,0,0,,276,1115,0,0,0,0,0
2023-01-29,American,N604XX,9574,ATL,CityName,State,LAX,CityName,State,0,0,6,0,0,,165,1282,0,0,0,0,0
2023-01-29,American,N830XX,3510,MIA,CityName,State,LAX,CityName,State,0,0,6,0,0,,328,2572,0,0,0,0,0
2023-01-29,American,N139XX,6510,DEN,CityName,State,LAX,CityName,State,15,1,25,1,0,,325,2381,25,0,0,0,0
2023-01-29,American,N322XX,6836,BOS,CityName,State,SEA,CityName,State,15,1,17,1,0,,278,1970,0,0,17,0,0
2023-01-29,JetBlue,N240XX,1755,DFW,CityName,State,DEN,CityName,State,0,0,1,0,0,,203,173,0,0,0,0,0
2023-01-29,American,N504XX,7494,ORD,CityName,State,JFK,CityName,State,0,0,-12,0,0,,242,1307,0,0,0,0,0
2023-01-29,United,N351XX,7043,SEA,CityName,State,LAX,CityName,State,0,0,-7,0,0,,182,2235,0,0,0,0,0
2023-01-29,Delta,N967XX,8584,MIA,CityName,State,JFK,CityName,State,30,1,26,1,0,,189,666,0,26,0,0,0
2023-01-29,JetBlue,N562XX,6821,BOS,CityName,State,SEA,CityName,State,0,0,3,0,0,,97,1342,0,0,0,0,0
2023-01-29,American,N822XX,2167,JFK,CityName,State,MIA,CityName,State,120,1,120,1,0,,305,1126,120,0,0,0,0
2023-01-29,American,N836XX,5724,ATL,CityName,State,DEN,CityName,State,0,0,1,0,0,,182,1044,0,0,0,0,0
2023-01-30,Delta,N685XX,5094,LAX,CityName,State,DEN,CityName,State,0,0,8,0,0,,262,430,0,0,0,0,0
2023-01-30,JetBlue,N170XX,3511,ATL,CityName,State,MIA,CityName,State,0,0,-9,0,0,,344,2509,0,0,0,0,0
2023-01-30,JetBlue,N693XX,6099,JFK,CityName,State,ORD,CityName,State,0,0,-4,0,0,,53,391,0,0,0,0,0
2023-01-30,JetBlue,N809XX,9030,DEN,CityName,State,ORD,CityName,State,0,0,-14,0,0,,159,2411,0,0,0,0,0
2023-01-30,Southwest,N329XX,2612,LAX,CityName,State,SEA,CityName,State,15,1,11,0,0,,84,2892,0,0,0,0,0
2023-01-30,Southwest,N211XX,5165,ORD,CityName,State,BOS,CityName,State,0,0,3,0,0,,55,1367,0,0,0,0,0
2023-01-30,American,N242XX,6607,MIA,CityName,State,DFW,CityName,State,45,1,52,1,0,,225,869,0,0,52,0,0
2023-01-30,United,N920XX,2245,MIA,CityName,State,ORD,CityName,State,0,0,3,0,0,,161,2607,0,0,0,0,0
2023-01-31,American,N382XX,2294,ATL,CityName,State,ATL,CityName,State,30,1,22,1,0,,179,1832,0,0,22,0,0
2023-01-31,Delta,N361XX,7813,SFO,CityName,State,DFW,CityName,State,0,0,-1,0,0,,164,1548,0,0,0,0,0
2023-01-31,United,N339XX,1017,DEN,CityName,State,LAX,CityName,State,15,1,3,0,0,,296,1189,0,0,0,0,0
2023-01-31,Delta,N894XX,525,MIA,CityName,State,MIA,CityName,State,0,0,-13,0,0,,178,367,0,0,0,0,0
2023-01-31,Delta,N227XX,6533,MIA,CityName,State,LAX,CityName,State,0,0,8,0,0,,222,1401,0,0,0,0,0
2023-01-31,United,N937XX,4309,ORD,CityName,State,DEN,CityName,State,0,0,-12,0,0,,195,1896,0,0,0,0,0
2023-01-31,JetBlue,N454XX,8797,ATL,CityName,State,DFW,CityName,State,0,0,-3,0,0,,128,1294,0,0,0,0,0
2023-01-31,American,N363XX,527,LAX,CityName,State,SEA,CityName,State,0,0,-3,0,0,,296,2516,0,0,0,0,0
2023-01-31,United,N667XX,9886,DFW,CityName,State,DFW,CityName,State,0,0,0,0,1,A,262,2912,0,0,0,0,0
2023-01-31,American,N281XX,6150,ORD,CityName,State,BOS,CityName,State,120,1,107,1,0,,315,2432,107,0,0,0,0
2023-01-31,Delta,N414XX,5563,DFW,CityName,State,SEA,CityName,State,0,0,-4,0,0,,268,2430,0,0,0,0,0
2023-01-31,United,N743XX,1290,LAX,CityName,State,MIA,CityName,State,0,0,-5,0,0,,288,2296,0,0,0,0,0
2023-01-31,American,N420XX,3549,SFO,CityName,State,ATL,CityName,State,0,0,3,0,0,,71,2654,0,0,0,0,0
2023-01-31,Delta,N720XX,8829,ATL,CityName,State,LAX,CityName,State,0,0,1,0,0,,179,1478,0,0,0,0,0
2023-01-31,Delta,N844XX,2706,SEA,CityName,State,BOS,CityName,State,0,0,8,0,0,,345,1923,0,0,0,0,0
2023-01-31,American,N503XX,2740,ATL,CityName,State,DFW,CityName,State,0,0,-7,0,0,,125,395,0,0,0,0,0
2023-01-31,American,N942XX,3181,LAX,CityName,State,BOS,CityName,State,0,0,-13,0,0,,358,1268,0,0,0,0,0
2023-01-31,JetBlue,N353XX,4864,LAX,CityName,State,JFK,CityName,State,0,0,2,0,0,,84,814,0,0,0,0,0
2023-02-01,JetBlue,N394XX,7586,DFW,CityName,State,BOS,CityName,State,0,0,2,0,0,,95,1597,0,0,0,0,0
2023-02-01,United,N803XX,6926,DFW,CityName,State,DEN,CityName,State,0,0,4,0,0,,325,891,0,0,0,0,0
2023-02-01,United,N280XX,1340,LAX,CityName,State,SFO,CityName,State,0,0,-5,0,0,,229,2189,0,0,0,0,0
2023-02-01,American,N342XX,3605,SFO,CityName,State,MIA,CityName,State,30,1,23,1,0,,146,1803,0,0,23,0,0
2023-02-01,JetBlue,N108XX,7837,DEN,CityName,State,SFO,CityName,State,15,1,12,0,0,,189,892,0,0,0,0,0
2023-02-01,JetBlue,N884XX,7601,JFK,CityName,State,BOS,CityName,State,0,0,1,0,0,,251,1327,0,0,0,0,0
2023-02-01,JetBlue,N463XX,5947,LAX,CityName,State,ORD,CityName,State,15,1,15,1,0,,108,1119,0,0,0,0,15
2023-02-01,Southwest,N163XX,8460,ATL,CityName,State,ATL,CityName,State,15,1,16,1,0,,107,2433,0,0,0,0,16
2023-02-01,United,N104XX,6366,ATL,CityName,State,ATL,CityName,State,0,0,-2,0,0,,264,2643,0,0,0,0,0
2023-02-01,United,N832XX,3657,DFW,CityName,State,SEA,CityName,State,0,0,4,0,0,,252,1006,0,0,0,0,0
2023-02-01,American,N255XX,2380,SFO,CityName,State,SFO,CityName,State,0,0,-8,0,0,,52,1577,0,0,0,0,0
2023-02-01,JetBlue,N301XX,8632,MIA,CityName,State,SFO,CityName,State,0,0,-8,0,0,,131,265,0,0,0,0,0
2023-02-01,JetBlue,N289XX,5782,ORD,CityName,State,BOS,CityName,State,0,0,9,0,0,,317,2712,0,0,0,0,0
2023-02-01,United,N249XX,758,DFW,CityName,State,LAX,CityName,State,60,1,52,1,0,,142,2298,0,52,0,0,0
2023-02-02,United,N126XX,1735,MIA,CityName,State,SEA,CityName,State,0,0,-4,0,0,,127,946,0,0,0,0,0
2023-02-02,Delta,N895XX,4154,SFO,CityName,State,DFW,CityName,State,0,0,-5,0,0,,181,2336,0,0,0,0,0
2023-02-02,Southwest,N936XX,9457,ATL,CityName,State,BOS,CityName,State,0,0,-9,0,0,,246,2592,0,0,0,0,0
2023-02-02,JetBlue,N322XX,8315,SFO,CityName,State,LAX,CityName,State,0,0,7,0,0,,89,2042,0,0,0,0,0
2023-02-02,American,N682XX,1108,JFK,CityName,State,SFO,CityName,State,0,0,5,0,0,,316,808,0,0,0,0,0
2023-02-02,United,N356XX,1167,ORD,CityName,State,DFW,CityName,State,0,0,1,0,0,,136,2752,0,0,0,0,0
2023-02-02,United,N220XX,1317,DFW,CityName,State,JFK,CityName,State,0,0,5,0,0,,166,1089,0,0,0,0,0
2023-02-02,Southwest,N344XX,2897,DEN,CityName,State,DEN,CityName,State,0,0,-14,0,0,,89,950,0,0,0,0,0
2023-02-02,American,N171XX,5120,SFO,CityName,State,BOS,CityName,State,15,1,14,0,0,,281,1640,0,0,0,0,0
2023-02-02,Delta,N161XX,1909,BOS,CityName,State,JFK,CityName,State,0,0,3,0,0,,109,639,0,0,0,0,0
2023-02-02,United,N604XX,3010,ATL,CityName,State,DFW,CityName,State,15,1,15,1,0,,306,2490,15,0,0,0,0
2023-02-02,Delta,N662XX,802,JFK,CityName,State,DEN,CityName,State,0,0,-1,0,0,,284,813,0,0,0,0,0
2023-02-02,JetBlue,N459XX,7498,ATL,CityName,State,SFO,CityName,State,15,1,4,0,0,,282,1186,0,0,0,0,0
2023-02-02,United,N747XX,413,SFO,CityName,State,DEN,CityName,State,30,1,23,1,0,,45,1758,0,23,0,0,0
2023-02-02,JetBlue,N569XX,9128,ATL,CityName,State,DFW,CityName,State,0,0,4,0,0,,180,2736,0,0,0,0,0
2023-02-02,Delta,N381XX,5538,MIA,CityName,State,DFW,CityName,State,0,0,-13,0,0,,325,1050,0,0,0,0,0
2023-02-02,Southwest,N744XX,6748,DEN,CityName,State,ORD,CityName,State,0,0,9,0,0,,72,2755,0,0,0,0,0
2023-02-02,Delta,N727XX,9145,LAX,CityName,State,SEA,CityName,State,15,1,5,0,0,,313,2255,0,0,0,0,0
2023-02-02,United,N339XX,8005,SFO,CityName,State,MIA,CityName,State,0,0,-13,0,0,,233,507,0,0,0,0,0
2023-02-03,JetBlue,N583XX,9082,BOS,CityName,State,DFW,CityName,State,0,0,-2,0,0,,153,1548,0,0,0,0,0
2023-02-03,JetBlue,N741XX,4297,MIA,CityName,State,MIA,CityName,State,0,0,-13,0,0,,106,1984,0,0,0,0,0
2023-02-03,American,N360XX,3359,SEA,CityName,State,MIA,CityName,State,0,0,-11,0,0,,314,2241,0,0,0,0,0
2023-02-03,American,N394XX,4034,JFK,CityName,State,DFW,CityName,State,0,0,-12,0,0,,179,2955,0,0,0,0,0
2023-02-03,JetBlue,N911XX,4309,JFK,CityName,State,ORD,CityName,State,0,0,6,0,0,,349,2275,0,0,0,0,0
2023-02-03,Southwest,N268XX,7863,DEN,CityName,State,DFW,CityName,State,0,0,-3,0,0,,144,260,0,0,0,0,0
2023-02-03,United,N552XX,8054,ATL,CityName,State,MIA,CityName,State,0,0,-10,0,0,,64,2531,0,0,0,0,0
2023-02-03,United,N155XX,5367,SFO,CityName,State,DEN,CityName,State,0,0,-7,0,0,,151,2017,0,0,0,0,0
2023-02-03,JetBlue,N720XX,1096,BOS,CityName,State,ATL,CityName,State,0,0,-11,0,0,,239,2016,0,0,0,0,0
2023-02-03,Delta,N142XX,345,MIA,CityName,State,BOS,CityName,State,0,0,2,0,0,,262,905,0,0,0,0,0
2023-02-03,JetBlue,N668XX,6095,MIA,CityName,State,ATL,CityName,State,0,0,3,0,0,,180,2803,0,0,0,0,0
2023-02-03,United,N297XX,9068,SFO,CityName,State,DEN,CityName,State,0,0,-4,0,0,,221,795,0,0,0,0,0
2023-02-03,American,N842XX,9100,DEN,CityName,State,ATL,CityName,State,0,0,-11,0,0,,162,1677,0,0,0,0,0
2023-02-03,JetBlue,N299XX,2137,JFK,CityName,State,BOS,CityName,State,0,0,10,0,0,,94,1248,0,0,0,0,0
2023-02-03,Southwest,N575XX,2696,LAX,CityName,State,DEN,CityName,State,0,0,2,0,0,,87,2702,0,0,0,0,0
2023-02-03,American,N921XX,9744,DEN,CityName,State,LAX,CityName,State,0,0,-6,0,0,,77,509,0,0,0,0,0
2023-02-03,JetBlue,N898XX,618,ORD,CityName,State,MIA,CityName,State,0,0,-14,0,0,,112,1969,0,0,0,0,0
2023-02-03,Delta,N417XX,7680,ORD,CityName,State,DFW,CityName,State,0,0,-3,0,0,,75,2827,0,0,0,0,0
2023-02-03,JetBlue,N509XX,4275,ATL,CityName,State,SEA,CityName,State,0,0,5,0,0,,65,534,0,0,0,0,0
2023-02-03,United,N384XX,4427,DFW,CityName,State,MIA,CityName,State,45,1,41,1,0,,61,608,41,0,0,0,0
2023-02-03,Southwest,N455XX,7922,MIA,CityName,State,SFO,CityName,State,0,0,-5,0,0,,356,686,0,0,0,0,0
2023-02-03,Southwest,N471XX,4975,DFW,CityName,State,ORD,CityName,State,0,0,10,0,0,,49,1127,0,0,0,0,0
2023-02-03,American,N209XX,8417,SFO,CityName,State,ORD,CityName,State,0,0,-1,0,0,,101,2793,0,0,0,0,0
2023-02-03,American,N317XX,5869,JFK,CityName,State,LAX,CityName,State,0,0,-1,0,0,,53,2351,0,0,0,0,0
2023-02-04,JetBlue,N199XX,1885,MIA,CityName,State,JFK,CityName,State,0,0,-5,0,0,,192,1209,0,0,0,0,0
2023-02-04,Southwest,N498XX,5655,DFW,CityName,State,SEA,CityName,State,0,0,2,0,0,,135,2729,0,0,0,0,0
2023-02-04,Southwest,N605XX,2489,DFW,CityName,State,JFK,CityName,State,0,0,8,0,0,,346,671,0,0,0,0,0
2023-02-04,Delta,N883XX,727,LAX,CityName,State,ATL,CityName,State,0,0,6,0,0,,283,1670,0,0,0,0,0
2023-02-04,JetBlue,N382XX,247,ORD,CityName,State,SEA,CityName,State,0,0,1,0,0,,322,1131,0,0,0,0,0
2023-02-04,American,N721XX,9617,BOS,CityName,State,ORD,CityName,State,0,0,1,0,0,,268,1310,0,0,0,0,0
2023-02-04,American,N397XX,8856,JFK,CityName,State,MIA,CityName,State,0,0,0,0,0,,357,186,0,0,0,0,0
2023-02-04,American,N365XX,9531,ORD,CityName,State,MIA,CityName,State,0,0,-10,0,0,,82,2295,0,0,0,0,0
2023-02-04,American,N831XX,3229,JFK,CityName,State,SEA,CityName,State,60,1,58,1,0,,239,1884,58,0,0,0,0
2023-02-04,American,N257XX,8947,DEN,CityName,State,ATL,CityName,State,0,0,5,0,0,,284,328,0,0,0,0,0
2023-02-04,Delta,N562XX,7281,DEN,CityName,State,JFK,CityName,State,240,1,244,1,0,,144,2872,244,0,0,0,0
2023-02-04,American,N791XX,5304,ATL,CityName,State,SFO,CityName,State,0,0,-3,0,0,,339,1166,0,0,0,0,0
2023-02-04,American,N132XX,2474,SEA,CityName,State,JFK,CityName,State,0,0,-10,0,0,,121,2665,0,0,0,0,0
2023-02-04,Delta,N202XX,5683,BOS,CityName,State,JFK,CityName,State,0,0,-14,0,0,,75,1741,0,0,0,0,0
2023-02-04,JetBlue,N838XX,6992,SEA,CityName,State,JFK,CityName,State,0,0,0,0,0,,301,1829,0,0,0,0,0
2023-02-05,Southwest,N227XX,8408,SEA,CityName,State,LAX,CityName,State,0,0,-3,0,0,,175,818,0,0,0,0,0
2023-02-05,United,N371XX,7144,JFK,CityName,State,ORD,CityName,State,45,1,35,1,0,,127,2812,0,0,0,0,35
2023-02-05,JetBlue,N939XX,1654,DFW,CityName,State,DEN,CityName,State,0,0,-9,0,0,,230,1861,0,0,0,0,0
2023-02-05,JetBlue,N702XX,2915,ATL,CityName,State,LAX,CityName,State,0,0,7,0,0,,156,493,0,0,0,0,0
2023-02-05,Delta,N587XX,2947,SEA,CityName,State,BOS,CityName,State,0,0,-12,0,0,,148,2030,0,0,0,0,0
2023-02-05,American,N754XX,2798,SFO,CityName,State,SFO,CityName,State,0,0,-14,0,0,,88,1951,0,0,0,0,0
2023-02-05,JetBlue,N535XX,5374,MIA,CityName,State,DFW,CityName,State,0,0,6,0,0,,101,999,0,0,0,0,0
2023-02-05,Delta,N228XX,2149,ATL,CityName,State,DEN,CityName,State,0,0,6,0,0,,255,442,0,0,0,0,0
2023-02-05,American,N108XX,8696,SEA,CityName,State,ORD,CityName,State,0,0,-3,0,0,,157,1005,0,0,0,0,0
2023-02-05,JetBlue,N650XX,5681,BOS,CityName,State,JFK,CityName,State,0,0,1,0,0,,82,357,0,0,0,0,0
2023-02-05,American,N349XX,7278,BOS,CityName,State,SEA,CityName,State,0,0,0,0,1,A,84,533,0,0,0,0,0
2023-02-05,Delta,N481XX,971,LAX,CityName,State,MIA,CityName,State,0,0,-14,0,0,,233,1894,0,0,0,0,0
2023-02-05,United,N220XX,9449,LAX,CityName,State,BOS,CityName,State,0,0,-14,0,0,,180,1138,0,0,0,0,0
2023-02-06,Southwest,N126XX,3600,ATL,CityName,State,ATL,CityName,State,120,1,127,1,0,,269,580,127,0,0,0,0
2023-02-06,Delta,N265XX,4395,SEA,CityName,State,SFO,CityName,State,30,1,32,1,0,,357,1296,0,0,32,0,0
2023-02-06,American,N863XX,6548,SEA,CityName,State,ATL,CityName,State,15,1,19,1,0,,247,187,0,0,0,0,19
2023-02-06,Delta,N923XX,9275,SFO,CityName,State,BOS,CityName,State,0,0,-7,0,0,,198,1744,0,0,0,0,0
2023-02-06,American,N810XX,6515,JFK,CityName,State,JFK,CityName,State,0,0,4,0,0,,251,1551,0,0,0,0,0
2023-02-06,United,N478XX,4891,DFW,CityName,State,MIA,CityName,State,0,0,7,0,0,,112,1707,0,0,0,0,0
2023-02-06,American,N322XX,3575,BOS,CityName,State,JFK,CityName,State,30,1,22,1,0,,115,2816,0,0,0,0,22
2023-02-06,JetBlue,N517XX,2911,SFO,CityName,State,DEN,CityName,State,0,0,8,0,0,,46,2570,0,0,0,0,0
2023-02-06,American,N275XX,7554,MIA,CityName,State,ORD,CityName,State,0,0,3,0,0,,100,2193,0,0,0,0,0
2023-02-06,American,N327XX,2745,ATL,CityName,State,SFO,CityName,State,0,0,-8,0,0,,242,2402,0,0,0,0,0
2023-02-06,Southwest,N904XX,3026,SFO,CityName,State,SEA,CityName,State,45,1,37,1,0,,58,608,0,0,0,0,37
2023-02-07,United,N808XX,8033,LAX,CityName,State,SEA,CityName,State,60,1,47,1,0,,289,1382,0,0,0,0,47
2023-02-07,Delta,N909XX,8733,MIA,CityName,State,JFK,CityName,State,30,1,39,1,0,,145,865,39,0,0,0,0
2023-02-07,JetBlue,N221XX,1322,ORD,CityName,State,MIA,CityName,State,0,0,-2,0,0,,107,380,0,0,0,0,0
2023-02-07,Southwest,N488XX,5287,ORD,CityName,State,LAX,CityName,State,0,0,-2,0,0,,153,1303,0,0,0,0,0
2023-02-07,Southwest,N378XX,8116,JFK,CityName,State,MIA,CityName,State,15,1,10,0,0,,314,1511,0,0,0,0,0
2023-02-07,Southwest,N630XX,8312,DEN,CityName,State,ATL,CityName,State,0,0,-9,0,0,,267,2602,0,0,0,0,0
2023-02-07,American,N599XX,3647,JFK,CityName,State,DEN,CityName,State,0,0,-13,0,0,,277,2992,0,0,0,0,0
2023-02-07,United,N404XX,741,ORD,CityName,State,ATL,CityName,State,15,1,19,1,0,,235,836,0,0,0,0,19
2023-02-07,United,N255XX,3244,SEA,CityName,State,DEN,CityName,State,0,0,-12,0,0,,282,595,0,0,0,0,0
2023-02-07,American,N917XX,3385,JFK,CityName,State,SFO,CityName,State,0,0,2,0,0,,289,1553,0,0,0,0,0
2023-02-07,JetBlue,N757XX,1131,ORD,CityName,State,ORD,CityName,State,0,0,-1,0,0,,116,2644,0,0,0,0,0
2023-02-07,United,N597XX,9180,ATL,CityName,State,LAX,CityName,State,0,0,-11,0,0,,161,2608,0,0,0,0,0
2023-02-08,United,N348XX,8235,SFO,CityName,State,BOS,CityName,State,240,1,238,1,0,,59,2186,0,0,0,0,238
2023-02-08,United,N327XX,1841,BOS,CityName,State,ATL,CityName,State,0,0,-2,0,0,,245,517,0,0,0,0,0
2023-02-08,United,N947XX,5768,SEA,CityName,State,ORD,CityName,State,0,0,10,0,0,,66,1104,0,0,0,0,0
2023-02-08,JetBlue,N916XX,4280,ATL,CityName,State,JFK,CityName,State,0,0,-3,0,0,,223,1903,0,0,0,0,0
2023-02-08,JetBlue,N738XX,1390,SFO,CityName,State,JFK,CityName,State,0,0,-7,0,0,,278,559,0,0,0,0,0
2023-02-08,JetBlue,N587XX,525,ATL,CityName,State,LAX,CityName,State,0,0,5,0,0,,318,506,0,0,0,0,0
2023-02-08,Delta,N793XX,326,BOS,CityName,State,SFO,CityName,State,0,0,8,0,0,,278,492,0,0,0,0,0
2023-02-08,American,N579XX,253,JFK,CityName,State,BOS,CityName,State,0,0,-14,0,0,,158,2408,0,0,0,0,0
2023-02-08,JetBlue,N810XX,3417,ATL,CityName,State,JFK,CityName,State,0,0,-4,0,0,,332,2857,0,0,0,0,0
2023-02-08,American,N392XX,4923,ORD,CityName,State,ORD,CityName,State,0,0,-8,0,0,,238,262,0,0,0,0,0
2023-02-08,American,N545XX,8517,MIA,CityName,State,MIA,CityName,State,0,0,0,0,1,A,232,658,0,0,0,0,0
2023-02-08,American,N653XX,5262,LAX,CityName,State,SFO,CityName,State,0,0,-9,0,0,,236,1368,0,0,0,0,0
2023-02-08,JetBlue,N326XX,7415,ATL,CityName,State,JFK,CityName,State,0,0,-3,0,0,,284,2012,0,0,0,0,0
2023-02-08,United,N841XX,6648,DFW,CityName,State,SEA,CityName,State,30,1,23,1,0,,112,2619,23,0,0,0,0
2023-02-09,Delta,N216XX,2976,DEN,CityName,State,SEA,CityName,State,0,0,1,0,0,,142,1128,0,0,0,0,0
2023-02-09,United,N698XX,8381,BOS,CityName,State,ATL,CityName,State,0,0,-8,0,0,,337,896,0,0,0,0,0
2023-02-09,Southwest,N827XX,4884,LAX,CityName,State,SFO,CityName,State,0,0,-12,0,0,,295,2228,0,0,0,0,0
2023-02-09,Southwest,N328XX,6624,SFO,CityName,State,MIA,CityName,State,0,0,0,0,0,,155,1961,0,0,0,0,0
2023-02-09,Delta,N341XX,6211,LAX,CityName,State,ORD,CityName,State,0,0,9,0,0,,140,2743,0,0,0,0,0
2023-02-09,Southwest,N308XX,8370,SEA,CityName,State,DEN,CityName,State,15,1,18,1,0,,213,1404,0,0,18,0,0
2023-02-09,Delta,N963XX,4156,LAX,CityName,State,ORD,CityName,State,30,1,23,1,0,,157,1522,23,0,0,0,0
2023-02-09,American,N889XX,9126,DFW,CityName,State,DEN,CityName,State,0,0,-6,0,0,,167,2736,0,0,0,0,0
2023-02-09,American,N234XX,9257,SFO,CityName,State,DEN,CityName,State,0,0,0,0,0,,248,1550,0,0,0,0,0
2023-02-09,American,N760XX,4879,DEN,CityName,State,SEA,CityName,State,0,0,5,0,0,,137,2115,0,0,0,0,0
2023-02-09,Delta,N669XX,7980,MIA,CityName,State,BOS,CityName,State,0,0,-11,0,0,,148,2903,0,0,0,0,0
2023-02-09,Delta,N849XX,3582,JFK,CityName,State,SFO,CityName,State,0,0,6,0,0,,109,840,0,0,0,0,0
2023-02-09,United,N961XX,3586,SEA,CityName,State,ORD,CityName,State,0,0,7,0,0,,224,1927,0,0,0,0,0
2023-02-09,American,N271XX,6725,ATL,CityName,State,DFW,CityName,State,0,0,6,0,0,,289,1876,0,0,0,0,0
2023-02-09,Delta,N615XX,1964,LAX,CityName,State,MIA,CityName,State,0,0,5,0,0,,332,2620,0,0,0,0,0
2023-02-09,American,N382XX,2895,SEA,CityName,State,SEA,CityName,State,0,0,6,0,0,,86,795,0,0,0,0,0
2023-02-09,Delta,N150XX,2196,MIA,CityName,State,JFK,CityName,State,0,0,0,0,0,,139,605,0,0,0,0,0
2023-02-09,Southwest,N946XX,7766,LAX,CityName,State,ORD,CityName,State,0,0,7,0,0,,269,2649,0,0,0,0,0
2023-02-09,JetBlue,N163XX,1118,JFK,CityName,State,SEA,CityName,State,0,0,-10,0,0,,202,1119,0,0,0,0,0
2023-02-10,JetBlue,N980XX,8245,SFO,CityName,State,MIA,CityName,State,15,1,12,0,0,,114,1749,0,0,0,0,0
2023-02-10,United,N653XX,4776,DFW,CityName,State,SFO,CityName,State,15,1,22,1,0,,163,2324,0,0,0,0,22
2023-02-10,Southwest,N919XX,6961,LAX,CityName,State,MIA,CityName,State,45,1,38,1,0,,144,2295,0,0,0,0,38
2023-02-10,American,N458XX,5164,SFO,CityName,State,DFW,CityName,State,15,1,21,1,0,,111,2411,0,21,0,0,0
2023-02-10,American,N692XX,1380,DEN,CityName,State,ATL,CityName,State,0,0,-4,0,0,,107,1745,0,0,0,0,0
2023-02-10,American,N556XX,6020,SFO,CityName,State,LAX,CityName,State,0,0,-9,0,0,,346,324,0,0,0,0,0
2023-02-10,Delta,N943XX,2812,DFW,CityName,State,SFO,CityName,State,0,0,10,0,0,,147,2829,0,0,0,0,0
2023-02-10,Southwest,N648XX,7222,BOS,CityName,State,JFK,CityName,State,30,1,36,1,0,,207,1259,36,0,0,0,0
2023-02-10,JetBlue,N548XX,1753,DEN,CityName,State,DFW,CityName,State,0,0,-4,0,0,,192,2035,0,0,0,0,0
2023-02-10,Southwest,N378XX,1036,DEN,CityName,State,JFK,CityName,State,0,0,1,0,0,,236,2283,0,0,0,0,0
2023-02-10,American,N971XX,6248,ATL,CityName,State,LAX,CityName,State,0,0,-6,0,0,,235,1011,0,0,0,0,0
2023-02-10,Southwest,N771XX,9117,BOS,CityName,State,ATL,CityName,State,0,0,9,0,0,,176,362,0,0,0,0,0
2023-02-10,Delta,N102XX,2135,BOS,CityName,State,BOS,CityName,State,0,0,-2,0,0,,215,516,0,0,0,0,0
2023-02-10,JetBlue,N137XX,6125,SEA,CityName,State,DFW,CityName,State,0,0,2,0,0,,266,427,0,0,0,0,0
2023-02-10,Southwest,N824XX,802,DFW,CityName,State,DFW,CityName,State,15,1,15,1,0,,243,1109,15,0,0,0,0
2023-02-10,United,N398XX,998,BOS,CityName,State,DFW,CityName,State,120,1,114,1,0,,71,212,114,0,0,0,0
2023-02-10,Southwest,N714XX,7912,BOS,CityName,State,BOS,CityName,State,45,1,36,1,0,,351,2924,36,0,0,0,0
2023-02-10,JetBlue,N231XX,8556,DFW,CityName,State,MIA,CityName,State,0,0,3,0,0,,53,2636,0,0,0,0,0
2023-02-10,Southwest,N509XX,2396,MIA,CityName,State,ORD,CityName,State,0,0,-2,0,0,,251,1440,0,0,0,0,0
2023-02-11,JetBlue,N309XX,956,DEN,CityName,State,SEA,CityName,State,15,1,5,0,0,,339,823,0,0,0,0,0
2023-02-11,American,N425XX,5140,ORD,CityName,State,ATL,CityName,State,0,0,3,0,0,,168,2317,0,0,0,0,0
2023-02-11,United,N458XX,2308,DFW,CityName,State,ATL,CityName,State,0,0,2,0,0,,207,1982,0,0,0,0,0
2023-02-11,Southwest,N921XX,593,ATL,CityName,State,LAX,CityName,State,0,0,-6,0,0,,88,1845,0,0,0,0,0
2023-02-11,United,N926XX,2128,DEN,CityName,State,BOS,CityName,State,15,1,10,0,0,,200,1833,0,0,0,0,0
2023-02-11,Delta,N156XX,4146,ORD,CityName,State,SEA,CityName,State,0,0,6,0,0,,344,2675,0,0,0,0,0
2023-02-11,Delta,N111XX,4612,JFK,CityName,State,BOS,CityName,State,0,0,-7,0,0,,159,1265,0,0,0,0,0
2023-02-11,American,N782XX,4705,MIA,CityName,State,BOS,CityName,State,0,0,-14,0,0,,72,1608,0,0,0,0,0
2023-02-11,United,N121XX,8923,JFK,CityName,State,SEA,CityName,State,0,0,-9,0,0,,175,183,0,0,0,0,0
2023-02-11,Southwest,N307XX,6954,JFK,CityName,State,LAX,CityName,State,0,0,7,0,0,,319,1548,0,0,0,0,0
2023-02-11,United,N386XX,7291,JFK,CityName,State,DEN,CityName,State,45,1,35,1,0,,241,965,35,0,0,0,0
2023-02-11,American,N209XX,2634,DFW,CityName,State,BOS,CityName,State,120,1,129,1,0,,245,1602,0,129,0,0,0
2023-02-11,Delta,N744XX,3659,LAX,CityName,State,BOS,CityName,State,0,0,7,0,0,,239,562,0,0,0,0,0
2023-02-12,Southwest,N896XX,6680,ORD,CityName,State,JFK,CityName,State,0,0,6,0,0,,190,1947,0,0,0,0,0
2023-02-12,Southwest,N621XX,4095,ATL,CityName,State,MIA,CityName,State,0,0,-6,0,0,,143,2103,0,0,0,0,0
2023-02-12,United,N362XX,2116,SEA,CityName,State,SFO,CityName,State,30,1,22,1,0,,92,2724,22,0,0,0,0
2023-02-12,Delta,N774XX,6733,MIA,CityName,State,DFW,CityName,State,0,0,-7,0,0,,93,1430,0,0,0,0,0
2023-02-12,Delta,N528XX,9830,MIA,CityName,State,ORD,CityName,State,0,0,-3,0,0,,236,2962,0,0,0,0,0
2023-02-12,United,N417XX,6706,DFW,CityName,State,SEA,CityName,State,0,0,10,0,0,,127,1723,0,0,0,0,0
2023-02-12,JetBlue,N532XX,8424,JFK,CityName,State,DFW,CityName,State,0,0,-2,0,0,,355,2780,0,0,0,0,0
2023-02-12,JetBlue,N557XX,1817,DFW,CityName,State,ATL,CityName,State,0,0,9,0,0,,154,164,0,0,0,0,0
2023-02-12,Delta,N917XX,9399,SEA,CityName,State,ORD,CityName,State,45,1,50,1,0,,110,2719,50,0,0,0,0
2023-02-12,American,N575XX,5940,ORD,CityName,State,DEN,CityName,State,0,0,3,0,0,,160,2847,0,0,0,0,0
2023-02-12,Southwest,N972XX,7082,SEA,CityName,State,BOS,CityName,State,60,1,70,1,0,,107,2163,0,0,0,0,70
2023-02-12,Southwest,N467XX,6793,SFO,CityName,State,SEA,CityName,State,0,0,-2,0,0,,145,1822,0,0,0,0,0
2023-02-12,JetBlue,N606XX,749,SFO,CityName,State,MIA,CityName,State,0,0,4,0,0,,112,666,0,0,0,0,0
2023-02-12,Southwest,N243XX,3151,SEA,CityName,State,BOS,CityName,State,0,0,9,0,0,,88,1538,0,0,0,0,0
2023-02-12,American,N786XX,252,BOS,CityName,State,ORD,CityName,State,30,1,32,1,0,,309,2950,32,0,0,0,0
2023-02-12,American,N937XX,9086,ORD,CityName,State,DEN,CityName,State,0,0,3,0,0,,172,466,0,0,0,0,0
2023-02-12,Southwest,N221XX,2545,JFK,CityName,State,ORD,CityName,State,0,0,0,0,0,,322,1723,0,0,0,0,0
2023-02-12,Delta,N804XX,9936,DEN,CityName,State,BOS,CityName,State,15,1,19,1,0,,120,2845,19,0,0,0,0
2023-02-12,American,N875XX,9003,SEA,CityName,State,MIA,CityName,State,0,0,-13,0,0,,349,2727,0,0,0,0,0
2023-02-12,JetBlue,N470XX,3405,ATL,CityName,State,ORD,CityName,State,15,1,14,0,0,,90,2758,0,0,0,0,0
2023-02-13,JetBlue,N966XX,9966,SEA,CityName,State,BOS,CityName,State,0,0,-8,0,0,,129,959,0,0,0,0,0
2023-02-13,Delta,N818XX,112,ATL,CityName,State,LAX,CityName,State,0,0,8,0,0,,70,290,0,0,0,0,0
2023-02-13,United,N414XX,1306,LAX,CityName,State,DEN,CityName,State,0,0,10,0,0,,266,2247,0,0,0,0,0
2023-02-13,JetBlue,N303XX,6444,BOS,CityName,State,JFK,CityName,State,0,0,6,0,0,,311,2218,0,0,0,0,0
2023-02-13,Delta,N936XX,1966,DFW,CityName,State,LAX,CityName,State,0,0,-2,0,0,,323,390,0,0,0,0,0
2023-02-13,JetBlue,N954XX,7986,MIA,CityName,State,SEA,CityName,State,0,0,-4,0,0,,271,1944,0,0,0,0,0
2023-02-13,JetBlue,N739XX,5524,ORD,CityName,State,DEN,CityName,State,0,0,9,0,0,,255,2474,0,0,0,0,0
2023-02-13,Southwest,N799XX,1576,ATL,CityName,State,DFW,CityName,State,0,0,-5,0,0,,247,1237,0,0,0,0,0
2023-02-13,Delta,N275XX,3521,BOS,CityName,State,DFW,CityName,State,0,0,-6,0,0,,282,1637,0,0,0,0,0
2023-02-13,American,N136XX,5024,LAX,CityName,State,ATL,CityName,State,0,0,-5,0,0,,322,299,0,0,0,0,0
2023-02-13,Delta,N337XX,1541,MIA,CityName,State,ORD,CityName,State,0,0,-5,0,0,,62,2136,0,0,0,0,0
2023-02-13,Southwest,N619XX,9508,ORD,CityName,State,JFK,CityName,State,0,0,10,0,0,,315,2263,0,0,0,0,0
2023-02-13,American,N888XX,8308,BOS,CityName,State,DEN,CityName,State,30,1,22,1,0,,341,2325,0,22,0,0,0
2023-02-13,JetBlue,N897XX,2605,SFO,CityName,State,BOS,CityName,State,15,1,22,1,0,,316,726,0,0,22,0,0
2023-02-14,American,N970XX,7814,MIA,CityName,State,SEA,CityName,State,0,0,-1,0,0,,311,890,0,0,0,0,0
2023-02-14,Southwest,N125XX,9072,LAX,CityName,State,BOS,CityName,State,0,0,5,0,0,,222,209,0,0,0,0,0
2023-02-14,United,N890XX,7604,ORD,CityName,State,MIA,CityName,State,30,1,31,1,0,,146,2522,0,0,31,0,0
2023-02-14,JetBlue,N888XX,5230,SFO,CityName,State,MIA,CityName,State,15,1,23,1,0,,176,1409,23,0,0,0,0
2023-02-14,United,N355XX,1273,BOS,CityName,State,DEN,CityName,State,0,0,-2,0,0,,155,2648,0,0,0,0,0
2023-02-14,JetBlue,N250XX,7085,SFO,CityName,State,BOS,CityName,State,45,1,50,1,0,,234,1317,0,0,0,0,50
2023-02-14,JetBlue,N545XX,6026,ORD,CityName,State,DFW,CityName,State,30,1,16,1,0,,228,1783,16,0,0,0,0
2023-02-15,American,N674XX,5353,LAX,CityName,State,ORD,CityName,State,0,0,4,0,0,,190,2222,0,0,0,0,0
2023-02-15,JetBlue,N153XX,6277,MIA,CityName,State,MIA,CityName,State,15,1,23,1,0,,235,1353,23,0,0,0,0
2023-02-15,United,N729XX,5341,ATL,CityName,State,DFW,CityName,State,15,1,14,0,0,,167,1781,0,0,0,0,0
2023-02-15,Southwest,N710XX,7477,BOS,CityName,State,BOS,CityName,State,45,1,34,1,0,,132,949,0,0,0,0,34
2023-02-15,JetBlue,N629XX,2360,SEA,CityName,State,ORD,CityName,State,0,0,8,0,0,,67,1565,0,0,0,0,0
2023-02-15,Southwest,N626XX,6367,MIA,CityName,State,JFK,CityName,State,0,0,-5,0,0,,284,1095,0,0,0,0,0
2023-02-15,JetBlue,N219XX,9068,JFK,CityName,State,ATL,CityName,State,0,0,-14,0,0,,77,295,0,0,0,0,0
2023-02-15,JetBlue,N843XX,5817,MIA,CityName,State,BOS,CityName,State,30,1,39,1,0,,305,479,0,0,0,0,39
2023-02-15,Southwest,N660XX,2743,ORD,CityName,State,ORD,CityName,State,45,1,44,1,0,,68,1646,44,0,0,0,0
2023-02-15,Delta,N922XX,5084,SEA,CityName,State,ATL,CityName,State,30,1,19,1,0,,58,1860,19,0,0,0,0
2023-02-15,Southwest,N501XX,7021,ORD,CityName,State,DEN,CityName,State,0,0,-4,0,0,,357,1659,0,0,0,0,0
2023-02-15,Delta,N325XX,2551,LAX,CityName,State,ORD,CityName,State,120,1,121,1,0,,149,1158,0,0,121,0,0
2023-02-16,United,N879XX,6727,LAX,CityName,State,SFO,CityName,State,0,0,0,0,0,,345,1019,0,0,0,0,0
2023-02-16,American,N791XX,7940,ATL,CityName,State,LAX,CityName,State,0,0,0,0,1,A,216,2412,0,0,0,0,0
2023-02-16,JetBlue,N228XX,5952,ATL,CityName,State,DFW,CityName,State,0,0,5,0,0,,77,1721,0,0,0,0,0
2023-02-16,JetBlue,N481XX,597,JFK,CityName,State,ATL,CityName,State,0,0,8,0,0,,118,2371,0,0,0,0,0
2023-02-16,American,N549XX,5685,SFO,CityName,State,JFK,CityName,State,15,1,22,1,0,,68,2286,0,0,22,0,0
2023-02-16,United,N103XX,654,JFK,CityName,State,ATL,CityName,State,0,0,-12,0,0,,282,1264,0,0,0,0,0
2023-02-16,American,N584XX,7420,JFK,CityName,State,ATL,CityName,State,0,0,-10,0,0,,174,1513,0,0,0,0,0
2023-02-16,Delta,N882XX,9672,SFO,CityName,State,BOS,CityName,State,0,0,-9,0,0,,301,2369,0,0,0,0,0
2023-02-16,Delta,N362XX,7241,MIA,CityName,State,MIA,CityName,State,0,0,8,0,0,,294,2247,0,0,0,0,0
2023-02-16,United,N977XX,7703,DEN,CityName,State,MIA,CityName,State,0,0,1,0,0,,314,922,0,0,0,0,0
2023-02-16,American,N344XX,7613,JFK,CityName,State,SEA,CityName,State,0,0,1,0,0,,235,2286,0,0,0,0,0
2023-02-16,United,N929XX,7275,SFO,CityName,State,JFK,CityName,State,15,1,21,1,0,,160,2399,0,21,0,0,0
2023-02-16,American,N894XX,4866,SEA,CityName,State,LAX,CityName,State,240,1,243,1,0,,229,2496,0,0,243,0,0
2023-02-17,Southwest,N229XX,6827,SFO,CityName,State,LAX,CityName,State,0,0,6,0,0,,157,2982,0,0,0,0,0
2023-02-17,Delta,N655XX,8929,SFO,CityName,State,LAX,CityName,State,0,0,-7,0,0,,249,532,0,0,0,0,0
2023-02-17,American,N387XX,4400,BOS,CityName,State,DEN,CityName,State,0,0,-12,0,0,,331,2660,0,0,0,0,0
2023-02-17,United,N387XX,7486,MIA,CityName,State,JFK,CityName,State,0,0,-2,0,0,,300,1824,0,0,0,0,0
2023-02-17,Delta,N138XX,230,JFK,CityName,State,MIA,CityName,State,120,1,120,1,0,,59,2532,120,0,0,0,0
2023-02-17,JetBlue,N438XX,2175,DFW,CityName,State,ATL,CityName,State,0,0,-4,0,0,,123,1960,0,0,0,0,0
2023-02-17,American,N644XX,3971,MIA,CityName,State,JFK,CityName,State,0,0,-10,0,0,,241,622,0,0,0,0,0
2023-02-17,Delta,N943XX,5414,DEN,CityName,State,SEA,CityName,State,45,1,46,1,0,,303,1679,46,0,0,0,0
2023-02-17,JetBlue,N399XX,2401,BOS,CityName,State,DEN,CityName,State,15,1,13,0,0,,332,1180,0,0,0,0,0
2023-02-17,American,N726XX,6974,MIA,CityName,State,LAX,CityName,State,0,0,-11,0,0,,126,2595,0,0,0,0,0
2023-02-17,JetBlue,N279XX,5178,JFK,CityName,State,LAX,CityName,State,0,0,-6,0,0,,258,2500,0,0,0,0,0
2023-02-17,United,N713XX,2149,JFK,CityName,State,DFW,CityName,State,0,0,-1,0,0,,49,718,0,0,0,0,0
2023-02-18,American,N742XX,1966,SFO,CityName,State,ATL,CityName,State,0,0,8,0,0,,310,1257,0,0,0,0,0
2023-02-18,American,N901XX,2774,JFK,CityName,State,MIA,CityName,State,60,1,66,1,0,,276,2919,0,0,0,0,66
2023-02-18,Delta,N330XX,5693,JFK,CityName,State,MIA,CityName,State,0,0,9,0,0,,342,2169,0,0,0,0,0
2023-02-18,Southwest,N819XX,2247,JFK,CityName,State,BOS,CityName,State,0,0,9,0,0,,260,2694,0,0,0,0,0
2023-02-18,JetBlue,N126XX,7036,ORD,CityName,State,JFK,CityName,State,60,1,64,1,0,,248,2175,0,0,0,0,64
2023-02-18,Delta,N293XX,5827,ORD,CityName,State,LAX,CityName,State,0,0,-3,0,0,,347,1494,0,0,0,0,0
2023-02-18,American,N640XX,9313,LAX,CityName,State,SFO,CityName,State,240,1,240,1,0,,290,599,240,0,0,0,0
2023-02-18,United,N217XX,7104,MIA,CityName,State,DFW,CityName,State,0,0,-2,0,0,,124,912,0,0,0,0,0
2023-02-18,JetBlue,N494XX,5942,BOS,CityName,State,JFK,CityName,State,0,0,-10,0,0,,166,2013,0,0,0,0,0
2023-02-18,United,N146XX,2667,ATL,CityName,State,SEA,CityName,State,15,1,18,1,0,,148,2295,0,0,18,0,0
2023-02-18,Southwest,N489XX,5703,JFK,CityName,State,SFO,CityName,State,0,0,0,0,0,,259,2687,0,0,0,0,0
2023-02-18,Southwest,N783XX,9635,DFW,CityName,State,BOS,CityName,State,0,0,0,0,1,A,354,2496,0,0,0,0,0
2023-02-18,United,N500XX,4952,DEN,CityName,State,ORD,CityName,State,0,0,-13,0,0,,195,372,0,0,0,0,0
2023-02-18,JetBlue,N403XX,1965,ATL,CityName,State,ATL,CityName,State,60,1,55,1,0,,276,2674,55,0,0,0,0
2023-02-18,JetBlue,N490XX,7595,MIA,CityName,State,DFW,CityName,State,0,0,-6,0,0,,78,2957,0,0,0,0,0
2023-02-19,JetBlue,N682XX,3348,JFK,CityName,State,MIA,CityName,State,0,0,4,0,0,,102,356,0,0,0,0,0
2023-02-19,Southwest,N537XX,1413,MIA,CityName,State,BOS,CityName,State,0,0,-3,0,0,,47,697,0,0,0,0,0
2023-02-19,Southwest,N436XX,5705,JFK,CityName,State,DEN,CityName,State,0,0,1,0,0,,346,439,0,0,0,0,0
2023-02-19,JetBlue,N863XX,4877,DFW,CityName,State,SFO,CityName,State,0,0,8,0,0,,50,2150,0,0,0,0,0
2023-02-19,American,N496XX,7050,JFK,CityName,State,SEA,CityName,State,0,0,-9,0,0,,301,1050,0,0,0,0,0
2023-02-19,JetBlue,N232XX,9405,LAX,CityName,State,MIA,CityName,State,45,1,53,1,0,,317,1880,53,0,0,0,0
2023-02-19,Southwest,N418XX,7451,JFK,CityName,State,JFK,CityName,State,0,0,1,0,0,,303,1374,0,0,0,0,0
2023-02-19,Delta,N661XX,7592,ATL,CityName,State,DEN,CityName,State,0,0,-6,0,0,,193,2650,0,0,0,0,0
2023-02-19,United,N950XX,7747,LAX,CityName,State,MIA,CityName,State,0,0,-10,0,0,,283,1230,0,0,0,0,0
2023-02-20,United,N364XX,1676,BOS,CityName,State,DFW,CityName,State,0,0,8,0,0,,71,2882,0,0,0,0,0
2023-02-20,JetBlue,N359XX,5323,BOS,CityName,State,ATL,CityName,State,0,0,-12,0,0,,46,687,0,0,0,0,0
2023-02-20,American,N815XX,774,LAX,CityName,State,ATL,CityName,State,0,0,10,0,0,,97,1980,0,0,0,0,0
2023-02-20,Delta,N408XX,9554,BOS,CityName,State,DFW,CityName,State,60,1,56,1,0,,107,2853,56,0,0,0,0
2023-02-20,United,N127XX,8878,ATL,CityName,State,SEA,CityName,State,0,0,-13,0,0,,223,526,0,0,0,0,0
2023-02-20,United,N913XX,1096,DEN,CityName,State,ORD,CityName,State,0,0,9,0,0,,283,1845,0,0,0,0,0
2023-02-20,JetBlue,N902XX,4113,JFK,CityName,State,ORD,CityName,State,0,0,-6,0,0,,249,1118,0,0,0,0,0
2023-02-20,Southwest,N210XX,6765,MIA,CityName,State,LAX,CityName,State,0,0,-13,0,0,,78,919,0,0,0,0,0
2023-02-20,American,N905XX,1132,DFW,CityName,State,JFK,CityName,State,30,1,35,1,0,,272,2334,0,0,0,0,35
2023-02-20,Delta,N539XX,2223,BOS,CityName,State,JFK,CityName,State,0,0,-11,0,0,,256,2761,0,0,0,0,0
2023-02-20,Southwest,N371XX,7946,MIA,CityName,State,BOS,CityName,State,0,0,4,0,0,,127,1206,0,0,0,0,0
2023-02-20,United,N425XX,3410,LAX,CityName,State,DEN,CityName,State,45,1,34,1,0,,129,2225,0,0,34,0,0
2023-02-21,American,N160XX,8790,SFO,CityName,State,ORD,CityName,State,0,0,5,0,0,,204,1981,0,0,0,0,0
2023-02-21,Southwest,N161XX,8540,SFO,CityName,State,MIA,CityName,State,0,0,0,0,0,,226,1099,0,0,0,0,0
2023-02-21,American,N839XX,3338,ORD,CityName,State,SFO,CityName,State,0,0,4,0,0,,83,643,0,0,0,0,0
2023-02-21,Southwest,N462XX,1023,BOS,CityName,State,DEN,CityName,State,0,0,2,0,0,,251,1106,0,0,0,0,0
2023-02-21,Delta,N552XX,3777,BOS,CityName,State,ORD,CityName,State,0,0,5,0,0,,225,2354,0,0,0,0,0
2023-02-21,Delta,N423XX,699,LAX,CityName,State,ATL,CityName,State,0,0,10,0,0,,55,2351,0,0,0,0,0
2023-02-21,Delta,N530XX,295,DFW,CityName,State,DFW,CityName,State,0,0,0,0,1,A,227,2024,0,0,0,0,0
2023-02-21,United,N903XX,2664,DFW,CityName,State,SFO,CityName,State,0,0,0,0,0,,119,662,0,0,0,0,0
2023-02-21,American,N403XX,9799,BOS,CityName,State,LAX,CityName,State,15,1,21,1,0,,181,1272,21,0,0,0,0
2023-02-21,American,N955XX,1124,LAX,CityName,State,SFO,CityName,State,0,0,8,0,0,,95,1787,0,0,0,0,0
2023-02-22,Delta,N534XX,7864,SFO,CityName,State,SEA,CityName,State,0,0,-11,0,0,,234,847,0,0,0,0,0
2023-02-22,JetBlue,N917XX,3147,DEN,CityName,State,SEA,CityName,State,120,1,115,1,0,,310,1738,0,0,115,0,0
2023-02-22,American,N400XX,6661,MIA,CityName,State,SFO,CityName,State,0,0,-12,0,0,,46,2589,0,0,0,0,0
2023-02-22,Delta,N996XX,7874,DEN,CityName,State,DEN,CityName,State,0,0,-1,0,0,,211,1046,0,0,0,0,0
2023-02-22,JetBlue,N994XX,4179,DFW,CityName,State,LAX,CityName,State,0,0,3,0,0,,356,456,0,0,0,0,0
2023-02-22,American,N414XX,5414,JFK,CityName,State,ATL,CityName,State,0,0,-13,0,0,,56,1988,0,0,0,0,0
2023-02-22,Delta,N949XX,5249,DEN,CityName,State,MIA,CityName,State,0,0,-8,0,0,,340,758,0,0,0,0,0
2023-02-22,Southwest,N814XX,2464,LAX,CityName,State,SEA,CityName,State,0,0,-7,0,0,,81,810,0,0,0,0,0
2023-02-22,JetBlue,N414XX,7679,ATL,CityName,State,DFW,CityName,State,0,0,2,0,0,,213,2993,0,0,0,0,0
2023-02-22,Delta,N953XX,1330,BOS,CityName,State,DFW,CityName,State,0,0,5,0,0,,203,331,0,0,0,0,0
2023-02-22,American,N836XX,532,SEA,CityName,State,LAX,CityName,State,0,0,-2,0,0,,164,981,0,0,0,0,0
2023-02-22,American,N740XX,6351,DEN,CityName,State,DFW,CityName,State,0,0,4,0,0,,350,2099,0,0,0,0,0
2023-02-23,American,N590XX,5604,DFW,CityName,State,DEN,CityName,State,15,1,0,0,1,A,230,1455,0,0,0,0,0
2023-02-23,Delta,N169XX,9677,DEN,CityName,State,ATL,CityName,State,45,1,52,1,0,,300,224,0,0,52,0,0
2023-02-23,United,N696XX,6327,MIA,CityName,State,DFW,CityName,State,0,0,-6,0,0,,123,284,0,0,0,0,0
2023-02-23,Delta,N211XX,9299,JFK,CityName,State,ORD,CityName,State,120,1,121,1,0,,212,2157,121,0,0,0,0
2023-02-23,JetBlue,N907XX,3890,DFW,CityName,State,LAX,CityName,State,0,0,9,0,0,,58,830,0,0,0,0,0
2023-02-23,JetBlue,N299XX,5606,ORD,CityName,State,MIA,CityName,State,0,0,4,0,0,,55,2520,0,0,0,0,0
2023-02-23,Southwest,N998XX,140,SFO,CityName,State,MIA,CityName,State,0,0,-8,0,0,,254,1369,0,0,0,0,0
2023-02-23,American,N346XX,6921,BOS,CityName,State,SEA,CityName,State,45,1,49,1,0,,167,1448,0,0,49,0,0
2023-02-23,JetBlue,N633XX,5065,ORD,CityName,State,ATL,CityName,State,0,0,10,0,0,,176,1977,0,0,0,0,0
2023-02-23,Southwest,N962XX,8853,LAX,CityName,State,SFO,CityName,State,0,0,8,0,0,,293,1805,0,0,0,0,0
2023-02-23,United,N179XX,5512,SFO,CityName,State,JFK,CityName,State,0,0,5,0,0,,344,460,0,0,0,0,0
2023-02-23,Delta,N609XX,3772,JFK,CityName,State,SEA,CityName,State,0,0,-10,0,0,,148,447,0,0,0,0,0
2023-02-23,United,N475XX,759,LAX,CityName,State,DFW,CityName,State,45,1,32,1,0,,47,1284,32,0,0,0,0
2023-02-23,Southwest,N707XX,7528,ORD,CityName,State,BOS,CityName,State,0,0,-3,0,0,,353,1236,0,0,0,0,0
2023-02-23,JetBlue,N632XX,2416,LAX,CityName,State,MIA,CityName,State,0,0,3,0,0,,334,191,0,0,0,0,0
2023-02-23,JetBlue,N589XX,7798,BOS,CityName,State,MIA,CityName,State,0,0,-8,0,0,,200,2539,0,0,0,0,0
2023-02-23,American,N952XX,104,BOS,CityName,State,SFO,CityName,State,0,0,-10,0,0,,80,2527,0,0,0,0,0
2023-02-24,Delta,N527XX,6190,ATL,CityName,State,JFK,CityName,State,0,0,7,0,0,,130,2916,0,0,0,0,0
2023-02-24,Southwest,N551XX,1981,LAX,CityName,State,DFW,CityName,State,0,0,-3,0,0,,207,2023,0,0,0,0,0
2023-02-24,Delta,N139XX,7899,JFK,CityName,State,JFK,CityName,State,0,0,-14,0,0,,281,2656,0,0,0,0,0
2023-02-24,Delta,N429XX,4414,BOS,CityName,State,SEA,CityName,State,0,0,-8,0,0,,289,1543,0,0,0,0,0
2023-02-24,JetBlue,N679XX,2505,JFK,CityName,State,ORD,CityName,State,0,0,-5,0,0,,159,982,0,0,0,0,0
2023-02-24,JetBlue,N954XX,8636,ORD,CityName,State,DFW,CityName,State,0,0,1,0,0,,247,1761,0,0,0,0,0
2023-02-24,United,N691XX,6719,MIA,CityName,State,LAX,CityName,State,0,0,-6,0,0,,291,777,0,0,0,0,0
2023-02-24,Delta,N737XX,8278,MIA,CityName,State,ORD,CityName,State,0,0,3,0,0,,174,2319,0,0,0,0,0
2023-02-24,American,N417XX,708,ORD,CityName,State,DFW,CityName,State,0,0,-13,0,0,,313,2497,0,0,0,0,0
2023-02-24,Delta,N393XX,6744,ATL,CityName,State,LAX,CityName,State,0,0,7,0,0,,268,2995,0,0,0,0,0
2023-02-24,Delta,N490XX,4677,LAX,CityName,State,MIA,CityName,State,0,0,0,0,0,,172,2591,0,0,0,0,0
2023-02-24,American,N133XX,8108,ATL,CityName,State,ORD,CityName,State,0,0,7,0,0,,198,1813,0,0,0,0,0
2023-02-24,Southwest,N579XX,4827,ORD,CityName,State,ORD,CityName,State,0,0,5,0,0,,81,2403,0,0,0,0,0
2023-02-24,JetBlue,N315XX,6149,SFO,CityName,State,LAX,CityName,State,0,0,-2,0,0,,238,1645,0,0,0,0,0
2023-02-25,Delta,N153XX,2538,LAX,CityName,State,JFK,CityName,State,120,1,126,1,0,,263,846,0,0,0,0,126
2023-02-25,American,N468XX,2523,MIA,CityName,State,BOS,CityName,State,0,0,-3,0,0,,246,2332,0,0,0,0,0
2023-02-25,Delta,N882XX,9149,MIA,CityName,State,ORD,CityName,State,30,1,39,1,0,,272,2373,0,0,0,0,39
2023-02-25,Delta,N602XX,6544,MIA,CityName,State,ATL,CityName,State,0,0,-8,0,0,,150,1816,0,0,0,0,0
2023-02-25,Delta,N754XX,6884,SFO,CityName,State,MIA,CityName,State,0,0,1,0,0,,58,999,0,0,0,0,0
2023-02-25,Southwest,N491XX,671,ORD,CityName,State,LAX,CityName,State,0,0,-1,0,0,,198,676,0,0,0,0,0
2023-02-25,United,N575XX,9642,SEA,CityName,State,MIA,CityName,State,120,1,118,1,0,,170,455,0,118,0,0,0
2023-02-25,Southwest,N608XX,1279,DFW,CityName,State,BOS,CityName,State,0,0,-3,0,0,,261,978,0,0,0,0,0
2023-02-25,American,N529XX,4045,BOS,CityName,State,JFK,CityName,State,0,0,-11,0,0,,351,637,0,0,0,0,0
2023-02-25,JetBlue,N647XX,2227,LAX,CityName,State,ATL,CityName,State,0,0,7,0,0,,298,567,0,0,0,0,0
2023-02-25,United,N467XX,2875,DFW,CityName,State,SEA,CityName,State,0,0,-7,0,0,,115,1301,0,0,0,0,0
2023-02-25,United,N300XX,7300,MIA,CityName,State,MIA,CityName,State,30,1,40,1,0,,120,386,0,40,0,0,0
2023-02-25,Southwest,N581XX,1949,DEN,CityName,State,SFO,CityName,State,0,0,0,0,1,A,136,771,0,0,0,0,0
2023-02-25,American,N809XX,9345,ATL,CityName,State,SEA,CityName,State,0,0,3,0,0,,59,531,0,0,0,0,0
2023-02-25,JetBlue,N838XX,6605,DFW,CityName,State,ATL,CityName,State,0,0,0,0,0,,201,2536,0,0,0,0,0
2023-02-25,JetBlue,N750XX,6497,SFO,CityName,State,LAX,CityName,State,0,0,-11,0,0,,300,973,0,0,0,0,0
2023-02-25,JetBlue,N460XX,4123,ATL,CityName,State,DEN,CityName,State,0,0,-13,0,0,,129,2598,0,0,0,0,0
2023-02-26,American,N156XX,2306,ORD,CityName,State,LAX,CityName,State,0,0,-3,0,0,,342,2139,0,0,0,0,0
2023-02-26,Southwest,N366XX,1161,SFO,CityName,State,SEA,CityName,State,0,0,-6,0,0,,346,2564,0,0,0,0,0
2023-02-26,JetBlue,N133XX,8680,MIA,CityName,State,JFK,CityName,State,0,0,9,0,0,,183,1000,0,0,0,0,0
2023-02-26,American,N759XX,8099,LAX,CityName,State,MIA,CityName,State,0,0,4,0,0,,127,2384,0,0,0,0,0
2023-02-26,JetBlue,N599XX,9107,JFK,CityName,State,DFW,CityName,State,60,1,55,1,0,,66,1110,55,0,0,0,0
2023-02-26,Southwest,N353XX,3166,SFO,CityName,State,ATL,CityName,State,15,1,11,0,0,,271,1822,0,0,0,0,0
2023-02-26,American,N417XX,1539,DFW,CityName,State,ORD,CityName,State,15,1,19,1,0,,273,1737,0,0,0,0,19
2023-02-26,United,N199XX,3288,BOS,CityName,State,SEA,CityName,State,45,1,44,1,0,,156,192,0,0,44,0,0
2023-02-26,JetBlue,N738XX,4384,SEA,CityName,State,ORD,CityName,State,0,0,-11,0,0,,258,1667,0,0,0,0,0
2023-02-26,Southwest,N912XX,358,SEA,CityName,State,SFO,CityName,State,0,0,-5,0,0,,115,2041,0,0,0,0,0
2023-02-26,Delta,N729XX,6148,DFW,CityName,State,LAX,CityName,State,0,0,5,0,0,,272,731,0,0,0,0,0
2023-02-26,United,N585XX,6538,ATL,CityName,State,SFO,CityName,State,120,1,122,1,0,,183,2496,0,0,122,0,0
2023-02-26,JetBlue,N118XX,3448,MIA,CityName,State,JFK,CityName,State,0,0,6,0,0,,69,2708,0,0,0,0,0
2023-02-26,Southwest,N677XX,3971,JFK,CityName,State,DFW,CityName,State,0,0,7,0,0,,110,1602,0,0,0,0,0
2023-02-26,American,N593XX,6106,DEN,CityName,State,SEA,CityName,State,0,0,-13,0,0,,58,667,0,0,0,0,0
2023-02-26,Southwest,N960XX,6386,BOS,CityName,State,DEN,CityName,State,0,0,9,0,0,,191,2295,0,0,0,0,0
2023-02-27,United,N922XX,3981,MIA,CityName,State,DEN,CityName,State,45,1,46,1,0,,118,2439,0,0,0,0,46
2023-02-27,JetBlue,N885XX,4674,ATL,CityName,State,LAX,CityName,State,0,0,-8,0,0,,122,2655,0,0,0,0,0
2023-02-27,Southwest,N723XX,5690,SEA,CityName,State,LAX,CityName,State,0,0,0,0,0,,147,2576,0,0,0,0,0
2023-02-27,JetBlue,N475XX,4621,SEA,CityName,State,DEN,CityName,State,0,0,-10,0,0,,149,1679,0,0,0,0,0
2023-02-27,United,N347XX,6067,DFW,CityName,State,ATL,CityName,State,0,0,-3,0,0,,101,1980,0,0,0,0,0
2023-02-27,JetBlue,N986XX,2134,DFW,CityName,State,JFK,CityName,State,15,1,21,1,0,,213,168,0,0,21,0,0
2023-02-27,Southwest,N754XX,9299,SEA,CityName,State,ATL,CityName,State,0,0,7,0,0,,292,2786,0,0,0,0,0
2023-02-27,American,N598XX,5725,SEA,CityName,State,DEN,CityName,State,0,0,-10,0,0,,225,691,0,0,0,0,0
2023-02-27,JetBlue,N488XX,2341,SFO,CityName,State,ORD,CityName,State,0,0,-11,0,0,,328,1328,0,0,0,0,0
2023-02-28,Southwest,N196XX,5491,SFO,CityName,State,ATL,CityName,State,15,1,25,1,0,,353,476,0,0,25,0,0
2023-02-28,American,N769XX,648,DFW,CityName,State,ATL,CityName,State,60,1,55,1,0,,310,1134,0,0,0,0,55
2023-02-28,Southwest,N619XX,3095,BOS,CityName,State,JFK,CityName,State,45,1,0,0,1,A,214,2111,0,0,0,0,0
2023-02-28,American,N644XX,2150,JFK,CityName,State,DFW,CityName,State,0,0,-3,0,0,,289,2459,0,0,0,0,0
2023-02-28,Delta,N289XX,9186,ATL,CityName,State,LAX,CityName,State,120,1,126,1,0,,199,1392,126,0,0,0,0
2023-02-28,Delta,N830XX,9368,ATL,CityName,State,SFO,CityName,State,120,1,126,1,0,,196,1294,0,0,126,0,0
2023-02-28,Southwest,N743XX,6468,MIA,CityName,State,SFO,CityName,State,0,0,8,0,0,,251,250,0,0,0,0,0
2023-02-28,JetBlue,N401XX,4672,DEN,CityName,State,DEN,CityName,State,30,1,19,1,0,,83,1928,19,0,0,0,0
2023-02-28,JetBlue,N252XX,6546,DEN,CityName,State,LAX,CityName,State,0,0,-1,0,0,,119,745,0,0,0,0,0
2023-02-28,JetBlue,N360XX,7942,DEN,CityName,State,MIA,CityName,State,0,0,5,0,0,,224,632,0,0,0,0,0
2023-02-28,Southwest,N328XX,203,DEN,CityName,State,DEN,CityName,State,0,0,-2,0,0,,212,955,0,0,0,0,0
2023-02-28,JetBlue,N688XX,3628,DEN,CityName,State,DEN,CityName,State,0,0,-8,0,0,,247,2642,0,0,0,0,0
2023-02-28,United,N195XX,1626,BOS,CityName,State,JFK,CityName,State,0,0,0,0,0,,116,1666,0,0,0,0,0
2023-03-01,JetBlue,N594XX,719,ORD,CityName,State,SFO,CityName,State,0,0,9,0,0,,129,1431,0,0,0,0,0
2023-03-01,Southwest,N835XX,3281,BOS,CityName,State,BOS,CityName,State,0,0,8,0,0,,288,1183,0,0,0,0,0
2023-03-01,American,N429XX,1909,ORD,CityName,State,DFW,CityName,State,0,0,0,0,1,A,90,2301,0,0,0,0,0
2023-03-01,Southwest,N800XX,9549,JFK,CityName,State,DFW,CityName,State,0,0,7,0,0,,204,2548,0,0,0,0,0
2023-03-01,JetBlue,N566XX,2267,DFW,CityName,State,LAX,CityName,State,60,1,46,1,0,,46,2796,0,46,0,0,0
2023-03-01,Delta,N824XX,8526,SEA,CityName,State,SFO,CityName,State,0,0,-7,0,0,,66,1116,0,0,0,0,0
2023-03-01,JetBlue,N128XX,8914,MIA,CityName,State,MIA,CityName,State,0,0,-13,0,0,,151,1711,0,0,0,0,0
2023-03-01,American,N681XX,1519,LAX,CityName,State,MIA,CityName,State,0,0,-14,0,0,,186,234,0,0,0,0,0
2023-03-01,Southwest,N335XX,9151,SEA,CityName,State,DFW,CityName,State,0,0,2,0,0,,291,2808,0,0,0,0,0
2023-03-01,Delta,N469XX,7021,ORD,CityName,State,ORD,CityName,State,0,0,-7,0,0,,59,463,0,0,0,0,0
2023-03-01,Southwest,N228XX,6109,SEA,CityName,State,DFW,CityName,State,15,1,5,0,0,,282,2136,0,0,0,0,0
2023-03-01,American,N801XX,6831,BOS,CityName,State,DFW,CityName,State,0,0,-7,0,0,,213,2436,0,0,0,0,0
2023-03-01,Southwest,N866XX,2966,JFK,CityName,State,MIA,CityName,State,15,1,10,0,0,,101,1526,0,0,0,0,0
2023-03-01,JetBlue,N863XX,3096,ATL,CityName,State,ATL,CityName,State,60,1,70,1,0,,303,2108,70,0,0,0,0
2023-03-02,American,N471XX,3070,ORD,CityName,State,ORD,CityName,State,0,0,-6,0,0,,318,2438,0,0,0,0,0
2023-03-02,Southwest,N328XX,7565,MIA,CityName,State,DEN,CityName,State,0,0,-4,0,0,,104,1131,0,0,0,0,0
2023-03-02,United,N997XX,1490,JFK,CityName,State,ORD,CityName,State,0,0,-13,0,0,,298,229,0,0,0,0,0
2023-03-02,American,N853XX,2227,LAX,CityName,State,ATL,CityName,State,0,0,-13,0,0,,176,2409,0,0,0,0,0
2023-03-02,Southwest,N240XX,6245,BOS,CityName,State,DEN,CityName,State,0,0,1,0,0,,141,1525,0,0,0,0,0
2023-03-02,American,N757XX,898,MIA,CityName,State,SEA,CityName,State,0,0,-4,0,0,,231,2423,0,0,0,0,0
2023-03-02,Delta,N217XX,6906,DFW,CityName,State,DFW,CityName,State,0,0,-7,0,0,,351,1659,0,0,0,0,0
2023-03-02,American,N506XX,7174,DFW,CityName,State,BOS,CityName,State,240,1,229,1,0,,127,767,0,0,0,0,229
2023-03-02,United,N841XX,3162,SEA,CityName,State,JFK,CityName,State,0,0,10,0,0,,144,888,0,0,0,0,0
2023-03-02,JetBlue,N875XX,2597,SFO,CityName,State,SEA,CityName,State,0,0,-3,0,0,,308,522,0,0,0,0,0
2023-03-02,Southwest,N371XX,1640,SFO,CityName,State,ATL,CityName,State,0,0,-1,0,0,,109,1531,0,0,0,0,0
2023-03-02,Delta,N356XX,3857,DEN,CityName,State,SFO,CityName,State,0,0,1,0,0,,307,548,0,0,0,0,0
2023-03-03,Southwest,N828XX,7936,SFO,CityName,State,BOS,CityName,State,0,0,-4,0,0,,78,664,0,0,0,0,0
2023-03-03,Delta,N726XX,6419,JFK,CityName,State,JFK,CityName,State,0,0,-12,0,0,,65,1830,0,0,0,0,0
2023-03-03,United,N695XX,8411,JFK,CityName,State,DEN,CityName,State,0,0,-4,0,0,,173,2518,0,0,0,0,0
2023-03-03,Southwest,N387XX,8774,SFO,CityName,State,SEA,CityName,State,0,0,0,0,0,,185,608,0,0,0,0,0
2023-03-03,American,N580XX,7982,SFO,CityName,State,BOS,CityName,State,0,0,0,0,1,A,107,1276,0,0,0,0,0
2023-03-03,Southwest,N144XX,5559,DFW,CityName,State,MIA,CityName,State,0,0,2,0,0,,241,1183,0,0,0,0,0
2023-03-03,American,N956XX,9904,LAX,CityName,State,LAX,CityName,State,45,1,55,1,0,,150,2880,0,0,0,0,55
2023-03-03,United,N362XX,9964,ORD,CityName,State,ATL,CityName,State,0,0,4,0,0,,350,999,0,0,0,0,0
2023-03-03,American,N821XX,8846,MIA,CityName,State,SFO,CityName,State,0,0,-11,0,0,,317,187,0,0,0,0,0
2023-03-03,United,N894XX,620,SFO,CityName,State,LAX,CityName,State,0,0,-8,0,0,,199,1152,0,0,0,0,0
2023-03-03,Delta,N981XX,949,DEN,CityName,State,JFK,CityName,State,0,0,9,0,0,,239,1368,0,0,0,0,0
2023-03-03,Southwest,N276XX,7477,DEN,CityName,State,LAX,CityName,State,0,0,6,0,0,,223,935,0,0,0,0,0
2023-03-04,United,N883XX,1401,BOS,CityName,State,SFO,CityName,State,60,1,49,1,0,,236,2660,0,0,49,0,0
2023-03-04,Southwest,N178XX,7755,BOS,CityName,State,DFW,CityName,State,0,0,-4,0,0,,165,2472,0,0,0,0,0
2023-03-04,Southwest,N716XX,6568,DEN,CityName,State,LAX,CityName,State,0,0,1,0,0,,131,261,0,0,0,0,0
2023-03-04,Delta,N543XX,4137,SEA,CityName,State,JFK,CityName,State,0,0,-5,0,0,,153,2965,0,0,0,0,0
2023-03-04,Delta,N335XX,7845,DFW,CityName,State,DFW,CityName,State,0,0,7,0,0,,66,841,0,0,0,0,0
2023-03-04,Southwest,N567XX,5073,SEA,CityName,State,SFO,CityName,State,0,0,-2,0,0,,272,1830,0,0,0,0,0
2023-03-04,JetBlue,N560XX,6430,ORD,CityName,State,LAX,CityName,State,0,0,-2,0,0,,246,1196,0,0,0,0,0
2023-03-04,JetBlue,N366XX,3706,JFK,CityName,State,DEN,CityName,State,0,0,10,0,0,,134,2267,0,0,0,0,0
2023-03-04,Southwest,N976XX,8162,SFO,CityName,State,LAX,CityName,State,0,0,5,0,0,,50,2541,0,0,0,0,0
2023-03-04,JetBlue,N935XX,5489,DFW,CityName,State,BOS,CityName,State,15,1,5,0,0,,98,1603,0,0,0,0,0
2023-03-04,JetBlue,N671XX,3244,DEN,CityName,State,BOS,CityName,State,0,0,0,0,0,,258,1956,0,0,0,0,0
2023-03-05,Delta,N778XX,1598,DEN,CityName,State,DEN,CityName,State,0,0,0,0,0,,149,2779,0,0,0,0,0
2023-03-05,Delta,N517XX,5466,ORD,CityName,State,MIA,CityName,State,0,0,3,0,0,,161,2801,0,0,0,0,0
2023-03-05,JetBlue,N608XX,6830,BOS,CityName,State,ORD,CityName,State,60,1,67,1,0,,206,1269,0,0,0,0,67
2023-03-05,JetBlue,N293XX,8284,JFK,CityName,State,SEA,CityName,State,0,0,0,0,0,,196,1967,0,0,0,0,0
2023-03-05,Delta,N950XX,5273,LAX,CityName,State,ORD,CityName,State,0,0,-13,0,0,,223,1073,0,0,0,0,0
2023-03-05,American,N443XX,915,MIA,CityName,State,ORD,CityName,State,15,1,18,1,0,,166,1901,0,18,0,0,0
2023-03-05,JetBlue,N544XX,1683,DEN,CityName,State,BOS,CityName,State,15,1,18,1,0,,204,1626,0,0,18,0,0
2023-03-05,JetBlue,N808XX,1215,DFW,CityName,State,DFW,CityName,State,0,0,-10,0,0,,73,2954,0,0,0,0,0
2023-03-05,United,N446XX,6956,MIA,CityName,State,SFO,CityName,State,0,0,4,0,0,,353,1017,0,0,0,0,0
2023-03-05,United,N835XX,7289,DFW,CityName,State,MIA,CityName,State,0,0,-12,0,0,,77,828,0,0,0,0,0
2023-03-05,United,N530XX,855,ATL,CityName,State,ORD,CityName,State,0,0,0,0,0,,291,426,0,0,0,0,0
2023-03-05,JetBlue,N957XX,7100,MIA,CityName,State,SFO,CityName,State,15,1,12,0,0,,154,546,0,0,0,0,0
2023-03-06,Southwest,N785XX,7389,JFK,CityName,State,ORD,CityName,State,0,0,6,0,0,,214,2557,0,0,0,0,0
2023-03-06,JetBlue,N748XX,185,ORD,CityName,State,DEN,CityName,State,0,0,2,0,0,,146,2442,0,0,0,0,0
2023-03-06,Delta,N782XX,7645,SFO,CityName,State,ORD,CityName,State,15,1,5,0,0,,231,492,0,0,0,0,0
2023-03-06,United,N585XX,1298,MIA,CityName,State,DEN,CityName,State,0,0,2,0,0,,216,2041,0,0,0,0,0
2023-03-06,Southwest,N742XX,7300,ATL,CityName,State,MIA,CityName,State,0,0,0,0,1,A,94,1268,0,0,0,0,0
2023-03-06,United,N869XX,7237,MIA,CityName,State,LAX,CityName,State,0,0,-2,0,0,,244,906,0,0,0,0,0
2023-03-06,American,N600XX,3732,DFW,CityName,State,DEN,CityName,State,0,0,-11,0,0,,301,2578,0,0,0,0,0
2023-03-06,United,N142XX,146,ORD,CityName,State,BOS,CityName,State,0,0,0,0,1,A,162,182,0,0,0,0,0
2023-03-06,United,N592XX,8577,JFK,CityName,State,SFO,CityName,State,0,0,0,0,0,,201,1424,0,0,0,0,0
2023-03-06,JetBlue,N131XX,5811,MIA,CityName,State,SEA,CityName,State,0,0,7,0,0,,287,1211,0,0,0,0,0
2023-03-06,Southwest,N228XX,8753,SEA,CityName,State,SFO,CityName,State,60,1,59,1,0,,216,296,0,59,0,0,0
2023-03-06,Southwest,N992XX,9670,SEA,CityName,State,BOS,CityName,State,0,0,-11,0,0,,264,2045,0,0,0,0,0
2023-03-06,American,N714XX,866,ORD,CityName,State,ATL,CityName,State,0,0,-7,0,0,,264,514,0,0,0,0,0
2023-03-06,Delta,N470XX,2478,JFK,CityName,State,SEA,CityName,State,0,0,-2,0,0,,287,1103,0,0,0,0,0
2023-03-06,JetBlue,N619XX,908,JFK,CityName,State,BOS,CityName,State,30,1,35,1,0,,286,866,0,0,35,0,0
2023-03-07,United,N312XX,4260,SEA,CityName,State,ORD,CityName,State,0,0,-9,0,0,,284,2144,0,0,0,0,0
2023-03-07,Southwest,N717XX,3832,ORD,CityName,State,LAX,CityName,State,0,0,-9,0,0,,60,1947,0,0,0,0,0
2023-03-07,JetBlue,N246XX,2933,LAX,CityName,State,ATL,CityName,State,0,0,-13,0,0,,88,1615,0,0,0,0,0
2023-03-07,United,N403XX,4371,JFK,CityName,State,ATL,CityName,State,0,0,9,0,0,,310,1316,0,0,0,0,0
2023-03-07,United,N143XX,1316,SEA,CityName,State,DEN,CityName,State,15,1,8,0,0,,344,561,0,0,0,0,0
2023-03-07,Delta,N516XX,827,SEA,CityName,State,JFK,CityName,State,0,0,4,0,0,,174,2329,0,0,0,0,0
2023-03-07,JetBlue,N916XX,517,ORD,CityName,State,LAX,CityName,State,0,0,5,0,0,,46,2938,0,0,0,0,0
2023-03-07,American,N203XX,6328,SEA,CityName,State,JFK,CityName,State,0,0,10,0,0,,202,1750,0,0,0,0,0
2023-03-07,American,N183XX,2073,SEA,CityName,State,DFW,CityName,State,15,1,16,1,0,,321,1739,16,0,0,0,0
2023-03-07,Delta,N353XX,7326,SEA,CityName,State,ATL,CityName,State,0,0,-6,0,0,,315,755,0,0,0,0,0
2023-03-07,United,N314XX,702,ATL,CityName,State,JFK,CityName,State,0,0,9,0,0,,178,2192,0,0,0,0,0
2023-03-07,American,N288XX,764,MIA,CityName,State,ORD,CityName,State,0,0,9,0,0,,238,2275,0,0,0,0,0
2023-03-07,JetBlue,N618XX,145,SFO,CityName,State,SFO,CityName,State,0,0,-7,0,0,,312,2084,0,0,0,0,0
2023-03-07,JetBlue,N983XX,3801,MIA,CityName,State,BOS,CityName,State,120,1,120,1,0,,50,1489,0,0,120,0,0
2023-03-07,Southwest,N353XX,3511,BOS,CityName,State,SEA,CityName,State,0,0,-12,0,0,,359,2968,0,0,0,0,0
2023-03-07,Delta,N852XX,7131,ORD,CityName,State,ATL,CityName,State,0,0,-14,0,0,,186,2691,0,0,0,0,0
2023-03-07,American,N751XX,6330,DEN,CityName,State,JFK,CityName,State,0,0,-4,0,0,,350,2544,0,0,0,0,0
2023-03-07,Southwest,N164XX,6698,SEA,CityName,State,DEN,CityName,State,0,0,0,0,0,,345,1444,0,0,0,0,0
2023-03-07,United,N686XX,2096,ATL,CityName,State,DFW,CityName,State,0,0,-1,0,0,,276,1191,0,0,0,0,0
2023-03-08,JetBlue,N794XX,7147,LAX,CityName,State,LAX,CityName,State,0,0,8,0,0,,313,2798,0,0,0,0,0
2023-03-08,American,N953XX,4721,ATL,CityName,State,JFK,CityName,State,0,0,-13,0,0,,179,232,0,0,0,0,0
2023-03-08,American,N237XX,4258,LAX,CityName,State,MIA,CityName,State,0,0,-4,0,0,,171,1745,0,0,0,0,0
2023-03-08,United,N455XX,4632,DFW,CityName,State,DFW,CityName,State,15,1,23,1,0,,356,1860,0,0,23,0,0
2023-03-08,Southwest,N912XX,9321,SEA,CityName,State,DFW,CityName,State,0,0,-12,0,0,,338,1684,0,0,0,0,0
2023-03-08,Delta,N300XX,3105,DEN,CityName,State,BOS,CityName,State,0,0,6,0,0,,250,1340,0,0,0,0,0
2023-03-08,Southwest,N236XX,8359,JFK,CityName,State,ATL,CityName,State,0,0,2,0,0,,240,2141,0,0,0,0,0
2023-03-08,Delta,N737XX,3119,BOS,CityName,State,SEA,CityName,State,15,1,11,0,0,,113,2864,0,0,0,0,0
2023-03-08,Southwest,N521XX,4203,MIA,CityName,State,DEN,CityName,State,15,1,12,0,0,,247,2842,0,0,0,0,0
2023-03-08,Delta,N586XX,4728,BOS,CityName,State,DFW,CityName,State,0,0,9,0,0,,293,2898,0,0,0,0,0
2023-03-08,United,N170XX,7773,DEN,CityName,State,MIA,CityName,State,0,0,7,0,0,,165,158,0,0,0,0,0
2023-03-09,American,N580XX,9323,DFW,CityName,State,BOS,CityName,State,0,0,10,0,0,,293,2320,0,0,0,0,0
2023-03-09,United,N894XX,9051,JFK,CityName,State,ATL,CityName,State,0,0,5,0,0,,130,2148,0,0,0,0,0
2023-03-09,Southwest,N108XX,961,ORD,CityName,State,JFK,CityName,State,0,0,0,0,0,,338,935,0,0,0,0,0
2023-03-09,American,N842XX,4377,MIA,CityName,State,SFO,CityName,State,0,0,-8,0,0,,161,2626,0,0,0,0,0
2023-03-09,Southwest,N237XX,9162,ORD,CityName,State,MIA,CityName,State,0,0,3,0,0,,228,307,0,0,0,0,0
2023-03-09,United,N986XX,2693,SEA,CityName,State,LAX,CityName,State,0,0,-12,0,0,,305,274,0,0,0,0,0
2023-03-09,Delta,N551XX,9869,BOS,CityName,State,JFK,CityName,State,0,0,-7,0,0,,179,1038,0,0,0,0,0
2023-03-09,American,N778XX,387,ATL,CityName,State,ATL,CityName,State,0,0,-7,0,0,,318,1431,0,0,0,0,0
2023-03-09,JetBlue,N953XX,3232,DEN,CityName,State,LAX,CityName,State,0,0,-3,0,0,,358,2170,0,0,0,0,0
2023-03-09,United,N102XX,4847,DFW,CityName,State,ORD,CityName,State,0,0,4,0,0,,283,2855,0,0,0,0,0
2023-03-09,American,N171XX,9988,BOS,CityName,State,MIA,CityName,State,0,0,4,0,0,,227,923,0,0,0,0,0
2023-03-10,Delta,N723XX,8625,ATL,CityName,State,MIA,CityName,State,0,0,-6,0,0,,256,2244,0,0,0,0,0
2023-03-10,Delta,N905XX,6506,LAX,CityName,State,JFK,CityName,State,0,0,0,0,0,,254,648,0,0,0,0,0
2023-03-10,Southwest,N977XX,3314,ATL,CityName,State,SEA,CityName,State,0,0,0,0,0,,198,653,0,0,0,0,0
2023-03-10,Delta,N510XX,639,LAX,CityName,State,DFW,CityName,State,0,0,-14,0,0,,95,616,0,0,0,0,0
2023-03-10,JetBlue,N798XX,8723,SFO,CityName,State,SEA,CityName,State,0,0,-3,0,0,,212,2693,0,0,0,0,0
2023-03-10,American,N197XX,682,MIA,CityName,State,LAX,CityName,State,0,0,6,0,0,,321,990,0,0,0,0,0
2023-03-10,United,N676XX,8090,SFO,CityName,State,LAX,CityName,State,0,0,10,0,0,,297,2709,0,0,0,0,0
2023-03-10,American,N881XX,6656,ATL,CityName,State,LAX,CityName,State,0,0,6,0,0,,291,2457,0,0,0,0,0
2023-03-10,Delta,N398XX,7129,SFO,CityName,State,ATL,CityName,State,15,1,11,0,0,,234,449,0,0,0,0,0
2023-03-10,American,N943XX,4422,JFK,CityName,State,LAX,CityName,State,0,0,2,0,0,,160,1309,0,0,0,0,0
2023-03-10,Southwest,N951XX,8311,ATL,CityName,State,SFO,CityName,State,0,0,-7,0,0,,189,1835,0,0,0,0,0
2023-03-10,Southwest,N606XX,7800,DFW,CityName,State,LAX,CityName,State,0,0,0,0,0,,116,536,0,0,0,0,0
2023-03-10,American,N406XX,1509,SEA,CityName,State,MIA,CityName,State,30,1,24,1,0,,246,1769,24,0,0,0,0
2023-03-10,American,N703XX,6520,SEA,CityName,State,SEA,CityName,State,0,0,-4,0,0,,128,2390,0,0,0,0,0
2023-03-11,United,N447XX,5316,JFK,CityName,State,DFW,CityName,State,0,0,-7,0,0,,198,1029,0,0,0,0,0
2023-03-11,American,N576XX,8917,DFW,CityName,State,ATL,CityName,State,0,0,2,0,0,,155,2734,0,0,0,0,0
2023-03-11,American,N322XX,2959,SFO,CityName,State,ORD,CityName,State,60,1,64,1,0,,89,1437,64,0,0,0,0
2023-03-11,United,N569XX,3653,ORD,CityName,State,SFO,CityName,State,0,0,5,0,0,,105,1370,0,0,0,0,0
2023-03-11,United,N360XX,9513,SFO,CityName,State,SFO,CityName,State,0,0,5,0,0,,47,1692,0,0,0,0,0
2023-03-11,Delta,N252XX,7420,JFK,CityName,State,BOS,CityName,State,0,0,-8,0,0,,350,1600,0,0,0,0,0
2023-03-11,United,N223XX,8692,BOS,CityName,State,BOS,CityName,State,15,1,5,0,0,,225,1757,0,0,0,0,0
2023-03-12,United,N734XX,8319,ATL,CityName,State,SEA,CityName,State,0,0,-12,0,0,,142,897,0,0,0,0,0
2023-03-12,United,N748XX,2542,LAX,CityName,State,ORD,CityName,State,0,0,10,0,0,,314,2541,0,0,0,0,0
2023-03-12,Delta,N838XX,6689,SFO,CityName,State,BOS,CityName,State,0,0,-6,0,0,,294,2673,0,0,0,0,0
2023-03-12,Delta,N483XX,4749,MIA,CityName,State,BOS,CityName,State,0,0,-10,0,0,,282,2672,0,0,0,0,0
2023-03-12,United,N550XX,587,DFW,CityName,State,ATL,CityName,State,0,0,5,0,0,,194,1321,0,0,0,0,0
2023-03-12,Southwest,N584XX,2931,SFO,CityName,State,DFW,CityName,State,0,0,2,0,0,,165,619,0,0,0,0,0
2023-03-12,Southwest,N715XX,6280,ATL,CityName,State,LAX,CityName,State,0,0,-12,0,0,,161,1063,0,0,0,0,0
2023-03-12,JetBlue,N157XX,4849,BOS,CityName,State,ATL,CityName,State,0,0,-5,0,0,,206,536,0,0,0,0,0
2023-03-12,JetBlue,N714XX,6744,SEA,CityName,State,DEN,CityName,State,0,0,1,0,0,,180,2750,0,0,0,0,0
2023-03-12,Southwest,N543XX,3370,MIA,CityName,State,BOS,CityName,State,0,0,-6,0,0,,78,2588,0,0,0,0,0
2023-03-12,Southwest,N295XX,1512,BOS,CityName,State,MIA,CityName,State,0,0,1,0,0,,221,1153,0,0,0,0,0
2023-03-12,Delta,N798XX,5071,LAX,CityName,State,SFO,CityName,State,0,0,8,0,0,,66,1517,0,0,0,0,0
2023-03-12,JetBlue,N115XX,8288,DFW,CityName,State,DFW,CityName,State,15,1,3,0,0,,133,2658,0,0,0,0,0
2023-03-12,Southwest,N867XX,5295,ORD,CityName,State,MIA,CityName,State,60,1,54,1,0,,223,1072,0,0,54,0,0
2023-03-12,Southwest,N916XX,9877,ORD,CityName,State,JFK,CityName,State,0,0,-8,0,0,,240,991,0,0,0,0,0
2023-03-12,Delta,N348XX,2011,ATL,CityName,State,JFK,CityName,State,0,0,-3,0,0,,200,2896,0,0,0,0,0
2023-03-12,Southwest,N262XX,2519,MIA,CityName,State,MIA,CityName,State,0,0,-5,0,0,,172,1269,0,0,0,0,0
2023-03-12,Delta,N264XX,5517,SEA,CityName,State,SEA,CityName,State,0,0,8,0,0,,159,2551,0,0,0,0,0
2023-03-12,Southwest,N441XX,3817,ORD,CityName,State,JFK,CityName,State,0,0,-12,0,0,,51,2085,0,0,0,0,0
2023-03-12,Southwest,N696XX,8740,DEN,CityName,State,LAX,CityName,State,0,0,1,0,0,,60,616,0,0,0,0,0
2023-03-13,American,N821XX,2552,SFO,CityName,State,ORD,CityName,State,15,1,1,0,0,,146,2882,0,0,0,0,0
2023-03-13,JetBlue,N210XX,3329,ORD,CityName,State,SFO,CityName,State,0,0,2,0,0,,127,1720,0,0,0,0,0
2023-03-13,American,N338XX,846,BOS,CityName,State,SEA,CityName,State,30,1,20,1,0,,331,2972,0,0,0,0,20
2023-03-13,American,N205XX,5544,DEN,CityName,State,DFW,CityName,State,0,0,-6,0,0,,252,577,0,0,0,0,0
2023-03-13,American,N910XX,8653,JFK,CityName,State,MIA,CityName,State,0,0,-8,0,0,,246,564,0,0,0,0,0
2023-03-13,United,N745XX,9458,ORD,CityName,State,ORD,CityName,State,0,0,-8,0,0,,183,1506,0,0,0,0,0
2023-03-13,Southwest,N201XX,4147,SFO,CityName,State,SEA,CityName,State,15,1,23,1,0,,353,743,23,0,0,0,0
2023-03-13,United,N650XX,2477,ORD,CityName,State,BOS,CityName,State,0,0,0,0,0,,331,1920,0,0,0,0,0
2023-03-13,JetBlue,N947XX,3210,ATL,CityName,State,DEN,CityName,State,15,1,21,1,0,,149,256,21,0,0,0,0
2023-03-13,Southwest,N413XX,4344,JFK,CityName,State,BOS,CityName,State,0,0,5,0,0,,322,1543,0,0,0,0,0
2023-03-13,United,N559XX,9612,LAX,CityName,State,DFW,CityName,State,0,0,-8,0,0,,237,2450,0,0,0,0,0
2023-03-13,American,N651XX,9947,SFO,CityName,State,DFW,CityName,State,0,0,4,0,0,,272,1339,0,0,0,0,0
2023-03-13,Southwest,N230XX,4207,LAX,CityName,State,SEA,CityName,State,0,0,0,0,1,A,219,2696,0,0,0,0,0
2023-03-14,JetBlue,N621XX,3706,SEA,CityName,State,BOS,CityName,State,0,0,-7,0,0,,151,1281,0,0,0,0,0
2023-03-14,Delta,N945XX,6365,LAX,CityName,State,BOS,CityName,State,30,1,22,1,0,,339,1468,0,22,0,0,0
2023-03-14,American,N409XX,9687,MIA,CityName,State,ATL,CityName,State,0,0,6,0,0,,199,2106,0,0,0,0,0
2023-03-14,American,N694XX,2300,DFW,CityName,State,DEN,CityName,State,15,1,5,0,0,,134,679,0,0,0,0,0
2023-03-14,Southwest,N868XX,6229,JFK,CityName,State,LAX,CityName,State,0,0,2,0,0,,284,1160,0,0,0,0,0
2023-03-14,United,N160XX,3108,ORD,CityName,State,DEN,CityName,State,15,1,5,0,0,,154,2701,0,0,0,0,0
2023-03-14,JetBlue,N626XX,1986,ORD,CityName,State,DEN,CityName,State,0,0,-13,0,0,,108,2891,0,0,0,0,0
2023-03-14,JetBlue,N564XX,7762,ATL,CityName,State,ORD,CityName,State,0,0,10,0,0,,146,761,0,0,0,0,0
2023-03-14,Delta,N666XX,1431,BOS,CityName,State,DEN,CityName,State,0,0,2,0,0,,163,2098,0,0,0,0,0
2023-03-14,Southwest,N378XX,9674,BOS,CityName,State,SEA,CityName,State,0,0,-14,0,0,,308,2059,0,0,0,0,0
2023-03-14,United,N214XX,4103,JFK,CityName,State,LAX,CityName,State,0,0,-5,0,0,,70,1644,0,0,0,0,0
2023-03-14,Southwest,N145XX,3771,LAX,CityName,State,DFW,CityName,State,0,0,-14,0,0,,49,2625,0,0,0,0,0
2023-03-15,United,N252XX,4969,ORD,CityName,State,MIA,CityName,State,45,1,54,1,0,,136,1038,0,54,0,0,0
2023-03-15,United,N846XX,6113,SEA,CityName,State,ATL,CityName,State,0,0,-5,0,0,,63,2353,0,0,0,0,0
2023-03-15,Delta,N936XX,4978,BOS,CityName,State,JFK,CityName,State,0,0,5,0,0,,161,662,0,0,0,0,0
2023-03-15,Delta,N164XX,6943,ATL,CityName,State,SFO,CityName,State,0,0,7,0,0,,284,1193,0,0,0,0,0
2023-03-15,Southwest,N929XX,6711,JFK,CityName,State,SFO,CityName,State,0,0,-10,0,0,,121,1069,0,0,0,0,0
2023-03-15,American,N413XX,1509,MIA,CityName,State,JFK,CityName,State,0,0,-6,0,0,,50,377,0,0,0,0,0
2023-03-16,JetBlue,N264XX,4233,MIA,CityName,State,SEA,CityName,State,240,1,247,1,0,,272,2616,0,247,0,0,0
2023-03-16,Southwest,N669XX,8594,BOS,CityName,State,MIA,CityName,State,60,1,53,1,0,,183,2585,0,0,0,0,53
2023-03-16,American,N443XX,9357,ATL,CityName,State,DFW,CityName,State,0,0,-13,0,0,,158,269,0,0,0,0,0
2023-03-16,United,N602XX,7685,DEN,CityName,State,SFO,CityName,State,0,0,2,0,0,,79,1899,0,0,0,0,0
2023-03-16,United,N746XX,6815,ATL,CityName,State,BOS,CityName,State,0,0,-10,0,0,,75,263,0,0,0,0,0
2023-03-16,United,N673XX,2128,ATL,CityName,State,ATL,CityName,State,0,0,-1,0,0,,266,684,0,0,0,0,0
2023-03-16,American,N166XX,5569,ATL,CityName,State,LAX,CityName,State,0,0,-6,0,0,,147,1674,0,0,0,0,0
2023-03-16,Delta,N479XX,2300,DFW,CityName,State,MIA,CityName,State,0,0,-14,0,0,,222,2065,0,0,0,0,0
2023-03-16,United,N481XX,4179,MIA,CityName,State,DFW,CityName,State,0,0,-10,0,0,,343,921,0,0,0,0,0
2023-03-16,Delta,N984XX,3131,ATL,CityName,State,MIA,CityName,State,15,1,16,1,0,,73,1174,16,0,0,0,0
2023-03-17,Southwest,N811XX,165,SEA,CityName,State,JFK,CityName,State,0,0,-11,0,0,,74,1187,0,0,0,0,0
2023-03-17,Southwest,N473XX,6153,ORD,CityName,State,LAX,CityName,State,0,0,0,0,0,,248,2725,0,0,0,0,0
2023-03-17,Southwest,N867XX,2833,DFW,CityName,State,ATL,CityName,State,15,1,15,1,0,,53,511,0,0,0,0,15
2023-03-17,American,N226XX,8873,BOS,CityName,State,SFO,CityName,State,15,1,24,1,0,,177,2113,0,0,24,0,0
2023-03-17,American,N319XX,5539,SFO,CityName,State,LAX,CityName,State,0,0,-11,0,0,,323,284,0,0,0,0,0
2023-03-17,United,N324XX,3937,DFW,CityName,State,BOS,CityName,State,0,0,-13,0,0,,197,1408,0,0,0,0,0
2023-03-17,Delta,N317XX,2591,LAX,CityName,State,DEN,CityName,State,60,1,66,1,0,,308,252,0,0,66,0,0
2023-03-17,American,N208XX,2747,DFW,CityName,State,BOS,CityName,State,0,0,0,0,1,A,303,986,0,0,0,0,0
2023-03-17,United,N672XX,1615,BOS,CityName,State,BOS,CityName,State,0,0,10,0,0,,165,412,0,0,0,0,0
2023-03-17,United,N868XX,5083,BOS,CityName,State,DFW,CityName,State,0,0,6,0,0,,352,687,0,0,0,0,0
2023-03-17,JetBlue,N715XX,9093,LAX,CityName,State,MIA,CityName,State,0,0,8,0,0,,150,2804,0,0,0,0,0
2023-03-17,Southwest,N834XX,3862,LAX,CityName,State,BOS,CityName,State,0,0,-1,0,0,,198,2079,0,0,0,0,0
2023-03-17,United,N684XX,9953,SFO,CityName,State,BOS,CityName,State,0,0,-10,0,0,,187,2845,0,0,0,0,0
2023-03-17,United,N453XX,1320,LAX,CityName,State,LAX,CityName,State,0,0,-2,0,0,,167,210,0,0,0,0,0
2023-03-17,Delta,N910XX,2253,SFO,CityName,State,ORD,CityName,State,30,1,31,1,0,,165,2947,0,0,31,0,0
2023-03-17,Southwest,N874XX,2919,MIA,CityName,State,ORD,CityName,State,120,1,108,1,0,,257,1404,108,0,0,0,0
2023-03-17,Southwest,N610XX,141,JFK,CityName,State,SEA,CityName,State,0,0,-2,0,0,,202,709,0,0,0,0,0
2023-03-17,Southwest,N394XX,9628,JFK,CityName,State,SEA,CityName,State,15,1,25,1,0,,293,294,0,0,25,0,0
2023-03-17,American,N438XX,4658,JFK,CityName,State,ATL,CityName,State,0,0,-8,0,0,,334,2593,0,0,0,0,0
2023-03-17,JetBlue,N448XX,9120,SEA,CityName,State,MIA,CityName,State,0,0,7,0,0,,199,1077,0,0,0,0,0
2023-03-18,Southwest,N365XX,8695,SEA,CityName,State,ATL,CityName,State,0,0,4,0,0,,288,2158,0,0,0,0,0
2023-03-18,Southwest,N620XX,3865,DEN,CityName,State,JFK,CityName,State,0,0,5,0,0,,329,1666,0,0,0,0,0
2023-03-18,American,N654XX,1988,ORD,CityName,State,DFW,CityName,State,0,0,3,0,0,,258,2851,0,0,0,0,0
2023-03-18,Delta,N592XX,7334,BOS,CityName,State,SEA,CityName,State,45,1,54,1,0,,252,522,54,0,0,0,0
2023-03-18,Southwest,N315XX,2666,ATL,CityName,State,SFO,CityName,State,0,0,-7,0,0,,207,2076,0,0,0,0,0
2023-03-18,JetBlue,N559XX,9592,ORD,CityName,State,SFO,CityName,State,0,0,-10,0,0,,269,1903,0,0,0,0,0
2023-03-18,Southwest,N680XX,9900,DEN,CityName,State,ATL,CityName,State,0,0,-4,0,0,,333,2049,0,0,0,0,0
2023-03-18,United,N927XX,1655,SFO,CityName,State,BOS,CityName,State,0,0,-2,0,0,,243,1240,0,0,0,0,0
2023-03-18,Delta,N115XX,8882,SEA,CityName,State,DEN,CityName,State,0,0,1,0,0,,243,2390,0,0,0,0,0
2023-03-18,JetBlue,N358XX,2548,SEA,CityName,State,ORD,CityName,State,0,0,-7,0,0,,185,845,0,0,0,0,0
2023-03-18,Delta,N173XX,3659,ATL,CityName,State,BOS,CityName,State,0,0,8,0,0,,347,2598,0,0,0,0,0
2023-03-18,American,N246XX,7736,SFO,CityName,State,BOS,CityName,State,0,0,4,0,0,,104,2506,0,0,0,0,0
2023-03-18,JetBlue,N574XX,1600,ATL,CityName,State,JFK,CityName,State,0,0,0,0,0,,175,1301,0,0,0,0,0
2023-03-18,United,N429XX,1047,ATL,CityName,State,MIA,CityName,State,0,0,-8,0,0,,281,400,0,0,0,0,0
2023-03-19,American,N578XX,7450,SEA,CityName,State,BOS,CityName,State,0,0,-2,0,0,,311,2976,0,0,0,0,0
2023-03-19,American,N554XX,6786,MIA,CityName,State,ATL,CityName,State,30,1,25,1,0,,315,521,25,0,0,0,0
2023-03-19,Southwest,N534XX,5438,JFK,CityName,State,LAX,CityName,State,0,0,-5,0,0,,356,327,0,0,0,0,0
2023-03-19,JetBlue,N433XX,2146,BOS,CityName,State,SFO,CityName,State,0,0,10,0,0,,304,872,0,0,0,0,0
2023-03-19,Delta,N531XX,3746,MIA,CityName,State,MIA,CityName,State,0,0,1,0,0,,284,1479,0,0,0,0,0
2023-03-19,Southwest,N947XX,253,SFO,CityName,State,DFW,CityName,State,0,0,-7,0,0,,83,2230,0,0,0,0,0
2023-03-19,JetBlue,N194XX,5707,MIA,CityName,State,ORD,CityName,State,15,1,5,0,0,,290,687,0,0,0,0,0
2023-03-19,Southwest,N977XX,5633,JFK,CityName,State,JFK,CityName,State,0,0,5,0,0,,220,2301,0,0,0,0,0
2023-03-19,Southwest,N250XX,8346,DFW,CityName,State,SFO,CityName,State,0,0,10,0,0,,298,1103,0,0,0,0,0
2023-03-19,American,N868XX,3851,SFO,CityName,State,LAX,CityName,State,0,0,3,0,0,,181,875,0,0,0,0,0
2023-03-19,Southwest,N755XX,231,LAX,CityName,State,DFW,CityName,State,15,1,14,0,0,,213,1289,0,0,0,0,0
2023-03-19,Delta,N820XX,2659,MIA,CityName,State,JFK,CityName,State,0,0,3,0,0,,204,847,0,0,0,0,0
2023-03-19,United,N644XX,8421,SEA,CityName,State,LAX,CityName,State,0,0,-7,0,0,,268,2262,0,0,0,0,0
2023-03-19,United,N545XX,2368,DEN,CityName,State,BOS,CityName,State,0,0,4,0,0,,237,184,0,0,0,0,0
2023-03-19,American,N852XX,6866,MIA,CityName,State,ORD,CityName,State,0,0,-12,0,0,,257,2572,0,0,0,0,0
2023-03-19,American,N652XX,5204,DEN,CityName,State,DEN,CityName,State,15,1,18,1,0,,154,933,0,0,18,0,0
2023-03-19,United,N264XX,2596,ATL,CityName,State,ORD,CityName,State,30,1,16,1,0,,183,451,0,16,0,0,0
2023-03-19,American,N407XX,2138,JFK,CityName,State,LAX,CityName,State,0,0,-4,0,0,,182,2589,0,0,0,0,0
2023-03-20,American,N878XX,9879,JFK,CityName,State,BOS,CityName,State,0,0,-14,0,0,,119,863,0,0,0,0,0
2023-03-20,JetBlue,N672XX,4286,ATL,CityName,State,DEN,CityName,State,15,1,22,1,0,,261,1035,0,22,0,0,0
2023-03-20,American,N742XX,8013,ATL,CityName,State,JFK,CityName,State,0,0,-5,0,0,,201,2958,0,0,0,0,0
2023-03-20,Delta,N464XX,2471,SFO,CityName,State,BOS,CityName,State,0,0,-8,0,0,,277,1383,0,0,0,0,0
2023-03-20,JetBlue,N482XX,3133,SFO,CityName,State,BOS,CityName,State,45,1,32,1,0,,355,2428,32,0,0,0,0
2023-03-20,Southwest,N669XX,7424,ATL,CityName,State,BOS,CityName,State,0,0,2,0,0,,196,1444,0,0,0,0,0
2023-03-20,American,N958XX,8465,MIA,CityName,State,DFW,CityName,State,0,0,5,0,0,,290,1650,0,0,0,0,0
2023-03-20,Southwest,N511XX,8353,LAX,CityName,State,SEA,CityName,State,0,0,-8,0,0,,291,2672,0,0,0,0,0
2023-03-20,Southwest,N418XX,8251,ATL,CityName,State,BOS,CityName,State,0,0,-7,0,0,,353,1512,0,0,0,0,0
2023-03-20,JetBlue,N632XX,3861,MIA,CityName,State,DFW,CityName,State,0,0,-1,0,0,,194,1541,0,0,0,0,0
2023-03-20,American,N233XX,5723,ATL,CityName,State,SEA,CityName,State,0,0,5,0,0,,102,935,0,0,0,0,0
2023-03-21,Southwest,N151XX,428,SEA,CityName,State,ORD,CityName,State,0,0,0,0,0,,89,1038,0,0,0,0,0
2023-03-21,American,N227XX,3508,LAX,CityName,State,DEN,CityName,State,30,1,28,1,0,,48,2762,0,28,0,0,0
2023-03-21,American,N463XX,5534,SEA,CityName,State,LAX,CityName,State,0,0,-6,0,0,,174,568,0,0,0,0,0
2023-03-21,Delta,N571XX,5108,ORD,CityName,State,ORD,CityName,State,30,1,24,1,0,,115,1914,0,0,24,0,0
2023-03-21,JetBlue,N555XX,1659,ORD,CityName,State,LAX,CityName,State,0,0,-10,0,0,,241,1377,0,0,0,0,0
2023-03-21,American,N977XX,9648,DFW,CityName,State,LAX,CityName,State,0,0,-11,0,0,,136,866,0,0,0,0,0
2023-03-21,Delta,N400XX,9325,DFW,CityName,State,DFW,CityName,State,0,0,-6,0,0,,130,211,0,0,0,0,0
2023-03-21,JetBlue,N591XX,974,BOS,CityName,State,BOS,CityName,State,30,1,32,1,0,,351,874,32,0,0,0,0
2023-03-21,JetBlue,N379XX,3050,BOS,CityName,State,SFO,CityName,State,0,0,-10,0,0,,54,1846,0,0,0,0,0
2023-03-21,American,N313XX,5595,SEA,CityName,State,BOS,CityName,State,45,1,34,1,0,,90,2741,0,0,34,0,0
2023-03-21,United,N140XX,4596,SEA,CityName,State,MIA,CityName,State,15,1,1,0,0,,133,2581,0,0,0,0,0
2023-03-21,JetBlue,N672XX,366,JFK,CityName,State,DEN,CityName,State,0,0,-14,0,0,,56,565,0,0,0,0,0
2023-03-22,Southwest,N628XX,9092,ATL,CityName,State,SEA,CityName,State,0,0,-10,0,0,,291,2922,0,0,0,0,0
2023-03-22,American,N931XX,8088,DFW,CityName,State,BOS,CityName,State,0,0,9,0,0,,262,1653,0,0,0,0,0
2023-03-22,JetBlue,N276XX,6539,ATL,CityName,State,MIA,CityName,State,0,0,-14,0,0,,147,397,0,0,0,0,0
2023-03-22,United,N834XX,3914,BOS,CityName,State,SEA,CityName,State,0,0,-14,0,0,,302,410,0,0,0,0,0
2023-03-22,American,N346XX,5105,BOS,CityName,State,JFK,CityName,State,0,0,9,0,0,,322,1025,0,0,0,0,0
2023-03-22,JetBlue,N192XX,6120,DEN,CityName,State,LAX,CityName,State,15,1,2,0,0,,172,1130,0,0,0,0,0
2023-03-22,American,N810XX,7837,DFW,CityName,State,SFO,CityName,State,15,1,1,0,0,,87,2194,0,0,0,0,0
2023-03-22,Delta,N842XX,2823,BOS,CityName,State,JFK,CityName,State,0,0,-1,0,0,,222,2965,0,0,0,0,0
2023-03-22,American,N859XX,5285,SFO,CityName,State,JFK,CityName,State,0,0,8,0,0,,52,1424,0,0,0,0,0
2023-03-22,JetBlue,N179XX,1753,DFW,CityName,State,SFO,CityName,State,0,0,1,0,0,,357,2746,0,0,0,0,0
2023-03-22,American,N271XX,5238,BOS,CityName,State,BOS,CityName,State,0,0,4,0,0,,207,244,0,0,0,0,0
2023-03-22,Delta,N965XX,8017,DEN,CityName,State,BOS,CityName,State,0,0,-11,0,0,,268,1649,0,0,0,0,0
2023-03-22,JetBlue,N717XX,6945,DEN,CityName,State,DEN,CityName,State,15,1,5,0,0,,281,1494,0,0,0,0,0
2023-03-22,United,N665XX,6143,JFK,CityName,State,MIA,CityName,State,45,1,41,1,0,,236,411,41,0,0,0,0
2023-03-22,United,N613XX,1055,BOS,CityName,State,ATL,CityName,State,0,0,10,0,0,,225,1894,0,0,0,0,0
2023-03-22,United,N333XX,138,DFW,CityName,State,ORD,CityName,State,0,0,-12,0,0,,266,2909,0,0,0,0,0
2023-03-23,JetBlue,N811XX,6701,ATL,CityName,State,MIA,CityName,State,0,0,-14,0,0,,203,2890,0,0,0,0,0
2023-03-23,United,N137XX,7902,SFO,CityName,State,LAX,CityName,State,0,0,-12,0,0,,87,1139,0,0,0,0,0
2023-03-23,JetBlue,N454XX,6894,SFO,CityName,State,SEA,CityName,State,0,0,0,0,0,,78,716,0,0,0,0,0
2023-03-23,American,N290XX,3315,ORD,CityName,State,ORD,CityName,State,0,0,-14,0,0,,263,2292,0,0,0,0,0
2023-03-23,American,N558XX,4066,SEA,CityName,State,BOS,CityName,State,0,0,-3,0,0,,152,884,0,0,0,0,0
2023-03-23,Delta,N478XX,8839,ORD,CityName,State,SFO,CityName,State,30,1,32,1,0,,111,897,32,0,0,0,0
2023-03-23,American,N222XX,1974,ORD,CityName,State,ATL,CityName,State,0,0,-9,0,0,,298,2343,0,0,0,0,0
2023-03-23,Southwest,N598XX,8371,ATL,CityName,State,MIA,CityName,State,0,0,-7,0,0,,289,603,0,0,0,0,0
2023-03-23,JetBlue,N515XX,6502,ORD,CityName,State,DEN,CityName,State,45,1,41,1,0,,224,1668,41,0,0,0,0
2023-03-23,American,N873XX,9535,ORD,CityName,State,ATL,CityName,State,0,0,-14,0,0,,315,576,0,0,0,0,0
2023-03-23,JetBlue,N963XX,6381,DEN,CityName,State,ORD,CityName,State,0,0,-12,0,0,,197,762,0,0,0,0,0
2023-03-23,Delta,N714XX,6107,LAX,CityName,State,ORD,CityName,State,0,0,3,0,0,,256,1927,0,0,0,0,0
2023-03-23,JetBlue,N219XX,7900,SEA,CityName,State,BOS,CityName,State,45,1,0,0,1,A,335,1530,0,0,0,0,0
2023-03-24,JetBlue,N410XX,1512,SFO,CityName,State,MIA,CityName,State,0,0,-14,0,0,,161,214,0,0,0,0,0
2023-03-24,JetBlue,N770XX,1942,BOS,CityName,State,MIA,CityName,State,0,0,-6,0,0,,76,415,0,0,0,0,0
2023-03-24,United,N790XX,8236,MIA,CityName,State,SEA,CityName,State,0,0,-13,0,0,,307,1064,0,0,0,0,0
2023-03-24,American,N461XX,5402,ORD,CityName,State,MIA,CityName,State,0,0,-5,0,0,,169,2502,0,0,0,0,0
2023-03-24,United,N662XX,9296,JFK,CityName,State,BOS,CityName,State,0,0,0,0,0,,301,1421,0,0,0,0,0
2023-03-24,JetBlue,N413XX,6670,DEN,CityName,State,ATL,CityName,State,0,0,-11,0,0,,208,1170,0,0,0,0,0
2023-03-24,American,N796XX,7911,DEN,CityName,State,SFO,CityName,State,0,0,4,0,0,,223,1595,0,0,0,0,0
2023-03-24,United,N247XX,9281,SFO,CityName,State,DFW,CityName,State,0,0,-5,0,0,,247,1025,0,0,0,0,0
2023-03-24,Delta,N984XX,9866,SFO,CityName,State,ORD,CityName,State,0,0,4,0,0,,86,861,0,0,0,0,0
2023-03-24,American,N429XX,9005,DFW,CityName,State,LAX,CityName,State,30,1,18,1,0,,334,271,18,0,0,0,0
2023-03-24,JetBlue,N333XX,6073,BOS,CityName,State,ORD,CityName,State,0,0,-10,0,0,,208,2519,0,0,0,0,0
2023-03-24,Delta,N528XX,6009,DEN,CityName,State,JFK,CityName,State,0,0,9,0,0,,228,1478,0,0,0,0,0
2023-03-24,United,N671XX,7635,ATL,CityName,State,JFK,CityName,State,0,0,3,0,0,,257,914,0,0,0,0,0
2023-03-24,Delta,N686XX,907,ORD,CityName,State,LAX,CityName,State,0,0,-2,0,0,,266,1701,0,0,0,0,0
2023-03-24,United,N571XX,1577,BOS,CityName,State,BOS,CityName,State,0,0,-10,0,0,,123,2748,0,0,0,0,0
2023-03-25,JetBlue,N978XX,6759,DFW,CityName,State,ORD,CityName,State,30,1,39,1,0,,318,2214,39,0,0,0,0
2023-03-25,JetBlue,N423XX,8748,SEA,CityName,State,SEA,CityName,State,0,0,10,0,0,,283,2346,0,0,0,0,0
2023-03-25,Southwest,N638XX,5197,DEN,CityName,State,JFK,CityName,State,0,0,-6,0,0,,181,2055,0,0,0,0,0
2023-03-25,JetBlue,N144XX,3117,SFO,CityName,State,ORD,CityName,State,0,0,4,0,0,,166,1715,0,0,0,0,0
2023-03-25,Delta,N213XX,5792,DEN,CityName,State,ORD,CityName,State,0,0,0,0,0,,79,2306,0,0,0,0,0
2023-03-25,Southwest,N301XX,8950,ORD,CityName,State,SFO,CityName,State,0,0,3,0,0,,89,2776,0,0,0,0,0
2023-03-25,Delta,N170XX,4591,DFW,CityName,State,DEN,CityName,State,30,1,36,1,0,,356,2873,0,0,36,0,0
2023-03-25,American,N391XX,7438,ATL,CityName,State,MIA,CityName,State,45,1,49,1,0,,334,934,49,0,0,0,0
2023-03-25,JetBlue,N836XX,9493,DFW,CityName,State,SFO,CityName,State,0,0,0,0,0,,184,2242,0,0,0,0,0
2023-03-25,United,N462XX,4263,SFO,CityName,State,BOS,CityName,State,0,0,-9,0,0,,206,675,0,0,0,0,0
2023-03-25,United,N855XX,9003,ATL,CityName,State,DEN,CityName,State,0,0,3,0,0,,164,1244,0,0,0,0,0
2023-03-25,United,N131XX,802,SEA,CityName,State,DFW,CityName,State,0,0,-10,0,0,,317,1154,0,0,0,0,0
2023-03-25,Southwest,N243XX,9287,DFW,CityName,State,MIA,CityName,State,0,0,-12,0,0,,244,2437,0,0,0,0,0
2023-03-25,American,N194XX,8493,DFW,CityName,State,BOS,CityName,State,60,1,50,1,0,,207,1967,50,0,0,0,0
2023-03-25,JetBlue,N125XX,9235,LAX,CityName,State,DEN,CityName,State,0,0,-5,0,0,,103,2062,0,0,0,0,0
2023-03-25,American,N443XX,9137,MIA,CityName,State,DEN,CityName,State,0,0,-7,0,0,,314,1735,0,0,0,0,0
2023-03-25,JetBlue,N978XX,4946,BOS,CityName,State,SEA,CityName,State,0,0,7,0,0,,268,1110,0,0,0,0,0
2023-03-26,JetBlue,N815XX,7433,MIA,CityName,State,ATL,CityName,State,0,0,-14,0,0,,65,2547,0,0,0,0,0
2023-03-26,JetBlue,N287XX,1356,JFK,CityName,State,LAX,CityName,State,120,1,109,1,0,,341,2238,0,0,0,0,109
2023-03-26,United,N101XX,5658,MIA,CityName,State,ORD,CityName,State,0,0,9,0,0,,121,2650,0,0,0,0,0
2023-03-26,United,N479XX,7694,DEN,CityName,State,SFO,CityName,State,0,0,3,0,0,,279,2109,0,0,0,0,0
2023-03-26,Delta,N793XX,7656,SFO,CityName,State,ATL,CityName,State,45,1,34,1,0,,144,1441,0,0,0,0,34
2023-03-26,Delta,N426XX,7789,LAX,CityName,State,JFK,CityName,State,0,0,-5,0,0,,165,299,0,0,0,0,0
2023-03-26,United,N185XX,6517,SEA,CityName,State,JFK,CityName,State,0,0,0,0,0,,139,2171,0,0,0,0,0
2023-03-26,JetBlue,N825XX,8088,SEA,CityName,State,ORD,CityName,State,0,0,5,0,0,,137,1156,0,0,0,0,0
2023-03-26,JetBlue,N921XX,5721,MIA,CityName,State,MIA,CityName,State,0,0,9,0,0,,201,2227,0,0,0,0,0
2023-03-26,Delta,N932XX,8571,BOS,CityName,State,ATL,CityName,State,15,1,0,0,1,A,75,2330,0,0,0,0,0
2023-03-26,American,N394XX,881,ORD,CityName,State,LAX,CityName,State,240,1,241,1,0,,172,2006,241,0,0,0,0
2023-03-26,United,N371XX,8730,LAX,CityName,State,LAX,CityName,State,0,0,8,0,0,,97,702,0,0,0,0,0
2023-03-26,United,N467XX,6156,DFW,CityName,State,DEN,CityName,State,60,1,47,1,0,,193,2736,0,0,47,0,0
2023-03-26,Delta,N227XX,9530,DEN,CityName,State,BOS,CityName,State,0,0,-4,0,0,,326,2247,0,0,0,0,0
2023-03-26,Delta,N506XX,6884,SEA,CityName,State,MIA,CityName,State,0,0,-12,0,0,,216,1865,0,0,0,0,0
2023-03-26,Delta,N337XX,5162,DFW,CityName,State,MIA,CityName,State,0,0,-6,0,0,,153,827,0,0,0,0,0
2023-03-26,Southwest,N223XX,1731,DEN,CityName,State,ATL,CityName,State,0,0,9,0,0,,140,2418,0,0,0,0,0
2023-03-26,JetBlue,N800XX,4190,SEA,CityName,State,LAX,CityName,State,0,0,-2,0,0,,127,1326,0,0,0,0,0
2023-03-27,Southwest,N427XX,6626,BOS,CityName,State,ATL,CityName,State,0,0,-5,0,0,,160,1504,0,0,0,0,0
2023-03-27,JetBlue,N930XX,5786,LAX,CityName,State,SFO,CityName,State,0,0,-7,0,0,,72,2501,0,0,0,0,0
2023-03-27,JetBlue,N199XX,4795,LAX,CityName,State,BOS,CityName,State,0,0,5,0,0,,113,861,0,0,0,0,0
2023-03-27,Delta,N438XX,7880,ORD,CityName,State,DEN,CityName,State,0,0,6,0,0,,234,2205,0,0,0,0,0
2023-03-27,Delta,N818XX,6067,DFW,CityName,State,DEN,CityName,State,0,0,0,0,1,A,269,844,0,0,0,0,0
2023-03-27,Southwest,N846XX,8387,JFK,CityName,State,BOS,CityName,State,0,0,9,0,0,,146,2389,0,0,0,0,0
2023-03-27,Delta,N185XX,2320,JFK,CityName,State,DFW,CityName,State,0,0,-5,0,0,,311,846,0,0,0,0,0
2023-03-27,JetBlue,N837XX,1534,ORD,CityName,State,SFO,CityName,State,0,0,-9,0,0,,262,2815,0,0,0,0,0
2023-03-27,Delta,N489XX,4508,ATL,CityName,State,MIA,CityName,State,0,0,-11,0,0,,342,2561,0,0,0,0,0
2023-03-27,American,N421XX,4125,MIA,CityName,State,DFW,CityName,State,0,0,-8,0,0,,346,1229,0,0,0,0,0
2023-03-27,American,N828XX,6556,MIA,CityName,State,DEN,CityName,State,60,1,60,1,0,,137,2584,0,0,0,0,60
2023-03-27,JetBlue,N766XX,7375,DFW,CityName,State,ATL,CityName,State,0,0,0,0,1,A,356,1095,0,0,0,0,0
2023-03-27,JetBlue,N646XX,7380,MIA,CityName,State,DFW,CityName,State,0,0,-10,0,0,,88,1108,0,0,0,0,0
2023-03-27,United,N432XX,7116,SEA,CityName,State,SFO,CityName,State,0,0,-13,0,0,,359,1473,0,0,0,0,0
2023-03-27,JetBlue,N893XX,7889,ATL,CityName,State,SEA,CityName,State,45,1,44,1,0,,173,2713,0,0,0,0,44
2023-03-27,United,N688XX,1094,JFK,CityName,State,MIA,CityName,State,0,0,-8,0,0,,330,2676,0,0,0,0,0
2023-03-27,Delta,N337XX,4189,DEN,CityName,State,SFO,CityName,State,45,1,35,1,0,,304,553,0,0,0,0,35
2023-03-27,JetBlue,N713XX,6985,DFW,CityName,State,ORD,CityName,State,15,1,11,0,0,,164,2176,0,0,0,0,0
2023-03-27,American,N139XX,8807,ORD,CityName,State,DEN,CityName,State,0,0,9,0,0,,49,1045,0,0,0,0,0
2023-03-28,JetBlue,N206XX,530,ATL,CityName,State,DFW,CityName,State,0,0,-3,0,0,,281,2160,0,0,0,0,0
2023-03-28,Delta,N541XX,4173,BOS,CityName,State,DEN,CityName,State,0,0,3,0,0,,101,2589,0,0,0,0,0
2023-03-28,United,N478XX,1729,ATL,CityName,State,MIA,CityName,State,0,0,5,0,0,,208,2531,0,0,0,0,0
2023-03-28,Southwest,N977XX,7196,JFK,CityName,State,ORD,CityName,State,0,0,1,0,0,,77,1842,0,0,0,0,0
2023-03-28,Delta,N823XX,5951,BOS,CityName,State,DEN,CityName,State,240,1,228,1,0,,193,1879,0,0,228,0,0
2023-03-28,Southwest,N649XX,5598,JFK,CityName,State,ATL,CityName,State,0,0,0,0,0,,237,2076,0,0,0,0,0
2023-03-28,Southwest,N179XX,6650,BOS,CityName,State,DEN,CityName,State,0,0,2,0,0,,229,534,0,0,0,0,0
2023-03-28,Delta,N677XX,2878,ORD,CityName,State,JFK,CityName,State,0,0,1,0,0,,217,902,0,0,0,0,0
2023-03-28,Southwest,N574XX,2227,LAX,CityName,State,SFO,CityName,State,120,1,108,1,0,,234,918,0,0,0,0,108
2023-03-28,United,N145XX,4340,ORD,CityName,State,LAX,CityName,State,0,0,9,0,0,,343,1771,0,0,0,0,0
2023-03-28,Southwest,N687XX,1759,LAX,CityName,State,ATL,CityName,State,0,0,2,0,0,,212,1806,0,0,0,0,0
2023-03-28,JetBlue,N295XX,1856,DFW,CityName,State,JFK,CityName,State,0,0,5,0,0,,357,2028,0,0,0,0,0
2023-03-29,Southwest,N130XX,763,BOS,CityName,State,ORD,CityName,State,0,0,-8,0,0,,255,2441,0,0,0,0,0
2023-03-29,Southwest,N167XX,4034,SEA,CityName,State,SEA,CityName,State,15,1,25,1,0,,174,1320,25,0,0,0,0
2023-03-29,Southwest,N939XX,4956,ORD,CityName,State,SEA,CityName,State,0,0,-9,0,0,,92,595,0,0,0,0,0
2023-03-29,American,N537XX,6978,DEN,CityName,State,ORD,CityName,State,0,0,-7,0,0,,326,2453,0,0,0,0,0
2023-03-29,American,N743XX,6720,MIA,CityName,State,MIA,CityName,State,45,1,39,1,0,,251,2949,39,0,0,0,0
2023-03-29,American,N331XX,6982,ORD,CityName,State,DEN,CityName,State,0,0,-11,0,0,,168,2709,0,0,0,0,0
2023-03-29,Delta,N628XX,9654,SEA,CityName,State,ATL,CityName,State,0,0,-6,0,0,,86,2416,0,0,0,0,0
2023-03-29,Southwest,N858XX,5705,SEA,CityName,State,MIA,CityName,State,0,0,4,0,0,,170,1482,0,0,0,0,0
2023-03-29,American,N856XX,825,JFK,CityName,State,BOS,CityName,State,0,0,-1,0,0,,86,1520,0,0,0,0,0
2023-03-29,American,N560XX,2234,ATL,CityName,State,JFK,CityName,State,0,0,-9,0,0,,130,400,0,0,0,0,0
2023-03-29,American,N377XX,4063,MIA,CityName,State,DEN,CityName,State,0,0,-11,0,0,,338,1755,0,0,0,0,0
2023-03-29,American,N798XX,1136,SFO,CityName,State,DEN,CityName,State,0,0,-10,0,0,,160,1211,0,0,0,0,0
2023-03-30,United,N375XX,1895,ATL,CityName,State,MIA,CityName,State,0,0,-5,0,0,,337,2553,0,0,0,0,0
2023-03-30,Delta,N801XX,8196,SFO,CityName,State,BOS,CityName,State,0,0,-13,0,0,,341,681,0,0,0,0,0
2023-03-30,United,N252XX,9877,BOS,CityName,State,SFO,CityName,State,0,0,3,0,0,,274,1681,0,0,0,0,0
2023-03-30,American,N238XX,908,DFW,CityName,State,ORD,CityName,State,30,1,21,1,0,,174,937,0,21,0,0,0
2023-03-30,Southwest,N243XX,6563,SFO,CityName,State,ATL,CityName,State,0,0,-11,0,0,,170,189,0,0,0,0,0
2023-03-30,Southwest,N960XX,5588,JFK,CityName,State,DEN,CityName,State,15,1,9,0,0,,300,2304,0,0,0,0,0
2023-03-30,Southwest,N930XX,2454,ATL,CityName,State,SEA,CityName,State,0,0,10,0,0,,111,1468,0,0,0,0,0
2023-03-31,JetBlue,N303XX,6734,ATL,CityName,State,ORD,CityName,State,0,0,-9,0,0,,50,587,0,0,0,0,0
2023-03-31,Southwest,N163XX,1141,JFK,CityName,State,SFO,CityName,State,0,0,-3,0,0,,336,1424,0,0,0,0,0
2023-03-31,Southwest,N855XX,148,SEA,CityName,State,ORD,CityName,State,0,0,1,0,0,,356,2723,0,0,0,0,0
2023-03-31,American,N847XX,606,LAX,CityName,State,MIA,CityName,State,0,0,6,0,0,,193,1902,0,0,0,0,0
2023-03-31,American,N403XX,611,MIA,CityName,State,ATL,CityName,State,0,0,-4,0,0,,175,1384,0,0,0,0,0
2023-03-31,Delta,N854XX,3682,MIA,CityName,State,ATL,CityName,State,0,0,-8,0,0,,347,266,0,0,0,0,0
2023-03-31,JetBlue,N919XX,2326,ATL,CityName,State,DFW,CityName,State,0,0,4,0,0,,90,156,0,0,0,0,0
2023-03-31,JetBlue,N391XX,4523,SFO,CityName,State,DEN,CityName,State,15,1,12,0,0,,106,1064,0,0,0,0,0
2023-03-31,American,N581XX,3413,SEA,CityName,State,SEA,CityName,State,0,0,-4,0,0,,86,841,0,0,0,0,0
2023-03-31,JetBlue,N473XX,5132,MIA,CityName,State,BOS,CityName,State,0,0,2,0,0,,132,2887,0,0,0,0,0
2023-03-31,American,N541XX,1769,DEN,CityName,State,SEA,CityName,State,0,0,7,0,0,,172,1036,0,0,0,0,0
2023-04-01,American,N572XX,8217,JFK,CityName,State,ORD,CityName,State,0,0,3,0,0,,330,976,0,0,0,0,0
2023-04-01,JetBlue,N722XX,8837,DEN,CityName,State,MIA,CityName,State,0,0,-4,0,0,,107,2614,0,0,0,0,0
2023-04-01,Southwest,N698XX,1043,BOS,CityName,State,BOS,CityName,State,15,1,17,1,0,,358,1150,0,0,17,0,0
2023-04-01,JetBlue,N917XX,924,LAX,CityName,State,ATL,CityName,State,15,1,13,0,0,,142,2559,0,0,0,0,0
2023-04-01,Delta,N614XX,2045,SFO,CityName,State,ORD,CityName,State,0,0,8,0,0,,214,1536,0,0,0,0,0
2023-04-01,Southwest,N182XX,8163,BOS,CityName,State,MIA,CityName,State,0,0,1,0,0,,125,1305,0,0,0,0,0
2023-04-01,Delta,N800XX,6232,LAX,CityName,State,LAX,CityName,State,0,0,0,0,1,A,107,2601,0,0,0,0,0
2023-04-01,Southwest,N957XX,7951,JFK,CityName,State,DFW,CityName,State,0,0,-13,0,0,,180,2972,0,0,0,0,0
2023-04-01,American,N620XX,7294,SFO,CityName,State,SEA,CityName,State,0,0,-9,0,0,,175,2793,0,0,0,0,0
2023-04-01,Southwest,N650XX,9164,LAX,CityName,State,ATL,CityName,State,0,0,2,0,0,,158,2920,0,0,0,0,0
2023-04-01,United,N892XX,4470,JFK,CityName,State,DFW,CityName,State,0,0,9,0,0,,225,1264,0,0,0,0,0
2023-04-01,JetBlue,N442XX,6651,ATL,CityName,State,ATL,CityName,State,0,0,-13,0,0,,299,2226,0,0,0,0,0
2023-04-01,JetBlue,N339XX,5430,DFW,CityName,State,ATL,CityName,State,0,0,-14,0,0,,354,725,0,0,0,0,0
2023-04-02,American,N421XX,8612,SEA,CityName,State,MIA,CityName,State,0,0,-7,0,0,,240,1273,0,0,0,0,0
2023-04-02,JetBlue,N594XX,174,DFW,CityName,State,BOS,CityName,State,0,0,8,0,0,,333,2053,0,0,0,0,0
2023-04-02,United,N296XX,8647,MIA,CityName,State,BOS,CityName,State,30,1,16,1,0,,119,2554,16,0,0,0,0
2023-04-02,American,N690XX,6083,DFW,CityName,State,SFO,CityName,State,0,0,-10,0,0,,324,1917,0,0,0,0,0
2023-04-02,Delta,N141XX,9958,SEA,CityName,State,SFO,CityName,State,120,1,115,1,0,,172,227,0,0,115,0,0
2023-04-02,United,N553XX,2007,BOS,CityName,State,JFK,CityName,State,30,1,29,1,0,,164,1555,0,0,29,0,0
2023-04-02,American,N617XX,7608,JFK,CityName,State,BOS,CityName,State,0,0,0,0,0,,97,2364,0,0,0,0,0
2023-04-02,Southwest,N653XX,7436,ATL,CityName,State,LAX,CityName,State,240,1,231,1,0,,137,2739,231,0,0,0,0
2023-04-02,JetBlue,N743XX,7334,JFK,CityName,State,DEN,CityName,State,30,1,24,1,0,,247,2700,24,0,0,0,0
2023-04-02,Southwest,N662XX,1914,LAX,CityName,State,ATL,CityName,State,0,0,-10,0,0,,119,2477,0,0,0,0,0
2023-04-02,JetBlue,N961XX,6261,SEA,CityName,State,ORD,CityName,State,0,0,1,0,0,,104,1713,0,0,0,0,0
2023-04-02,Southwest,N151XX,751,JFK,CityName,State,ORD,CityName,State,15,1,14,0,0,,133,1193,0,0,0,0,0
2023-04-02,Southwest,N788XX,260,DEN,CityName,State,ORD,CityName,State,120,1,112,1,0,,247,2678,112,0,0,0,0
2023-04-02,United,N893XX,2464,ORD,CityName,State,BOS,CityName,State,0,0,4,0,0,,217,1713,0,0,0,0,0
2023-04-02,Southwest,N380XX,6499,DEN,CityName,State,SFO,CityName,State,0,0,0,0,0,,76,2953,0,0,0,0,0
2023-04-02,American,N738XX,2381,SFO,CityName,State,DEN,CityName,State,0,0,-6,0,0,,298,2941,0,0,0,0,0
2023-04-03,JetBlue,N737XX,3593,DEN,CityName,State,SEA,CityName,State,0,0,-14,0,0,,255,1099,0,0,0,0,0
2023-04-03,American,N924XX,2381,MIA,CityName,State,SEA,CityName,State,15,1,19,1,0,,65,2424,0,19,0,0,0
2023-04-03,American,N644XX,2763,ATL,CityName,State,JFK,CityName,State,0,0,8,0,0,,221,298,0,0,0,0,0
2023-04-03,American,N498XX,8875,JFK,CityName,State,JFK,CityName,State,0,0,0,0,1,A,116,2647,0,0,0,0,0
2023-04-03,Southwest,N174XX,4579,DFW,CityName,State,SFO,CityName,State,30,1,40,1,0,,119,2614,0,0,0,0,40
2023-04-03,United,N215XX,6554,DEN,CityName,State,ORD,CityName,State,60,1,46,1,0,,104,941,46,0,0,0,0
2023-04-03,American,N994XX,7726,JFK,CityName,State,MIA,CityName,State,45,1,32,1,0,,92,1133,0,0,0,0,32
2023-04-03,JetBlue,N135XX,8731,SEA,CityName,State,SEA,CityName,State,0,0,-14,0,0,,87,1952,0,0,0,0,0
2023-04-03,Southwest,N289XX,4821,DFW,CityName,State,DEN,CityName,State,0,0,-11,0,0,,119,1254,0,0,0,0,0
2023-04-03,United,N590XX,646,LAX,CityName,State,JFK,CityName,State,15,1,11,0,0,,146,2916,0,0,0,0,0
2023-04-03,JetBlue,N109XX,2366,MIA,CityName,State,ORD,CityName,State,0,0,-3,0,0,,256,2725,0,0,0,0,0
2023-04-03,American,N961XX,2410,DEN,CityName,State,SEA,CityName,State,0,0,-7,0,0,,261,696,0,0,0,0,0
2023-04-03,Delta,N609XX,9537,ORD,CityName,State,SFO,CityName,State,15,1,4,0,0,,49,384,0,0,0,0,0
2023-04-04,American,N647XX,8164,SFO,CityName,State,ATL,CityName,State,0,0,-12,0,0,,247,708,0,0,0,0,0
2023-04-04,Southwest,N467XX,4399,DFW,CityName,State,LAX,CityName,State,0,0,-1,0,0,,273,1635,0,0,0,0,0
2023-04-04,JetBlue,N616XX,451,MIA,CityName,State,ATL,CityName,State,0,0,-4,0,0,,117,2799,0,0,0,0,0
2023-04-04,United,N689XX,7502,SEA,CityName,State,JFK,CityName,State,0,0,-8,0,0,,197,1624,0,0,0,0,0
2023-04-04,Delta,N971XX,3194,ATL,CityName,State,ATL,CityName,State,30,1,19,1,0,,171,227,0,0,0,0,19
2023-04-04,Delta,N308XX,7697,BOS,CityName,State,DEN,CityName,State,15,1,13,0,0,,209,1423,0,0,0,0,0
2023-04-04,American,N523XX,4959,MIA,CityName,State,BOS,CityName,State,0,0,-9,0,0,,99,2087,0,0,0,0,0
2023-04-04,United,N295XX,5394,SEA,CityName,State,SFO,CityName,State,45,1,33,1,0,,106,2821,33,0,0,0,0
2023-04-04,Delta,N915XX,8376,SFO,CityName,State,BOS,CityName,State,0,0,-5,0,0,,332,1723,0,0,0,0,0
2023-04-04,Southwest,N319XX,5920,JFK,CityName,State,MIA,CityName,State,0,0,4,0,0,,311,1361,0,0,0,0,0
2023-04-04,United,N641XX,2886,JFK,CityName,State,SFO,CityName,State,45,1,48,1,0,,83,2460,48,0,0,0,0
2023-04-04,JetBlue,N571XX,4315,LAX,CityName,State,ATL,CityName,State,0,0,-7,0,0,,207,1213,0,0,0,0,0
2023-04-04,American,N487XX,4052,ATL,CityName,State,ATL,CityName,State,0,0,6,0,0,,118,1359,0,0,0,0,0
2023-04-04,United,N114XX,5670,SEA,CityName,State,ORD,CityName,State,0,0,8,0,0,,190,667,0,0,0,0,0
2023-04-04,American,N662XX,382,SEA,CityName,State,SFO,CityName,State,0,0,10,0,0,,283,523,0,0,0,0,0
2023-04-04,Delta,N949XX,9059,LAX,CityName,State,JFK,CityName,State,0,0,-10,0,0,,105,2085,0,0,0,0,0
2023-04-05,Delta,N476XX,5688,LAX,CityName,State,LAX,CityName,State,0,0,7,0,0,,292,924,0,0,0,0,0
2023-04-05,Southwest,N810XX,426,SEA,CityName,State,JFK,CityName,State,0,0,5,0,0,,329,1801,0,0,0,0,0
2023-04-05,Delta,N187XX,3119,MIA,CityName,State,DEN,CityName,State,45,1,54,1,0,,210,1748,54,0,0,0,0
2023-04-05,Southwest,N646XX,9865,SEA,CityName,State,ATL,CityName,State,15,1,12,0,0,,139,2210,0,0,0,0,0
2023-04-05,Delta,N975XX,9954,SEA,CityName,State,JFK,CityName,State,0,0,3,0,0,,229,583,0,0,0,0,0
2023-04-05,Southwest,N393XX,5980,DEN,CityName,State,JFK,CityName,State,60,1,55,1,0,,260,2595,0,0,0,0,55
2023-04-05,JetBlue,N151XX,8768,LAX,CityName,State,ORD,CityName,State,0,0,10,0,0,,116,457,0,0,0,0,0
2023-04-05,American,N922XX,3350,DEN,CityName,State,BOS,CityName,State,60,1,68,1,0,,210,1075,68,0,0,0,0
2023-04-05,JetBlue,N539XX,9396,MIA,CityName,State,SFO,CityName,State,120,1,111,1,0,,92,1774,111,0,0,0,0
2023-04-05,Delta,N771XX,9583,MIA,CityName,State,MIA,CityName,State,0,0,1,0,0,,180,1908,0,0,0,0,0
2023-04-05,Southwest,N313XX,8357,MIA,CityName,State,ORD,CityName,State,15,1,25,1,0,,161,2765,0,0,25,0,0
2023-04-05,Delta,N299XX,9892,JFK,CityName,State,DFW,CityName,State,0,0,-3,0,0,,86,1062,0,0,0,0,0
2023-04-05,Southwest,N857XX,1940,ORD,CityName,State,BOS,CityName,State,0,0,-1,0,0,,210,2035,0,0,0,0,0
2023-04-05,Delta,N465XX,2596,MIA,CityName,State,BOS,CityName,State,45,1,37,1,0,,341,1793,0,0,0,0,37
2023-04-05,Southwest,N186XX,7105,ORD,CityName,State,SFO,CityName,State,0,0,-11,0,0,,173,1776,0,0,0,0,0
2023-04-06,United,N883XX,5557,ATL,CityName,State,JFK,CityName,State,0,0,2,0,0,,250,871,0,0,0,0,0
2023-04-06,United,N101XX,4867,SFO,CityName,State,DFW,CityName,State,0,0,5,0,0,,74,813,0,0,0,0,0
2023-04-06,JetBlue,N601XX,2749,ATL,CityName,State,ATL,CityName,State,0,0,-12,0,0,,99,1213,0,0,0,0,0
2023-04-06,Southwest,N998XX,6724,JFK,CityName,State,SFO,CityName,State,0,0,3,0,0,,239,2270,0,0,0,0,0
2023-04-06,JetBlue,N964XX,5032,ATL,CityName,State,DFW,CityName,State,0,0,-1,0,0,,74,1739,0,0,0,0,0
2023-04-06,JetBlue,N916XX,1674,SFO,CityName,State,BOS,CityName,State,120,1,109,1,0,,338,245,109,0,0,0,0
2023-04-07,Southwest,N833XX,4541,ATL,CityName,State,LAX,CityName,State,0,0,-9,0,0,,148,1876,0,0,0,0,0
2023-04-07,United,N566XX,7939,SFO,CityName,State,SFO,CityName,State,0,0,-9,0,0,,55,1404,0,0,0,0,0
2023-04-07,JetBlue,N847XX,6282,SEA,CityName,State,DEN,CityName,State,0,0,-6,0,0,,254,2910,0,0,0,0,0
2023-04-07,JetBlue,N646XX,2150,DFW,CityName,State,BOS,CityName,State,0,0,-14,0,0,,312,2889,0,0,0,0,0
2023-04-07,Southwest,N825XX,1700,BOS,CityName,State,ATL,CityName,State,45,1,39,1,0,,142,2816,39,0,0,0,0
2023-04-07,Delta,N770XX,6848,SEA,CityName,State,LAX,CityName,State,0,0,4,0,0,,48,1619,0,0,0,0,0
2023-04-07,Southwest,N846XX,8294,LAX,CityName,State,BOS,CityName,State,0,0,-8,0,0,,355,2065,0,0,0,0,0
2023-04-07,Delta,N937XX,7439,DEN,CityName,State,SFO,CityName,State,0,0,1,0,0,,130,1187,0,0,0,0,0
2023-04-07,JetBlue,N145XX,7541,ATL,CityName,State,ORD,CityName,State,0,0,-13,0,0,,68,2752,0,0,0,0,0
2023-04-07,JetBlue,N363XX,2876,JFK,CityName,State,JFK,CityName,State,45,1,48,1,0,,295,575,48,0,0,0,0
2023-04-07,American,N868XX,5767,DFW,CityName,State,DEN,CityName,State,30,1,25,1,0,,290,912,0,25,0,0,0
2023-04-07,Southwest,N639XX,5638,SFO,CityName,State,ATL,CityName,State,0,0,10,0,0,,193,1991,0,0,0,0,0
2023-04-08,JetBlue,N616XX,3187,BOS,CityName,State,JFK,CityName,State,0,0,-4,0,0,,92,2318,0,0,0,0,0
2023-04-08,American,N961XX,217,JFK,CityName,State,BOS,CityName,State,0,0,-2,0,0,,325,1192,0,0,0,0,0
2023-04-08,Delta,N151XX,4330,SFO,CityName,State,DEN,CityName,State,0,0,1,0,0,,318,1566,0,0,0,0,0
2023-04-08,Delta,N516XX,8822,LAX,CityName,State,ATL,CityName,State,45,1,55,1,0,,103,1346,0,0,0,0,55
2023-04-08,American,N301XX,8897,SFO,CityName,State,ATL,CityName,State,15,1,18,1,0,,143,1501,18,0,0,0,0
2023-04-08,United,N961XX,2702,BOS,CityName,State,MIA,CityName,State,0,0,0,0,0,,86,2413,0,0,0,0,0
2023-04-08,United,N435XX,2067,LAX,CityName,State,MIA,CityName,State,0,0,-14,0,0,,64,2741,0,0,0,0,0
2023-04-08,Southwest,N836XX,7161,ATL,CityName,State,DFW,CityName,State,0,0,9,0,0,,138,704,0,0,0,0,0
2023-04-08,United,N127XX,8306,MIA,CityName,State,JFK,CityName,State,30,1,33,1,0,,94,245,33,0,0,0,0
2023-04-08,United,N415XX,9725,LAX,CityName,State,LAX,CityName,State,0,0,3,0,0,,178,2641,0,0,0,0,0
2023-04-08,Delta,N755XX,5305,JFK,CityName,State,ATL,CityName,State,0,0,0,0,0,,209,1054,0,0,0,0,0
2023-04-08,JetBlue,N154XX,3375,LAX,CityName,State,SEA,CityName,State,0,0,10,0,0,,188,435,0,0,0,0,0
2023-04-08,Delta,N812XX,6914,MIA,CityName,State,BOS,CityName,State,0,0,-14,0,0,,183,2372,0,0,0,0,0
2023-04-08,American,N481XX,5499,ORD,CityName,State,SFO,CityName,State,0,0,-13,0,0,,81,2063,0,0,0,0,0
2023-04-08,United,N832XX,3128,ATL,CityName,State,DEN,CityName,State,0,0,-3,0,0,,135,694,0,0,0,0,0
2023-04-08,JetBlue,N112XX,3071,LAX,CityName,State,ORD,CityName,State,0,0,7,0,0,,313,1576,0,0,0,0,0
2023-04-08,JetBlue,N755XX,3660,DFW,CityName,State,SEA,CityName,State,0,0,2,0,0,,148,2359,0,0,0,0,0
2023-04-09,Southwest,N370XX,6044,DEN,CityName,State,BOS,CityName,State,0,0,-2,0,0,,263,618,0,0,0,0,0
2023-04-09,American,N360XX,7127,JFK,CityName,State,DEN,CityName,State,0,0,0,0,1,A,114,2004,0,0,0,0,0
2023-04-09,Southwest,N202XX,5436,DFW,CityName,State,MIA,CityName,State,0,0,-1,0,0,,101,881,0,0,0,0,0
2023-04-09,Southwest,N455XX,1792,DEN,CityName,State,MIA,CityName,State,0,0,0,0,1,A,317,730,0,0,0,0,0
2023-04-09,Southwest,N760XX,4981,SEA,CityName,State,LAX,CityName,State,0,0,10,0,0,,302,2365,0,0,0,0,0
2023-04-09,American,N748XX,4018,BOS,CityName,State,SFO,CityName,State,0,0,-12,0,0,,264,2936,0,0,0,0,0
2023-04-09,Delta,N571XX,2258,LAX,CityName,State,LAX,CityName,State,0,0,6,0,0,,209,805,0,0,0,0,0
2023-04-09,Delta,N874XX,4929,MIA,CityName,State,ORD,CityName,State,0,0,-6,0,0,,272,2116,0,0,0,0,0
2023-04-09,JetBlue,N829XX,1102,MIA,CityName,State,ATL,CityName,State,15,1,18,1,0,,293,2451,18,0,0,0,0
2023-04-09,Delta,N800XX,3155,DFW,CityName,State,DEN,CityName,State,0,0,-2,0,0,,201,219,0,0,0,0,0
2023-04-09,American,N348XX,6231,LAX,CityName,State,JFK,CityName,State,240,1,231,1,0,,233,1436,0,231,0,0,0
2023-04-09,JetBlue,N330XX,1127,SEA,CityName,State,ORD,CityName,State,0,0,-7,0,0,,308,2609,0,0,0,0,0
2023-04-09,United,N721XX,5858,LAX,CityName,State,JFK,CityName,State,0,0,7,0,0,,114,729,0,0,0,0,0
2023-04-10,American,N451XX,908,ORD,CityName,State,DFW,CityName,State,0,0,5,0,0,,88,763,0,0,0,0,0
2023-04-10,JetBlue,N500XX,1806,BOS,CityName,State,ATL,CityName,State,0,0,-6,0,0,,251,2671,0,0,0,0,0
2023-04-10,American,N970XX,9763,BOS,CityName,State,BOS,CityName,State,30,1,31,1,0,,127,2955,31,0,0,0,0
2023-04-10,JetBlue,N663XX,2628,DEN,CityName,State,DFW,CityName,State,45,1,43,1,0,,168,894,43,0,0,0,0
2023-04-10,American,N536XX,8267,SFO,CityName,State,DEN,CityName,State,0,0,0,0,1,A,271,1888,0,0,0,0,0
2023-04-10,JetBlue,N218XX,1309,DFW,CityName,State,DFW,CityName,State,15,1,19,1,0,,293,1706,0,19,0,0,0
2023-04-10,American,N331XX,1165,SFO,CityName,State,SFO,CityName,State,30,1,20,1,0,,299,1409,20,0,0,0,0
2023-04-10,United,N894XX,2504,SEA,CityName,State,DEN,CityName,State,15,1,15,1,0,,80,1080,0,15,0,0,0
2023-04-10,Delta,N705XX,8019,SFO,CityName,State,DFW,CityName,State,0,0,4,0,0,,237,847,0,0,0,0,0
2023-04-10,Delta,N479XX,9013,SEA,CityName,State,DFW,CityName,State,0,0,-5,0,0,,351,653,0,0,0,0,0
2023-04-10,United,N848XX,2053,DEN,CityName,State,SEA,CityName,State,0,0,10,0,0,,262,1248,0,0,0,0,0
2023-04-10,JetBlue,N872XX,3672,ATL,CityName,State,DFW,CityName,State,0,0,5,0,0,,56,1879,0,0,0,0,0
2023-04-10,Delta,N613XX,7399,MIA,CityName,State,SEA,CityName,State,0,0,1,0,0,,158,216,0,0,0,0,0
2023-04-10,JetBlue,N329XX,9355,MIA,CityName,State,SEA,CityName,State,45,1,55,1,0,,63,2800,0,0,55,0,0
2023-04-10,Southwest,N271XX,444,ORD,CityName,State,LAX,CityName,State,45,1,50,1,0,,323,1628,0,0,50,0,0
2023-04-10,United,N704XX,8951,ORD,CityName,State,MIA,CityName,State,30,1,29,1,0,,156,246,0,0,29,0,0
2023-04-11,American,N442XX,4943,ORD,CityName,State,JFK,CityName,State,0,0,1,0,0,,208,2723,0,0,0,0,0
2023-04-11,Delta,N282XX,3407,JFK,CityName,State,ORD,CityName,State,0,0,10,0,0,,113,2377,0,0,0,0,0
2023-04-11,JetBlue,N830XX,1818,BOS,CityName,State,LAX,CityName,State,0,0,-10,0,0,,251,971,0,0,0,0,0
2023-04-11,JetBlue,N859XX,3867,SEA,CityName,State,ORD,CityName,State,0,0,10,0,0,,188,1559,0,0,0,0,0
2023-04-11,JetBlue,N187XX,794,JFK,CityName,State,ORD,CityName,State,15,1,5,0,0,,306,2674,0,0,0,0,0
2023-04-11,JetBlue,N770XX,1757,JFK,CityName,State,MIA,CityName,State,15,1,13,0,0,,92,1314,0,0,0,0,0
2023-04-11,United,N272XX,3900,SFO,CityName,State,JFK,CityName,State,0,0,9,0,0,,324,549,0,0,0,0,0
2023-04-11,American,N878XX,1014,ATL,CityName,State,JFK,CityName,State,120,1,110,1,0,,71,984,0,0,110,0,0
2023-04-11,Southwest,N275XX,1823,BOS,CityName,State,ATL,CityName,State,0,0,1,0,0,,257,1357,0,0,0,0,0
2023-04-11,United,N628XX,4999,MIA,CityName,State,DEN,CityName,State,0,0,2,0,0,,238,1274,0,0,0,0,0
2023-04-11,American,N507XX,8995,ATL,CityName,State,SFO,CityName,State,30,1,23,1,0,,296,2666,23,0,0,0,0
2023-04-11,Southwest,N280XX,3108,MIA,CityName,State,JFK,CityName,State,0,0,-14,0,0,,75,2203,0,0,0,0,0
2023-04-11,American,N471XX,7378,DEN,CityName,State,ORD,CityName,State,0,0,-9,0,0,,279,2557,0,0,0,0,0
2023-04-11,Southwest,N378XX,129,BOS,CityName,State,SEA,CityName,State,0,0,-8,0,0,,188,1262,0,0,0,0,0
2023-04-12,United,N882XX,6583,DFW,CityName,State,DFW,CityName,State,15,1,17,1,0,,170,1453,17,0,0,0,0
2023-04-12,Delta,N834XX,1492,SEA,CityName,State,DEN,CityName,State,0,0,-10,0,0,,199,1755,0,0,0,0,0
2023-04-12,Delta,N632XX,1681,SFO,CityName,State,JFK,CityName,State,0,0,-3,0,0,,136,2150,0,0,0,0,0
2023-04-12,Delta,N221XX,6876,ORD,CityName,State,ORD,CityName,State,30,1,19,1,0,,313,841,0,19,0,0,0
2023-04-12,Southwest,N249XX,7575,ORD,CityName,State,ATL,CityName,State,0,0,-1,0,0,,281,415,0,0,0,0,0
2023-04-12,JetBlue,N368XX,2750,SEA,CityName,State,ORD,CityName,State,0,0,9,0,0,,63,2514,0,0,0,0,0
2023-04-12,JetBlue,N455XX,5497,ATL,CityName,State,JFK,CityName,State,0,0,-9,0,0,,222,2759,0,0,0,0,0
2023-04-12,United,N205XX,2906,MIA,CityName,State,SEA,CityName,State,0,0,-11,0,0,,234,2198,0,0,0,0,0
2023-04-12,Southwest,N190XX,867,LAX,CityName,State,MIA,CityName,State,0,0,5,0,0,,53,2193,0,0,0,0,0
2023-04-12,Delta,N446XX,2566,MIA,CityName,State,BOS,CityName,State,0,0,-2,0,0,,71,1607,0,0,0,0,0
2023-04-12,American,N386XX,4520,DEN,CityName,State,BOS,CityName,State,0,0,0,0,0,,191,2349,0,0,0,0,0
2023-04-12,United,N107XX,5183,JFK,CityName,State,LAX,CityName,State,0,0,1,0,0,,258,1769,0,0,0,0,0
2023-04-12,American,N445XX,2040,ATL,CityName,State,ATL,CityName,State,0,0,-4,0,0,,241,653,0,0,0,0,0
2023-04-12,Delta,N678XX,9780,BOS,CityName,State,ATL,CityName,State,0,0,5,0,0,,75,1895,0,0,0,0,0
2023-04-12,Delta,N168XX,6772,ATL,CityName,State,MIA,CityName,State,0,0,-12,0,0,,72,1464,0,0,0,0,0
2023-04-12,JetBlue,N181XX,7851,DEN,CityName,State,SEA,CityName,State,0,0,-1,0,0,,115,427,0,0,0,0,0
2023-04-12,American,N965XX,8330,JFK,CityName,State,SFO,CityName,State,0,0,7,0,0,,60,2549,0,0,0,0,0
2023-04-12,Southwest,N173XX,1729,SEA,CityName,State,LAX,CityName,State,0,0,8,0,0,,67,1293,0,0,0,0,0
2023-04-13,Delta,N969XX,8360,DFW,CityName,State,ATL,CityName,State,0,0,-6,0,0,,176,2455,0,0,0,0,0
2023-04-13,Delta,N217XX,8125,BOS,CityName,State,SFO,CityName,State,0,0,6,0,0,,286,2874,0,0,0,0,0
2023-04-13,JetBlue,N973XX,4143,DFW,CityName,State,BOS,CityName,State,0,0,-3,0,0,,254,154,0,0,0,0,0
2023-04-13,American,N709XX,7159,JFK,CityName,State,SFO,CityName,State,120,1,129,1,0,,48,886,0,129,0,0,0
2023-04-13,Southwest,N500XX,7062,ORD,CityName,State,SEA,CityName,State,0,0,-9,0,0,,83,1452,0,0,0,0,0
2023-04-13,Delta,N726XX,4103,JFK,CityName,State,SEA,CityName,State,30,1,37,1,0,,290,838,0,0,37,0,0
2023-04-13,Southwest,N324XX,6237,JFK,CityName,State,JFK,CityName,State,0,0,-4,0,0,,261,230,0,0,0,0,0
2023-04-13,Southwest,N204XX,7755,ORD,CityName,State,JFK,CityName,State,0,0,-1,0,0,,126,1461,0,0,0,0,0
2023-04-13,American,N280XX,8431,ORD,CityName,State,LAX,CityName,State,0,0,-6,0,0,,350,254,0,0,0,0,0
2023-04-13,American,N162XX,5877,DFW,CityName,State,JFK,CityName,State,0,0,5,0,0,,165,2592,0,0,0,0,0
2023-04-13,United,N127XX,6974,MIA,CityName,State,BOS,CityName,State,60,1,64,1,0,,147,2675,0,0,0,0,64
2023-04-13,Southwest,N940XX,9921,SEA,CityName,State,MIA,CityName,State,15,1,15,1,0,,230,764,15,0,0,0,0
2023-04-13,JetBlue,N924XX,231,SEA,CityName,State,DFW,CityName,State,0,0,-12,0,0,,93,1417,0,0,0,0,0
2023-04-13,United,N341XX,7997,DFW,CityName,State,SEA,CityName,State,15,1,24,1,0,,148,1329,0,0,24,0,0
2023-04-13,United,N459XX,4495,DFW,CityName,State,LAX,CityName,State,0,0,-10,0,0,,167,229,0,0,0,0,0
2023-04-13,American,N626XX,2292,DFW,CityName,State,ORD,CityName,State,0,0,9,0,0,,270,989,0,0,0,0,0
2023-04-14,American,N133XX,2242,MIA,CityName,State,ORD,CityName,State,0,0,-13,0,0,,149,1874,0,0,0,0,0
2023-04-14,United,N488XX,1325,LAX,CityName,State,SFO,CityName,State,0,0,9,0,0,,88,1441,0,0,0,0,0
2023-04-14,American,N926XX,6106,SEA,CityName,State,ATL,CityName,State,60,1,46,1,0,,63,636,0,0,0,0,46
2023-04-14,American,N412XX,7315,SEA,CityName,State,SEA,CityName,State,15,1,14,0,0,,56,2607,0,0,0,0,0
2023-04-14,Delta,N547XX,7797,SEA,CityName,State,ORD,CityName,State,0,0,-5,0,0,,191,757,0,0,0,0,0
2023-04-14,United,N257XX,1604,ORD,CityName,State,SFO,CityName,State,0,0,-12,0,0,,172,2004,0,0,0,0,0
2023-04-14,Southwest,N728XX,3056,DEN,CityName,State,JFK,CityName,State,0,0,0,0,1,A,91,740,0,0,0,0,0
2023-04-14,United,N621XX,6276,DFW,CityName,State,DFW,CityName,State,0,0,-3,0,0,,93,385,0,0,0,0,0
2023-04-14,Delta,N348XX,6192,LAX,CityName,State,DFW,CityName,State,0,0,-14,0,0,,234,2732,0,0,0,0,0
2023-04-14,Delta,N227XX,5407,JFK,CityName,State,DFW,CityName,State,0,0,4,0,0,,354,620,0,0,0,0,0
2023-04-14,United,N175XX,4316,DFW,CityName,State,DFW,CityName,State,0,0,5,0,0,,60,1708,0,0,0,0,0
2023-04-14,JetBlue,N351XX,7833,SFO,CityName,State,MIA,CityName,State,0,0,0,0,0,,264,1487,0,0,0,0,0
2023-04-14,Delta,N998XX,6456,DFW,CityName,State,MIA,CityName,State,0,0,-12,0,0,,96,2236,0,0,0,0,0
2023-04-14,United,N260XX,148,SFO,CityName,State,DFW,CityName,State,0,0,-12,0,0,,186,533,0,0,0,0,0
2023-04-14,United,N693XX,4456,DEN,CityName,State,ATL,CityName,State,0,0,-2,0,0,,144,2708,0,0,0,0,0
2023-04-15,United,N261XX,4783,LAX,CityName,State,JFK,CityName,State,45,1,54,1,0,,293,982,0,0,54,0,0
2023-04-15,Southwest,N269XX,9055,DFW,CityName,State,SEA,CityName,State,0,0,-11,0,0,,46,767,0,0,0,0,0
2023-04-15,American,N903XX,9244,ATL,CityName,State,DEN,CityName,State,0,0,1,0,0,,241,329,0,0,0,0,0
2023-04-15,United,N130XX,3247,ORD,CityName,State,ATL,CityName,State,0,0,6,0,0,,57,1302,0,0,0,0,0
2023-04-15,Delta,N646XX,6421,SFO,CityName,State,JFK,CityName,State,0,0,-5,0,0,,286,1701,0,0,0,0,0
2023-04-15,Delta,N504XX,7870,LAX,CityName,State,SFO,CityName,State,30,1,24,1,0,,227,685,24,0,0,0,0
2023-04-15,Southwest,N615XX,6033,MIA,CityName,State,ATL,CityName,State,0,0,7,0,0,,276,2762,0,0,0,0,0
2023-04-15,American,N689XX,3373,SEA,CityName,State,MIA,CityName,State,15,1,4,0,0,,321,1945,0,0,0,0,0
2023-04-15,United,N774XX,2840,SEA,CityName,State,MIA,CityName,State,0,0,-13,0,0,,222,1544,0,0,0,0,0
2023-04-15,American,N919XX,7607,ORD,CityName,State,ATL,CityName,State,0,0,4,0,0,,167,2182,0,0,0,0,0
2023-04-15,Delta,N889XX,5787,SFO,CityName,State,LAX,CityName,State,0,0,6,0,0,,119,2236,0,0,0,0,0
2023-04-15,JetBlue,N938XX,5379,JFK,CityName,State,BOS,CityName,State,0,0,5,0,0,,212,1997,0,0,0,0,0
2023-04-15,Delta,N365XX,3792,ORD,CityName,State,LAX,CityName,State,60,1,54,1,0,,163,1903,0,0,54,0,0
2023-04-16,Southwest,N291XX,6856,SEA,CityName,State,MIA,CityName,State,0,0,-2,0,0,,180,1953,0,0,0,0,0
2023-04-16,United,N300XX,1582,BOS,CityName,State,JFK,CityName,State,0,0,6,0,0,,284,1383,0,0,0,0,0
2023-04-16,Southwest,N595XX,2101,ORD,CityName,State,LAX,CityName,State,120,1,112,1,0,,188,1814,112,0,0,0,0
2023-04-16,Delta,N109XX,4041,SFO,CityName,State,ATL,CityName,State,0,0,-8,0,0,,269,2777,0,0,0,0,0
2023-04-16,JetBlue,N532XX,1904,LAX,CityName,State,SFO,CityName,State,0,0,-4,0,0,,301,2009,0,0,0,0,0
2023-04-16,Southwest,N494XX,3004,ATL,CityName,State,DEN,CityName,State,15,1,24,1,0,,171,2454,0,24,0,0,0
2023-04-16,United,N145XX,8865,SFO,CityName,State,BOS,CityName,State,0,0,-2,0,0,,235,387,0,0,0,0,0
2023-04-16,American,N659XX,9189,LAX,CityName,State,DFW,CityName,State,0,0,10,0,0,,281,1541,0,0,0,0,0
2023-04-16,United,N876XX,5030,BOS,CityName,State,ATL,CityName,State,15,1,21,1,0,,354,1578,0,21,0,0,0
2023-04-16,American,N656XX,297,ATL,CityName,State,ATL,CityName,State,0,0,7,0,0,,266,1553,0,0,0,0,0
2023-04-16,Southwest,N400XX,5492,DFW,CityName,State,MIA,CityName,State,0,0,-1,0,0,,167,1461,0,0,0,0,0
2023-04-16,JetBlue,N334XX,7748,ATL,CityName,State,MIA,CityName,State,45,1,53,1,0,,318,1373,0,0,0,0,53
2023-04-16,Delta,N531XX,9892,JFK,CityName,State,ORD,CityName,State,15,1,17,1,0,,268,2005,17,0,0,0,0
2023-04-16,United,N322XX,8099,SEA,CityName,State,MIA,CityName,State,0,0,-3,0,0,,230,917,0,0,0,0,0
2023-04-16,United,N636XX,2041,DFW,CityName,State,SEA,CityName,State,60,1,62,1,0,,288,1992,62,0,0,0,0
2023-04-16,JetBlue,N132XX,624,ORD,CityName,State,MIA,CityName,State,0,0,-14,0,0,,147,2479,0,0,0,0,0
2023-04-16,American,N671XX,1498,ORD,CityName,State,JFK,CityName,State,0,0,9,0,0,,142,1756,0,0,0,0,0
2023-04-16,JetBlue,N700XX,7142,ATL,CityName,State,ORD,CityName,State,0,0,-4,0,0,,351,1550,0,0,0,0,0
2023-04-16,United,N219XX,9368,BOS,CityName,State,BOS,CityName,State,0,0,0,0,1,A,105,225,0,0,0,0,0
2023-04-16,Southwest,N373XX,9945,ATL,CityName,State,SFO,CityName,State,0,0,-4,0,0,,92,2106,0,0,0,0,0
2023-04-17,American,N689XX,5808,DFW,CityName,State,BOS,CityName,State,0,0,-4,0,0,,184,1991,0,0,0,0,0
2023-04-17,Southwest,N322XX,1055,BOS,CityName,State,SEA,CityName,State,0,0,-4,0,0,,68,2014,0,0,0,0,0
2023-04-17,American,N218XX,6282,SEA,CityName,State,MIA,CityName,State,60,1,53,1,0,,46,2504,53,0,0,0,0
2023-04-17,American,N726XX,4571,ORD,CityName,State,LAX,CityName,State,240,1,227,1,0,,123,521,227,0,0,0,0
2023-04-17,Southwest,N750XX,4684,JFK,CityName,State,ATL,CityName,State,15,1,16,1,0,,214,2915,16,0,0,0,0
2023-04-17,Southwest,N154XX,2555,DEN,CityName,State,JFK,CityName,State,0,0,-13,0,0,,129,514,0,0,0,0,0
2023-04-17,Delta,N442XX,2525,LAX,CityName,State,DFW,CityName,State,0,0,3,0,0,,333,372,0,0,0,0,0
2023-04-17,United,N997XX,5129,BOS,CityName,State,ATL,CityName,State,0,0,2,0,0,,129,878,0,0,0,0,0
2023-04-17,American,N888XX,6593,MIA,CityName,State,LAX,CityName,State,0,0,-1,0,0,,345,319,0,0,0,0,0
2023-04-17,JetBlue,N457XX,4389,JFK,CityName,State,LAX,CityName,State,0,0,-6,0,0,,181,1274,0,0,0,0,0
2023-04-17,Southwest,N527XX,4741,DEN,CityName,State,BOS,CityName,State,0,0,-8,0,0,,259,1710,0,0,0,0,0
2023-04-17,United,N627XX,2874,LAX,CityName,State,DEN,CityName,State,0,0,-13,0,0,,105,2094,0,0,0,0,0
2023-04-17,Southwest,N582XX,6961,SEA,CityName,State,MIA,CityName,State,0,0,-11,0,0,,280,1272,0,0,0,0,0
2023-04-17,Delta,N140XX,8583,SEA,CityName,State,DFW,CityName,State,0,0,-11,0,0,,252,926,0,0,0,0,0
2023-04-17,Southwest,N722XX,4689,DFW,CityName,State,BOS,CityName,State,0,0,-3,0,0,,322,2866,0,0,0,0,0
2023-04-18,Southwest,N390XX,157,JFK,CityName,State,SEA,CityName,State,0,0,-2,0,0,,125,532,0,0,0,0,0
2023-04-18,JetBlue,N333XX,2226,MIA,CityName,State,SFO,CityName,State,0,0,1,0,0,,217,2921,0,0,0,0,0
2023-04-18,JetBlue,N694XX,2768,MIA,CityName,State,LAX,CityName,State,0,0,-12,0,0,,192,1259,0,0,0,0,0
2023-04-18,United,N744XX,1946,LAX,CityName,State,SFO,CityName,State,0,0,-11,0,0,,93,2785,0,0,0,0,0
2023-04-18,United,N894XX,2919,BOS,CityName,State,SEA,CityName,State,30,1,31,1,0,,139,2936,0,31,0,0,0
2023-04-18,Southwest,N285XX,1529,DFW,CityName,State,DEN,CityName,State,60,1,52,1,0,,288,219,0,52,0,0,0
2023-04-18,United,N847XX,3884,JFK,CityName,State,BOS,CityName,State,0,0,10,0,0,,241,1181,0,0,0,0,0
2023-04-18,JetBlue,N735XX,7819,SEA,CityName,State,LAX,CityName,State,0,0,-9,0,0,,97,598,0,0,0,0,0
2023-04-18,Southwest,N532XX,4537,ORD,CityName,State,DEN,CityName,State,0,0,-4,0,0,,311,2786,0,0,0,0,0
2023-04-18,American,N207XX,6112,SFO,CityName,State,MIA,CityName,State,240,1,247,1,0,,258,712,0,247,0,0,0
2023-04-18,American,N577XX,1146,LAX,CityName,State,BOS,CityName,State,0,0,-11,0,0,,216,2954,0,0,0,0,0
2023-04-18,Southwest,N951XX,6197,BOS,CityName,State,SFO,CityName,State,60,1,65,1,0,,93,2896,0,0,65,0,0
2023-04-18,American,N454XX,6056,BOS,CityName,State,DFW,CityName,State,0,0,-7,0,0,,248,1706,0,0,0,0,0
2023-04-19,United,N302XX,3189,SFO,CityName,State,MIA,CityName,State,0,0,0,0,0,,71,859,0,0,0,0,0
2023-04-19,Delta,N406XX,9907,MIA,CityName,State,BOS,CityName,State,0,0,0,0,0,,262,1211,0,0,0,0,0
2023-04-19,United,N617XX,2666,LAX,CityName,State,SFO,CityName,State,0,0,8,0,0,,204,374,0,0,0,0,0
2023-04-19,American,N833XX,3356,MIA,CityName,State,MIA,CityName,State,0,0,-12,0,0,,216,2091,0,0,0,0,0
2023-04-19,Delta,N844XX,8196,JFK,CityName,State,DEN,CityName,State,0,0,-3,0,0,,192,427,0,0,0,0,0
2023-04-19,Delta,N168XX,8251,DFW,CityName,State,ORD,CityName,State,0,0,-4,0,0,,57,2649,0,0,0,0,0
2023-04-19,Southwest,N695XX,9723,DFW,CityName,State,DFW,CityName,State,0,0,-1,0,0,,300,2610,0,0,0,0,0
2023-04-19,United,N472XX,6795,DFW,CityName,State,MIA,CityName,State,0,0,6,0,0,,225,2652,0,0,0,0,0
2023-04-19,JetBlue,N395XX,7625,ATL,CityName,State,SFO,CityName,State,15,1,4,0,0,,84,1672,0,0,0,0,0
2023-04-19,JetBlue,N477XX,2081,SEA,CityName,State,DFW,CityName,State,0,0,-12,0,0,,71,2257,0,0,0,0,0
2023-04-19,Delta,N319XX,1145,ORD,CityName,State,SEA,CityName,State,0,0,-7,0,0,,305,1171,0,0,0,0,0
2023-04-19,United,N783XX,4654,LAX,CityName,State,DEN,CityName,State,0,0,6,0,0,,124,882,0,0,0,0,0
2023-04-19,United,N369XX,6885,BOS,CityName,State,ATL,CityName,State,0,0,3,0,0,,131,279,0,0,0,0,0
2023-04-19,JetBlue,N612XX,2904,SEA,CityName,State,LAX,CityName,State,30,1,38,1,0,,85,2742,0,0,0,0,38
2023-04-20,United,N135XX,579,ATL,CityName,State,SEA,CityName,State,0,0,-9,0,0,,86,762,0,0,0,0,0
2023-04-20,JetBlue,N887XX,4125,SEA,CityName,State,ATL,CityName,State,0,0,1,0,0,,139,797,0,0,0,0,0
2023-04-20,American,N151XX,1494,DFW,CityName,State,BOS,CityName,State,0,0,2,0,0,,154,333,0,0,0,0,0
2023-04-20,American,N485XX,4023,DEN,CityName,State,BOS,CityName,State,30,1,0,0,1,A,167,183,0,0,0,0,0
2023-04-20,Southwest,N576XX,9062,MIA,CityName,State,LAX,CityName,State,0,0,2,0,0,,204,1183,0,0,0,0,0
2023-04-20,United,N368XX,7696,SEA,CityName,State,SEA,CityName,State,0,0,7,0,0,,309,1819,0,0,0,0,0
2023-04-20,American,N675XX,3082,MIA,CityName,State,DEN,CityName,State,0,0,-13,0,0,,186,207,0,0,0,0,0
2023-04-20,United,N557XX,9448,DFW,CityName,State,BOS,CityName,State,0,0,9,0,0,,355,1953,0,0,0,0,0
2023-04-20,American,N966XX,6589,BOS,CityName,State,ATL,CityName,State,0,0,-10,0,0,,169,468,0,0,0,0,0
2023-04-20,Delta,N937XX,4808,MIA,CityName,State,SEA,CityName,State,45,1,54,1,0,,118,2424,0,0,54,0,0
2023-04-20,United,N492XX,1293,JFK,CityName,State,SEA,CityName,State,0,0,6,0,0,,197,1811,0,0,0,0,0
2023-04-20,JetBlue,N676XX,296,SFO,CityName,State,ATL,CityName,State,0,0,5,0,0,,61,2415,0,0,0,0,0
2023-04-20,JetBlue,N348XX,8386,DFW,CityName,State,ORD,CityName,State,0,0,7,0,0,,236,2443,0,0,0,0,0
2023-04-20,United,N344XX,6115,SEA,CityName,State,JFK,CityName,State,0,0,-10,0,0,,328,2760,0,0,0,0,0
2023-04-20,JetBlue,N167XX,9278,DFW,CityName,State,ATL,CityName,State,0,0,-13,0,0,,356,2407,0,0,0,0,0
2023-04-20,American,N720XX,2204,SFO,CityName,State,JFK,CityName,State,0,0,-9,0,0,,200,276,0,0,0,0,0
2023-04-21,United,N954XX,5375,DEN,CityName,State,MIA,CityName,State,0,0,8,0,0,,258,301,0,0,0,0,0
2023-04-21,United,N816XX,1758,SEA,CityName,State,DEN,CityName,State,45,1,42,1,0,,358,1459,0,0,42,0,0
2023-04-21,JetBlue,N957XX,2342,LAX,CityName,State,ATL,CityName,State,0,0,8,0,0,,205,2135,0,0,0,0,0
2023-04-21,United,N116XX,4631,SEA,CityName,State,JFK,CityName,State,30,1,19,1,0,,182,2443,19,0,0,0,0
2023-04-21,Southwest,N706XX,9050,ATL,CityName,State,ATL,CityName,State,60,1,56,1,0,,91,1018,0,0,56,0,0
2023-04-21,Southwest,N549XX,9223,DEN,CityName,State,DFW,CityName,State,60,1,61,1,0,,314,2991,61,0,0,0,0
2023-04-21,Delta,N778XX,9732,LAX,CityName,State,ATL,CityName,State,30,1,18,1,0,,129,2161,0,0,18,0,0
2023-04-21,Southwest,N173XX,4014,ORD,CityName,State,SEA,CityName,State,15,1,1,0,0,,81,2026,0,0,0,0,0
2023-04-21,JetBlue,N335XX,8143,DFW,CityName,State,DFW,CityName,State,0,0,-11,0,0,,253,1837,0,0,0,0,0
2023-04-21,Southwest,N485XX,9846,SEA,CityName,State,ATL,CityName,State,15,1,8,0,0,,140,1903,0,0,0,0,0
2023-04-21,American,N429XX,2681,DFW,CityName,State,JFK,CityName,State,0,0,-14,0,0,,271,2465,0,0,0,0,0
2023-04-21,American,N931XX,7939,LAX,CityName,State,MIA,CityName,State,0,0,-3,0,0,,132,1491,0,0,0,0,0
2023-04-22,American,N563XX,3322,MIA,CityName,State,MIA,CityName,State,0,0,-5,0,0,,289,335,0,0,0,0,0
2023-04-22,JetBlue,N203XX,8884,MIA,CityName,State,ORD,CityName,State,45,1,32,1,0,,356,1204,0,32,0,0,0
2023-04-22,United,N117XX,9696,MIA,CityName,State,ATL,CityName,State,0,0,6,0,0,,345,2906,0,0,0,0,0
2023-04-22,Southwest,N600XX,2425,JFK,CityName,State,DFW,CityName,State,0,0,9,0,0,,124,880,0,0,0,0,0
2023-04-22,United,N899XX,6592,DEN,CityName,State,LAX,CityName,State,0,0,-9,0,0,,49,390,0,0,0,0,0
2023-04-22,United,N279XX,6457,BOS,CityName,State,DFW,CityName,State,0,0,-7,0,0,,347,1464,0,0,0,0,0
2023-04-22,United,N506XX,3693,ORD,CityName,State,BOS,CityName,State,0,0,-12,0,0,,337,1385,0,0,0,0,0
2023-04-22,Southwest,N772XX,1284,JFK,CityName,State,MIA,CityName,State,30,1,27,1,0,,317,2282,27,0,0,0,0
2023-04-22,United,N293XX,2436,BOS,CityName,State,ORD,CityName,State,0,0,-3,0,0,,88,2361,0,0,0,0,0
2023-04-22,American,N474XX,5373,SFO,CityName,State,BOS,CityName,State,0,0,7,0,0,,142,2131,0,0,0,0,0
2023-04-22,JetBlue,N593XX,9805,DFW,CityName,State,MIA,CityName,State,0,0,9,0,0,,302,1227,0,0,0,0,0
2023-04-22,Delta,N312XX,175,ORD,CityName,State,LAX,CityName,State,0,0,-12,0,0,,223,2281,0,0,0,0,0
2023-04-22,Delta,N195XX,4329,DEN,CityName,State,ORD,CityName,State,0,0,-11,0,0,,87,2136,0,0,0,0,0
2023-04-22,United,N802XX,3624,ORD,CityName,State,ATL,CityName,State,240,1,250,1,0,,243,206,0,0,250,0,0
2023-04-22,American,N174XX,3583,BOS,CityName,State,ORD,CityName,State,0,0,0,0,0,,57,2182,0,0,0,0,0
2023-04-22,Southwest,N509XX,6202,ATL,CityName,State,ORD,CityName,State,30,1,39,1,0,,204,697,0,0,0,0,39
2023-04-23,Delta,N418XX,8962,ATL,CityName,State,DEN,CityName,State,0,0,9,0,0,,231,1261,0,0,0,0,0
2023-04-23,Delta,N584XX,3791,SEA,CityName,State,BOS,CityName,State,240,1,231,1,0,,287,717,0,0,231,0,0
2023-04-23,American,N742XX,8835,SFO,CityName,State,SEA,CityName,State,0,0,3,0,0,,73,1480,0,0,0,0,0
2023-04-23,Delta,N398XX,6495,MIA,CityName,State,LAX,CityName,State,0,0,-7,0,0,,187,2050,0,0,0,0,0
2023-04-23,Southwest,N886XX,4212,DEN,CityName,State,MIA,CityName,State,60,1,55,1,0,,303,1803,55,0,0,0,0
2023-04-23,Delta,N675XX,9343,BOS,CityName,State,SFO,CityName,State,0,0,-6,0,0,,113,2927,0,0,0,0,0
2023-04-23,American,N375XX,8016,DFW,CityName,State,DEN,CityName,State,0,0,-5,0,0,,95,1608,0,0,0,0,0
2023-04-23,United,N971XX,8544,ORD,CityName,State,SFO,CityName,State,0,0,-8,0,0,,96,716,0,0,0,0,0
2023-04-23,Southwest,N246XX,4389,DEN,CityName,State,LAX,CityName,State,0,0,0,0,0,,287,999,0,0,0,0,0
2023-04-23,Southwest,N488XX,4325,MIA,CityName,State,DEN,CityName,State,0,0,-5,0,0,,50,260,0,0,0,0,0
2023-04-23,Southwest,N290XX,8037,JFK,CityName,State,SFO,CityName,State,0,0,-8,0,0,,183,2135,0,0,0,0,0
2023-04-23,Delta,N577XX,7188,SFO,CityName,State,ATL,CityName,State,0,0,5,0,0,,53,2779,0,0,0,0,0
2023-04-23,United,N262XX,7252,LAX,CityName,State,JFK,CityName,State,0,0,-8,0,0,,285,2556,0,0,0,0,0
2023-04-23,American,N487XX,8378,BOS,CityName,State,SFO,CityName,State,0,0,-14,0,0,,170,2404,0,0,0,0,0
2023-04-23,JetBlue,N574XX,1217,DEN,CityName,State,ORD,CityName,State,0,0,7,0,0,,313,696,0,0,0,0,0
2023-04-23,American,N420XX,8185,DFW,CityName,State,ORD,CityName,State,0,0,-7,0,0,,355,1197,0,0,0,0,0
2023-04-23,Delta,N601XX,7199,ORD,CityName,State,BOS,CityName,State,0,0,-6,0,0,,195,2300,0,0,0,0,0
2023-04-23,American,N500XX,4376,SEA,CityName,State,SFO,CityName,State,0,0,4,0,0,,301,1874,0,0,0,0,0
2023-04-23,Delta,N321XX,624,ATL,CityName,State,ORD,CityName,State,0,0,-4,0,0,,163,2716,0,0,0,0,0
2023-04-23,JetBlue,N557XX,1974,MIA,CityName,State,LAX,CityName,State,0,0,-9,0,0,,93,1274,0,0,0,0,0
2023-04-23,Southwest,N201XX,2065,LAX,CityName,State,SEA,CityName,State,0,0,-13,0,0,,203,2242,0,0,0,0,0
2023-04-23,United,N578XX,9898,SEA,CityName,State,DEN,CityName,State,0,0,-10,0,0,,71,2983,0,0,0,0,0
2023-04-23,Delta,N865XX,3173,JFK,CityName,State,BOS,CityName,State,0,0,9,0,0,,75,1325,0,0,0,0,0
2023-04-24,Southwest,N844XX,2668,ORD,CityName,State,SEA,CityName,State,30,1,36,1,0,,287,1126,36,0,0,0,0
2023-04-24,Delta,N448XX,2038,MIA,CityName,State,ATL,CityName,State,0,0,-8,0,0,,219,1218,0,0,0,0,0
2023-04-24,Southwest,N130XX,8559,SEA,CityName,State,SFO,CityName,State,0,0,1,0,0,,345,945,0,0,0,0,0
2023-04-24,United,N430XX,4261,JFK,CityName,State,ATL,CityName,State,0,0,-1,0,0,,237,2361,0,0,0,0,0
2023-04-24,Southwest,N779XX,9619,BOS,CityName,State,BOS,CityName,State,15,1,24,1,0,,310,2854,0,0,0,0,24
2023-04-24,Southwest,N496XX,8123,LAX,CityName,State,ATL,CityName,State,0,0,-5,0,0,,245,2609,0,0,0,0,0
2023-04-24,JetBlue,N328XX,5321,SEA,CityName,State,MIA,CityName,State,15,1,4,0,0,,238,835,0,0,0,0,0
2023-04-24,American,N687XX,2497,BOS,CityName,State,BOS,CityName,State,0,0,6,0,0,,91,1870,0,0,0,0,0
2023-04-24,Delta,N950XX,110,ATL,CityName,State,DEN,CityName,State,0,0,-5,0,0,,313,2586,0,0,0,0,0
2023-04-24,United,N481XX,6191,MIA,CityName,State,MIA,CityName,State,0,0,-3,0,0,,286,1018,0,0,0,0,0
2023-04-24,Delta,N816XX,4323,ORD,CityName,State,ORD,CityName,State,0,0,-14,0,0,,221,1177,0,0,0,0,0
2023-04-24,American,N438XX,7713,MIA,CityName,State,ATL,CityName,State,30,1,39,1,0,,294,2804,0,0,39,0,0
2023-04-24,Delta,N637XX,3837,SEA,CityName,State,ORD,CityName,State,15,1,0,0,1,A,140,1021,0,0,0,0,0
2023-04-24,Delta,N885XX,7970,ATL,CityName,State,ATL,CityName,State,0,0,-14,0,0,,315,343,0,0,0,0,0
2023-04-24,Southwest,N674XX,6313,SEA,CityName,State,LAX,CityName,State,0,0,-4,0,0,,307,693,0,0,0,0,0
2023-04-25,Delta,N232XX,6845,DFW,CityName,State,BOS,CityName,State,15,1,14,0,0,,208,519,0,0,0,0,0
2023-04-25,Southwest,N188XX,5327,JFK,CityName,State,LAX,CityName,State,0,0,-6,0,0,,97,1053,0,0,0,0,0
2023-04-25,Delta,N330XX,5118,MIA,CityName,State,ORD,CityName,State,0,0,-12,0,0,,96,2722,0,0,0,0,0
2023-04-25,American,N378XX,7932,LAX,CityName,State,MIA,CityName,State,60,1,62,1,0,,345,915,0,0,62,0,0
2023-04-25,Delta,N927XX,4503,SEA,CityName,State,SEA,CityName,State,45,1,40,1,0,,296,1236,0,0,40,0,0
2023-04-25,Delta,N474XX,4589,ATL,CityName,State,ATL,CityName,State,0,0,5,0,0,,250,2754,0,0,0,0,0
2023-04-25,JetBlue,N717XX,3180,MIA,CityName,State,DFW,CityName,State,0,0,-12,0,0,,134,2221,0,0,0,0,0
2023-04-25,American,N520XX,8056,ATL,CityName,State,SFO,CityName,State,30,1,17,1,0,,215,2445,0,0,0,0,17
2023-04-25,American,N966XX,2964,SEA,CityName,State,SFO,CityName,State,15,1,23,1,0,,91,2200,0,23,0,0,0
2023-04-25,Southwest,N378XX,7443,DEN,CityName,State,SEA,CityName,State,0,0,10,0,0,,343,730,0,0,0,0,0
2023-04-25,Delta,N714XX,4050,LAX,CityName,State,ATL,CityName,State,0,0,7,0,0,,67,2382,0,0,0,0,0
2023-04-25,United,N262XX,1951,BOS,CityName,State,MIA,CityName,State,0,0,0,0,1,A,70,1878,0,0,0,0,0
2023-04-25,American,N384XX,9150,LAX,CityName,State,DFW,CityName,State,0,0,-1,0,0,,272,1531,0,0,0,0,0
2023-04-25,JetBlue,N129XX,6675,BOS,CityName,State,DFW,CityName,State,45,1,43,1,0,,47,1262,0,0,0,0,43
2023-04-25,JetBlue,N225XX,9251,DEN,CityName,State,ORD,CityName,State,30,1,28,1,0,,98,2587,28,0,0,0,0
2023-04-25,Southwest,N624XX,5565,ORD,CityName,State,LAX,CityName,State,0,0,6,0,0,,356,1256,0,0,0,0,0
2023-04-25,Delta,N866XX,482,SFO,CityName,State,DEN,CityName,State,0,0,-14,0,0,,341,2781,0,0,0,0,0
2023-04-25,Southwest,N416XX,5161,ATL,CityName,State,ORD,CityName,State,0,0,-6,0,0,,209,1456,0,0,0,0,0
2023-04-25,Delta,N983XX,7902,LAX,CityName,State,DEN,CityName,State,0,0,-12,0,0,,226,180,0,0,0,0,0
2023-04-25,Delta,N536XX,4453,DEN,CityName,State,LAX,CityName,State,0,0,-3,0,0,,260,2414,0,0,0,0,0
2023-04-25,United,N577XX,9047,JFK,CityName,State,ORD,CityName,State,0,0,-8,0,0,,106,2071,0,0,0,0,0
2023-04-25,Delta,N403XX,9836,ORD,CityName,State,MIA,CityName,State,0,0,7,0,0,,134,595,0,0,0,0,0
2023-04-25,Southwest,N138XX,7504,SFO,CityName,State,BOS,CityName,State,0,0,-6,0,0,,178,557,0,0,0,0,0
2023-04-25,Southwest,N610XX,3342,DEN,CityName,State,DEN,CityName,State,0,0,3,0,0,,60,1169,0,0,0,0,0
2023-04-26,Delta,N847XX,4413,DFW,CityName,State,ATL,CityName,State,0,0,-8,0,0,,276,2775,0,0,0,0,0
2023-04-26,American,N363XX,2656,SEA,CityName,State,SFO,CityName,State,0,0,-6,0,0,,307,1758,0,0,0,0,0
2023-04-26,United,N122XX,8511,SEA,CityName,State,MIA,CityName,State,0,0,6,0,0,,99,227,0,0,0,0,0
2023-04-26,JetBlue,N280XX,7869,SFO,CityName,State,ORD,CityName,State,0,0,-1,0,0,,162,2611,0,0,0,0,0
2023-04-26,Southwest,N190XX,5056,LAX,CityName,State,ORD,CityName,State,15,1,6,0,0,,102,2825,0,0,0,0,0
2023-04-26,Southwest,N494XX,7953,SEA,CityName,State,MIA,CityName,State,0,0,-5,0,0,,266,859,0,0,0,0,0
2023-04-26,American,N962XX,9564,JFK,CityName,State,SFO,CityName,State,0,0,-10,0,0,,251,570,0,0,0,0,0
2023-04-26,Delta,N335XX,4274,MIA,CityName,State,JFK,CityName,State,0,0,-4,0,0,,124,1629,0,0,0,0,0
2023-04-26,United,N129XX,6622,MIA,CityName,State,SEA,CityName,State,0,0,-7,0,0,,309,1127,0,0,0,0,0
2023-04-26,Delta,N497XX,2273,MIA,CityName,State,DFW,CityName,State,0,0,-3,0,0,,153,753,0,0,0,0,0
2023-04-26,United,N964XX,7457,SFO,CityName,State,JFK,CityName,State,0,0,-10,0,0,,159,2301,0,0,0,0,0
2023-04-26,United,N997XX,752,ORD,CityName,State,ATL,CityName,State,120,1,107,1,0,,209,1192,0,107,0,0,0
2023-04-26,JetBlue,N123XX,1088,DEN,CityName,State,DFW,CityName,State,0,0,1,0,0,,115,1753,0,0,0,0,0
2023-04-26,American,N293XX,625,ATL,CityName,State,SEA,CityName,State,0,0,-8,0,0,,86,592,0,0,0,0,0
2023-04-26,JetBlue,N825XX,9840,DFW,CityName,State,DEN,CityName,State,0,0,-13,0,0,,114,2176,0,0,0,0,0
2023-04-26,Delta,N160XX,7463,DEN,CityName,State,DEN,CityName,State,0,0,-8,0,0,,142,229,0,0,0,0,0
2023-04-26,United,N935XX,7873,MIA,CityName,State,SEA,CityName,State,0,0,-10,0,0,,94,2670,0,0,0,0,0
2023-04-26,Southwest,N436XX,1839,JFK,CityName,State,ORD,CityName,State,15,1,18,1,0,,324,1162,18,0,0,0,0
2023-04-26,Southwest,N351XX,1736,LAX,CityName,State,BOS,CityName,State,0,0,-7,0,0,,296,2226,0,0,0,0,0
2023-04-27,Delta,N322XX,7365,JFK,CityName,State,SFO,CityName,State,0,0,-5,0,0,,192,1873,0,0,0,0,0
2023-04-27,Delta,N159XX,7508,SEA,CityName,State,ORD,CityName,State,30,1,20,1,0,,217,1179,20,0,0,0,0
2023-04-27,American,N148XX,7133,JFK,CityName,State,DEN,CityName,State,0,0,5,0,0,,129,985,0,0,0,0,0
2023-04-27,JetBlue,N769XX,1948,SFO,CityName,State,LAX,CityName,State,0,0,0,0,0,,117,182,0,0,0,0,0
2023-04-27,American,N599XX,6315,DEN,CityName,State,SEA,CityName,State,15,1,19,1,0,,301,1328,19,0,0,0,0
2023-04-27,JetBlue,N911XX,8830,DEN,CityName,State,BOS,CityName,State,0,0,-6,0,0,,341,1210,0,0,0,0,0
2023-04-27,American,N391XX,9278,ORD,CityName,State,BOS,CityName,State,0,0,0,0,0,,174,1875,0,0,0,0,0
2023-04-27,JetBlue,N343XX,9250,SEA,CityName,State,DFW,CityName,State,0,0,9,0,0,,231,1779,0,0,0,0,0
2023-04-27,Delta,N238XX,7023,JFK,CityName,State,SEA,CityName,State,0,0,7,0,0,,301,2734,0,0,0,0,0
2023-04-27,United,N246XX,1381,ATL,CityName,State,ORD,CityName,State,0,0,-6,0,0,,172,1079,0,0,0,0,0
2023-04-27,United,N880XX,3713,LAX,CityName,State,JFK,CityName,State,0,0,2,0,0,,123,2349,0,0,0,0,0
2023-04-27,JetBlue,N790XX,5529,ATL,CityName,State,DFW,CityName,State,0,0,0,0,0,,216,1258,0,0,0,0,0
2023-04-27,Southwest,N916XX,3678,ORD,CityName,State,LAX,CityName,State,0,0,2,0,0,,329,2934,0,0,0,0,0
2023-04-27,JetBlue,N567XX,9430,SFO,CityName,State,ORD,CityName,State,0,0,-7,0,0,,280,2428,0,0,0,0,0
2023-04-28,Delta,N680XX,6989,JFK,CityName,State,DFW,CityName,State,0,0,-5,0,0,,324,2276,0,0,0,0,0
2023-04-28,JetBlue,N811XX,1548,ATL,CityName,State,MIA,CityName,State,0,0,-1,0,0,,328,729,0,0,0,0,0
2023-04-28,Delta,N770XX,1826,ORD,CityName,State,ATL,CityName,State,0,0,2,0,0,,185,1839,0,0,0,0,0
2023-04-28,JetBlue,N178XX,9958,DEN,CityName,State,DFW,CityName,State,0,0,-3,0,0,,163,185,0,0,0,0,0
2023-04-28,Delta,N686XX,3414,LAX,CityName,State,SEA,CityName,State,0,0,7,0,0,,140,399,0,0,0,0,0
2023-04-28,JetBlue,N719XX,7264,DEN,CityName,State,DFW,CityName,State,0,0,8,0,0,,151,213,0,0,0,0,0
2023-04-28,Delta,N207XX,8982,BOS,CityName,State,JFK,CityName,State,0,0,-12,0,0,,219,1202,0,0,0,0,0
2023-04-28,JetBlue,N655XX,6452,BOS,CityName,State,SFO,CityName,State,45,1,55,1,0,,236,2640,0,0,0,0,55
2023-04-28,JetBlue,N756XX,4160,BOS,CityName,State,ORD,CityName,State,0,0,4,0,0,,72,2474,0,0,0,0,0
2023-04-29,American,N654XX,1205,DFW,CityName,State,SFO,CityName,State,0,0,-3,0,0,,168,2715,0,0,0,0,0
2023-04-29,United,N632XX,4597,JFK,CityName,State,JFK,CityName,State,0,0,-11,0,0,,78,2562,0,0,0,0,0
2023-04-29,JetBlue,N737XX,4161,SFO,CityName,State,DFW,CityName,State,0,0,-7,0,0,,294,1278,0,0,0,0,0
2023-04-29,Delta,N477XX,3020,MIA,CityName,State,DEN,CityName,State,120,1,129,1,0,,336,2212,129,0,0,0,0
2023-04-29,Delta,N975XX,428,LAX,CityName,State,SFO,CityName,State,0,0,-3,0,0,,254,746,0,0,0,0,0
2023-04-29,United,N557XX,5985,BOS,CityName,State,SEA,CityName,State,30,1,27,1,0,,127,990,0,27,0,0,0
2023-04-29,American,N811XX,1396,BOS,CityName,State,DFW,CityName,State,0,0,-1,0,0,,86,954,0,0,0,0,0
2023-04-29,United,N849XX,6889,SEA,CityName,State,JFK,CityName,State,0,0,10,0,0,,243,2546,0,0,0,0,0
2023-04-29,American,N994XX,7618,SFO,CityName,State,SFO,CityName,State,0,0,-3,0,0,,295,2832,0,0,0,0,0
2023-04-29,Southwest,N217XX,2331,DFW,CityName,State,LAX,CityName,State,0,0,-14,0,0,,137,1903,0,0,0,0,0
2023-04-29,American,N443XX,8372,SFO,CityName,State,MIA,CityName,State,0,0,6,0,0,,76,159,0,0,0,0,0
2023-04-29,Southwest,N498XX,3419,JFK,CityName,State,SFO,CityName,State,15,1,4,0,0,,152,1429,0,0,0,0,0
2023-04-29,JetBlue,N421XX,1903,LAX,CityName,State,SEA,CityName,State,0,0,-2,0,0,,358,1391,0,0,0,0,0
2023-04-29,Southwest,N804XX,4510,ATL,CityName,State,SEA,CityName,State,0,0,-11,0,0,,321,1255,0,0,0,0,0
2023-04-29,Southwest,N703XX,6001,DEN,CityName,State,SEA,CityName,State,0,0,3,0,0,,165,2384,0,0,0,0,0
2023-04-29,JetBlue,N401XX,7478,ATL,CityName,State,BOS,CityName,State,0,0,-13,0,0,,52,2322,0,0,0,0,0
2023-04-29,JetBlue,N508XX,6784,JFK,CityName,State,DFW,CityName,State,0,0,-13,0,0,,235,2374,0,0,0,0,0
2023-04-30,Delta,N702XX,3096,SEA,CityName,State,DFW,CityName,State,0,0,-14,0,0,,255,577,0,0,0,0,0
2023-04-30,Delta,N857XX,7330,SEA,CityName,State,BOS,CityName,State,0,0,5,0,0,,160,1865,0,0,0,0,0
2023-04-30,Delta,N776XX,8252,BOS,CityName,State,ORD,CityName,State,60,1,67,1,0,,218,268,67,0,0,0,0
2023-04-30,JetBlue,N883XX,9444,DEN,CityName,State,SFO,CityName,State,0,0,1,0,0,,50,1701,0,0,0,0,0
2023-04-30,Delta,N641XX,1243,LAX,CityName,State,SFO,CityName,State,30,1,28,1,0,,273,2319,0,0,0,0,28
2023-04-30,United,N120XX,9715,DEN,CityName,State,SFO,CityName,State,15,1,25,1,0,,153,435,0,0,25,0,0
2023-04-30,Delta,N484XX,8600,JFK,CityName,State,JFK,CityName,State,15,1,17,1,0,,168,2963,17,0,0,0,0
2023-05-01,United,N175XX,5968,ATL,CityName,State,MIA,CityName,State,0,0,2,0,0,,59,1645,0,0,0,0,0
2023-05-01,American,N351XX,2243,SFO,CityName,State,SEA,CityName,State,60,1,62,1,0,,159,1078,0,0,62,0,0
2023-05-01,Southwest,N543XX,5320,SFO,CityName,State,DFW,CityName,State,0,0,-1,0,0,,224,2717,0,0,0,0,0
2023-05-01,JetBlue,N222XX,4412,BOS,CityName,State,BOS,CityName,State,0,0,-14,0,0,,80,2188,0,0,0,0,0
2023-05-01,Southwest,N684XX,4962,SFO,CityName,State,DEN,CityName,State,0,0,-1,0,0,,201,2644,0,0,0,0,0
2023-05-01,United,N965XX,1052,LAX,CityName,State,MIA,CityName,State,0,0,8,0,0,,240,1746,0,0,0,0,0
2023-05-01,United,N670XX,3649,BOS,CityName,State,ORD,CityName,State,0,0,6,0,0,,71,1661,0,0,0,0,0
2023-05-01,Delta,N866XX,4748,SFO,CityName,State,SEA,CityName,State,0,0,-4,0,0,,259,1148,0,0,0,0,0
2023-05-01,United,N495XX,7616,MIA,CityName,State,DFW,CityName,State,0,0,1,0,0,,232,2668,0,0,0,0,0
2023-05-01,Southwest,N252XX,1224,SFO,CityName,State,SEA,CityName,State,0,0,-11,0,0,,102,405,0,0,0,0,0
2023-05-01,United,N264XX,697,JFK,CityName,State,SEA,CityName,State,0,0,5,0,0,,141,193,0,0,0,0,0
2023-05-01,JetBlue,N504XX,2795,DFW,CityName,State,SEA,CityName,State,0,0,1,0,0,,340,1469,0,0,0,0,0
2023-05-01,Delta,N917XX,7936,BOS,CityName,State,LAX,CityName,State,0,0,-3,0,0,,80,1655,0,0,0,0,0
2023-05-01,United,N146XX,7866,MIA,CityName,State,MIA,CityName,State,30,1,25,1,0,,206,2399,0,0,25,0,0
2023-05-01,JetBlue,N221XX,2177,SEA,CityName,State,ATL,CityName,State,15,1,10,0,0,,50,1055,0,0,0,0,0
2023-05-01,American,N952XX,884,SEA,CityName,State,JFK,CityName,State,45,1,35,1,0,,325,2611,0,0,35,0,0
2023-05-02,American,N926XX,7813,LAX,CityName,State,ATL,CityName,State,60,1,60,1,0,,270,2120,0,0,60,0,0
2023-05-02,JetBlue,N575XX,8109,MIA,CityName,State,ATL,CityName,State,0,0,2,0,0,,208,2046,0,0,0,0,0
2023-05-02,Delta,N866XX,5289,LAX,CityName,State,MIA,CityName,State,0,0,-6,0,0,,175,886,0,0,0,0,0
2023-05-02,United,N466XX,4906,ATL,CityName,State,DFW,CityName,State,15,1,5,0,0,,90,2008,0,0,0,0,0
2023-05-02,United,N274XX,590,SFO,CityName,State,MIA,CityName,State,0,0,-1,0,0,,172,2156,0,0,0,0,0
2023-05-02,Delta,N857XX,5646,DFW,CityName,State,ORD,CityName,State,0,0,-4,0,0,,88,2403,0,0,0,0,0
2023-05-02,Delta,N947XX,5305,ATL,CityName,State,LAX,CityName,State,0,0,-4,0,0,,346,1572,0,0,0,0,0
2023-05-02,Delta,N589XX,4889,BOS,CityName,State,JFK,CityName,State,0,0,9,0,0,,278,1441,0,0,0,0,0
2023-05-02,Southwest,N570XX,6084,MIA,CityName,State,JFK,CityName,State,0,0,7,0,0,,158,2468,0,0,0,0,0
2023-05-02,American,N439XX,601,JFK,CityName,State,SFO,CityName,State,0,0,7,0,0,,81,1808,0,0,0,0,0
2023-05-02,Delta,N461XX,7074,LAX,CityName,State,SEA,CityName,State,0,0,-3,0,0,,330,1716,0,0,0,0,0
2023-05-02,American,N741XX,6208,ATL,CityName,State,JFK,CityName,State,0,0,-5,0,0,,320,871,0,0,0,0,0
2023-05-02,JetBlue,N534XX,3229,ORD,CityName,State,DEN,CityName,State,0,0,7,0,0,,263,755,0,0,0,0,0
2023-05-02,Delta,N397XX,1036,DEN,CityName,State,JFK,CityName,State,0,0,2,0,0,,183,1111,0,0,0,0,0
2023-05-02,United,N952XX,7073,ORD,CityName,State,SEA,CityName,State,0,0,4,0,0,,183,695,0,0,0,0,0
2023-05-02,United,N219XX,1001,JFK,CityName,State,LAX,CityName,State,0,0,-6,0,0,,204,2946,0,0,0,0,0
2023-05-03,United,N689XX,5920,LAX,CityName,State,SEA,CityName,State,0,0,3,0,0,,221,528,0,0,0,0,0
2023-05-03,Southwest,N186XX,7560,ATL,CityName,State,ORD,CityName,State,0,0,7,0,0,,63,738,0,0,0,0,0
2023-05-03,JetBlue,N768XX,9198,SEA,CityName,State,BOS,CityName,State,45,1,45,1,0,,244,2105,0,0,0,0,45
2023-05-03,Delta,N447XX,8787,JFK,CityName,State,BOS,CityName,State,0,0,-8,0,0,,103,1178,0,0,0,0,0
2023-05-03,Delta,N583XX,4493,LAX,CityName,State,MIA,CityName,State,0,0,-3,0,0,,154,2928,0,0,0,0,0
2023-05-03,Southwest,N824XX,5223,ATL,CityName,State,MIA,CityName,State,0,0,7,0,0,,46,543,0,0,0,0,0
2023-05-03,Delta,N617XX,386,DEN,CityName,State,DEN,CityName,State,0,0,1,0,0,,296,1919,0,0,0,0,0
2023-05-03,JetBlue,N944XX,7004,SFO,CityName,State,LAX,CityName,State,0,0,-3,0,0,,114,411,0,0,0,0,0
2023-05-03,United,N764XX,5811,SEA,CityName,State,MIA,CityName,State,0,0,-10,0,0,,167,2430,0,0,0,0,0
2023-05-03,JetBlue,N450XX,4728,SEA,CityName,State,ATL,CityName,State,0,0,3,0,0,,322,328,0,0,0,0,0
2023-05-03,JetBlue,N300XX,3733,SEA,CityName,State,MIA,CityName,State,15,1,23,1,0,,135,2305,0,0,23,0,0
2023-05-03,American,N661XX,2812,ATL,CityName,State,MIA,CityName,State,30,1,18,1,0,,283,2897,0,0,18,0,0
2023-05-03,American,N709XX,8148,SEA,CityName,State,LAX,CityName,State,0,0,-10,0,0,,137,1925,0,0,0,0,0
2023-05-03,JetBlue,N151XX,330,DEN,CityName,State,DEN,CityName,State,0,0,-6,0,0,,355,2982,0,0,0,0,0
2023-05-04,United,N202XX,6539,BOS,CityName,State,SFO,CityName,State,0,0,-9,0,0,,268,2072,0,0,0,0,0
2023-05-04,JetBlue,N239XX,2501,DFW,CityName,State,JFK,CityName,State,15,1,22,1,0,,321,1479,0,0,0,0,22
2023-05-04,United,N729XX,5896,LAX,CityName,State,ATL,CityName,State,0,0,-6,0,0,,61,757,0,0,0,0,0
2023-05-04,United,N724XX,2408,ORD,CityName,State,DEN,CityName,State,0,0,-7,0,0,,321,1839,0,0,0,0,0
2023-05-04,JetBlue,N185XX,6257,SEA,CityName,State,MIA,CityName,State,0,0,7,0,0,,218,2895,0,0,0,0,0
2023-05-04,American,N488XX,4481,JFK,CityName,State,JFK,CityName,State,0,0,10,0,0,,242,1960,0,0,0,0,0
2023-05-04,Southwest,N512XX,1104,SFO,CityName,State,BOS,CityName,State,0,0,6,0,0,,115,1536,0,0,0,0,0
2023-05-04,Southwest,N232XX,1790,MIA,CityName,State,JFK,CityName,State,0,0,-11,0,0,,101,1461,0,0,0,0,0
2023-05-04,United,N615XX,8851,ORD,CityName,State,ORD,CityName,State,0,0,-9,0,0,,278,1220,0,0,0,0,0
2023-05-04,Delta,N749XX,1962,SFO,CityName,State,ATL,CityName,State,0,0,6,0,0,,91,2021,0,0,0,0,0
2023-05-04,American,N196XX,6898,JFK,CityName,State,DEN,CityName,State,15,1,22,1,0,,179,2947,0,22,0,0,0
2023-05-05,Delta,N314XX,2491,BOS,CityName,State,ATL,CityName,State,0,0,-11,0,0,,282,928,0,0,0,0,0
2023-05-05,Delta,N110XX,7617,SEA,CityName,State,ORD,CityName,State,0,0,8,0,0,,226,1725,0,0,0,0,0
2023-05-05,Southwest,N386XX,1829,ATL,CityName,State,LAX,CityName,State,0,0,0,0,0,,66,1272,0,0,0,0,0
2023-05-05,United,N283XX,6225,BOS,CityName,State,BOS,CityName,State,0,0,4,0,0,,165,171,0,0,0,0,0
2023-05-05,JetBlue,N275XX,5190,ATL,CityName,State,DFW,CityName,State,0,0,-6,0,0,,352,2374,0,0,0,0,0
2023-05-05,American,N101XX,8294,ORD,CityName,State,MIA,CityName,State,0,0,-5,0,0,,236,2105,0,0,0,0,0
2023-05-05,American,N291XX,6022,DEN,CityName,State,ORD,CityName,State,0,0,-6,0,0,,343,2752,0,0,0,0,0
2023-05-05,American,N884XX,246,JFK,CityName,State,DFW,CityName,State,0,0,10,0,0,,87,2094,0,0,0,0,0
2023-05-05,American,N983XX,6823,DEN,CityName,State,JFK,CityName,State,0,0,5,0,0,,258,692,0,0,0,0,0
2023-05-05,Delta,N762XX,315,LAX,CityName,State,MIA,CityName,State,60,1,64,1,0,,354,1763,0,64,0,0,0
2023-05-05,Southwest,N898XX,841,LAX,CityName,State,SEA,CityName,State,0,0,2,0,0,,249,235,0,0,0,0,0
2023-05-05,American,N765XX,9988,DEN,CityName,State,DFW,CityName,State,0,0,4,0,0,,54,1650,0,0,0,0,0
2023-05-06,United,N254XX,3690,LAX,CityName,State,BOS,CityName,State,45,1,49,1,0,,95,2842,49,0,0,0,0
2023-05-06,United,N694XX,4529,DFW,CityName,State,MIA,CityName,State,0,0,10,0,0,,316,2878,0,0,0,0,0
2023-05-06,Delta,N138XX,6654,MIA,CityName,State,MIA,CityName,State,0,0,-2,0,0,,135,403,0,0,0,0,0
2023-05-06,JetBlue,N851XX,2013,SFO,CityName,State,LAX,CityName,State,0,0,-4,0,0,,100,316,0,0,0,0,0
2023-05-06,Delta,N692XX,9793,JFK,CityName,State,ATL,CityName,State,0,0,-5,0,0,,251,1112,0,0,0,0,0
2023-05-06,Delta,N779XX,1423,MIA,CityName,State,SEA,CityName,State,0,0,-3,0,0,,287,2201,0,0,0,0,0
2023-05-06,United,N802XX,6259,MIA,CityName,State,BOS,CityName,State,0,0,-1,0,0,,354,1064,0,0,0,0,0
2023-05-06,Delta,N262XX,5426,LAX,CityName,State,LAX,CityName,State,0,0,-13,0,0,,159,659,0,0,0,0,0
2023-05-06,United,N411XX,3729,ATL,CityName,State,BOS,CityName,State,0,0,1,0,0,,66,921,0,0,0,0,0
2023-05-06,JetBlue,N695XX,6553,DFW,CityName,State,LAX,CityName,State,15,1,8,0,0,,225,1550,0,0,0,0,0
2023-05-06,JetBlue,N787XX,8961,DEN,CityName,State,DFW,CityName,State,15,1,1,0,0,,82,1425,0,0,0,0,0
2023-05-06,United,N247XX,875,DFW,CityName,State,ATL,CityName,State,0,0,-4,0,0,,290,1754,0,0,0,0,0
2023-05-06,Delta,N214XX,1992,JFK,CityName,State,SEA,CityName,State,0,0,8,0,0,,83,2597,0,0,0,0,0
2023-05-06,American,N985XX,6286,DFW,CityName,State,DFW,CityName,State,30,1,29,1,0,,141,1866,29,0,0,0,0
2023-05-06,American,N883XX,540,SEA,CityName,State,ATL,CityName,State,15,1,25,1,0,,303,258,25,0,0,0,0
2023-05-06,Delta,N216XX,256,SFO,CityName,State,SFO,CityName,State,0,0,6,0,0,,252,710,0,0,0,0,0
2023-05-06,Southwest,N650XX,8052,SEA,CityName,State,SFO,CityName,State,0,0,2,0,0,,56,1322,0,0,0,0,0
2023-05-07,JetBlue,N440XX,1735,SFO,CityName,State,SFO,CityName,State,0,0,5,0,0,,221,2863,0,0,0,0,0
2023-05-07,American,N666XX,3877,DFW,CityName,State,MIA,CityName,State,45,1,35,1,0,,250,1610,0,0,0,0,35
2023-05-07,American,N222XX,9617,SFO,CityName,State,SFO,CityName,State,0,0,10,0,0,,287,2817,0,0,0,0,0
2023-05-07,Delta,N971XX,5686,ORD,CityName,State,LAX,CityName,State,0,0,7,0,0,,80,897,0,0,0,0,0
2023-05-07,Southwest,N555XX,5898,SFO,CityName,State,SFO,CityName,State,0,0,10,0,0,,359,1991,0,0,0,0,0
2023-05-07,Delta,N646XX,8237,ATL,CityName,State,SFO,CityName,State,15,1,3,0,0,,95,1136,0,0,0,0,0
2023-05-07,Southwest,N780XX,8234,MIA,CityName,State,ATL,CityName,State,0,0,-9,0,0,,46,2970,0,0,0,0,0
2023-05-07,United,N105XX,7237,DEN,CityName,State,LAX,CityName,State,0,0,-12,0,0,,103,2398,0,0,0,0,0
2023-05-08,American,N509XX,9902,ORD,CityName,State,ORD,CityName,State,45,1,54,1,0,,188,2761,54,0,0,0,0
2023-05-08,United,N499XX,8925,LAX,CityName,State,DEN,CityName,State,0,0,-4,0,0,,325,848,0,0,0,0,0
2023-05-08,United,N952XX,597,ATL,CityName,State,ORD,CityName,State,0,0,-1,0,0,,242,2690,0,0,0,0,0
2023-05-08,JetBlue,N927XX,9576,MIA,CityName,State,DFW,CityName,State,0,0,-1,0,0,,174,1613,0,0,0,0,0
2023-05-08,American,N301XX,6217,DEN,CityName,State,SEA,CityName,State,0,0,-3,0,0,,333,1381,0,0,0,0,0
2023-05-08,Southwest,N673XX,2374,SFO,CityName,State,BOS,CityName,State,0,0,-11,0,0,,71,1866,0,0,0,0,0
2023-05-08,Delta,N765XX,9957,JFK,CityName,State,DEN,CityName,State,0,0,6,0,0,,172,184,0,0,0,0,0
2023-05-08,United,N741XX,6582,DEN,CityName,State,ORD,CityName,State,0,0,4,0,0,,188,2638,0,0,0,0,0
2023-05-08,Delta,N409XX,7611,SFO,CityName,State,ATL,CityName,State,0,0,0,0,1,A,235,2108,0,0,0,0,0
2023-05-08,JetBlue,N818XX,4264,SFO,CityName,State,LAX,CityName,State,0,0,-3,0,0,,273,1036,0,0,0,0,0
2023-05-08,American,N917XX,2615,JFK,CityName,State,DEN,CityName,State,0,0,-3,0,0,,49,2870,0,0,0,0,0
2023-05-08,United,N674XX,5256,BOS,CityName,State,DFW,CityName,State,0,0,0,0,0,,247,953,0,0,0,0,0
2023-05-09,United,N262XX,218,LAX,CityName,State,ORD,CityName,State,30,1,25,1,0,,232,585,25,0,0,0,0
2023-05-09,American,N623XX,1740,JFK,CityName,State,MIA,CityName,State,0,0,10,0,0,,48,357,0,0,0,0,0
2023-05-09,JetBlue,N883XX,486,SFO,CityName,State,ATL,CityName,State,15,1,10,0,0,,212,1967,0,0,0,0,0
2023-05-09,Delta,N206XX,2715,LAX,CityName,State,MIA,CityName,State,0,0,-9,0,0,,67,1357,0,0,0,0,0
2023-05-09,JetBlue,N463XX,3975,BOS,CityName,State,BOS,CityName,State,15,1,23,1,0,,328,1329,23,0,0,0,0
2023-05-09,Delta,N408XX,9764,ORD,CityName,State,MIA,CityName,State,15,1,10,0,0,,219,1637,0,0,0,0,0
2023-05-09,Delta,N720XX,9201,SEA,CityName,State,ATL,CityName,State,30,1,18,1,0,,156,2934,0,18,0,0,0
2023-05-09,American,N995XX,8970,SFO,CityName,State,ORD,CityName,State,0,0,-10,0,0,,248,2632,0,0,0,0,0
2023-05-09,Southwest,N597XX,3056,ORD,CityName,State,DFW,CityName,State,0,0,-7,0,0,,88,286,0,0,0,0,0
2023-05-09,American,N773XX,3621,BOS,CityName,State,BOS,CityName,State,0,0,0,0,0,,248,1302,0,0,0,0,0
2023-05-09,Southwest,N587XX,5799,ORD,CityName,State,LAX,CityName,State,45,1,55,1,0,,73,2718,55,0,0,0,0
2023-05-10,United,N217XX,5688,MIA,CityName,State,JFK,CityName,State,0,0,9,0,0,,104,1040,0,0,0,0,0
2023-05-10,Delta,N199XX,1988,DFW,CityName,State,ORD,CityName,State,15,1,18,1,0,,148,460,0,0,18,0,0
2023-05-10,Delta,N667XX,2097,ORD,CityName,State,SFO,CityName,State,0,0,-6,0,0,,150,2111,0,0,0,0,0
2023-05-10,Delta,N960XX,6840,ORD,CityName,State,DEN,CityName,State,0,0,-13,0,0,,198,2032,0,0,0,0,0
2023-05-10,United,N291XX,6300,MIA,CityName,State,SFO,CityName,State,0,0,1,0,0,,167,280,0,0,0,0,0
2023-05-10,United,N238XX,3710,DFW,CityName,State,ORD,CityName,State,0,0,9,0,0,,253,1414,0,0,0,0,0
2023-05-10,United,N528XX,6961,ATL,CityName,State,SFO,CityName,State,0,0,9,0,0,,250,2630,0,0,0,0,0
2023-05-10,Southwest,N553XX,975,DEN,CityName,State,ORD,CityName,State,0,0,-7,0,0,,211,2701,0,0,0,0,0
2023-05-10,Delta,N672XX,6332,MIA,CityName,State,ATL,CityName,State,0,0,7,0,0,,296,2231,0,0,0,0,0
2023-05-10,JetBlue,N335XX,4601,SEA,CityName,State,BOS,CityName,State,0,0,2,0,0,,251,2815,0,0,0,0,0
2023-05-10,American,N724XX,9753,ATL,CityName,State,DFW,CityName,State,0,0,10,0,0,,244,269,0,0,0,0,0
2023-05-10,American,N698XX,5363,ORD,CityName,State,BOS,CityName,State,0,0,-3,0,0,,222,403,0,0,0,0,0
2023-05-10,United,N259XX,4053,JFK,CityName,State,ATL,CityName,State,0,0,3,0,0,,281,997,0,0,0,0,0
2023-05-10,United,N684XX,9453,LAX,CityName,State,BOS,CityName,State,0,0,-14,0,0,,205,1804,0,0,0,0,0
2023-05-10,Delta,N348XX,138,SEA,CityName,State,JFK,CityName,State,30,1,25,1,0,,68,1119,0,0,25,0,0
2023-05-11,American,N832XX,1026,BOS,CityName,State,ORD,CityName,State,0,0,-8,0,0,,274,2756,0,0,0,0,0
2023-05-11,Southwest,N398XX,1475,SEA,CityName,State,DEN,CityName,State,0,0,7,0,0,,318,2143,0,0,0,0,0
2023-05-11,JetBlue,N122XX,5197,ATL,CityName,State,MIA,CityName,State,0,0,0,0,1,A,350,2269,0,0,0,0,0
2023-05-11,United,N766XX,6564,DEN,CityName,State,DFW,CityName,State,0,0,7,0,0,,161,392,0,0,0,0,0
2023-05-11,JetBlue,N548XX,1521,DFW,CityName,State,ATL,CityName,State,0,0,1,0,0,,344,889,0,0,0,0,0
2023-05-11,Delta,N531XX,7414,DFW,CityName,State,SFO,CityName,State,0,0,-13,0,0,,98,1070,0,0,0,0,0
2023-05-11,United,N845XX,7943,ORD,CityName,State,SFO,CityName,State,15,1,20,1,0,,356,2366,20,0,0,0,0
2023-05-11,United,N732XX,5478,SFO,CityName,State,LAX,CityName,State,0,0,-8,0,0,,259,408,0,0,0,0,0
2023-05-11,JetBlue,N450XX,2277,MIA,CityName,State,JFK,CityName,State,0,0,-11,0,0,,57,2085,0,0,0,0,0
2023-05-11,American,N107XX,2578,JFK,CityName,State,MIA,CityName,State,0,0,-12,0,0,,355,1696,0,0,0,0,0
2023-05-11,Southwest,N393XX,8363,ATL,CityName,State,SFO,CityName,State,120,1,115,1,0,,115,840,0,115,0,0,0
2023-05-12,Southwest,N568XX,7634,DFW,CityName,State,SEA,CityName,State,0,0,-14,0,0,,129,1865,0,0,0,0,0
2023-05-12,JetBlue,N359XX,3597,JFK,CityName,State,LAX,CityName,State,0,0,-8,0,0,,135,2151,0,0,0,0,0
2023-05-12,Southwest,N662XX,589,ATL,CityName,State,SEA,CityName,State,0,0,-7,0,0,,315,2043,0,0,0,0,0
2023-05-12,JetBlue,N869XX,1428,DEN,CityName,State,ORD,CityName,State,0,0,9,0,0,,64,386,0,0,0,0,0
2023-05-12,Southwest,N334XX,6474,DFW,CityName,State,MIA,CityName,State,0,0,-12,0,0,,131,2483,0,0,0,0,0
2023-05-12,Delta,N535XX,2308,SEA,CityName,State,BOS,CityName,State,240,1,230,1,0,,93,527,0,230,0,0,0
2023-05-12,Southwest,N267XX,9534,SFO,CityName,State,SEA,CityName,State,0,0,2,0,0,,143,1224,0,0,0,0,0
2023-05-12,Delta,N840XX,9582,ATL,CityName,State,DFW,CityName,State,120,1,128,1,0,,203,2817,0,0,0,0,128
2023-05-12,Southwest,N455XX,8693,SFO,CityName,State,DFW,CityName,State,0,0,9,0,0,,307,454,0,0,0,0,0
2023-05-12,Delta,N380XX,6704,DEN,CityName,State,DFW,CityName,State,30,1,18,1,0,,233,2546,18,0,0,0,0
2023-05-12,Delta,N463XX,3470,BOS,CityName,State,MIA,CityName,State,15,1,11,0,0,,168,385,0,0,0,0,0
2023-05-12,Delta,N453XX,9403,DFW,CityName,State,SFO,CityName,State,45,1,34,1,0,,279,1086,34,0,0,0,0
2023-05-13,Southwest,N366XX,7704,DFW,CityName,State,ATL,CityName,State,0,0,3,0,0,,255,1427,0,0,0,0,0
2023-05-13,Delta,N749XX,881,SEA,CityName,State,DEN,CityName,State,15,1,19,1,0,,296,1968,19,0,0,0,0
2023-05-13,JetBlue,N887XX,4485,MIA,CityName,State,SFO,CityName,State,0,0,9,0,0,,49,2071,0,0,0,0,0
2023-05-13,Delta,N622XX,5910,ATL,CityName,State,MIA,CityName,State,0,0,-13,0,0,,173,309,0,0,0,0,0
2023-05-13,JetBlue,N920XX,339,MIA,CityName,State,LAX,CityName,State,0,0,7,0,0,,69,2827,0,0,0,0,0
2023-05-13,Southwest,N247XX,3181,SFO,CityName,State,BOS,CityName,State,0,0,-7,0,0,,144,1733,0,0,0,0,0
2023-05-13,Southwest,N131XX,7646,ATL,CityName,State,JFK,CityName,State,30,1,28,1,0,,97,1796,28,0,0,0,0
2023-05-13,JetBlue,N717XX,3928,BOS,CityName,State,JFK,CityName,State,0,0,-10,0,0,,147,1771,0,0,0,0,0
2023-05-13,United,N352XX,8591,SEA,CityName,State,LAX,CityName,State,60,1,69,1,0,,130,276,0,0,69,0,0
2023-05-13,JetBlue,N268XX,213,BOS,CityName,State,JFK,CityName,State,0,0,4,0,0,,203,311,0,0,0,0,0
2023-05-13,American,N383XX,7415,ATL,CityName,State,DFW,CityName,State,0,0,-2,0,0,,226,1807,0,0,0,0,0
2023-05-13,Southwest,N551XX,8457,SFO,CityName,State,JFK,CityName,State,30,1,32,1,0,,73,427,0,32,0,0,0
2023-05-13,Delta,N243XX,3698,SEA,CityName,State,BOS,CityName,State,15,1,24,1,0,,281,792,24,0,0,0,0
2023-05-13,JetBlue,N774XX,5891,DEN,CityName,State,JFK,CityName,State,0,0,-6,0,0,,178,625,0,0,0,0,0
2023-05-13,United,N879XX,4821,JFK,CityName,State,ORD,CityName,State,15,1,4,0,0,,229,1383,0,0,0,0,0
2023-05-13,Southwest,N641XX,8642,ORD,CityName,State,DEN,CityName,State,30,1,22,1,0,,106,1587,22,0,0,0,0
2023-05-13,American,N955XX,2647,LAX,CityName,State,SEA,CityName,State,0,0,-2,0,0,,57,861,0,0,0,0,0
2023-05-13,Delta,N817XX,4770,DFW,CityName,State,SEA,CityName,State,0,0,8,0,0,,162,854,0,0,0,0,0
2023-05-13,United,N174XX,4622,BOS,CityName,State,DFW,CityName,State,0,0,-5,0,0,,61,710,0,0,0,0,0
2023-05-14,American,N835XX,2494,DFW,CityName,State,DEN,CityName,State,0,0,0,0,1,A,87,1494,0,0,0,0,0
2023-05-14,Delta,N697XX,1359,MIA,CityName,State,DEN,CityName,State,0,0,-14,0,0,,232,2729,0,0,0,0,0
2023-05-14,JetBlue,N186XX,7373,DFW,CityName,State,DEN,CityName,State,0,0,-1,0,0,,227,342,0,0,0,0,0
2023-05-14,American,N369XX,7632,ATL,CityName,State,SEA,CityName,State,60,1,70,1,0,,335,597,0,0,70,0,0
2023-05-14,Delta,N955XX,5612,LAX,CityName,State,SEA,CityName,State,0,0,-7,0,0,,120,1510,0,0,0,0,0
2023-05-14,American,N640XX,5088,DFW,CityName,State,DFW,CityName,State,15,1,3,0,0,,172,910,0,0,0,0,0
2023-05-14,American,N564XX,7133,MIA,CityName,State,BOS,CityName,State,0,0,-2,0,0,,89,1408,0,0,0,0,0
2023-05-14,Southwest,N809XX,6397,DEN,CityName,State,DFW,CityName,State,0,0,-5,0,0,,352,2361,0,0,0,0,0
2023-05-14,Southwest,N453XX,1727,BOS,CityName,State,MIA,CityName,State,0,0,2,0,0,,94,1874,0,0,0,0,0
2023-05-15,JetBlue,N831XX,1037,LAX,CityName,State,ATL,CityName,State,30,1,36,1,0,,127,252,0,0,0,0,36
2023-05-15,United,N323XX,2279,MIA,CityName,State,DFW,CityName,State,0,0,10,0,0,,126,2754,0,0,0,0,0
2023-05-15,American,N285XX,6922,ORD,CityName,State,JFK,CityName,State,0,0,-12,0,0,,200,2015,0,0,0,0,0
2023-05-15,American,N721XX,8338,ORD,CityName,State,LAX,CityName,State,0,0,9,0,0,,229,1009,0,0,0,0,0
2023-05-15,Delta,N698XX,1287,ORD,CityName,State,LAX,CityName,State,0,0,-13,0,0,,99,1260,0,0,0,0,0
2023-05-15,American,N285XX,5471,MIA,CityName,State,SEA,CityName,State,0,0,0,0,1,A,86,2409,0,0,0,0,0
2023-05-15,United,N235XX,758,DFW,CityName,State,LAX,CityName,State,120,1,125,1,0,,301,2479,0,0,0,0,125
2023-05-15,Delta,N749XX,1730,DFW,CityName,State,ORD,CityName,State,0,0,-11,0,0,,326,1995,0,0,0,0,0
2023-05-15,Southwest,N608XX,2645,ATL,CityName,State,MIA,CityName,State,0,0,4,0,0,,80,1355,0,0,0,0,0
2023-05-15,United,N142XX,3787,BOS,CityName,State,SFO,CityName,State,30,1,16,1,0,,316,2441,0,16,0,0,0
2023-05-15,Southwest,N159XX,1519,ORD,CityName,State,SFO,CityName,State,0,0,9,0,0,,159,198,0,0,0,0,0
2023-05-15,JetBlue,N225XX,1834,JFK,CityName,State,ATL,CityName,State,45,1,55,1,0,,48,2484,0,0,55,0,0
2023-05-15,American,N189XX,4391,SEA,CityName,State,SEA,CityName,State,0,0,-11,0,0,,55,1089,0,0,0,0,0
2023-05-15,JetBlue,N667XX,2491,LAX,CityName,State,MIA,CityName,State,0,0,10,0,0,,258,504,0,0,0,0,0
2023-05-15,Delta,N512XX,1874,SEA,CityName,State,SEA,CityName,State,0,0,-10,0,0,,310,2909,0,0,0,0,0
2023-05-15,Southwest,N675XX,5807,MIA,CityName,State,ATL,CityName,State,0,0,-3,0,0,,286,2668,0,0,0,0,0
2023-05-15,JetBlue,N943XX,7138,SFO,CityName,State,MIA,CityName,State,0,0,-1,0,0,,52,1700,0,0,0,0,0
2023-05-15,United,N182XX,3063,DEN,CityName,State,MIA,CityName,State,0,0,-13,0,0,,62,1363,0,0,0,0,0
2023-05-16,JetBlue,N635XX,623,DEN,CityName,State,JFK,CityName,State,30,1,23,1,0,,116,1503,23,0,0,0,0
2023-05-16,JetBlue,N504XX,6507,MIA,CityName,State,ORD,CityName,State,0,0,2,0,0,,79,2901,0,0,0,0,0
2023-05-16,JetBlue,N193XX,5671,LAX,CityName,State,ATL,CityName,State,15,1,22,1,0,,58,1945,22,0,0,0,0
2023-05-16,JetBlue,N168XX,3870,ORD,CityName,State,MIA,CityName,State,0,0,7,0,0,,80,1395,0,0,0,0,0
2023-05-16,Delta,N933XX,730,ATL,CityName,State,SFO,CityName,State,0,0,0,0,0,,127,1722,0,0,0,0,0
2023-05-16,JetBlue,N764XX,9081,DFW,CityName,State,MIA,CityName,State,0,0,-2,0,0,,226,2559,0,0,0,0,0
2023-05-16,Southwest,N351XX,201,DFW,CityName,State,LAX,CityName,State,45,1,43,1,0,,128,2709,0,0,43,0,0
2023-05-16,Delta,N803XX,2166,ATL,CityName,State,LAX,CityName,State,120,1,130,1,0,,141,1566,0,0,0,0,130
2023-05-16,JetBlue,N445XX,8547,BOS,CityName,State,LAX,CityName,State,0,0,9,0,0,,207,2701,0,0,0,0,0
2023-05-16,United,N555XX,8544,DFW,CityName,State,ATL,CityName,State,45,1,44,1,0,,101,1039,0,0,44,0,0
2023-05-16,Delta,N130XX,8942,SEA,CityName,State,ATL,CityName,State,0,0,10,0,0,,238,1863,0,0,0,0,0
2023-05-16,Delta,N297XX,4577,SEA,CityName,State,ATL,CityName,State,30,1,38,1,0,,263,2235,0,38,0,0,0
2023-05-16,American,N266XX,6196,BOS,CityName,State,SFO,CityName,State,0,0,9,0,0,,116,1866,0,0,0,0,0
2023-05-16,American,N149XX,3028,BOS,CityName,State,DEN,CityName,State,0,0,4,0,0,,140,786,0,0,0,0,0
2023-05-16,Southwest,N734XX,1391,DFW,CityName,State,MIA,CityName,State,0,0,0,0,0,,306,460,0,0,0,0,0
2023-05-16,Southwest,N945XX,3947,ORD,CityName,State,MIA,CityName,State,0,0,8,0,0,,310,898,0,0,0,0,0
2023-05-16,Southwest,N644XX,1689,DEN,CityName,State,DEN,CityName,State,0,0,10,0,0,,140,174,0,0,0,0,0
2023-05-16,American,N753XX,5189,SEA,CityName,State,SEA,CityName,State,0,0,0,0,0,,101,1085,0,0,0,0,0
2023-05-16,Southwest,N150XX,5587,BOS,CityName,State,SFO,CityName,State,0,0,2,0,0,,51,1008,0,0,0,0,0
2023-05-16,JetBlue,N183XX,3309,MIA,CityName,State,LAX,CityName,State,0,0,-12,0,0,,65,368,0,0,0,0,0
2023-05-16,Delta,N449XX,2599,ATL,CityName,State,SEA,CityName,State,45,1,44,1,0,,124,2186,44,0,0,0,0
2023-05-16,United,N803XX,4447,SFO,CityName,State,DFW,CityName,State,120,1,113,1,0,,45,754,113,0,0,0,0
2023-05-17,Southwest,N703XX,7776,MIA,CityName,State,DFW,CityName,State,15,1,15,1,0,,276,1637,0,0,15,0,0
2023-05-17,American,N973XX,9138,DEN,CityName,State,SEA,CityName,State,45,1,54,1,0,,95,2181,0,54,0,0,0
2023-05-17,United,N680XX,8692,LAX,CityName,State,SEA,CityName,State,15,1,24,1,0,,233,1156,0,0,24,0,0
2023-05-17,JetBlue,N893XX,3765,MIA,CityName,State,MIA,CityName,State,0,0,2,0,0,,59,416,0,0,0,0,0
2023-05-17,Delta,N286XX,5452,ATL,CityName,State,SFO,CityName,State,0,0,-10,0,0,,258,2449,0,0,0,0,0
2023-05-17,JetBlue,N789XX,5380,SEA,CityName,State,ATL,CityName,State,45,1,40,1,0,,163,1059,40,0,0,0,0
2023-05-17,JetBlue,N243XX,124,JFK,CityName,State,BOS,CityName,State,0,0,1,0,0,,156,526,0,0,0,0,0
2023-05-17,United,N228XX,8537,JFK,CityName,State,BOS,CityName,State,0,0,-13,0,0,,304,878,0,0,0,0,0
2023-05-17,JetBlue,N854XX,9894,LAX,CityName,State,LAX,CityName,State,0,0,1,0,0,,157,1866,0,0,0,0,0
2023-05-17,Delta,N988XX,5260,MIA,CityName,State,DEN,CityName,State,0,0,-9,0,0,,172,2228,0,0,0,0,0
2023-05-17,American,N723XX,1348,DFW,CityName,State,DEN,CityName,State,0,0,5,0,0,,49,2021,0,0,0,0,0
2023-05-17,United,N604XX,9947,MIA,CityName,State,MIA,CityName,State,0,0,-13,0,0,,358,1848,0,0,0,0,0
2023-05-17,United,N997XX,2075,SEA,CityName,State,JFK,CityName,State,15,1,18,1,0,,179,1347,18,0,0,0,0
2023-05-17,Delta,N924XX,1980,SEA,CityName,State,DFW,CityName,State,0,0,-12,0,0,,322,1060,0,0,0,0,0
2023-05-17,Delta,N843XX,5998,LAX,CityName,State,DFW,CityName,State,0,0,-6,0,0,,196,1600,0,0,0,0,0
2023-05-17,JetBlue,N442XX,147,SEA,CityName,State,DFW,CityName,State,30,1,17,1,0,,290,2641,0,0,17,0,0
2023-05-17,United,N782XX,8910,SFO,CityName,State,DFW,CityName,State,0,0,2,0,0,,117,1598,0,0,0,0,0
2023-05-17,American,N395XX,2076,ATL,CityName,State,DEN,CityName,State,0,0,-7,0,0,,258,741,0,0,0,0,0
2023-05-17,JetBlue,N286XX,8634,SFO,CityName,State,LAX,CityName,State,0,0,6,0,0,,161,810,0,0,0,0,0
2023-05-17,JetBlue,N878XX,7327,JFK,CityName,State,BOS,CityName,State,0,0,-1,0,0,,297,1380,0,0,0,0,0
2023-05-18,JetBlue,N595XX,4818,DFW,CityName,State,LAX,CityName,State,0,0,-13,0,0,,350,1140,0,0,0,0,0
2023-05-18,JetBlue,N720XX,2089,MIA,CityName,State,ATL,CityName,State,0,0,8,0,0,,332,629,0,0,0,0,0
2023-05-18,JetBlue,N914XX,9342,LAX,CityName,State,ORD,CityName,State,0,0,-11,0,0,,92,1921,0,0,0,0,0
2023-05-18,JetBlue,N125XX,3693,BOS,CityName,State,DFW,CityName,State,0,0,10,0,0,,322,2115,0,0,0,0,0
2023-05-18,Southwest,N788XX,5291,SFO,CityName,State,DEN,CityName,State,0,0,4,0,0,,142,2568,0,0,0,0,0
2023-05-18,American,N333XX,126,ATL,CityName,State,DEN,CityName,State,0,0,6,0,0,,261,2974,0,0,0,0,0
2023-05-18,JetBlue,N656XX,4108,JFK,CityName,State,DFW,CityName,State,0,0,9,0,0,,106,1843,0,0,0,0,0
2023-05-18,JetBlue,N565XX,108,MIA,CityName,State,JFK,CityName,State,0,0,4,0,0,,170,2089,0,0,0,0,0
2023-05-18,Delta,N956XX,842,DFW,CityName,State,DEN,CityName,State,0,0,1,0,0,,88,643,0,0,0,0,0
2023-05-18,American,N486XX,313,ATL,CityName,State,DFW,CityName,State,0,0,-3,0,0,,212,1058,0,0,0,0,0
2023-05-18,American,N463XX,2614,ATL,CityName,State,BOS,CityName,State,0,0,8,0,0,,237,2857,0,0,0,0,0
2023-05-18,Southwest,N369XX,9934,JFK,CityName,State,MIA,CityName,State,120,1,119,1,0,,78,2013,0,0,0,0,119
2023-05-19,Delta,N375XX,2518,SFO,CityName,State,DFW,CityName,State,0,0,0,0,0,,173,409,0,0,0,0,0
2023-05-19,Delta,N553XX,7203,ATL,CityName,State,DEN,CityName,State,120,1,119,1,0,,314,375,0,0,0,0,119
2023-05-19,JetBlue,N578XX,707,SFO,CityName,State,SEA,CityName,State,0,0,4,0,0,,159,2526,0,0,0,0,0
2023-05-19,American,N264XX,5582,BOS,CityName,State,BOS,CityName,State,0,0,-14,0,0,,112,1638,0,0,0,0,0
2023-05-19,Southwest,N954XX,4719,ATL,CityName,State,BOS,CityName,State,0,0,-7,0,0,,241,2188,0,0,0,0,0
2023-05-19,American,N303XX,5335,SEA,CityName,State,LAX,CityName,State,0,0,-4,0,0,,105,2352,0,0,0,0,0
2023-05-19,Delta,N172XX,4620,DFW,CityName,State,MIA,CityName,State,0,0,1,0,0,,271,2279,0,0,0,0,0
2023-05-19,Delta,N997XX,4829,SEA,CityName,State,BOS,CityName,State,0,0,-3,0,0,,81,1698,0,0,0,0,0
2023-05-19,JetBlue,N735XX,1285,JFK,CityName,State,SEA,CityName,State,0,0,5,0,0,,128,1639,0,0,0,0,0
2023-05-19,American,N669XX,9643,SEA,CityName,State,ORD,CityName,State,0,0,-3,0,0,,251,1241,0,0,0,0,0
2023-05-19,Southwest,N607XX,3853,DFW,CityName,State,SEA,CityName,State,30,1,19,1,0,,204,570,19,0,0,0,0
2023-05-19,JetBlue,N821XX,7484,LAX,CityName,State,ORD,CityName,State,0,0,1,0,0,,216,351,0,0,0,0,0
2023-05-20,JetBlue,N323XX,5746,BOS,CityName,State,JFK,CityName,State,0,0,5,0,0,,297,334,0,0,0,0,0
2023-05-20,JetBlue,N474XX,2414,JFK,CityName,State,ATL,CityName,State,0,0,8,0,0,,312,630,0,0,0,0,0
2023-05-20,United,N263XX,4883,LAX,CityName,State,MIA,CityName,State,0,0,-6,0,0,,147,2853,0,0,0,0,0
2023-05-20,Delta,N991XX,507,ORD,CityName,State,SFO,CityName,State,0,0,1,0,0,,315,2329,0,0,0,0,0
2023-05-20,Delta,N609XX,278,JFK,CityName,State,MIA,CityName,State,0,0,-1,0,0,,69,2405,0,0,0,0,0
2023-05-20,Delta,N532XX,3953,MIA,CityName,State,SFO,CityName,State,15,1,13,0,0,,291,2750,0,0,0,0,0
2023-05-20,Delta,N786XX,2720,DEN,CityName,State,DEN,CityName,State,15,1,19,1,0,,137,408,19,0,0,0,0
2023-05-20,JetBlue,N945XX,5869,ATL,CityName,State,LAX,CityName,State,0,0,4,0,0,,326,1923,0,0,0,0,0
2023-05-20,Southwest,N776XX,8860,DFW,CityName,State,BOS,CityName,State,240,1,250,1,0,,225,1246,0,0,250,0,0
2023-05-20,American,N784XX,6878,ATL,CityName,State,ORD,CityName,State,0,0,4,0,0,,236,833,0,0,0,0,0
2023-05-20,JetBlue,N881XX,4696,SFO,CityName,State,ORD,CityName,State,0,0,2,0,0,,290,423,0,0,0,0,0
2023-05-20,Southwest,N459XX,4473,JFK,CityName,State,ATL,CityName,State,15,1,5,0,0,,241,2825,0,0,0,0,0
2023-05-21,United,N668XX,5364,LAX,CityName,State,BOS,CityName,State,45,1,50,1,0,,61,349,50,0,0,0,0
2023-05-21,JetBlue,N798XX,8824,MIA,CityName,State,DEN,CityName,State,15,1,25,1,0,,344,850,0,25,0,0,0
2023-05-21,United,N145XX,8304,SEA,CityName,State,ATL,CityName,State,0,0,7,0,0,,113,1841,0,0,0,0,0
2023-05-21,American,N515XX,7315,DFW,CityName,State,SFO,CityName,State,0,0,4,0,0,,114,1936,0,0,0,0,0
2023-05-21,United,N376XX,7566,LAX,CityName,State,SEA,CityName,State,0,0,-2,0,0,,94,327,0,0,0,0,0
2023-05-21,Southwest,N825XX,2702,JFK,CityName,State,DFW,CityName,State,15,1,2,0,0,,145,873,0,0,0,0,0
2023-05-21,Delta,N243XX,7021,SFO,CityName,State,DFW,CityName,State,0,0,9,0,0,,169,568,0,0,0,0,0
2023-05-21,United,N375XX,6170,JFK,CityName,State,JFK,CityName,State,45,1,31,1,0,,356,1090,0,0,31,0,0
2023-05-21,American,N258XX,7303,MIA,CityName,State,SFO,CityName,State,60,1,66,1,0,,166,2841,0,0,66,0,0
2023-05-21,Southwest,N129XX,7397,MIA,CityName,State,ATL,CityName,State,15,1,22,1,0,,332,490,0,22,0,0,0
2023-05-21,American,N262XX,8908,LAX,CityName,State,SFO,CityName,State,0,0,-2,0,0,,263,583,0,0,0,0,0
2023-05-21,Delta,N384XX,3270,ORD,CityName,State,SEA,CityName,State,0,0,-9,0,0,,165,1202,0,0,0,0,0
2023-05-21,American,N909XX,2725,LAX,CityName,State,BOS,CityName,State,15,1,5,0,0,,55,436,0,0,0,0,0
2023-05-21,Delta,N636XX,7485,SFO,CityName,State,SEA,CityName,State,60,1,53,1,0,,118,1654,53,0,0,0,0
2023-05-21,Southwest,N440XX,3139,ORD,CityName,State,JFK,CityName,State,0,0,-14,0,0,,191,2124,0,0,0,0,0
2023-05-22,JetBlue,N403XX,3921,DFW,CityName,State,ORD,CityName,State,0,0,-5,0,0,,262,326,0,0,0,0,0
2023-05-22,American,N905XX,8470,BOS,CityName,State,SFO,CityName,State,0,0,-9,0,0,,185,707,0,0,0,0,0
2023-05-22,United,N997XX,1361,DFW,CityName,State,MIA,CityName,State,0,0,-7,0,0,,170,2010,0,0,0,0,0
2023-05-22,JetBlue,N354XX,3746,SFO,CityName,State,ATL,CityName,State,15,1,23,1,0,,350,1173,23,0,0,0,0
2023-05-22,Southwest,N749XX,9625,MIA,CityName,State,SEA,CityName,State,15,1,17,1,0,,96,2726,0,0,0,0,17
2023-05-22,JetBlue,N968XX,2908,BOS,CityName,State,ORD,CityName,State,0,0,-12,0,0,,200,2531,0,0,0,0,0
2023-05-22,JetBlue,N676XX,954,DFW,CityName,State,SEA,CityName,State,0,0,-4,0,0,,250,2591,0,0,0,0,0
2023-05-22,JetBlue,N316XX,737,DEN,CityName,State,SEA,CityName,State,0,0,6,0,0,,251,2948,0,0,0,0,0
2023-05-22,United,N735XX,3405,ORD,CityName,State,SFO,CityName,State,0,0,1,0,0,,184,823,0,0,0,0,0
2023-05-22,American,N550XX,8681,DEN,CityName,State,SFO,CityName,State,120,1,112,1,0,,76,2241,0,112,0,0,0
2023-05-22,American,N947XX,9611,SEA,CityName,State,BOS,CityName,State,45,1,45,1,0,,285,2112,0,0,0,0,45
2023-05-22,United,N899XX,1766,JFK,CityName,State,MIA,CityName,State,0,0,-11,0,0,,289,2491,0,0,0,0,0
2023-05-22,United,N177XX,7312,LAX,CityName,State,MIA,CityName,State,0,0,0,0,0,,76,938,0,0,0,0,0
2023-05-22,Southwest,N601XX,156,DFW,CityName,State,MIA,CityName,State,15,1,16,1,0,,299,2583,16,0,0,0,0
2023-05-22,JetBlue,N508XX,2304,BOS,CityName,State,JFK,CityName,State,15,1,4,0,0,,117,2450,0,0,0,0,0
2023-05-22,Delta,N728XX,9992,ATL,CityName,State,MIA,CityName,State,30,1,32,1,0,,309,917,0,0,32,0,0
2023-05-22,Southwest,N244XX,7773,SFO,CityName,State,BOS,CityName,State,0,0,-13,0,0,,199,390,0,0,0,0,0
2023-05-23,American,N297XX,942,JFK,CityName,State,MIA,CityName,State,15,1,24,1,0,,289,1003,0,0,24,0,0
2023-05-23,Southwest,N884XX,7636,SFO,CityName,State,DEN,CityName,State,0,0,-12,0,0,,299,2065,0,0,0,0,0
2023-05-23,JetBlue,N608XX,3913,SFO,CityName,State,MIA,CityName,State,0,0,9,0,0,,148,1373,0,0,0,0,0
2023-05-23,JetBlue,N140XX,4684,ATL,CityName,State,MIA,CityName,State,0,0,1,0,0,,234,2478,0,0,0,0,0
2023-05-23,American,N341XX,7023,SEA,CityName,State,LAX,CityName,State,0,0,-14,0,0,,314,1942,0,0,0,0,0
2023-05-23,Delta,N577XX,2089,DFW,CityName,State,DFW,CityName,State,120,1,116,1,0,,359,2657,0,0,116,0,0
2023-05-23,Southwest,N927XX,7205,SEA,CityName,State,SEA,CityName,State,0,0,7,0,0,,103,581,0,0,0,0,0
2023-05-23,Southwest,N827XX,993,BOS,CityName,State,SFO,CityName,State,30,1,16,1,0,,251,1260,16,0,0,0,0
2023-05-23,United,N407XX,9903,DEN,CityName,State,ORD,CityName,State,15,1,24,1,0,,281,2242,0,0,0,0,24
2023-05-23,United,N395XX,2180,ATL,CityName,State,SFO,CityName,State,0,0,-4,0,0,,133,824,0,0,0,0,0
2023-05-24,Southwest,N534XX,2978,ORD,CityName,State,SEA,CityName,State,120,1,126,1,0,,357,257,126,0,0,0,0
2023-05-24,Delta,N259XX,3715,DEN,CityName,State,MIA,CityName,State,15,1,19,1,0,,81,297,0,0,19,0,0
2023-05-24,American,N781XX,1868,DEN,CityName,State,DEN,CityName,State,0,0,1,0,0,,114,961,0,0,0,0,0
2023-05-24,American,N523XX,3170,SFO,CityName,State,SFO,CityName,State,0,0,-13,0,0,,350,2935,0,0,0,0,0
2023-05-24,American,N353XX,1243,BOS,CityName,State,SEA,CityName,State,0,0,-9,0,0,,333,1002,0,0,0,0,0
2023-05-24,United,N979XX,8511,BOS,CityName,State,DFW,CityName,State,0,0,-6,0,0,,157,1861,0,0,0,0,0
2023-05-24,Delta,N448XX,8422,DFW,CityName,State,ORD,CityName,State,0,0,-11,0,0,,124,1072,0,0,0,0,0
2023-05-24,American,N916XX,719,MIA,CityName,State,LAX,CityName,State,0,0,-14,0,0,,154,2767,0,0,0,0,0
2023-05-24,American,N310XX,2319,ORD,CityName,State,MIA,CityName,State,0,0,9,0,0,,268,2917,0,0,0,0,0
2023-05-24,American,N587XX,2066,SEA,CityName,State,ATL,CityName,State,15,1,12,0,0,,262,1366,0,0,0,0,0
2023-05-24,Delta,N980XX,5995,BOS,CityName,State,JFK,CityName,State,0,0,4,0,0,,199,1534,0,0,0,0,0
2023-05-25,JetBlue,N568XX,363,ORD,CityName,State,DFW,CityName,State,0,0,4,0,0,,212,630,0,0,0,0,0
2023-05-25,Southwest,N622XX,2175,LAX,CityName,State,SFO,CityName,State,0,0,3,0,0,,299,656,0,0,0,0,0
2023-05-25,American,N755XX,3089,ATL,CityName,State,BOS,CityName,State,0,0,-12,0,0,,187,1861,0,0,0,0,0
2023-05-25,American,N712XX,9815,DEN,CityName,State,DFW,CityName,State,30,1,36,1,0,,110,1548,0,0,36,0,0
2023-05-25,Southwest,N821XX,8502,SEA,CityName,State,ORD,CityName,State,15,1,15,1,0,,134,1784,0,15,0,0,0
2023-05-25,JetBlue,N467XX,2386,SEA,CityName,State,ATL,CityName,State,0,0,-14,0,0,,156,1211,0,0,0,0,0
2023-05-25,JetBlue,N471XX,1007,DEN,CityName,State,LAX,CityName,State,0,0,-14,0,0,,282,1527,0,0,0,0,0
2023-05-25,United,N181XX,8975,ATL,CityName,State,DEN,CityName,State,0,0,-10,0,0,,220,1388,0,0,0,0,0
2023-05-25,American,N522XX,2495,JFK,CityName,State,DFW,CityName,State,0,0,-1,0,0,,190,1078,0,0,0,0,0
2023-05-25,JetBlue,N468XX,4794,SEA,CityName,State,DFW,CityName,State,0,0,-9,0,0,,347,2882,0,0,0,0,0
2023-05-25,Southwest,N441XX,2669,BOS,CityName,State,LAX,CityName,State,0,0,10,0,0,,62,2439,0,0,0,0,0
2023-05-26,United,N467XX,683,JFK,CityName,State,ATL,CityName,State,0,0,-2,0,0,,275,2713,0,0,0,0,0
2023-05-26,American,N532XX,1127,ATL,CityName,State,JFK,CityName,State,30,1,39,1,0,,45,2279,0,0,0,0,39
2023-05-26,Southwest,N249XX,7628,DFW,CityName,State,SEA,CityName,State,0,0,-4,0,0,,119,2457,0,0,0,0,0
2023-05-26,Delta,N497XX,7029,LAX,CityName,State,ATL,CityName,State,15,1,3,0,0,,57,2825,0,0,0,0,0
2023-05-26,Southwest,N182XX,9395,SFO,CityName,State,SFO,CityName,State,120,1,109,1,0,,128,254,0,0,0,0,109
2023-05-26,Southwest,N682XX,7284,DEN,CityName,State,SFO,CityName,State,0,0,3,0,0,,356,1433,0,0,0,0,0
2023-05-26,JetBlue,N222XX,2487,DEN,CityName,State,ATL,CityName,State,0,0,-8,0,0,,81,1747,0,0,0,0,0
2023-05-26,JetBlue,N133XX,3875,JFK,CityName,State,JFK,CityName,State,0,0,-9,0,0,,167,1198,0,0,0,0,0
2023-05-26,JetBlue,N336XX,1497,DEN,CityName,State,ATL,CityName,State,120,1,125,1,0,,67,1271,125,0,0,0,0
2023-05-26,United,N535XX,680,MIA,CityName,State,MIA,CityName,State,0,0,-2,0,0,,247,1430,0,0,0,0,0
2023-05-26,JetBlue,N794XX,4601,ATL,CityName,State,DEN,CityName,State,0,0,3,0,0,,77,363,0,0,0,0,0
2023-05-26,Delta,N815XX,3862,BOS,CityName,State,SFO,CityName,State,0,0,2,0,0,,48,2576,0,0,0,0,0
2023-05-26,JetBlue,N263XX,3396,SFO,CityName,State,SFO,CityName,State,0,0,-7,0,0,,347,1205,0,0,0,0,0
2023-05-26,Southwest,N889XX,4329,DEN,CityName,State,BOS,CityName,State,0,0,-14,0,0,,307,673,0,0,0,0,0
2023-05-26,Southwest,N994XX,7491,SFO,CityName,State,MIA,CityName,State,30,1,20,1,0,,51,1088,20,0,0,0,0
2023-05-26,JetBlue,N753XX,4996,MIA,CityName,State,SFO,CityName,State,30,1,40,1,0,,290,418,40,0,0,0,0
2023-05-27,Delta,N589XX,2177,SEA,CityName,State,DFW,CityName,State,0,0,2,0,0,,118,1980,0,0,0,0,0
2023-05-27,American,N292XX,9883,MIA,CityName,State,SFO,CityName,State,0,0,-5,0,0,,139,2272,0,0,0,0,0
2023-05-27,Delta,N664XX,7356,MIA,CityName,State,JFK,CityName,State,0,0,7,0,0,,186,2900,0,0,0,0,0
2023-05-27,Southwest,N571XX,3596,DFW,CityName,State,BOS,CityName,State,0,0,-7,0,0,,123,555,0,0,0,0,0
2023-05-27,Delta,N574XX,9328,BOS,CityName,State,SFO,CityName,State,45,1,37,1,0,,314,623,37,0,0,0,0
2023-05-27,Southwest,N101XX,7024,BOS,CityName,State,SFO,CityName,State,0,0,-1,0,0,,163,1081,0,0,0,0,0
2023-05-27,Southwest,N542XX,3706,BOS,CityName,State,ORD,CityName,State,15,1,19,1,0,,315,567,19,0,0,0,0
2023-05-27,American,N626XX,3424,SFO,CityName,State,ATL,CityName,State,0,0,0,0,1,A,247,624,0,0,0,0,0
2023-05-27,Delta,N128XX,6553,BOS,CityName,State,JFK,CityName,State,0,0,-4,0,0,,215,1984,0,0,0,0,0
2023-05-27,Delta,N247XX,6302,DFW,CityName,State,DEN,CityName,State,0,0,-6,0,0,,97,2069,0,0,0,0,0
2023-05-27,American,N752XX,1188,DFW,CityName,State,SFO,CityName,State,0,0,-14,0,0,,63,639,0,0,0,0,0
2023-05-27,Southwest,N410XX,6710,LAX,CityName,State,BOS,CityName,State,15,1,4,0,0,,71,1018,0,0,0,0,0
2023-05-27,American,N679XX,9590,MIA,CityName,State,DEN,CityName,State,0,0,-8,0,0,,145,522,0,0,0,0,0
2023-05-27,Delta,N404XX,3138,DFW,CityName,State,DEN,CityName,State,0,0,10,0,0,,227,891,0,0,0,0,0
2023-05-28,Southwest,N220XX,9194,ORD,CityName,State,MIA,CityName,State,0,0,-5,0,0,,198,2107,0,0,0,0,0
2023-05-28,Southwest,N180XX,2090,LAX,CityName,State,MIA,CityName,State,45,1,49,1,0,,227,2103,49,0,0,0,0
2023-05-28,Southwest,N177XX,7514,ORD,CityName,State,ORD,CityName,State,0,0,-4,0,0,,176,501,0,0,0,0,0
2023-05-28,American,N459XX,9106,ATL,CityName,State,DEN,CityName,State,240,1,233,1,0,,341,2251,233,0,0,0,0
2023-05-28,American,N540XX,2847,DFW,CityName,State,ORD,CityName,State,30,1,19,1,0,,81,1976,0,0,0,0,19
2023-05-28,JetBlue,N931XX,9243,DEN,CityName,State,SFO,CityName,State,15,1,1,0,0,,181,1634,0,0,0,0,0
2023-05-28,Southwest,N501XX,4648,SEA,CityName,State,LAX,CityName,State,15,1,8,0,0,,201,2159,0,0,0,0,0
2023-05-28,Southwest,N596XX,8911,DEN,CityName,State,ORD,CityName,State,0,0,2,0,0,,47,1653,0,0,0,0,0
2023-05-28,JetBlue,N591XX,8776,MIA,CityName,State,ATL,CityName,State,0,0,0,0,1,A,159,291,0,0,0,0,0
2023-05-28,American,N816XX,160,DFW,CityName,State,BOS,CityName,State,45,1,40,1,0,,187,1147,0,0,0,0,40
2023-05-28,Delta,N225XX,2835,DEN,CityName,State,JFK,CityName,State,0,0,10,0,0,,123,987,0,0,0,0,0
2023-05-28,American,N460XX,4247,BOS,CityName,State,LAX,CityName,State,0,0,-7,0,0,,66,2003,0,0,0,0,0
2023-05-28,Southwest,N834XX,243,SFO,CityName,State,SEA,CityName,State,0,0,-12,0,0,,126,2589,0,0,0,0,0
2023-05-28,American,N835XX,8434,ATL,CityName,State,DEN,CityName,State,0,0,0,0,1,A,343,305,0,0,0,0,0
2023-05-28,United,N414XX,6629,BOS,CityName,State,BOS,CityName,State,0,0,8,0,0,,73,2212,0,0,0,0,0
2023-05-29,JetBlue,N755XX,716,ATL,CityName,State,BOS,CityName,State,45,1,48,1,0,,167,323,0,0,48,0,0
2023-05-29,Southwest,N336XX,1748,SFO,CityName,State,JFK,CityName,State,0,0,-6,0,0,,105,2411,0,0,0,0,0
2023-05-29,United,N650XX,7758,SEA,CityName,State,DFW,CityName,State,0,0,10,0,0,,288,1663,0,0,0,0,0
2023-05-29,Delta,N238XX,775,BOS,CityName,State,DEN,CityName,State,0,0,-4,0,0,,178,1270,0,0,0,0,0
2023-05-29,Delta,N682XX,4399,ORD,CityName,State,ATL,CityName,State,45,1,39,1,0,,127,1927,0,0,39,0,0
2023-05-29,JetBlue,N479XX,9751,SFO,CityName,State,JFK,CityName,State,30,1,23,1,0,,248,1316,0,0,23,0,0
2023-05-29,Southwest,N171XX,3506,DFW,CityName,State,SEA,CityName,State,60,1,58,1,0,,67,1352,0,58,0,0,0
2023-05-29,American,N766XX,1113,SFO,CityName,State,SEA,CityName,State,0,0,-8,0,0,,161,2096,0,0,0,0,0
2023-05-30,United,N297XX,7026,DEN,CityName,State,ORD,CityName,State,0,0,2,0,0,,196,2434,0,0,0,0,0
2023-05-30,American,N377XX,1139,DEN,CityName,State,ORD,CityName,State,0,0,3,0,0,,164,1372,0,0,0,0,0
2023-05-30,JetBlue,N425XX,8224,ORD,CityName,State,BOS,CityName,State,0,0,3,0,0,,300,1911,0,0,0,0,0
2023-05-30,Southwest,N683XX,4730,LAX,CityName,State,ATL,CityName,State,0,0,-5,0,0,,338,1625,0,0,0,0,0
2023-05-30,American,N183XX,6672,ORD,CityName,State,DEN,CityName,State,0,0,1,0,0,,359,2901,0,0,0,0,0
2023-05-30,JetBlue,N681XX,155,ORD,CityName,State,SFO,CityName,State,0,0,6,0,0,,97,817,0,0,0,0,0
2023-05-30,American,N444XX,8773,MIA,CityName,State,BOS,CityName,State,0,0,5,0,0,,147,329,0,0,0,0,0
2023-05-30,JetBlue,N663XX,6271,BOS,CityName,State,ATL,CityName,State,45,1,39,1,0,,281,1320,0,0,0,0,39
2023-05-30,American,N996XX,4984,SEA,CityName,State,ORD,CityName,State,0,0,10,0,0,,306,2878,0,0,0,0,0
2023-05-30,JetBlue,N931XX,1092,BOS,CityName,State,DFW,CityName,State,0,0,9,0,0,,222,2365,0,0,0,0,0
2023-05-30,Delta,N349XX,9862,DFW,CityName,State,ATL,CityName,State,60,1,50,1,0,,354,1872,0,50,0,0,0
2023-05-30,American,N561XX,5961,ATL,CityName,State,DEN,CityName,State,0,0,4,0,0,,69,1934,0,0,0,0,0
2023-05-30,United,N958XX,5026,LAX,CityName,State,DFW,CityName,State,0,0,5,0,0,,172,2448,0,0,0,0,0
2023-05-30,United,N155XX,7225,MIA,CityName,State,LAX,CityName,State,15,1,22,1,0,,228,859,22,0,0,0,0
2023-05-30,JetBlue,N401XX,1696,BOS,CityName,State,DEN,CityName,State,0,0,7,0,0,,87,1157,0,0,0,0,0
2023-05-30,Delta,N791XX,9093,JFK,CityName,State,SEA,CityName,State,15,1,11,0,0,,92,2592,0,0,0,0,0
2023-05-31,JetBlue,N645XX,9303,LAX,CityName,State,ORD,CityName,State,0,0,10,0,0,,161,1651,0,0,0,0,0
2023-05-31,United,N380XX,4102,JFK,CityName,State,ATL,CityName,State,60,1,65,1,0,,354,2181,0,0,65,0,0
2023-05-31,Delta,N177XX,1549,SFO,CityName,State,MIA,CityName,State,120,1,109,1,0,,223,419,109,0,0,0,0
2023-05-31,American,N370XX,2577,JFK,CityName,State,DFW,CityName,State,45,1,44,1,0,,127,1579,0,44,0,0,0
2023-05-31,Delta,N237XX,3553,DFW,CityName,State,MIA,CityName,State,0,0,-11,0,0,,301,2282,0,0,0,0,0
2023-05-31,Southwest,N225XX,7501,DFW,CityName,State,SEA,CityName,State,0,0,-4,0,0,,96,2323,0,0,0,0,0
2023-05-31,American,N800XX,2281,SFO,CityName,State,ATL,CityName,State,15,1,9,0,0,,264,612,0,0,0,0,0
2023-05-31,Delta,N753XX,8300,SFO,CityName,State,SFO,CityName,State,0,0,-11,0,0,,136,1250,0,0,0,0,0
2023-05-31,Delta,N135XX,443,JFK,CityName,State,ORD,CityName,State,0,0,-6,0,0,,200,432,0,0,0,0,0
2023-05-31,JetBlue,N640XX,4799,JFK,CityName,State,MIA,CityName,State,0,0,9,0,0,,200,1866,0,0,0,0,0
2023-05-31,American,N929XX,5542,DEN,CityName,State,ATL,CityName,State,60,1,46,1,0,,158,1117,0,46,0,0,0
2023-05-31,Delta,N109XX,8314,SEA,CityName,State,MIA,CityName,State,0,0,4,0,0,,70,347,0,0,0,0,0
2023-06-01,JetBlue,N320XX,6217,SFO,CityName,State,LAX,CityName,State,0,0,9,0,0,,232,1313,0,0,0,0,0
2023-06-01,JetBlue,N940XX,8093,DFW,CityName,State,LAX,CityName,State,0,0,4,0,0,,318,368,0,0,0,0,0
2023-06-01,Southwest,N964XX,2101,JFK,CityName,State,LAX,CityName,State,0,0,10,0,0,,174,1966,0,0,0,0,0
2023-06-01,Southwest,N629XX,3577,BOS,CityName,State,ATL,CityName,State,0,0,4,0,0,,106,1508,0,0,0,0,0
2023-06-01,Southwest,N860XX,2431,DEN,CityName,State,DFW,CityName,State,0,0,-7,0,0,,345,2648,0,0,0,0,0
2023-06-01,JetBlue,N332XX,1527,LAX,CityName,State,ORD,CityName,State,0,0,0,0,1,A,133,1393,0,0,0,0,0
2023-06-01,American,N373XX,4650,SFO,CityName,State,DEN,CityName,State,0,0,-9,0,0,,81,229,0,0,0,0,0
2023-06-01,Delta,N250XX,2965,ATL,CityName,State,JFK,CityName,State,0,0,-3,0,0,,115,547,0,0,0,0,0
2023-06-02,Delta,N219XX,9222,DEN,CityName,State,MIA,CityName,State,0,0,-7,0,0,,311,2976,0,0,0,0,0
2023-06-02,United,N434XX,2774,LAX,CityName,State,SFO,CityName,State,0,0,-2,0,0,,297,2974,0,0,0,0,0
2023-06-02,United,N667XX,5213,JFK,CityName,State,LAX,CityName,State,0,0,6,0,0,,249,1086,0,0,0,0,0
2023-06-02,Southwest,N783XX,106,LAX,CityName,State,ORD,CityName,State,0,0,-13,0,0,,320,2931,0,0,0,0,0
2023-06-02,Southwest,N986XX,6739,SFO,CityName,State,BOS,CityName,State,0,0,5,0,0,,162,1331,0,0,0,0,0
2023-06-02,Southwest,N888XX,3434,BOS,CityName,State,ATL,CityName,State,30,1,36,1,0,,237,471,0,0,0,0,36
2023-06-02,United,N481XX,8015,ORD,CityName,State,DFW,CityName,State,0,0,8,0,0,,356,1411,0,0,0,0,0
2023-06-02,JetBlue,N107XX,7733,ATL,CityName,State,ATL,CityName,State,0,0,1,0,0,,230,2351,0,0,0,0,0
2023-06-02,Delta,N855XX,7635,BOS,CityName,State,LAX,CityName,State,0,0,-2,0,0,,347,1772,0,0,0,0,0
2023-06-02,JetBlue,N632XX,3246,MIA,CityName,State,BOS,CityName,State,0,0,-3,0,0,,85,599,0,0,0,0,0
2023-06-02,Southwest,N478XX,8913,LAX,CityName,State,JFK,CityName,State,0,0,8,0,0,,101,2788,0,0,0,0,0
2023-06-02,JetBlue,N750XX,9103,DEN,CityName,State,DEN,CityName,State,0,0,-4,0,0,,81,652,0,0,0,0,0
2023-06-03,Southwest,N248XX,6553,SEA,CityName,State,SFO,CityName,State,0,0,6,0,0,,164,1319,0,0,0,0,0
2023-06-03,JetBlue,N713XX,6290,MIA,CityName,State,ORD,CityName,State,30,1,26,1,0,,326,878,26,0,0,0,0
2023-06-03,Southwest,N298XX,4334,MIA,CityName,State,JFK,CityName,State,60,1,69,1,0,,162,2641,69,0,0,0,0
2023-06-03,United,N335XX,4488,BOS,CityName,State,DEN,CityName,State,0,0,-11,0,0,,252,292,0,0,0,0,0
2023-06-03,Delta,N421XX,4261,SFO,CityName,State,DEN,CityName,State,0,0,5,0,0,,199,1198,0,0,0,0,0
2023-06-03,JetBlue,N494XX,1867,SEA,CityName,State,DEN,CityName,State,60,1,56,1,0,,122,1934,56,0,0,0,0
2023-06-03,American,N155XX,4853,MIA,CityName,State,SFO,CityName,State,0,0,-13,0,0,,173,1912,0,0,0,0,0
2023-06-03,JetBlue,N213XX,8566,LAX,CityName,State,MIA,CityName,State,30,1,35,1,0,,212,1772,0,0,0,0,35
2023-06-03,American,N657XX,328,LAX,CityName,State,LAX,CityName,State,0,0,10,0,0,,336,1696,0,0,0,0,0
2023-06-04,United,N138XX,2881,ORD,CityName,State,BOS,CityName,State,0,0,-6,0,0,,83,1028,0,0,0,0,0
2023-06-04,United,N139XX,8880,JFK,CityName,State,DFW,CityName,State,0,0,9,0,0,,204,2789,0,0,0,0,0
2023-06-04,United,N941XX,4457,ORD,CityName,State,JFK,CityName,State,0,0,-5,0,0,,257,2548,0,0,0,0,0
2023-06-04,United,N359XX,7584,BOS,CityName,State,MIA,CityName,State,15,1,4,0,0,,256,194,0,0,0,0,0
2023-06-04,JetBlue,N961XX,4682,MIA,CityName,State,ORD,CityName,State,0,0,-12,0,0,,288,708,0,0,0,0,0
2023-06-04,American,N203XX,2857,DEN,CityName,State,SFO,CityName,State,0,0,-1,0,0,,82,2489,0,0,0,0,0
2023-06-04,American,N144XX,9366,DEN,CityName,State,ATL,CityName,State,15,1,16,1,0,,350,778,0,0,16,0,0
2023-06-04,United,N215XX,3307,LAX,CityName,State,ATL,CityName,State,0,0,2,0,0,,89,1319,0,0,0,0,0
2023-06-04,Delta,N539XX,8824,MIA,CityName,State,BOS,CityName,State,0,0,-5,0,0,,166,1375,0,0,0,0,0
2023-06-04,American,N877XX,6571,BOS,CityName,State,DEN,CityName,State,0,0,-13,0,0,,185,2437,0,0,0,0,0
2023-06-04,American,N508XX,1658,ORD,CityName,State,SEA,CityName,State,0,0,-1,0,0,,233,1462,0,0,0,0,0
2023-06-04,United,N893XX,1211,ORD,CityName,State,SEA,CityName,State,0,0,-4,0,0,,232,2129,0,0,0,0,0
2023-06-04,JetBlue,N305XX,7339,SFO,CityName,State,BOS,CityName,State,0,0,-12,0,0,,191,2430,0,0,0,0,0
2023-06-04,American,N537XX,6561,ATL,CityName,State,MIA,CityName,State,0,0,5,0,0,,249,1472,0,0,0,0,0
2023-06-04,United,N191XX,9271,JFK,CityName,State,MIA,CityName,State,30,1,24,1,0,,46,1758,0,0,24,0,0
2023-06-05,American,N735XX,4735,BOS,CityName,State,SFO,CityName,State,0,0,-4,0,0,,337,460,0,0,0,0,0
2023-06-05,American,N837XX,3508,SEA,CityName,State,DEN,CityName,State,0,0,-3,0,0,,107,1153,0,0,0,0,0
2023-06-05,American,N634XX,3734,DEN,CityName,State,JFK,CityName,State,30,1,22,1,0,,89,649,0,0,22,0,0
2023-06-05,United,N615XX,5334,DEN,CityName,State,ORD,CityName,State,0,0,-9,0,0,,320,2650,0,0,0,0,0
2023-06-05,Southwest,N789XX,1321,SEA,CityName,State,SFO,CityName,State,0,0,8,0,0,,258,2202,0,0,0,0,0
2023-06-05,American,N855XX,1366,LAX,CityName,State,ATL,CityName,State,45,1,55,1,0,,265,2337,0,0,55,0,0
2023-06-05,JetBlue,N393XX,4377,LAX,CityName,State,MIA,CityName,State,0,0,7,0,0,,250,2468,0,0,0,0,0
2023-06-05,JetBlue,N567XX,165,SEA,CityName,State,ATL,CityName,State,0,0,4,0,0,,339,1210,0,0,0,0,0
2023-06-05,JetBlue,N858XX,1852,DEN,CityName,State,DFW,CityName,State,0,0,10,0,0,,132,2066,0,0,0,0,0
2023-06-05,Delta,N916XX,9580,BOS,CityName,State,SEA,CityName,State,45,1,53,1,0,,161,2451,53,0,0,0,0
2023-06-05,American,N742XX,5078,ORD,CityName,State,JFK,CityName,State,15,1,13,0,0,,336,392,0,0,0,0,0
2023-06-05,United,N141XX,9411,DEN,CityName,State,BOS,CityName,State,0,0,2,0,0,,289,2850,0,0,0,0,0
2023-06-06,JetBlue,N261XX,9033,ORD,CityName,State,ATL,CityName,State,0,0,2,0,0,,86,1752,0,0,0,0,0
2023-06-06,Delta,N555XX,9227,JFK,CityName,State,BOS,CityName,State,0,0,6,0,0,,357,2495,0,0,0,0,0
2023-06-06,Delta,N950XX,7113,ORD,CityName,State,ORD,CityName,State,0,0,5,0,0,,187,2826,0,0,0,0,0
2023-06-06,JetBlue,N807XX,6525,SFO,CityName,State,DEN,CityName,State,0,0,-5,0,0,,187,2362,0,0,0,0,0
2023-06-06,Southwest,N792XX,9474,DFW,CityName,State,SFO,CityName,State,30,1,33,1,0,,217,2137,0,0,33,0,0
2023-06-06,American,N846XX,5736,DEN,CityName,State,LAX,CityName,State,0,0,-11,0,0,,187,2188,0,0,0,0,0
2023-06-06,United,N690XX,9554,SEA,CityName,State,ATL,CityName,State,0,0,-3,0,0,,211,2773,0,0,0,0,0
2023-06-06,American,N954XX,5277,SFO,CityName,State,MIA,CityName,State,0,0,9,0,0,,136,1147,0,0,0,0,0
2023-06-07,United,N688XX,271,JFK,CityName,State,ORD,CityName,State,0,0,4,0,0,,307,2609,0,0,0,0,0
2023-06-07,Southwest,N561XX,5330,DEN,CityName,State,BOS,CityName,State,0,0,-9,0,0,,332,1195,0,0,0,0,0
2023-06-07,Delta,N659XX,1886,BOS,CityName,State,ATL,CityName,State,0,0,-2,0,0,,240,1731,0,0,0,0,0
2023-06-07,American,N459XX,9464,SEA,CityName,State,DEN,CityName,State,0,0,3,0,0,,130,1271,0,0,0,0,0
2023-06-07,United,N903XX,7848,DEN,CityName,State,BOS,CityName,State,45,1,49,1,0,,224,2637,0,0,0,0,49
2023-06-07,Southwest,N612XX,2034,ORD,CityName,State,DEN,CityName,State,0,0,1,0,0,,294,1878,0,0,0,0,0
2023-06-07,Southwest,N855XX,4768,ATL,CityName,State,ATL,CityName,State,0,0,1,0,0,,290,2038,0,0,0,0,0
2023-06-07,United,N436XX,4162,LAX,CityName,State,MIA,CityName,State,0,0,-6,0,0,,315,1005,0,0,0,0,0
2023-06-07,United,N266XX,8328,DFW,CityName,State,DEN,CityName,State,30,1,40,1,0,,140,704,0,0,0,0,40
2023-06-07,JetBlue,N609XX,2230,JFK,CityName,State,MIA,CityName,State,0,0,-2,0,0,,137,1461,0,0,0,0,0
2023-06-07,JetBlue,N394XX,6276,JFK,CityName,State,ATL,CityName,State,0,0,7,0,0,,131,2452,0,0,0,0,0
2023-06-07,Southwest,N743XX,8489,SFO,CityName,State,MIA,CityName,State,0,0,3,0,0,,231,1575,0,0,0,0,0
2023-06-08,Delta,N541XX,9430,BOS,CityName,State,SFO,CityName,State,30,1,35,1,0,,169,1096,0,35,0,0,0
2023-06-08,Delta,N874XX,2808,DEN,CityName,State,DFW,CityName,State,15,1,5,0,0,,359,1548,0,0,0,0,0
2023-06-08,Delta,N747XX,6168,BOS,CityName,State,LAX,CityName,State,0,0,-6,0,0,,179,1976,0,0,0,0,0
2023-06-08,American,N405XX,4010,ORD,CityName,State,DFW,CityName,State,0,0,-13,0,0,,61,1098,0,0,0,0,0
2023-06-08,American,N439XX,898,MIA,CityName,State,LAX,CityName,State,0,0,-6,0,0,,308,1962,0,0,0,0,0
2023-06-08,American,N277XX,1385,SFO,CityName,State,BOS,CityName,State,0,0,-9,0,0,,336,1656,0,0,0,0,0
2023-06-08,JetBlue,N634XX,4593,SFO,CityName,State,MIA,CityName,State,0,0,-7,0,0,,338,1118,0,0,0,0,0
2023-06-08,American,N397XX,7133,BOS,CityName,State,ATL,CityName,State,15,1,17,1,0,,100,2768,17,0,0,0,0
2023-06-08,United,N309XX,7176,SFO,CityName,State,JFK,CityName,State,0,0,-3,0,0,,131,2650,0,0,0,0,0
2023-06-08,American,N744XX,4925,JFK,CityName,State,DFW,CityName,State,0,0,7,0,0,,139,2390,0,0,0,0,0
2023-06-08,Southwest,N218XX,5301,SEA,CityName,State,ORD,CityName,State,0,0,-10,0,0,,230,858,0,0,0,0,0
2023-06-08,Southwest,N773XX,5470,ORD,CityName,State,SEA,CityName,State,0,0,-10,0,0,,259,236,0,0,0,0,0
2023-06-08,American,N669XX,3164,JFK,CityName,State,DEN,CityName,State,0,0,7,0,0,,270,2367,0,0,0,0,0
2023-06-08,JetBlue,N708XX,2503,BOS,CityName,State,SEA,CityName,State,0,0,-13,0,0,,261,611,0,0,0,0,0
2023-06-08,United,N613XX,8716,ATL,CityName,State,ORD,CityName,State,0,0,0,0,0,,343,342,0,0,0,0,0
2023-06-09,United,N507XX,9476,DFW,CityName,State,SEA,CityName,State,0,0,-10,0,0,,332,473,0,0,0,0,0
2023-06-09,United,N287XX,447,LAX,CityName,State,SEA,CityName,State,15,1,22,1,0,,230,1196,0,0,0,0,22
2023-06-09,American,N517XX,3897,LAX,CityName,State,SEA,CityName,State,0,0,3,0,0,,77,1152,0,0,0,0,0
2023-06-09,Delta,N216XX,3628,ORD,CityName,State,DFW,CityName,State,0,0,6,0,0,,201,2118,0,0,0,0,0
2023-06-09,American,N930XX,8221,BOS,CityName,State,JFK,CityName,State,0,0,-5,0,0,,45,1616,0,0,0,0,0
2023-06-09,Southwest,N460XX,8247,SFO,CityName,State,SFO,CityName,State,0,0,-14,0,0,,50,1897,0,0,0,0,0
2023-06-09,American,N631XX,6979,SEA,CityName,State,JFK,CityName,State,30,1,30,1,0,,180,1265,0,0,0,0,30
2023-06-09,United,N549XX,3795,LAX,CityName,State,DFW,CityName,State,0,0,-7,0,0,,101,2255,0,0,0,0,0
2023-06-09,JetBlue,N468XX,6497,ORD,CityName,State,ATL,CityName,State,0,0,-5,0,0,,123,403,0,0,0,0,0
2023-06-09,Delta,N756XX,4563,DEN,CityName,State,ATL,CityName,State,30,1,38,1,0,,330,928,0,0,38,0,0
2023-06-09,JetBlue,N820XX,8351,DEN,CityName,State,LAX,CityName,State,0,0,-10,0,0,,122,2559,0,0,0,0,0
2023-06-09,Delta,N307XX,6562,DFW,CityName,State,BOS,CityName,State,0,0,-4,0,0,,97,2675,0,0,0,0,0
2023-06-10,Delta,N492XX,8464,ATL,CityName,State,BOS,CityName,State,15,1,7,0,0,,160,224,0,0,0,0,0
2023-06-10,Southwest,N986XX,8747,JFK,CityName,State,ATL,CityName,State,0,0,-13,0,0,,305,1987,0,0,0,0,0
2023-06-10,American,N618XX,8177,DFW,CityName,State,SEA,CityName,State,0,0,-6,0,0,,198,543,0,0,0,0,0
2023-06-10,American,N667XX,433,JFK,CityName,State,ORD,CityName,State,0,0,2,0,0,,242,243,0,0,0,0,0
2023-06-10,Delta,N263XX,2880,LAX,CityName,State,ATL,CityName,State,15,1,22,1,0,,279,1262,0,22,0,0,0
2023-06-10,JetBlue,N392XX,2790,DFW,CityName,State,ATL,CityName,State,0,0,1,0,0,,240,1701,0,0,0,0,0
2023-06-10,Southwest,N272XX,732,MIA,CityName,State,SEA,CityName,State,0,0,-14,0,0,,106,697,0,0,0,0,0
2023-06-10,Southwest,N813XX,1265,SEA,CityName,State,MIA,CityName,State,0,0,10,0,0,,108,1932,0,0,0,0,0
2023-06-10,American,N520XX,4885,DEN,CityName,State,JFK,CityName,State,0,0,6,0,0,,312,2616,0,0,0,0,0
2023-06-10,American,N623XX,435,SFO,CityName,State,DEN,CityName,State,0,0,4,0,0,,168,2250,0,0,0,0,0
2023-06-11,American,N414XX,5186,LAX,CityName,State,LAX,CityName,State,0,0,-8,0,0,,58,1955,0,0,0,0,0
2023-06-11,Southwest,N303XX,5782,SFO,CityName,State,ORD,CityName,State,0,0,6,0,0,,346,1956,0,0,0,0,0
2023-06-11,Delta,N215XX,4152,ATL,CityName,State,DFW,CityName,State,0,0,-11,0,0,,305,2918,0,0,0,0,0
2023-06-11,Southwest,N701XX,1395,DEN,CityName,State,ORD,CityName,State,0,0,-6,0,0,,175,847,0,0,0,0,0
2023-06-11,United,N766XX,4945,ATL,CityName,State,ATL,CityName,State,15,1,22,1,0,,66,336,0,22,0,0,0
2023-06-11,JetBlue,N642XX,2615,ORD,CityName,State,SFO,CityName,State,0,0,-4,0,0,,201,916,0,0,0,0,0
2023-06-11,American,N301XX,8860,JFK,CityName,State,MIA,CityName,State,15,1,23,1,0,,85,469,23,0,0,0,0
2023-06-11,United,N123XX,6362,MIA,CityName,State,SFO,CityName,State,15,1,22,1,0,,311,2884,0,0,0,0,22
2023-06-11,American,N230XX,4811,JFK,CityName,State,SEA,CityName,State,0,0,-2,0,0,,272,2845,0,0,0,0,0
2023-06-11,JetBlue,N105XX,6202,ORD,CityName,State,DEN,CityName,State,0,0,-11,0,0,,240,2164,0,0,0,0,0
2023-06-11,Southwest,N351XX,9660,DFW,CityName,State,ATL,CityName,State,0,0,7,0,0,,185,695,0,0,0,0,0
2023-06-11,American,N203XX,323,JFK,CityName,State,SEA,CityName,State,0,0,8,0,0,,184,1173,0,0,0,0,0
2023-06-11,Southwest,N499XX,8015,DFW,CityName,State,DFW,CityName,State,0,0,-2,0,0,,74,2491,0,0,0,0,0
2023-06-11,United,N511XX,4817,DEN,CityName,State,SFO,CityName,State,0,0,1,0,0,,74,2637,0,0,0,0,0
2023-06-11,United,N295XX,8257,LAX,CityName,State,SEA,CityName,State,0,0,-6,0,0,,283,2085,0,0,0,0,0
2023-06-11,Southwest,N149XX,5902,JFK,CityName,State,MIA,CityName,State,15,1,2,0,0,,285,2249,0,0,0,0,0
2023-06-11,Southwest,N306XX,7946,MIA,CityName,State,DEN,CityName,State,0,0,-5,0,0,,142,1501,0,0,0,0,0
2023-06-11,JetBlue,N356XX,2624,LAX,CityName,State,JFK,CityName,State,30,1,27,1,0,,87,2453,0,0,27,0,0
2023-06-11,United,N996XX,3326,ATL,CityName,State,ORD,CityName,State,0,0,-5,0,0,,123,2678,0,0,0,0,0
2023-06-11,American,N173XX,8344,SEA,CityName,State,LAX,CityName,State,0,0,-11,0,0,,306,1127,0,0,0,0,0
2023-06-12,JetBlue,N114XX,3161,SFO,CityName,State,DEN,CityName,State,0,0,-6,0,0,,274,1764,0,0,0,0,0
2023-06-12,Southwest,N686XX,3527,MIA,CityName,State,SEA,CityName,State,0,0,-2,0,0,,352,2671,0,0,0,0,0
2023-06-12,Southwest,N790XX,7489,BOS,CityName,State,MIA,CityName,State,0,0,6,0,0,,182,613,0,0,0,0,0
2023-06-12,JetBlue,N431XX,9725,SFO,CityName,State,SEA,CityName,State,0,0,-2,0,0,,251,678,0,0,0,0,0
2023-06-12,Southwest,N971XX,4638,SEA,CityName,State,LAX,CityName,State,0,0,0,0,0,,319,477,0,0,0,0,0
2023-06-12,American,N706XX,7307,BOS,CityName,State,MIA,CityName,State,0,0,-6,0,0,,259,210,0,0,0,0,0
2023-06-12,Delta,N176XX,2361,SFO,CityName,State,JFK,CityName,State,45,1,38,1,0,,201,2570,38,0,0,0,0
2023-06-12,Southwest,N749XX,5688,DEN,CityName,State,MIA,CityName,State,0,0,-5,0,0,,200,2891,0,0,0,0,0
2023-06-13,JetBlue,N622XX,9312,DEN,CityName,State,DEN,CityName,State,0,0,-3,0,0,,94,1643,0,0,0,0,0
2023-06-13,Delta,N940XX,6911,MIA,CityName,State,MIA,CityName,State,0,0,-7,0,0,,99,2296,0,0,0,0,0
2023-06-13,American,N517XX,1689,SEA,CityName,State,DEN,CityName,State,30,1,23,1,0,,173,810,0,0,23,0,0
2023-06-13,American,N519XX,4462,LAX,CityName,State,ATL,CityName,State,0,0,-3,0,0,,296,2193,0,0,0,0,0
2023-06-13,United,N609XX,5311,DFW,CityName,State,MIA,CityName,State,0,0,-8,0,0,,50,2991,0,0,0,0,0
2023-06-13,United,N933XX,5394,LAX,CityName,State,BOS,CityName,State,0,0,-12,0,0,,309,1999,0,0,0,0,0
2023-06-13,JetBlue,N450XX,532,SEA,CityName,State,JFK,CityName,State,0,0,-7,0,0,,179,2372,0,0,0,0,0
2023-06-13,American,N447XX,5890,ATL,CityName,State,JFK,CityName,State,0,0,-13,0,0,,145,1092,0,0,0,0,0
2023-06-13,United,N442XX,6220,LAX,CityName,State,LAX,CityName,State,30,1,19,1,0,,206,1618,0,0,0,0,19
2023-06-13,United,N123XX,8932,DFW,CityName,State,MIA,CityName,State,0,0,0,0,0,,323,764,0,0,0,0,0
2023-06-13,Southwest,N281XX,2659,DEN,CityName,State,DFW,CityName,State,0,0,4,0,0,,277,2107,0,0,0,0,0
2023-06-13,JetBlue,N392XX,9183,DFW,CityName,State,DFW,CityName,State,0,0,4,0,0,,341,1102,0,0,0,0,0
2023-06-13,Delta,N404XX,3399,ORD,CityName,State,JFK,CityName,State,0,0,4,0,0,,114,2373,0,0,0,0,0
2023-06-13,Delta,N350XX,9039,ATL,CityName,State,ORD,CityName,State,0,0,-13,0,0,,197,1653,0,0,0,0,0
2023-06-14,Southwest,N499XX,6625,JFK,CityName,State,DEN,CityName,State,0,0,1,0,0,,308,2960,0,0,0,0,0
2023-06-14,Delta,N982XX,9191,MIA,CityName,State,DFW,CityName,State,30,1,36,1,0,,108,614,0,36,0,0,0
2023-06-14,American,N320XX,4799,ORD,CityName,State,ATL,CityName,State,15,1,23,1,0,,142,2120,0,0,23,0,0
2023-06-14,Delta,N942XX,2246,DFW,CityName,State,DEN,CityName,State,0,0,3,0,0,,197,1330,0,0,0,0,0
2023-06-14,JetBlue,N286XX,1456,JFK,CityName,State,ATL,CityName,State,15,1,7,0,0,,156,1631,0,0,0,0,0
2023-06-14,American,N377XX,2990,LAX,CityName,State,DEN,CityName,State,0,0,-14,0,0,,285,2958,0,0,0,0,0
2023-06-14,American,N279XX,4142,BOS,CityName,State,DFW,CityName,State,0,0,-5,0,0,,260,1456,0,0,0,0,0
2023-06-14,American,N539XX,2140,LAX,CityName,State,MIA,CityName,State,0,0,-14,0,0,,207,556,0,0,0,0,0
2023-06-14,JetBlue,N526XX,1272,DEN,CityName,State,SEA,CityName,State,0,0,-5,0,0,,345,2093,0,0,0,0,0
2023-06-14,United,N980XX,9334,ORD,CityName,State,DEN,CityName,State,240,1,245,1,0,,82,1433,0,0,245,0,0
2023-06-14,United,N517XX,5350,MIA,CityName,State,LAX,CityName,State,0,0,-2,0,0,,263,237,0,0,0,0,0
2023-06-14,Delta,N557XX,9748,LAX,CityName,State,ORD,CityName,State,0,0,-12,0,0,,316,2381,0,0,0,0,0
2023-06-14,Southwest,N283XX,7236,MIA,CityName,State,ATL,CityName,State,0,0,10,0,0,,305,2594,0,0,0,0,0
2023-06-14,Southwest,N801XX,4881,DFW,CityName,State,LAX,CityName,State,0,0,-5,0,0,,146,162,0,0,0,0,0
2023-06-14,Delta,N841XX,7835,ATL,CityName,State,DFW,CityName,State,0,0,7,0,0,,114,1909,0,0,0,0,0
2023-06-14,Southwest,N666XX,2161,LAX,CityName,State,SFO,CityName,State,0,0,-13,0,0,,169,1458,0,0,0,0,0
2023-06-14,Southwest,N102XX,1495,SFO,CityName,State,DFW,CityName,State,0,0,-1,0,0,,70,2713,0,0,0,0,0
2023-06-14,American,N592XX,3539,SFO,CityName,State,MIA,CityName,State,30,1,40,1,0,,61,2939,0,0,40,0,0
2023-06-15,American,N163XX,9945,MIA,CityName,State,MIA,CityName,State,60,1,69,1,0,,237,1805,0,0,0,0,69
2023-06-15,United,N868XX,8031,DEN,CityName,State,DEN,CityName,State,240,1,230,1,0,,88,1387,230,0,0,0,0
2023-06-15,Southwest,N955XX,7489,SEA,CityName,State,SEA,CityName,State,0,0,1,0,0,,62,1129,0,0,0,0,0
2023-06-15,Delta,N520XX,1395,JFK,CityName,State,LAX,CityName,State,45,1,55,1,0,,333,184,0,0,55,0,0
2023-06-15,United,N754XX,6161,JFK,CityName,State,DFW,CityName,State,60,1,65,1,0,,200,2099,0,0,0,0,65
2023-06-15,Delta,N220XX,2625,DEN,CityName,State,DFW,CityName,State,0,0,3,0,0,,68,1763,0,0,0,0,0
2023-06-15,Southwest,N694XX,8508,ORD,CityName,State,SEA,CityName,State,30,1,36,1,0,,337,1801,0,0,0,0,36
2023-06-15,American,N477XX,2924,MIA,CityName,State,ORD,CityName,State,0,0,-7,0,0,,83,1701,0,0,0,0,0
2023-06-15,Delta,N119XX,4579,DFW,CityName,State,ATL,CityName,State,0,0,5,0,0,,106,458,0,0,0,0,0
2023-06-15,Southwest,N264XX,5142,MIA,CityName,State,BOS,CityName,State,0,0,-1,0,0,,88,1944,0,0,0,0,0
2023-06-15,United,N384XX,8239,DFW,CityName,State,LAX,CityName,State,0,0,-12,0,0,,184,671,0,0,0,0,0
2023-06-15,United,N354XX,7652,BOS,CityName,State,DFW,CityName,State,0,0,8,0,0,,288,2760,0,0,0,0,0
2023-06-15,United,N613XX,1545,DFW,CityName,State,ATL,CityName,State,0,0,1,0,0,,86,2254,0,0,0,0,0
2023-06-15,United,N322XX,3664,DEN,CityName,State,DFW,CityName,State,0,0,3,0,0,,80,1162,0,0,0,0,0
2023-06-15,United,N125XX,7534,SEA,CityName,State,SFO,CityName,State,0,0,5,0,0,,68,2644,0,0,0,0,0
2023-06-15,Southwest,N787XX,5695,SFO,CityName,State,DEN,CityName,State,0,0,0,0,0,,351,1099,0,0,0,0,0
2023-06-15,United,N491XX,9402,ATL,CityName,State,ATL,CityName,State,0,0,2,0,0,,122,1097,0,0,0,0,0
2023-06-15,Delta,N918XX,9278,BOS,CityName,State,BOS,CityName,State,0,0,-10,0,0,,222,2109,0,0,0,0,0
2023-06-16,American,N955XX,580,JFK,CityName,State,LAX,CityName,State,0,0,-8,0,0,,269,2607,0,0,0,0,0
2023-06-16,United,N938XX,8187,SFO,CityName,State,JFK,CityName,State,15,1,16,1,0,,141,357,16,0,0,0,0
2023-06-16,American,N557XX,3594,LAX,CityName,State,MIA,CityName,State,60,1,50,1,0,,229,997,0,0,0,0,50
2023-06-16,Delta,N953XX,6189,DEN,CityName,State,DEN,CityName,State,0,0,1,0,0,,201,396,0,0,0,0,0
2023-06-16,Delta,N326XX,3128,SFO,CityName,State,BOS,CityName,State,15,1,2,0,0,,182,2052,0,0,0,0,0
2023-06-16,Southwest,N798XX,3604,BOS,CityName,State,ATL,CityName,State,0,0,2,0,0,,126,2601,0,0,0,0,0
2023-06-16,Southwest,N924XX,2666,ATL,CityName,State,LAX,CityName,State,0,0,2,0,0,,137,844,0,0,0,0,0
2023-06-16,JetBlue,N989XX,7116,DFW,CityName,State,DEN,CityName,State,15,1,10,0,0,,53,1366,0,0,0,0,0
2023-06-16,JetBlue,N667XX,2520,JFK,CityName,State,MIA,CityName,State,15,1,16,1,0,,354,1314,0,0,0,0,16
2023-06-16,American,N299XX,6574,ORD,CityName,State,DEN,CityName,State,0,0,1,0,0,,305,1975,0,0,0,0,0
2023-06-17,Southwest,N635XX,8152,DEN,CityName,State,BOS,CityName,State,0,0,10,0,0,,60,2391,0,0,0,0,0
2023-06-17,United,N757XX,7085,SFO,CityName,State,ORD,CityName,State,0,0,7,0,0,,160,2039,0,0,0,0,0
2023-06-17,United,N523XX,9700,BOS,CityName,State,DEN,CityName,State,0,0,-1,0,0,,344,358,0,0,0,0,0
2023-06-17,Southwest,N235XX,9475,SEA,CityName,State,ORD,CityName,State,120,1,123,1,0,,120,1987,0,123,0,0,0
2023-06-17,Delta,N362XX,6537,DEN,CityName,State,BOS,CityName,State,30,1,16,1,0,,337,2583,0,0,0,0,16
2023-06-17,Delta,N352XX,3455,SEA,CityName,State,SFO,CityName,State,0,0,10,0,0,,98,2758,0,0,0,0,0
2023-06-17,JetBlue,N623XX,6795,BOS,CityName,State,LAX,CityName,State,15,1,23,1,0,,310,1982,23,0,0,0,0
2023-06-17,Delta,N138XX,5889,SFO,CityName,State,LAX,CityName,State,15,1,15,1,0,,350,1081,0,15,0,0,0
2023-06-17,Southwest,N607XX,7292,ATL,CityName,State,DFW,CityName,State,0,0,1,0,0,,56,158,0,0,0,0,0
2023-06-17,United,N949XX,1318,BOS,CityName,State,DFW,CityName,State,0,0,-10,0,0,,167,690,0,0,0,0,0
2023-06-17,Southwest,N802XX,951,DFW,CityName,State,ATL,CityName,State,0,0,-8,0,0,,67,2134,0,0,0,0,0
2023-06-18,American,N707XX,6616,SEA,CityName,State,ATL,CityName,State,0,0,-8,0,0,,351,2309,0,0,0,0,0
2023-06-18,Southwest,N316XX,2268,JFK,CityName,State,JFK,CityName,State,0,0,-4,0,0,,317,711,0,0,0,0,0
2023-06-18,Southwest,N241XX,2362,JFK,CityName,State,DEN,CityName,State,0,0,-12,0,0,,201,2170,0,0,0,0,0
2023-06-18,Southwest,N866XX,4610,DEN,CityName,State,DFW,CityName,State,45,1,36,1,0,,286,457,36,0,0,0,0
2023-06-18,American,N496XX,158,MIA,CityName,State,DFW,CityName,State,0,0,-3,0,0,,98,2585,0,0,0,0,0
2023-06-18,American,N746XX,7768,SEA,CityName,State,DEN,CityName,State,15,1,7,0,0,,279,2439,0,0,0,0,0
2023-06-18,American,N815XX,9126,JFK,CityName,State,MIA,CityName,State,0,0,0,0,0,,205,461,0,0,0,0,0
2023-06-18,JetBlue,N642XX,7696,MIA,CityName,State,DFW,CityName,State,0,0,-4,0,0,,290,2345,0,0,0,0,0
2023-06-18,United,N176XX,5565,ATL,CityName,State,ORD,CityName,State,0,0,-8,0,0,,232,2429,0,0,0,0,0
2023-06-18,United,N771XX,2603,SFO,CityName,State,MIA,CityName,State,0,0,-12,0,0,,317,2504,0,0,0,0,0
2023-06-18,Southwest,N856XX,9442,JFK,CityName,State,BOS,CityName,State,0,0,0,0,0,,53,1076,0,0,0,0,0
2023-06-18,JetBlue,N764XX,9042,BOS,CityName,State,BOS,CityName,State,0,0,-2,0,0,,120,1090,0,0,0,0,0
2023-06-18,American,N459XX,908,DFW,CityName,State,MIA,CityName,State,15,1,13,0,0,,151,2084,0,0,0,0,0
2023-06-18,JetBlue,N986XX,4776,MIA,CityName,State,SEA,CityName,State,0,0,8,0,0,,357,717,0,0,0,0,0
2023-06-18,Delta,N437XX,1693,BOS,CityName,State,DEN,CityName,State,45,1,39,1,0,,50,672,39,0,0,0,0
2023-06-18,JetBlue,N243XX,4970,MIA,CityName,State,MIA,CityName,State,0,0,-12,0,0,,63,2126,0,0,0,0,0
2023-06-18,United,N445XX,9990,DEN,CityName,State,ORD,CityName,State,45,1,35,1,0,,353,2610,35,0,0,0,0
2023-06-18,JetBlue,N182XX,2321,MIA,CityName,State,DEN,CityName,State,0,0,-5,0,0,,178,453,0,0,0,0,0
2023-06-18,United,N410XX,4358,BOS,CityName,State,MIA,CityName,State,0,0,-11,0,0,,58,2514,0,0,0,0,0
2023-06-19,American,N131XX,7829,DEN,CityName,State,MIA,CityName,State,0,0,0,0,0,,176,2645,0,0,0,0,0
2023-06-19,Southwest,N372XX,3635,SFO,CityName,State,MIA,CityName,State,0,0,4,0,0,,81,1926,0,0,0,0,0
2023-06-19,Southwest,N741XX,5532,LAX,CityName,State,BOS,CityName,State,120,1,111,1,0,,283,1908,111,0,0,0,0
2023-06-19,Southwest,N843XX,9720,SEA,CityName,State,ORD,CityName,State,0,0,-12,0,0,,189,580,0,0,0,0,0
2023-06-19,JetBlue,N192XX,5443,MIA,CityName,State,LAX,CityName,State,0,0,8,0,0,,103,1839,0,0,0,0,0
2023-06-19,Delta,N991XX,6325,LAX,CityName,State,ORD,CityName,State,0,0,7,0,0,,241,691,0,0,0,0,0
2023-06-19,Delta,N352XX,9245,JFK,CityName,State,DEN,CityName,State,240,1,244,1,0,,215,2558,0,0,0,0,244
2023-06-19,American,N604XX,5561,MIA,CityName,State,MIA,CityName,State,0,0,4,0,0,,106,2228,0,0,0,0,0
2023-06-19,Southwest,N634XX,6494,ATL,CityName,State,DEN,CityName,State,0,0,9,0,0,,52,2754,0,0,0,0,0
2023-06-20,United,N313XX,3854,DFW,CityName,State,ATL,CityName,State,45,1,35,1,0,,120,1812,0,0,35,0,0
2023-06-20,Delta,N937XX,9228,DEN,CityName,State,SEA,CityName,State,30,1,29,1,0,,235,2305,0,0,29,0,0
2023-06-20,United,N965XX,2659,SEA,CityName,State,ORD,CityName,State,0,0,9,0,0,,95,1442,0,0,0,0,0
2023-06-20,JetBlue,N170XX,7229,SEA,CityName,State,DFW,CityName,State,30,1,25,1,0,,243,1219,25,0,0,0,0
2023-06-20,JetBlue,N466XX,7121,BOS,CityName,State,LAX,CityName,State,0,0,1,0,0,,92,2622,0,0,0,0,0
2023-06-20,Delta,N368XX,2546,DEN,CityName,State,ATL,CityName,State,0,0,-5,0,0,,195,2433,0,0,0,0,0
2023-06-20,Southwest,N287XX,1604,BOS,CityName,State,MIA,CityName,State,0,0,-9,0,0,,161,1689,0,0,0,0,0
2023-06-20,JetBlue,N887XX,8226,DEN,CityName,State,BOS,CityName,State,60,1,62,1,0,,351,2442,62,0,0,0,0
2023-06-20,Southwest,N182XX,8074,BOS,CityName,State,MIA,CityName,State,0,0,10,0,0,,158,381,0,0,0,0,0
2023-06-20,JetBlue,N249XX,7573,SFO,CityName,State,DEN,CityName,State,0,0,0,0,1,A,156,271,0,0,0,0,0
2023-06-20,American,N620XX,8351,ATL,CityName,State,DEN,CityName,State,0,0,-12,0,0,,216,1670,0,0,0,0,0
2023-06-20,United,N974XX,4633,BOS,CityName,State,MIA,CityName,State,0,0,-2,0,0,,138,2429,0,0,0,0,0
2023-06-20,American,N518XX,4360,ORD,CityName,State,JFK,CityName,State,0,0,1,0,0,,279,2422,0,0,0,0,0
2023-06-20,United,N550XX,3963,DEN,CityName,State,ORD,CityName,State,15,1,11,0,0,,258,314,0,0,0,0,0
2023-06-20,United,N644XX,5545,JFK,CityName,State,ORD,CityName,State,0,0,3,0,0,,51,1453,0,0,0,0,0
2023-06-20,Southwest,N556XX,7991,SFO,CityName,State,ATL,CityName,State,0,0,-3,0,0,,56,625,0,0,0,0,0
2023-06-20,Southwest,N434XX,3200,DEN,CityName,State,SEA,CityName,State,0,0,-13,0,0,,310,426,0,0,0,0,0
2023-06-20,Southwest,N702XX,7381,DEN,CityName,State,ORD,CityName,State,0,0,3,0,0,,50,1999,0,0,0,0,0
2023-06-20,United,N984XX,2882,DEN,CityName,State,LAX,CityName,State,0,0,-14,0,0,,351,1856,0,0,0,0,0
2023-06-21,JetBlue,N140XX,2736,DEN,CityName,State,JFK,CityName,State,30,1,23,1,0,,311,2676,23,0,0,0,0
2023-06-21,United,N679XX,8013,LAX,CityName,State,LAX,CityName,State,0,0,0,0,0,,191,2520,0,0,0,0,0
2023-06-21,Delta,N644XX,8133,ORD,CityName,State,BOS,CityName,State,0,0,7,0,0,,231,843,0,0,0,0,0
2023-06-21,American,N698XX,4344,LAX,CityName,State,LAX,CityName,State,0,0,10,0,0,,201,491,0,0,0,0,0
2023-06-21,Delta,N298XX,6161,ORD,CityName,State,ORD,CityName,State,0,0,-8,0,0,,337,1275,0,0,0,0,0
2023-06-21,Southwest,N734XX,9242,SEA,CityName,State,SFO,CityName,State,0,0,3,0,0,,272,215,0,0,0,0,0
2023-06-21,Southwest,N492XX,7138,SFO,CityName,State,DEN,CityName,State,0,0,-7,0,0,,148,1675,0,0,0,0,0
2023-06-21,United,N209XX,3716,ORD,CityName,State,DEN,CityName,State,0,0,-7,0,0,,284,361,0,0,0,0,0
2023-06-21,American,N144XX,7544,JFK,CityName,State,DEN,CityName,State,0,0,-3,0,0,,355,404,0,0,0,0,0
2023-06-21,American,N857XX,2462,SFO,CityName,State,SEA,CityName,State,0,0,-6,0,0,,327,2103,0,0,0,0,0
2023-06-21,Southwest,N758XX,105,DFW,CityName,State,BOS,CityName,State,0,0,9,0,0,,187,2931,0,0,0,0,0
2023-06-21,JetBlue,N209XX,508,SFO,CityName,State,SFO,CityName,State,0,0,3,0,0,,186,2499,0,0,0,0,0
2023-06-21,American,N146XX,8310,SEA,CityName,State,DEN,CityName,State,45,1,33,1,0,,85,834,0,0,0,0,33
2023-06-22,Delta,N951XX,9319,MIA,CityName,State,ATL,CityName,State,0,0,-14,0,0,,102,2875,0,0,0,0,0
2023-06-22,Southwest,N423XX,6862,BOS,CityName,State,ORD,CityName,State,0,0,-14,0,0,,276,2370,0,0,0,0,0
2023-06-22,Southwest,N203XX,7952,MIA,CityName,State,ORD,CityName,State,15,1,1,0,0,,247,2248,0,0,0,0,0
2023-06-22,American,N175XX,8532,LAX,CityName,State,DFW,CityName,State,0,0,-8,0,0,,214,879,0,0,0,0,0
2023-06-22,JetBlue,N354XX,3778,JFK,CityName,State,LAX,CityName,State,0,0,10,0,0,,260,2701,0,0,0,0,0
2023-06-22,Southwest,N306XX,5068,JFK,CityName,State,SFO,CityName,State,0,0,6,0,0,,345,1788,0,0,0,0,0
2023-06-22,Southwest,N236XX,4401,DEN,CityName,State,DEN,CityName,State,0,0,2,0,0,,295,2292,0,0,0,0,0
2023-06-22,JetBlue,N133XX,3731,ATL,CityName,State,SFO,CityName,State,0,0,-8,0,0,,305,405,0,0,0,0,0
2023-06-22,JetBlue,N953XX,4633,MIA,CityName,State,SEA,CityName,State,0,0,7,0,0,,145,1865,0,0,0,0,0
2023-06-22,American,N978XX,3791,ATL,CityName,State,SFO,CityName,State,0,0,-1,0,0,,278,886,0,0,0,0,0
2023-06-22,American,N489XX,8917,ORD,CityName,State,DEN,CityName,State,0,0,9,0,0,,98,364,0,0,0,0,0
2023-06-22,JetBlue,N700XX,3647,DEN,CityName,State,MIA,CityName,State,0,0,-8,0,0,,281,1006,0,0,0,0,0
2023-06-23,Delta,N819XX,7209,ORD,CityName,State,ORD,CityName,State,0,0,2,0,0,,268,1655,0,0,0,0,0
2023-06-23,Southwest,N484XX,4704,DEN,CityName,State,SFO,CityName,State,0,0,-8,0,0,,235,319,0,0,0,0,0
2023-06-23,United,N947XX,8586,SFO,CityName,State,SFO,CityName,State,0,0,-1,0,0,,234,1825,0,0,0,0,0
2023-06-23,United,N640XX,1932,SFO,CityName,State,SFO,CityName,State,0,0,0,0,0,,66,972,0,0,0,0,0
2023-06-23,United,N317XX,1990,BOS,CityName,State,DFW,CityName,State,0,0,-3,0,0,,148,1116,0,0,0,0,0
2023-06-23,JetBlue,N536XX,264,DEN,CityName,State,ORD,CityName,State,60,1,60,1,0,,282,2975,0,60,0,0,0
2023-06-23,Southwest,N865XX,7436,DFW,CityName,State,ATL,CityName,State,0,0,2,0,0,,45,1610,0,0,0,0,0
2023-06-23,American,N258XX,1843,LAX,CityName,State,JFK,CityName,State,15,1,20,1,0,,285,742,20,0,0,0,0
2023-06-23,Southwest,N571XX,7451,JFK,CityName,State,DEN,CityName,State,0,0,-8,0,0,,80,523,0,0,0,0,0
2023-06-23,American,N137XX,1171,ATL,CityName,State,ORD,CityName,State,15,1,16,1,0,,320,2464,16,0,0,0,0
2023-06-23,JetBlue,N735XX,181,ORD,CityName,State,SEA,CityName,State,0,0,9,0,0,,51,1554,0,0,0,0,0
2023-06-23,United,N639XX,2075,JFK,CityName,State,SEA,CityName,State,0,0,-4,0,0,,246,2164,0,0,0,0,0
2023-06-23,Southwest,N520XX,5953,LAX,CityName,State,ATL,CityName,State,0,0,0,0,1,A,168,1546,0,0,0,0,0
2023-06-23,Delta,N867XX,8052,ATL,CityName,State,MIA,CityName,State,0,0,-2,0,0,,201,1397,0,0,0,0,0
2023-06-23,Delta,N734XX,9709,SFO,CityName,State,DFW,CityName,State,30,1,24,1,0,,267,1532,24,0,0,0,0
2023-06-23,Delta,N442XX,2650,LAX,CityName,State,JFK,CityName,State,120,1,128,1,0,,242,755,0,0,128,0,0
2023-06-23,JetBlue,N934XX,4911,BOS,CityName,State,MIA,CityName,State,0,0,-1,0,0,,48,2529,0,0,0,0,0
2023-06-23,United,N665XX,8256,JFK,CityName,State,DFW,CityName,State,15,1,0,0,1,A,282,1909,0,0,0,0,0
2023-06-23,American,N864XX,3807,JFK,CityName,State,MIA,CityName,State,0,0,6,0,0,,172,2865,0,0,0,0,0
2023-06-23,American,N574XX,1199,LAX,CityName,State,JFK,CityName,State,0,0,0,0,0,,215,1271,0,0,0,0,0
2023-06-23,United,N815XX,9960,MIA,CityName,State,SFO,CityName,State,15,1,12,0,0,,321,398,0,0,0,0,0
2023-06-23,United,N442XX,8582,JFK,CityName,State,LAX,CityName,State,0,0,10,0,0,,157,2448,0,0,0,0,0
2023-06-23,Delta,N381XX,5514,MIA,CityName,State,SFO,CityName,State,45,1,31,1,0,,334,830,0,31,0,0,0
2023-06-24,Southwest,N799XX,4743,SFO,CityName,State,SFO,CityName,State,0,0,8,0,0,,128,1336,0,0,0,0,0
2023-06-24,Delta,N702XX,434,MIA,CityName,State,JFK,CityName,State,0,0,-6,0,0,,323,687,0,0,0,0,0
2023-06-24,JetBlue,N949XX,1991,DFW,CityName,State,MIA,CityName,State,0,0,-1,0,0,,306,536,0,0,0,0,0
2023-06-24,JetBlue,N763XX,8083,BOS,CityName,State,JFK,CityName,State,60,1,67,1,0,,359,2241,0,67,0,0,0
2023-06-24,Delta,N217XX,7607,LAX,CityName,State,SEA,CityName,State,120,1,125,1,0,,307,1833,0,0,125,0,0
2023-06-24,Southwest,N308XX,4844,ATL,CityName,State,MIA,CityName,State,0,0,6,0,0,,356,2993,0,0,0,0,0
2023-06-24,American,N306XX,4080,MIA,CityName,State,BOS,CityName,State,0,0,-8,0,0,,195,936,0,0,0,0,0
2023-06-24,United,N144XX,9788,ORD,CityName,State,DFW,CityName,State,0,0,-14,0,0,,124,2089,0,0,0,0,0
2023-06-24,Southwest,N394XX,1985,LAX,CityName,State,ORD,CityName,State,0,0,-1,0,0,,316,2005,0,0,0,0,0
2023-06-24,Southwest,N275XX,3742,ORD,CityName,State,DEN,CityName,State,0,0,-9,0,0,,297,1024,0,0,0,0,0
2023-06-24,Southwest,N508XX,3057,SFO,CityName,State,LAX,CityName,State,0,0,0,0,0,,265,1093,0,0,0,0,0
2023-06-24,Southwest,N577XX,4787,JFK,CityName,State,BOS,CityName,State,0,0,-13,0,0,,287,1801,0,0,0,0,0
2023-06-24,Southwest,N201XX,7583,MIA,CityName,State,SFO,CityName,State,0,0,4,0,0,,318,2658,0,0,0,0,0
2023-06-24,Delta,N591XX,7708,ORD,CityName,State,BOS,CityName,State,0,0,-13,0,0,,74,709,0,0,0,0,0
2023-06-25,Southwest,N326XX,1241,BOS,CityName,State,SEA,CityName,State,0,0,-1,0,0,,286,1756,0,0,0,0,0
2023-06-25,Southwest,N787XX,3352,SEA,CityName,State,DFW,CityName,State,0,0,9,0,0,,167,2156,0,0,0,0,0
2023-06-25,Delta,N621XX,985,SFO,CityName,State,ORD,CityName,State,15,1,13,0,0,,155,1167,0,0,0,0,0
2023-06-25,American,N212XX,5933,ATL,CityName,State,MIA,CityName,State,0,0,-6,0,0,,89,1742,0,0,0,0,0
2023-06-25,Delta,N454XX,4636,BOS,CityName,State,ATL,CityName,State,15,1,22,1,0,,109,264,0,0,0,0,22
2023-06-25,United,N848XX,8381,ATL,CityName,State,SFO,CityName,State,0,0,-4,0,0,,195,541,0,0,0,0,0
2023-06-26,Delta,N825XX,8847,DEN,CityName,State,MIA,CityName,State,0,0,-5,0,0,,322,460,0,0,0,0,0
2023-06-26,Delta,N296XX,177,ORD,CityName,State,JFK,CityName,State,0,0,1,0,0,,285,471,0,0,0,0,0
2023-06-26,Delta,N251XX,1765,DEN,CityName,State,ORD,CityName,State,0,0,2,0,0,,46,1415,0,0,0,0,0
2023-06-26,American,N731XX,495,LAX,CityName,State,ATL,CityName,State,120,1,113,1,0,,222,669,113,0,0,0,0
2023-06-26,Delta,N428XX,7011,BOS,CityName,State,DEN,CityName,State,45,1,55,1,0,,100,1933,0,55,0,0,0
2023-06-26,Delta,N654XX,6554,SFO,CityName,State,MIA,CityName,State,0,0,-10,0,0,,280,2128,0,0,0,0,0
2023-06-26,JetBlue,N262XX,2639,JFK,CityName,State,DEN,CityName,State,0,0,7,0,0,,326,434,0,0,0,0,0
2023-06-26,JetBlue,N646XX,7772,SEA,CityName,State,DEN,CityName,State,0,0,0,0,0,,74,801,0,0,0,0,0
2023-06-26,Delta,N301XX,3152,ORD,CityName,State,ATL,CityName,State,0,0,-1,0,0,,139,1076,0,0,0,0,0
2023-06-26,Delta,N634XX,168,SFO,CityName,State,MIA,CityName,State,0,0,-4,0,0,,127,2645,0,0,0,0,0
2023-06-26,Southwest,N391XX,8719,ORD,CityName,State,SEA,CityName,State,0,0,-2,0,0,,168,199,0,0,0,0,0
2023-06-26,American,N267XX,1907,ATL,CityName,State,DEN,CityName,State,0,0,9,0,0,,120,821,0,0,0,0,0
2023-06-26,Southwest,N726XX,9485,SFO,CityName,State,SFO,CityName,State,0,0,-7,0,0,,313,1184,0,0,0,0,0
2023-06-26,Delta,N202XX,3100,LAX,CityName,State,ORD,CityName,State,0,0,2,0,0,,121,1604,0,0,0,0,0
2023-06-26,Delta,N846XX,3068,MIA,CityName,State,SFO,CityName,State,0,0,9,0,0,,102,1210,0,0,0,0,0
2023-06-26,American,N608XX,2751,BOS,CityName,State,LAX,CityName,State,0,0,8,0,0,,100,1069,0,0,0,0,0
2023-06-27,American,N399XX,4438,SFO,CityName,State,DEN,CityName,State,0,0,-10,0,0,,142,713,0,0,0,0,0
2023-06-27,United,N794XX,9425,BOS,CityName,State,MIA,CityName,State,0,0,-2,0,0,,80,185,0,0,0,0,0
2023-06-27,JetBlue,N150XX,2221,SFO,CityName,State,MIA,CityName,State,0,0,-4,0,0,,282,375,0,0,0,0,0
2023-06-27,Southwest,N230XX,681,BOS,CityName,State,ORD,CityName,State,0,0,-2,0,0,,58,2067,0,0,0,0,0
2023-06-27,Delta,N830XX,4455,DEN,CityName,State,MIA,CityName,State,0,0,0,0,1,A,49,1669,0,0,0,0,0
2023-06-27,American,N441XX,694,DEN,CityName,State,DFW,CityName,State,0,0,7,0,0,,75,1992,0,0,0,0,0
2023-06-27,American,N795XX,6814,DEN,CityName,State,ATL,CityName,State,0,0,10,0,0,,211,679,0,0,0,0,0
2023-06-27,Delta,N164XX,1111,SFO,CityName,State,DEN,CityName,State,0,0,-9,0,0,,259,947,0,0,0,0,0
2023-06-27,Southwest,N978XX,7532,SFO,CityName,State,DFW,CityName,State,0,0,-3,0,0,,168,219,0,0,0,0,0
2023-06-27,Southwest,N270XX,7052,SEA,CityName,State,LAX,CityName,State,30,1,16,1,0,,84,1202,16,0,0,0,0
2023-06-27,JetBlue,N259XX,8138,LAX,CityName,State,MIA,CityName,State,15,1,2,0,0,,236,2761,0,0,0,0,0
2023-06-27,Southwest,N819XX,1961,SFO,CityName,State,SFO,CityName,State,15,1,2,0,0,,86,1022,0,0,0,0,0
2023-06-28,Southwest,N968XX,5270,JFK,CityName,State,DEN,CityName,State,0,0,1,0,0,,69,1620,0,0,0,0,0
2023-06-28,United,N834XX,638,DEN,CityName,State,LAX,CityName,State,0,0,8,0,0,,337,1832,0,0,0,0,0
2023-06-28,United,N736XX,2018,MIA,CityName,State,DEN,CityName,State,15,1,24,1,0,,357,746,0,24,0,0,0
2023-06-28,Delta,N783XX,9512,LAX,CityName,State,SEA,CityName,State,0,0,-2,0,0,,113,1126,0,0,0,0,0
2023-06-28,American,N362XX,6933,JFK,CityName,State,DEN,CityName,State,15,1,9,0,0,,144,649,0,0,0,0,0
2023-06-28,JetBlue,N477XX,6525,ORD,CityName,State,LAX,CityName,State,30,1,35,1,0,,128,777,0,0,35,0,0
2023-06-28,Southwest,N327XX,8095,JFK,CityName,State,SEA,CityName,State,0,0,6,0,0,,78,1361,0,0,0,0,0
2023-06-28,Delta,N230XX,1550,JFK,CityName,State,SFO,CityName,State,0,0,-13,0,0,,344,2016,0,0,0,0,0
2023-06-28,United,N685XX,2110,ORD,CityName,State,BOS,CityName,State,0,0,9,0,0,,249,2615,0,0,0,0,0
2023-06-28,Delta,N671XX,6393,DFW,CityName,State,JFK,CityName,State,30,1,40,1,0,,68,2931,0,0,40,0,0
2023-06-28,American,N661XX,8681,DFW,CityName,State,ATL,CityName,State,15,1,0,0,1,A,55,1447,0,0,0,0,0
2023-06-28,Delta,N178XX,4347,ORD,CityName,State,BOS,CityName,State,0,0,7,0,0,,262,1688,0,0,0,0,0
2023-06-28,American,N993XX,3367,ORD,CityName,State,LAX,CityName,State,120,1,111,1,0,,91,1956,0,0,111,0,0
2023-06-28,Southwest,N181XX,1298,ORD,CityName,State,DFW,CityName,State,0,0,-6,0,0,,221,1515,0,0,0,0,0
2023-06-29,Delta,N304XX,2976,DFW,CityName,State,SFO,CityName,State,60,1,65,1,0,,251,1374,0,0,65,0,0
2023-06-29,JetBlue,N170XX,1090,LAX,CityName,State,MIA,CityName,State,30,1,40,1,0,,334,1200,40,0,0,0,0
2023-06-29,Southwest,N740XX,6135,ATL,CityName,State,SEA,CityName,State,0,0,-6,0,0,,298,1175,0,0,0,0,0
2023-06-29,Delta,N117XX,7804,MIA,CityName,State,ATL,CityName,State,0,0,-7,0,0,,249,1081,0,0,0,0,0
2023-06-29,JetBlue,N752XX,7262,DFW,CityName,State,SFO,CityName,State,0,0,1,0,0,,100,251,0,0,0,0,0
2023-06-29,Southwest,N525XX,3061,SEA,CityName,State,SFO,CityName,State,0,0,-12,0,0,,258,2427,0,0,0,0,0
2023-06-29,Delta,N707XX,6671,SFO,CityName,State,MIA,CityName,State,0,0,5,0,0,,196,1808,0,0,0,0,0
2023-06-29,Delta,N206XX,3670,DEN,CityName,State,JFK,CityName,State,0,0,-5,0,0,,296,2727,0,0,0,0,0
2023-06-29,American,N788XX,3810,JFK,CityName,State,ORD,CityName,State,0,0,0,0,1,A,255,1367,0,0,0,0,0
2023-06-30,United,N626XX,4002,MIA,CityName,State,SFO,CityName,State,0,0,-7,0,0,,343,2626,0,0,0,0,0
2023-06-30,JetBlue,N606XX,1894,ORD,CityName,State,BOS,CityName,State,0,0,-6,0,0,,231,2688,0,0,0,0,0
2023-06-30,Delta,N438XX,7634,DEN,CityName,State,BOS,CityName,State,0,0,-11,0,0,,94,909,0,0,0,0,0
2023-06-30,Delta,N951XX,3360,DFW,CityName,State,SFO,CityName,State,0,0,3,0,0,,224,1588,0,0,0,0,0
2023-06-30,American,N342XX,8825,DFW,CityName,State,SFO,CityName,State,0,0,7,0,0,,199,485,0,0,0,0,0
2023-06-30,Delta,N297XX,3286,MIA,CityName,State,LAX,CityName,State,0,0,7,0,0,,169,192,0,0,0,0,0
2023-06-30,American,N108XX,2277,DEN,CityName,State,JFK,CityName,State,0,0,-8,0,0,,211,1415,0,0,0,0,0
2023-06-30,Southwest,N457XX,9639,ATL,CityName,State,DEN,CityName,State,0,0,6,0,0,,105,2236,0,0,0,0,0
2023-06-30,Delta,N909XX,7927,ATL,CityName,State,SEA,CityName,State,120,1,115,1,0,,261,2202,115,0,0,0,0
2023-07-01,Southwest,N802XX,4436,SFO,CityName,State,LAX,CityName,State,0,0,-14,0,0,,241,2779,0,0,0,0,0
2023-07-01,American,N151XX,6457,ATL,CityName,State,ORD,CityName,State,0,0,4,0,0,,127,2425,0,0,0,0,0
2023-07-01,JetBlue,N103XX,223,ATL,CityName,State,MIA,CityName,State,60,1,55,1,0,,312,1647,55,0,0,0,0
2023-07-01,Delta,N395XX,8813,DEN,CityName,State,ORD,CityName,State,0,0,6,0,0,,226,945,0,0,0,0,0
2023-07-01,United,N808XX,2399,JFK,CityName,State,MIA,CityName,State,120,1,125,1,0,,80,1074,0,0,125,0,0
2023-07-01,American,N604XX,280,SFO,CityName,State,JFK,CityName,State,0,0,-14,0,0,,331,533,0,0,0,0,0
2023-07-01,United,N744XX,840,ATL,CityName,State,LAX,CityName,State,15,1,25,1,0,,156,433,0,25,0,0,0
2023-07-01,Southwest,N570XX,2997,DEN,CityName,State,MIA,CityName,State,0,0,-3,0,0,,132,1633,0,0,0,0,0
2023-07-01,United,N158XX,2773,ORD,CityName,State,ATL,CityName,State,0,0,1,0,0,,273,2008,0,0,0,0,0
2023-07-01,Southwest,N363XX,2823,MIA,CityName,State,BOS,CityName,State,0,0,0,0,0,,261,1657,0,0,0,0,0
2023-07-01,Southwest,N101XX,6774,ATL,CityName,State,LAX,CityName,State,0,0,-3,0,0,,75,2518,0,0,0,0,0
2023-07-01,American,N717XX,2757,DFW,CityName,State,SFO,CityName,State,0,0,-8,0,0,,224,1786,0,0,0,0,0
2023-07-01,United,N241XX,9758,DFW,CityName,State,MIA,CityName,State,0,0,-1,0,0,,98,2135,0,0,0,0,0
2023-07-01,United,N661XX,9871,JFK,CityName,State,BOS,CityName,State,0,0,8,0,0,,343,1443,0,0,0,0,0
2023-07-01,JetBlue,N483XX,1037,DFW,CityName,State,ORD,CityName,State,0,0,1,0,0,,52,1865,0,0,0,0,0
2023-07-02,Delta,N945XX,8323,DFW,CityName,State,MIA,CityName,State,0,0,9,0,0,,205,604,0,0,0,0,0
2023-07-02,Delta,N801XX,3195,ATL,CityName,State,JFK,CityName,State,0,0,0,0,1,A,317,648,0,0,0,0,0
2023-07-02,American,N895XX,2578,BOS,CityName,State,SFO,CityName,State,0,0,-10,0,0,,123,2308,0,0,0,0,0
2023-07-02,American,N715XX,5849,ATL,CityName,State,DEN,CityName,State,0,0,-4,0,0,,249,2900,0,0,0,0,0
2023-07-02,Southwest,N436XX,8088,SEA,CityName,State,DEN,CityName,State,0,0,7,0,0,,322,2300,0,0,0,0,0
2023-07-02,JetBlue,N496XX,1591,JFK,CityName,State,MIA,CityName,State,30,1,39,1,0,,82,841,39,0,0,0,0
2023-07-03,JetBlue,N544XX,8966,DFW,CityName,State,ATL,CityName,State,0,0,9,0,0,,133,2164,0,0,0,0,0
2023-07-03,American,N449XX,6785,DFW,CityName,State,JFK,CityName,State,60,1,61,1,0,,255,969,61,0,0,0,0
2023-07-03,Delta,N713XX,8424,DEN,CityName,State,BOS,CityName,State,30,1,28,1,0,,337,1030,28,0,0,0,0
2023-07-03,JetBlue,N917XX,9483,MIA,CityName,State,ATL,CityName,State,0,0,-1,0,0,,53,2152,0,0,0,0,0
2023-07-03,Southwest,N532XX,3193,SEA,CityName,State,ATL,CityName,State,30,1,0,0,1,A,303,1127,0,0,0,0,0
2023-07-03,Southwest,N659XX,7952,DFW,CityName,State,ATL,CityName,State,0,0,1,0,0,,229,2558,0,0,0,0,0
2023-07-03,United,N113XX,176,MIA,CityName,State,DEN,CityName,State,0,0,6,0,0,,86,2703,0,0,0,0,0
2023-07-04,American,N355XX,7966,JFK,CityName,State,BOS,CityName,State,0,0,3,0,0,,303,711,0,0,0,0,0
2023-07-04,Delta,N574XX,4724,SEA,CityName,State,ORD,CityName,State,15,1,2,0,0,,276,2817,0,0,0,0,0
2023-07-04,United,N989XX,1118,ATL,CityName,State,MIA,CityName,State,0,0,6,0,0,,141,1427,0,0,0,0,0
2023-07-04,JetBlue,N344XX,2013,MIA,CityName,State,SFO,CityName,State,0,0,-7,0,0,,131,2383,0,0,0,0,0
2023-07-04,Southwest,N318XX,864,SFO,CityName,State,ORD,CityName,State,0,0,0,0,0,,217,658,0,0,0,0,0
2023-07-04,United,N843XX,5887,ORD,CityName,State,MIA,CityName,State,0,0,2,0,0,,315,2789,0,0,0,0,0
2023-07-04,Southwest,N681XX,7719,LAX,CityName,State,BOS,CityName,State,0,0,-5,0,0,,261,1329,0,0,0,0,0
2023-07-04,Delta,N481XX,1693,LAX,CityName,State,JFK,CityName,State,0,0,-13,0,0,,191,2843,0,0,0,0,0
2023-07-04,Delta,N233XX,6399,SFO,CityName,State,LAX,CityName,State,0,0,5,0,0,,85,656,0,0,0,0,0
2023-07-04,JetBlue,N402XX,7926,SEA,CityName,State,DEN,CityName,State,0,0,-4,0,0,,83,710,0,0,0,0,0
2023-07-04,Delta,N366XX,1384,DFW,CityName,State,BOS,CityName,State,0,0,-4,0,0,,293,1204,0,0,0,0,0
2023-07-05,Delta,N169XX,6278,DFW,CityName,State,SFO,CityName,State,0,0,-6,0,0,,243,2116,0,0,0,0,0
2023-07-05,American,N708XX,4197,SFO,CityName,State,SEA,CityName,State,0,0,-9,0,0,,162,760,0,0,0,0,0
2023-07-05,American,N874XX,2002,SFO,CityName,State,SFO,CityName,State,0,0,-14,0,0,,256,2406,0,0,0,0,0
2023-07-05,United,N188XX,8489,DFW,CityName,State,ORD,CityName,State,0,0,-2,0,0,,350,1853,0,0,0,0,0
2023-07-05,United,N536XX,7277,DEN,CityName,State,JFK,CityName,State,0,0,-7,0,0,,217,2933,0,0,0,0,0
2023-07-05,JetBlue,N196XX,7800,SFO,CityName,State,DEN,CityName,State,0,0,-11,0,0,,296,896,0,0,0,0,0
2023-07-05,JetBlue,N107XX,5151,MIA,CityName,State,JFK,CityName,State,0,0,-3,0,0,,358,1340,0,0,0,0,0
2023-07-05,Delta,N688XX,6178,SFO,CityName,State,BOS,CityName,State,15,1,23,1,0,,163,672,23,0,0,0,0
2023-07-05,United,N572XX,5391,ORD,CityName,State,MIA,CityName,State,0,0,-1,0,0,,332,2709,0,0,0,0,0
2023-07-06,United,N860XX,8428,DFW,CityName,State,MIA,CityName,State,0,0,10,0,0,,259,2593,0,0,0,0,0
2023-07-06,United,N111XX,8934,ATL,CityName,State,MIA,CityName,State,0,0,0,0,0,,184,557,0,0,0,0,0
2023-07-06,United,N213XX,2404,LAX,CityName,State,BOS,CityName,State,60,1,51,1,0,,150,1454,51,0,0,0,0
2023-07-06,Southwest,N444XX,5672,BOS,CityName,State,DFW,CityName,State,0,0,-6,0,0,,228,902,0,0,0,0,0
2023-07-06,JetBlue,N729XX,4071,DFW,CityName,State,ATL,CityName,State,15,1,10,0,0,,65,1763,0,0,0,0,0
2023-07-06,Southwest,N276XX,5013,DFW,CityName,State,ATL,CityName,State,0,0,-8,0,0,,337,2086,0,0,0,0,0
2023-07-07,Southwest,N266XX,8540,DFW,CityName,State,DFW,CityName,State,30,1,33,1,0,,190,1361,0,0,33,0,0
2023-07-07,Southwest,N413XX,8802,MIA,CityName,State,BOS,CityName,State,0,0,7,0,0,,50,2100,0,0,0,0,0
2023-07-07,Delta,N218XX,6451,SEA,CityName,State,MIA,CityName,State,120,1,124,1,0,,275,273,0,0,0,0,124
2023-07-07,Delta,N118XX,214,MIA,CityName,State,SFO,CityName,State,0,0,-6,0,0,,324,1842,0,0,0,0,0
2023-07-07,Delta,N708XX,1224,SFO,CityName,State,ATL,CityName,State,60,1,63,1,0,,325,1233,0,0,63,0,0
2023-07-07,Southwest,N208XX,997,BOS,CityName,State,ATL,CityName,State,30,1,28,1,0,,264,1683,28,0,0,0,0
2023-07-07,Southwest,N993XX,5959,DEN,CityName,State,JFK,CityName,State,0,0,9,0,0,,102,210,0,0,0,0,0
2023-07-07,American,N633XX,6198,SFO,CityName,State,DEN,CityName,State,15,1,13,0,0,,87,2299,0,0,0,0,0
2023-07-07,United,N907XX,2130,MIA,CityName,State,DFW,CityName,State,0,0,-10,0,0,,52,823,0,0,0,0,0
2023-07-07,Southwest,N963XX,8797,DFW,CityName,State,SEA,CityName,State,15,1,11,0,0,,165,593,0,0,0,0,0
2023-07-07,JetBlue,N916XX,9426,ORD,CityName,State,DEN,CityName,State,0,0,9,0,0,,269,2992,0,0,0,0,0
2023-07-07,Delta,N162XX,293,BOS,CityName,State,LAX,CityName,State,0,0,10,0,0,,268,1391,0,0,0,0,0
2023-07-07,JetBlue,N518XX,1174,SEA,CityName,State,LAX,CityName,State,0,0,2,0,0,,193,1275,0,0,0,0,0
2023-07-07,Southwest,N560XX,3055,ORD,CityName,State,JFK,CityName,State,0,0,-1,0,0,,288,1933,0,0,0,0,0
2023-07-07,Delta,N158XX,406,ATL,CityName,State,BOS,CityName,State,0,0,2,0,0,,195,2439,0,0,0,0,0
2023-07-07,United,N967XX,855,DEN,CityName,State,BOS,CityName,State,0,0,8,0,0,,266,2061,0,0,0,0,0
2023-07-07,Southwest,N395XX,4776,LAX,CityName,State,BOS,CityName,State,0,0,-8,0,0,,141,1279,0,0,0,0,0
2023-07-07,Southwest,N444XX,4191,SFO,CityName,State,DFW,CityName,State,0,0,-4,0,0,,215,970,0,0,0,0,0
2023-07-07,Delta,N817XX,1556,SFO,CityName,State,BOS,CityName,State,45,1,44,1,0,,355,2299,44,0,0,0,0
2023-07-07,Southwest,N789XX,2970,MIA,CityName,State,SFO,CityName,State,0,0,-6,0,0,,178,633,0,0,0,0,0
2023-07-08,Delta,N400XX,4973,ORD,CityName,State,DFW,CityName,State,0,0,7,0,0,,210,243,0,0,0,0,0
2023-07-08,JetBlue,N237XX,1719,SFO,CityName,State,ORD,CityName,State,30,1,22,1,0,,167,167,0,0,22,0,0
2023-07-08,JetBlue,N606XX,4299,MIA,CityName,State,BOS,CityName,State,0,0,-5,0,0,,123,2058,0,0,0,0,0
2023-07-08,JetBlue,N979XX,7830,SEA,CityName,State,DFW,CityName,State,45,1,32,1,0,,354,2330,0,0,32,0,0
2023-07-08,JetBlue,N222XX,1084,DEN,CityName,State,DFW,CityName,State,0,0,1,0,0,,178,459,0,0,0,0,0
2023-07-08,JetBlue,N260XX,3482,BOS,CityName,State,SEA,CityName,State,0,0,-12,0,0,,122,1064,0,0,0,0,0
2023-07-08,American,N445XX,972,DFW,CityName,State,LAX,CityName,State,15,1,20,1,0,,233,1804,0,0,0,0,20
2023-07-08,Delta,N544XX,1244,BOS,CityName,State,ATL,CityName,State,0,0,4,0,0,,183,2123,0,0,0,0,0
2023-07-08,American,N148XX,241,LAX,CityName,State,SFO,CityName,State,0,0,3,0,0,,273,2665,0,0,0,0,0
2023-07-08,United,N432XX,7891,LAX,CityName,State,MIA,CityName,State,0,0,-3,0,0,,195,2215,0,0,0,0,0
2023-07-08,American,N180XX,7837,SFO,CityName,State,SFO,CityName,State,0,0,-13,0,0,,202,2853,0,0,0,0,0
2023-07-08,Southwest,N646XX,122,DFW,CityName,State,BOS,CityName,State,0,0,-8,0,0,,189,1283,0,0,0,0,0
2023-07-08,JetBlue,N538XX,5168,SFO,CityName,State,ORD,CityName,State,15,1,16,1,0,,244,1888,16,0,0,0,0
2023-07-09,JetBlue,N960XX,7823,SEA,CityName,State,DFW,CityName,State,0,0,10,0,0,,51,1787,0,0,0,0,0
2023-07-09,JetBlue,N540XX,8181,ATL,CityName,State,ATL,CityName,State,0,0,-10,0,0,,347,2180,0,0,0,0,0
2023-07-09,Southwest,N619XX,6410,SEA,CityName,State,ORD,CityName,State,0,0,4,0,0,,341,2409,0,0,0,0,0
2023-07-09,JetBlue,N762XX,7266,SFO,CityName,State,ATL,CityName,State,0,0,-11,0,0,,249,1347,0,0,0,0,0
2023-07-09,American,N419XX,3030,BOS,CityName,State,BOS,CityName,State,0,0,9,0,0,,96,1893,0,0,0,0,0
2023-07-09,Delta,N800XX,6965,ORD,CityName,State,MIA,CityName,State,0,0,-9,0,0,,74,2779,0,0,0,0,0
2023-07-09,American,N660XX,8684,BOS,CityName,State,LAX,CityName,State,30,1,30,1,0,,318,303,30,0,0,0,0
2023-07-10,Southwest,N957XX,6426,DEN,CityName,State,MIA,CityName,State,0,0,0,0,1,A,266,1811,0,0,0,0,0
2023-07-10,Southwest,N866XX,4797,LAX,CityName,State,ATL,CityName,State,15,1,5,0,0,,250,2302,0,0,0,0,0
2023-07-10,Southwest,N183XX,6533,BOS,CityName,State,ORD,CityName,State,0,0,-2,0,0,,270,316,0,0,0,0,0
2023-07-10,American,N183XX,4191,MIA,CityName,State,JFK,CityName,State,0,0,-7,0,0,,306,2221,0,0,0,0,0
2023-07-10,American,N445XX,7533,ORD,CityName,State,MIA,CityName,State,15,1,18,1,0,,283,832,18,0,0,0,0
2023-07-10,JetBlue,N830XX,6958,JFK,CityName,State,DFW,CityName,State,0,0,-10,0,0,,349,1683,0,0,0,0,0
2023-07-10,United,N840XX,8232,DFW,CityName,State,JFK,CityName,State,0,0,2,0,0,,176,1898,0,0,0,0,0
2023-07-10,Delta,N233XX,1075,ORD,CityName,State,SFO,CityName,State,0,0,-2,0,0,,161,1143,0,0,0,0,0
2023-07-10,Delta,N987XX,1257,DEN,CityName,State,ATL,CityName,State,15,1,16,1,0,,179,2615,0,0,16,0,0
2023-07-10,United,N604XX,4914,DFW,CityName,State,DFW,CityName,State,0,0,-9,0,0,,350,421,0,0,0,0,0
2023-07-10,Delta,N596XX,102,MIA,CityName,State,ATL,CityName,State,0,0,2,0,0,,132,2720,0,0,0,0,0
2023-07-10,Delta,N522XX,2944,MIA,CityName,State,JFK,CityName,State,0,0,-14,0,0,,228,1515,0,0,0,0,0
2023-07-10,American,N993XX,5247,MIA,CityName,State,ORD,CityName,State,0,0,7,0,0,,341,704,0,0,0,0,0
2023-07-10,JetBlue,N331XX,8310,ATL,CityName,State,LAX,CityName,State,0,0,-10,0,0,,93,983,0,0,0,0,0
2023-07-10,American,N680XX,4368,JFK,CityName,State,LAX,CityName,State,0,0,-12,0,0,,125,1256,0,0,0,0,0
2023-07-10,Delta,N774XX,8766,DEN,CityName,State,SFO,CityName,State,0,0,-4,0,0,,300,1337,0,0,0,0,0
2023-07-10,American,N848XX,1867,ORD,CityName,State,SFO,CityName,State,0,0,5,0,0,,332,2013,0,0,0,0,0
2023-07-11,JetBlue,N933XX,5422,ORD,CityName,State,DEN,CityName,State,15,1,19,1,0,,87,262,19,0,0,0,0
2023-07-11,Delta,N204XX,9324,BOS,CityName,State,DEN,CityName,State,0,0,-9,0,0,,293,2712,0,0,0,0,0
2023-07-11,United,N385XX,9824,SFO,CityName,State,MIA,CityName,State,0,0,-12,0,0,,216,2576,0,0,0,0,0
2023-07-11,Delta,N585XX,8463,JFK,CityName,State,SEA,CityName,State,0,0,10,0,0,,118,1412,0,0,0,0,0
2023-07-11,Delta,N437XX,380,JFK,CityName,State,DFW,CityName,State,15,1,1,0,0,,150,1245,0,0,0,0,0
2023-07-11,Delta,N725XX,9690,SEA,CityName,State,ATL,CityName,State,0,0,4,0,0,,294,1713,0,0,0,0,0
2023-07-11,Delta,N567XX,2804,DEN,CityName,State,DEN,CityName,State,0,0,5,0,0,,250,284,0,0,0,0,0
2023-07-11,United,N606XX,4831,LAX,CityName,State,MIA,CityName,State,0,0,10,0,0,,273,569,0,0,0,0,0
2023-07-11,American,N397XX,5219,BOS,CityName,State,SFO,CityName,State,0,0,-5,0,0,,211,450,0,0,0,0,0
2023-07-11,JetBlue,N497XX,6971,BOS,CityName,State,LAX,CityName,State,0,0,-6,0,0,,335,1104,0,0,0,0,0
2023-07-11,JetBlue,N396XX,3825,LAX,CityName,State,ORD,CityName,State,0,0,0,0,0,,256,2435,0,0,0,0,0
2023-07-11,United,N679XX,8903,DFW,CityName,State,ATL,CityName,State,0,0,-12,0,0,,283,2760,0,0,0,0,0
2023-07-12,United,N998XX,1097,JFK,CityName,State,MIA,CityName,State,0,0,9,0,0,,97,900,0,0,0,0,0
2023-07-12,Delta,N216XX,2583,DEN,CityName,State,SFO,CityName,State,0,0,-10,0,0,,151,1775,0,0,0,0,0
2023-07-12,American,N113XX,1806,LAX,CityName,State,SFO,CityName,State,0,0,-12,0,0,,306,530,0,0,0,0,0
2023-07-12,American,N829XX,177,BOS,CityName,State,LAX,CityName,State,0,0,-6,0,0,,90,2887,0,0,0,0,0
2023-07-12,JetBlue,N817XX,4992,SEA,CityName,State,SFO,CityName,State,0,0,10,0,0,,76,2064,0,0,0,0,0
2023-07-12,American,N282XX,2425,DFW,CityName,State,LAX,CityName,State,15,1,14,0,0,,257,2872,0,0,0,0,0
2023-07-12,Delta,N338XX,2504,MIA,CityName,State,SFO,CityName,State,0,0,5,0,0,,330,1829,0,0,0,0,0
2023-07-12,Delta,N878XX,254,JFK,CityName,State,MIA,CityName,State,0,0,-5,0,0,,210,2073,0,0,0,0,0
2023-07-12,JetBlue,N700XX,8601,ATL,CityName,State,DEN,CityName,State,0,0,-11,0,0,,54,1634,0,0,0,0,0
2023-07-12,Delta,N868XX,7375,BOS,CityName,State,SFO,CityName,State,0,0,-12,0,0,,120,1566,0,0,0,0,0
2023-07-12,Delta,N502XX,2566,SEA,CityName,State,SFO,CityName,State,0,0,6,0,0,,125,298,0,0,0,0,0
2023-07-12,Delta,N755XX,5449,SFO,CityName,State,DFW,CityName,State,0,0,-7,0,0,,263,1929,0,0,0,0,0
2023-07-12,JetBlue,N334XX,2004,LAX,CityName,State,BOS,CityName,State,0,0,4,0,0,,90,597,0,0,0,0,0
2023-07-12,JetBlue,N333XX,3485,DEN,CityName,State,LAX,CityName,State,30,1,24,1,0,,46,2407,0,24,0,0,0
2023-07-12,United,N733XX,7072,LAX,CityName,State,LAX,CityName,State,0,0,4,0,0,,252,1815,0,0,0,0,0
2023-07-12,Delta,N971XX,7794,JFK,CityName,State,ORD,CityName,State,0,0,-10,0,0,,336,2368,0,0,0,0,0
2023-07-12,United,N519XX,4491,DEN,CityName,State,BOS,CityName,State,0,0,-3,0,0,,340,2389,0,0,0,0,0
2023-07-12,JetBlue,N124XX,5550,SFO,CityName,State,SEA,CityName,State,0,0,1,0,0,,109,1071,0,0,0,0,0
2023-07-12,United,N834XX,6767,ATL,CityName,State,DFW,CityName,State,0,0,-11,0,0,,122,1908,0,0,0,0,0
2023-07-13,Southwest,N116XX,3774,MIA,CityName,State,MIA,CityName,State,0,0,5,0,0,,163,2134,0,0,0,0,0
2023-07-13,United,N650XX,6602,ATL,CityName,State,SFO,CityName,State,45,1,48,1,0,,62,2310,48,0,0,0,0
2023-07-13,United,N259XX,4450,LAX,CityName,State,BOS,CityName,State,30,1,17,1,0,,192,1131,17,0,0,0,0
2023-07-13,Southwest,N329XX,1107,SFO,CityName,State,MIA,CityName,State,15,1,19,1,0,,209,2440,0,19,0,0,0
2023-07-13,American,N379XX,2903,DEN,CityName,State,SFO,CityName,State,60,1,63,1,0,,263,1335,0,63,0,0,0
2023-07-13,American,N346XX,6479,SFO,CityName,State,DEN,CityName,State,0,0,10,0,0,,191,1272,0,0,0,0,0
2023-07-13,Delta,N157XX,2354,DFW,CityName,State,ATL,CityName,State,0,0,8,0,0,,250,1687,0,0,0,0,0
2023-07-13,Southwest,N235XX,420,DFW,CityName,State,LAX,CityName,State,60,1,50,1,0,,326,2157,0,50,0,0,0
2023-07-13,JetBlue,N226XX,6801,ORD,CityName,State,DEN,CityName,State,0,0,4,0,0,,73,1997,0,0,0,0,0
2023-07-13,American,N147XX,612,DFW,CityName,State,MIA,CityName,State,0,0,-2,0,0,,289,752,0,0,0,0,0
2023-07-14,JetBlue,N838XX,9580,SEA,CityName,State,SFO,CityName,State,45,1,46,1,0,,115,2534,46,0,0,0,0
2023-07-14,United,N857XX,5556,JFK,CityName,State,DFW,CityName,State,0,0,2,0,0,,115,1856,0,0,0,0,0
2023-07-14,United,N777XX,7810,SFO,CityName,State,ORD,CityName,State,0,0,10,0,0,,241,2252,0,0,0,0,0
2023-07-14,United,N730XX,155,ORD,CityName,State,DEN,CityName,State,0,0,-3,0,0,,158,2774,0,0,0,0,0
2023-07-14,JetBlue,N523XX,8021,DFW,CityName,State,JFK,CityName,State,0,0,0,0,0,,192,819,0,0,0,0,0
2023-07-14,United,N703XX,4181,LAX,CityName,State,LAX,CityName,State,0,0,0,0,1,A,211,2429,0,0,0,0,0
2023-07-14,American,N605XX,7029,DEN,CityName,State,ORD,CityName,State,15,1,0,0,1,A,149,1578,0,0,0,0,0
2023-07-14,American,N851XX,7573,BOS,CityName,State,ORD,CityName,State,0,0,-1,0,0,,297,2667,0,0,0,0,0
2023-07-14,Southwest,N500XX,4557,BOS,CityName,State,LAX,CityName,State,0,0,-10,0,0,,86,648,0,0,0,0,0
2023-07-14,United,N181XX,5441,ATL,CityName,State,ORD,CityName,State,0,0,-6,0,0,,135,231,0,0,0,0,0
2023-07-14,American,N623XX,6924,SFO,CityName,State,DEN,CityName,State,0,0,-6,0,0,,281,1792,0,0,0,0,0
2023-07-14,JetBlue,N924XX,3381,MIA,CityName,State,LAX,CityName,State,0,0,-13,0,0,,153,195,0,0,0,0,0
2023-07-15,Delta,N286XX,9503,JFK,CityName,State,MIA,CityName,State,0,0,4,0,0,,222,1947,0,0,0,0,0
2023-07-15,JetBlue,N900XX,6324,SFO,CityName,State,ATL,CityName,State,0,0,-4,0,0,,344,2959,0,0,0,0,0
2023-07-15,Southwest,N942XX,9625,MIA,CityName,State,JFK,CityName,State,15,1,6,0,0,,291,963,0,0,0,0,0
2023-07-15,Delta,N816XX,3810,JFK,CityName,State,SEA,CityName,State,0,0,-1,0,0,,316,978,0,0,0,0,0
2023-07-15,American,N854XX,3755,SFO,CityName,State,DEN,CityName,State,45,1,40,1,0,,340,1872,40,0,0,0,0
2023-07-15,United,N297XX,9500,BOS,CityName,State,SEA,CityName,State,0,0,5,0,0,,320,1344,0,0,0,0,0
2023-07-15,Delta,N928XX,6784,DFW,CityName,State,DEN,CityName,State,0,0,-4,0,0,,133,1264,0,0,0,0,0
2023-07-15,JetBlue,N521XX,3694,MIA,CityName,State,SFO,CityName,State,0,0,2,0,0,,198,930,0,0,0,0,0
2023-07-15,American,N344XX,1939,SEA,CityName,State,BOS,CityName,State,0,0,6,0,0,,142,521,0,0,0,0,0
2023-07-15,Delta,N330XX,4251,DFW,CityName,State,ATL,CityName,State,60,1,68,1,0,,188,2286,0,0,68,0,0
2023-07-16,Southwest,N705XX,9605,DEN,CityName,State,LAX,CityName,State,0,0,-6,0,0,,278,1340,0,0,0,0,0
2023-07-16,JetBlue,N490XX,7812,LAX,CityName,State,MIA,CityName,State,30,1,22,1,0,,178,423,22,0,0,0,0
2023-07-16,JetBlue,N228XX,6854,LAX,CityName,State,LAX,CityName,State,0,0,10,0,0,,150,556,0,0,0,0,0
2023-07-16,American,N714XX,5678,SEA,CityName,State,ORD,CityName,State,30,1,26,1,0,,239,2018,0,0,0,0,26
2023-07-16,JetBlue,N166XX,4116,MIA,CityName,State,SFO,CityName,State,0,0,-9,0,0,,180,2550,0,0,0,0,0
2023-07-16,Southwest,N283XX,3370,MIA,CityName,State,SFO,CityName,State,0,0,2,0,0,,168,1894,0,0,0,0,0
2023-07-16,Delta,N985XX,5589,SEA,CityName,State,SFO,CityName,State,0,0,2,0,0,,158,2927,0,0,0,0,0
2023-07-16,Delta,N489XX,5159,DEN,CityName,State,DEN,CityName,State,240,1,244,1,0,,135,514,244,0,0,0,0
2023-07-16,United,N259XX,2112,BOS,CityName,State,JFK,CityName,State,0,0,-8,0,0,,123,532,0,0,0,0,0
2023-07-16,Delta,N558XX,7927,DFW,CityName,State,ORD,CityName,State,240,1,247,1,0,,284,529,247,0,0,0,0
2023-07-16,Southwest,N127XX,7534,DFW,CityName,State,DEN,CityName,State,30,1,26,1,0,,78,1243,0,0,26,0,0
2023-07-16,JetBlue,N331XX,7944,DEN,CityName,State,JFK,CityName,State,45,1,50,1,0,,254,2358,0,0,50,0,0
2023-07-16,Southwest,N556XX,1404,ATL,CityName,State,JFK,CityName,State,0,0,-3,0,0,,323,1139,0,0,0,0,0
2023-07-17,United,N320XX,7610,ORD,CityName,State,LAX,CityName,State,45,1,32,1,0,,297,1706,32,0,0,0,0
2023-07-17,JetBlue,N412XX,3760,SEA,CityName,State,DEN,CityName,State,0,0,-1,0,0,,343,1432,0,0,0,0,0
2023-07-17,United,N463XX,7804,BOS,CityName,State,SEA,CityName,State,0,0,5,0,0,,224,2218,0,0,0,0,0
2023-07-17,Delta,N222XX,7862,ORD,CityName,State,DEN,CityName,State,0,0,4,0,0,,220,2877,0,0,0,0,0
2023-07-17,JetBlue,N697XX,1975,JFK,CityName,State,DEN,CityName,State,0,0,2,0,0,,324,373,0,0,0,0,0
2023-07-17,American,N432XX,9854,BOS,CityName,State,DFW,CityName,State,0,0,-2,0,0,,350,855,0,0,0,0,0
2023-07-17,American,N236XX,4943,DEN,CityName,State,BOS,CityName,State,0,0,9,0,0,,179,1613,0,0,0,0,0
2023-07-17,Southwest,N370XX,5582,DFW,CityName,State,SEA,CityName,State,0,0,3,0,0,,84,2381,0,0,0,0,0
2023-07-17,JetBlue,N709XX,1456,SFO,CityName,State,BOS,CityName,State,30,1,25,1,0,,334,1069,0,25,0,0,0
2023-07-17,JetBlue,N629XX,1211,ORD,CityName,State,JFK,CityName,State,30,1,31,1,0,,178,2832,31,0,0,0,0
2023-07-17,Delta,N155XX,1932,SFO,CityName,State,DEN,CityName,State,0,0,-11,0,0,,179,859,0,0,0,0,0
2023-07-17,JetBlue,N308XX,7708,ORD,CityName,State,DEN,CityName,State,0,0,3,0,0,,339,2498,0,0,0,0,0
2023-07-17,United,N669XX,3752,SFO,CityName,State,BOS,CityName,State,60,1,52,1,0,,59,1100,52,0,0,0,0
2023-07-17,American,N722XX,8095,SEA,CityName,State,SEA,CityName,State,0,0,-11,0,0,,164,2250,0,0,0,0,0
2023-07-17,Southwest,N560XX,6519,MIA,CityName,State,ORD,CityName,State,120,1,121,1,0,,216,2730,121,0,0,0,0
2023-07-17,Southwest,N898XX,4209,JFK,CityName,State,DEN,CityName,State,0,0,7,0,0,,92,1365,0,0,0,0,0
2023-07-17,Delta,N343XX,3715,BOS,CityName,State,SFO,CityName,State,0,0,-11,0,0,,102,1923,0,0,0,0,0
2023-07-18,Southwest,N195XX,2473,BOS,CityName,State,DFW,CityName,State,0,0,-5,0,0,,247,2680,0,0,0,0,0
2023-07-18,Southwest,N789XX,5363,LAX,CityName,State,DFW,CityName,State,0,0,7,0,0,,345,1545,0,0,0,0,0
2023-07-18,JetBlue,N733XX,3320,SEA,CityName,State,DFW,CityName,State,0,0,-5,0,0,,152,518,0,0,0,0,0
2023-07-18,American,N907XX,1183,DEN,CityName,State,SEA,CityName,State,120,1,108,1,0,,273,1294,108,0,0,0,0
2023-07-18,American,N669XX,104,DFW,CityName,State,SEA,CityName,State,0,0,-7,0,0,,351,2846,0,0,0,0,0
2023-07-18,United,N990XX,2301,ATL,CityName,State,LAX,CityName,State,0,0,-1,0,0,,65,1354,0,0,0,0,0
2023-07-18,JetBlue,N199XX,9954,JFK,CityName,State,MIA,CityName,State,0,0,10,0,0,,303,2424,0,0,0,0,0
2023-07-18,Delta,N433XX,2887,DEN,CityName,State,SEA,CityName,State,0,0,-11,0,0,,49,364,0,0,0,0,0
2023-07-18,American,N313XX,368,DEN,CityName,State,SFO,CityName,State,0,0,-4,0,0,,350,2424,0,0,0,0,0
2023-07-18,Southwest,N586XX,3015,DEN,CityName,State,ORD,CityName,State,0,0,-9,0,0,,297,1181,0,0,0,0,0
2023-07-18,United,N252XX,3417,ORD,CityName,State,BOS,CityName,State,0,0,-8,0,0,,268,2253,0,0,0,0,0
2023-07-18,Delta,N655XX,4853,BOS,CityName,State,SEA,CityName,State,0,0,10,0,0,,96,1723,0,0,0,0,0
2023-07-18,Southwest,N204XX,8906,ATL,CityName,State,DEN,CityName,State,0,0,-7,0,0,,85,866,0,0,0,0,0
2023-07-19,Delta,N273XX,8309,DEN,CityName,State,ATL,CityName,State,0,0,5,0,0,,106,987,0,0,0,0,0
2023-07-19,American,N150XX,1977,LAX,CityName,State,SEA,CityName,State,60,1,57,1,0,,285,1174,0,57,0,0,0
2023-07-19,United,N659XX,6951,ATL,CityName,State,ATL,CityName,State,30,1,40,1,0,,86,1445,0,0,0,0,40
2023-07-19,Delta,N491XX,1984,SEA,CityName,State,ATL,CityName,State,0,0,7,0,0,,271,1810,0,0,0,0,0
2023-07-19,United,N658XX,8349,JFK,CityName,State,JFK,CityName,State,0,0,7,0,0,,145,1235,0,0,0,0,0
2023-07-19,Southwest,N501XX,1868,DEN,CityName,State,SFO,CityName,State,0,0,0,0,1,A,274,2801,0,0,0,0,0
2023-07-19,Southwest,N231XX,5977,SFO,CityName,State,MIA,CityName,State,0,0,-8,0,0,,262,562,0,0,0,0,0
2023-07-19,United,N346XX,569,ATL,CityName,State,ORD,CityName,State,0,0,4,0,0,,214,1048,0,0,0,0,0
2023-07-19,United,N688XX,5069,ORD,CityName,State,DEN,CityName,State,0,0,7,0,0,,346,839,0,0,0,0,0
2023-07-19,JetBlue,N590XX,4253,SEA,CityName,State,SEA,CityName,State,0,0,-1,0,0,,212,1847,0,0,0,0,0
2023-07-19,Delta,N402XX,3818,JFK,CityName,State,JFK,CityName,State,45,1,50,1,0,,145,393,0,50,0,0,0
2023-07-19,Delta,N247XX,279,MIA,CityName,State,JFK,CityName,State,15,1,14,0,0,,261,1056,0,0,0,0,0
2023-07-19,Delta,N299XX,4598,SEA,CityName,State,ATL,CityName,State,0,0,-10,0,0,,79,218,0,0,0,0,0
2023-07-19,American,N406XX,8238,LAX,CityName,State,LAX,CityName,State,0,0,-2,0,0,,234,1858,0,0,0,0,0
2023-07-19,American,N217XX,6064,MIA,CityName,State,ATL,CityName,State,0,0,-11,0,0,,216,1595,0,0,0,0,0
2023-07-19,United,N982XX,5182,BOS,CityName,State,SEA,CityName,State,60,1,59,1,0,,272,2020,0,59,0,0,0
2023-07-19,Delta,N121XX,9018,ORD,CityName,State,MIA,CityName,State,0,0,-1,0,0,,141,1470,0,0,0,0,0
2023-07-19,American,N350XX,2533,BOS,CityName,State,MIA,CityName,State,0,0,-14,0,0,,84,1865,0,0,0,0,0
2023-07-19,Delta,N238XX,7574,ORD,CityName,State,BOS,CityName,State,0,0,7,0,0,,217,191,0,0,0,0,0
2023-07-19,JetBlue,N506XX,8618,DEN,CityName,State,ATL,CityName,State,15,1,20,1,0,,240,2080,20,0,0,0,0
2023-07-19,American,N740XX,9412,BOS,CityName,State,ORD,CityName,State,0,0,-8,0,0,,167,1808,0,0,0,0,0
2023-07-19,United,N599XX,5753,SFO,CityName,State,SEA,CityName,State,0,0,8,0,0,,202,2767,0,0,0,0,0
2023-07-20,American,N201XX,5817,DFW,CityName,State,LAX,CityName,State,60,1,65,1,0,,329,307,65,0,0,0,0
2023-07-20,Southwest,N739XX,405,SFO,CityName,State,JFK,CityName,State,0,0,1,0,0,,75,432,0,0,0,0,0
2023-07-20,Southwest,N339XX,1732,DFW,CityName,State,DFW,CityName,State,0,0,1,0,0,,256,918,0,0,0,0,0
2023-07-20,American,N524XX,5438,JFK,CityName,State,MIA,CityName,State,0,0,-7,0,0,,275,2085,0,0,0,0,0
2023-07-20,United,N714XX,8077,LAX,CityName,State,DEN,CityName,State,0,0,7,0,0,,253,1549,0,0,0,0,0
2023-07-20,Southwest,N567XX,3152,DEN,CityName,State,DEN,CityName,State,0,0,-3,0,0,,312,2707,0,0,0,0,0
2023-07-20,United,N771XX,4911,SFO,CityName,State,ORD,CityName,State,45,1,39,1,0,,238,563,39,0,0,0,0
2023-07-20,United,N239XX,8391,DFW,CityName,State,ATL,CityName,State,30,1,36,1,0,,241,2324,0,0,0,0,36
2023-07-20,American,N404XX,1482,DFW,CityName,State,MIA,CityName,State,0,0,5,0,0,,357,2741,0,0,0,0,0
2023-07-20,Delta,N982XX,6198,ATL,CityName,State,SFO,CityName,State,0,0,0,0,0,,88,1638,0,0,0,0,0
2023-07-20,United,N752XX,7445,LAX,CityName,State,MIA,CityName,State,0,0,-2,0,0,,234,1000,0,0,0,0,0
2023-07-20,Delta,N456XX,4872,JFK,CityName,State,ATL,CityName,State,0,0,6,0,0,,354,1026,0,0,0,0,0
2023-07-20,American,N652XX,1062,MIA,CityName,State,ATL,CityName,State,15,1,12,0,0,,312,1152,0,0,0,0,0
2023-07-20,United,N177XX,6847,ORD,CityName,State,MIA,CityName,State,45,1,37,1,0,,172,1924,0,37,0,0,0
2023-07-20,United,N708XX,1877,ORD,CityName,State,LAX,CityName,State,0,0,4,0,0,,110,2824,0,0,0,0,0
2023-07-20,Delta,N827XX,886,JFK,CityName,State,SEA,CityName,State,15,1,14,0,0,,104,1204,0,0,0,0,0
2023-07-20,JetBlue,N218XX,4505,JFK,CityName,State,DFW,CityName,State,0,0,2,0,0,,233,1018,0,0,0,0,0
2023-07-20,American,N344XX,3314,LAX,CityName,State,DEN,CityName,State,0,0,-3,0,0,,275,588,0,0,0,0,0
2023-07-20,American,N881XX,7703,LAX,CityName,State,ORD,CityName,State,0,0,-2,0,0,,68,1039,0,0,0,0,0
2023-07-20,Delta,N329XX,8304,LAX,CityName,State,DEN,CityName,State,0,0,-5,0,0,,263,1620,0,0,0,0,0
2023-07-20,Southwest,N433XX,9917,DFW,CityName,State,ATL,CityName,State,0,0,6,0,0,,176,176,0,0,0,0,0
2023-07-21,United,N164XX,3097,JFK,CityName,State,SEA,CityName,State,45,1,41,1,0,,89,1853,0,0,41,0,0
2023-07-21,American,N303XX,998,LAX,CityName,State,DEN,CityName,State,0,0,10,0,0,,86,1039,0,0,0,0,0
2023-07-21,American,N769XX,1566,DEN,CityName,State,JFK,CityName,State,0,0,-13,0,0,,175,1144,0,0,0,0,0
2023-07-21,United,N644XX,9617,BOS,CityName,State,SFO,CityName,State,0,0,-4,0,0,,154,564,0,0,0,0,0
2023-07-21,Southwest,N943XX,1776,SFO,CityName,State,SEA,CityName,State,0,0,4,0,0,,262,2745,0,0,0,0,0
2023-07-21,JetBlue,N777XX,5189,JFK,CityName,State,ATL,CityName,State,60,1,50,1,0,,349,2562,0,50,0,0,0
2023-07-21,American,N743XX,4277,ORD,CityName,State,DEN,CityName,State,0,0,-11,0,0,,351,1126,0,0,0,0,0
2023-07-21,JetBlue,N527XX,4005,SEA,CityName,State,LAX,CityName,State,0,0,-5,0,0,,45,2680,0,0,0,0,0
2023-07-21,JetBlue,N485XX,9286,DFW,CityName,State,LAX,CityName,State,0,0,8,0,0,,115,2718,0,0,0,0,0
2023-07-21,United,N827XX,1827,DFW,CityName,State,SFO,CityName,State,15,1,3,0,0,,229,737,0,0,0,0,0
2023-07-21,American,N539XX,6374,DEN,CityName,State,SFO,CityName,State,0,0,9,0,0,,237,843,0,0,0,0,0
2023-07-21,Delta,N101XX,6453,JFK,CityName,State,LAX,CityName,State,0,0,3,0,0,,301,1420,0,0,0,0,0
2023-07-21,Southwest,N383XX,815,JFK,CityName,State,ATL,CityName,State,45,1,33,1,0,,264,1349,33,0,0,0,0
2023-07-21,United,N285XX,7975,ATL,CityName,State,ORD,CityName,State,0,0,3,0,0,,210,1982,0,0,0,0,0
2023-07-22,United,N353XX,1281,DEN,CityName,State,DFW,CityName,State,60,1,70,1,0,,305,1096,0,0,0,0,70
2023-07-22,Delta,N423XX,9780,MIA,CityName,State,SEA,CityName,State,0,0,-13,0,0,,323,758,0,0,0,0,0
2023-07-22,Delta,N939XX,8866,SFO,CityName,State,SFO,CityName,State,30,1,26,1,0,,273,2681,0,0,0,0,26
2023-07-22,United,N758XX,4462,JFK,CityName,State,DFW,CityName,State,60,1,63,1,0,,98,2753,0,0,0,0,63
2023-07-22,JetBlue,N108XX,2303,BOS,CityName,State,BOS,CityName,State,0,0,2,0,0,,200,1979,0,0,0,0,0
2023-07-22,Delta,N160XX,7348,SEA,CityName,State,BOS,CityName,State,0,0,-11,0,0,,237,1842,0,0,0,0,0
2023-07-22,Southwest,N713XX,7789,MIA,CityName,State,DEN,CityName,State,0,0,-11,0,0,,354,2778,0,0,0,0,0
2023-07-22,Delta,N216XX,6521,BOS,CityName,State,ATL,CityName,State,0,0,-3,0,0,,148,2480,0,0,0,0,0
2023-07-22,Delta,N564XX,4633,DFW,CityName,State,DEN,CityName,State,0,0,8,0,0,,175,2880,0,0,0,0,0
2023-07-22,JetBlue,N626XX,706,ATL,CityName,State,SEA,CityName,State,15,1,12,0,0,,51,2103,0,0,0,0,0
2023-07-22,United,N550XX,8261,JFK,CityName,State,LAX,CityName,State,240,1,231,1,0,,264,784,0,231,0,0,0
2023-07-22,American,N228XX,3717,BOS,CityName,State,BOS,CityName,State,0,0,9,0,0,,220,2386,0,0,0,0,0
2023-07-22,JetBlue,N564XX,5513,DFW,CityName,State,ORD,CityName,State,0,0,-10,0,0,,169,1767,0,0,0,0,0
2023-07-22,JetBlue,N598XX,6197,MIA,CityName,State,MIA,CityName,State,45,1,50,1,0,,109,2150,0,50,0,0,0
2023-07-22,Southwest,N926XX,5586,DFW,CityName,State,ORD,CityName,State,0,0,-7,0,0,,237,280,0,0,0,0,0
2023-07-22,Delta,N912XX,9687,LAX,CityName,State,SEA,CityName,State,60,1,0,0,1,A,260,2132,0,0,0,0,0
2023-07-23,American,N480XX,177,ORD,CityName,State,JFK,CityName,State,15,1,17,1,0,,90,452,17,0,0,0,0
2023-07-23,Southwest,N904XX,9622,ORD,CityName,State,LAX,CityName,State,0,0,1,0,0,,307,2630,0,0,0,0,0
2023-07-23,Southwest,N715XX,1999,BOS,CityName,State,MIA,CityName,State,0,0,-10,0,0,,256,1851,0,0,0,0,0
2023-07-23,American,N570XX,281,MIA,CityName,State,SFO,CityName,State,0,0,-3,0,0,,213,2828,0,0,0,0,0
2023-07-23,Delta,N566XX,6963,BOS,CityName,State,SEA,CityName,State,0,0,4,0,0,,202,2930,0,0,0,0,0
2023-07-23,Southwest,N210XX,5939,ATL,CityName,State,BOS,CityName,State,0,0,-8,0,0,,165,1710,0,0,0,0,0
2023-07-23,Delta,N784XX,4372,DEN,CityName,State,ORD,CityName,State,0,0,-8,0,0,,303,215,0,0,0,0,0
2023-07-23,JetBlue,N271XX,6447,SEA,CityName,State,DFW,CityName,State,0,0,6,0,0,,241,2011,0,0,0,0,0
2023-07-23,JetBlue,N699XX,3000,BOS,CityName,State,ATL,CityName,State,0,0,-7,0,0,,57,2673,0,0,0,0,0
2023-07-23,Southwest,N266XX,9365,MIA,CityName,State,MIA,CityName,State,45,1,54,1,0,,215,1404,0,0,54,0,0
2023-07-23,JetBlue,N340XX,6909,SFO,CityName,State,JFK,CityName,State,0,0,-9,0,0,,320,2574,0,0,0,0,0
2023-07-23,Delta,N674XX,5914,MIA,CityName,State,DEN,CityName,State,0,0,6,0,0,,267,1866,0,0,0,0,0
2023-07-23,JetBlue,N189XX,233,MIA,CityName,State,SEA,CityName,State,0,0,-2,0,0,,147,924,0,0,0,0,0
2023-07-23,Southwest,N305XX,3440,ORD,CityName,State,MIA,CityName,State,0,0,0,0,0,,76,900,0,0,0,0,0
2023-07-23,JetBlue,N526XX,1138,DFW,CityName,State,BOS,CityName,State,45,1,42,1,0,,290,1770,0,0,42,0,0
2023-07-23,United,N124XX,5124,JFK,CityName,State,JFK,CityName,State,0,0,-10,0,0,,48,2648,0,0,0,0,0
2023-07-24,Delta,N997XX,346,LAX,CityName,State,ORD,CityName,State,0,0,2,0,0,,97,698,0,0,0,0,0
2023-07-24,JetBlue,N327XX,9586,SEA,CityName,State,ATL,CityName,State,0,0,-12,0,0,,176,1629,0,0,0,0,0
2023-07-24,United,N963XX,535,MIA,CityName,State,ATL,CityName,State,0,0,-9,0,0,,232,359,0,0,0,0,0
2023-07-24,JetBlue,N984XX,9943,LAX,CityName,State,DFW,CityName,State,0,0,2,0,0,,133,1870,0,0,0,0,0
2023-07-24,American,N395XX,8178,ORD,CityName,State,DFW,CityName,State,0,0,4,0,0,,145,452,0,0,0,0,0
2023-07-24,Southwest,N625XX,7054,LAX,CityName,State,DFW,CityName,State,0,0,4,0,0,,182,1121,0,0,0,0,0
2023-07-24,JetBlue,N998XX,8337,ORD,CityName,State,LAX,CityName,State,0,0,8,0,0,,184,362,0,0,0,0,0
2023-07-24,Delta,N555XX,1990,BOS,CityName,State,DEN,CityName,State,0,0,3,0,0,,159,1488,0,0,0,0,0
2023-07-24,Southwest,N306XX,7415,BOS,CityName,State,BOS,CityName,State,45,1,47,1,0,,246,2921,0,47,0,0,0
2023-07-24,JetBlue,N537XX,2631,ATL,CityName,State,ORD,CityName,State,15,1,25,1,0,,82,1037,25,0,0,0,0
2023-07-24,American,N610XX,5066,MIA,CityName,State,ORD,CityName,State,0,0,0,0,0,,188,1370,0,0,0,0,0
2023-07-24,Southwest,N343XX,6496,JFK,CityName,State,SEA,CityName,State,0,0,-12,0,0,,246,2574,0,0,0,0,0
2023-07-24,Delta,N411XX,8528,DFW,CityName,State,ATL,CityName,State,0,0,-4,0,0,,191,693,0,0,0,0,0
2023-07-24,Southwest,N975XX,720,DFW,CityName,State,ORD,CityName,State,15,1,10,0,0,,84,1326,0,0,0,0,0
2023-07-25,Delta,N673XX,3118,MIA,CityName,State,DFW,CityName,State,0,0,-5,0,0,,343,2025,0,0,0,0,0
2023-07-25,American,N789XX,3473,DFW,CityName,State,LAX,CityName,State,0,0,0,0,1,A,136,2690,0,0,0,0,0
2023-07-25,Delta,N776XX,7869,DEN,CityName,State,LAX,CityName,State,15,1,14,0,0,,93,2876,0,0,0,0,0
2023-07-25,American,N644XX,1933,SFO,CityName,State,SFO,CityName,State,0,0,-10,0,0,,91,769,0,0,0,0,0
2023-07-25,JetBlue,N497XX,9545,ORD,CityName,State,BOS,CityName,State,30,1,32,1,0,,262,597,0,0,0,0,32
2023-07-25,Southwest,N434XX,6749,ATL,CityName,State,DEN,CityName,State,240,1,235,1,0,,227,2884,235,0,0,0,0
2023-07-25,Delta,N112XX,6836,JFK,CityName,State,SFO,CityName,State,0,0,-5,0,0,,225,2537,0,0,0,0,0
2023-07-25,American,N948XX,1703,JFK,CityName,State,SFO,CityName,State,0,0,6,0,0,,91,2343,0,0,0,0,0
2023-07-25,JetBlue,N599XX,4929,JFK,CityName,State,JFK,CityName,State,0,0,-7,0,0,,113,256,0,0,0,0,0
2023-07-25,Southwest,N328XX,302,SEA,CityName,State,DEN,CityName,State,0,0,-5,0,0,,82,2938,0,0,0,0,0
2023-07-25,Delta,N441XX,1710,DFW,CityName,State,SFO,CityName,State,0,0,3,0,0,,264,834,0,0,0,0,0
2023-07-25,American,N705XX,761,DEN,CityName,State,ATL,CityName,State,0,0,10,0,0,,87,1142,0,0,0,0,0
2023-07-25,JetBlue,N143XX,1928,SEA,CityName,State,ATL,CityName,State,0,0,-3,0,0,,81,419,0,0,0,0,0
2023-07-26,American,N253XX,6704,ATL,CityName,State,ATL,CityName,State,0,0,-14,0,0,,315,2742,0,0,0,0,0
2023-07-26,United,N833XX,9795,SEA,CityName,State,ATL,CityName,State,0,0,1,0,0,,136,368,0,0,0,0,0
2023-07-26,Southwest,N405XX,4393,LAX,CityName,State,DFW,CityName,State,0,0,7,0,0,,140,2602,0,0,0,0,0
2023-07-26,Southwest,N481XX,4016,BOS,CityName,State,LAX,CityName,State,0,0,-2,0,0,,48,2339,0,0,0,0,0
2023-07-26,Southwest,N627XX,2055,BOS,CityName,State,ORD,CityName,State,30,1,19,1,0,,224,1903,0,19,0,0,0
2023-07-26,JetBlue,N782XX,1445,ATL,CityName,State,SEA,CityName,State,0,0,-5,0,0,,212,1528,0,0,0,0,0
2023-07-26,JetBlue,N337XX,9275,ATL,CityName,State,DFW,CityName,State,60,1,59,1,0,,331,2902,0,59,0,0,0
2023-07-26,American,N780XX,3969,MIA,CityName,State,DFW,CityName,State,0,0,6,0,0,,50,2403,0,0,0,0,0
2023-07-26,JetBlue,N802XX,8933,ATL,CityName,State,ATL,CityName,State,0,0,1,0,0,,208,2565,0,0,0,0,0
2023-07-26,American,N667XX,7014,SFO,CityName,State,MIA,CityName,State,0,0,-9,0,0,,57,676,0,0,0,0,0
2023-07-26,JetBlue,N873XX,812,DFW,CityName,State,SEA,CityName,State,15,1,11,0,0,,239,2747,0,0,0,0,0
2023-07-26,JetBlue,N938XX,1369,ORD,CityName,State,BOS,CityName,State,30,1,26,1,0,,110,2729,0,26,0,0,0
2023-07-26,American,N698XX,2954,ORD,CityName,State,BOS,CityName,State,0,0,4,0,0,,257,2549,0,0,0,0,0
2023-07-26,Delta,N520XX,7438,DEN,CityName,State,DFW,CityName,State,0,0,1,0,0,,151,1948,0,0,0,0,0
2023-07-26,JetBlue,N174XX,8726,LAX,CityName,State,LAX,CityName,State,60,1,67,1,0,,299,1975,67,0,0,0,0
2023-07-26,JetBlue,N656XX,5352,DEN,CityName,State,SFO,CityName,State,0,0,5,0,0,,187,1829,0,0,0,0,0
2023-07-26,Southwest,N637XX,3712,MIA,CityName,State,MIA,CityName,State,0,0,-14,0,0,,115,1442,0,0,0,0,0
2023-07-26,American,N922XX,8069,DFW,CityName,State,BOS,CityName,State,0,0,-10,0,0,,76,2978,0,0,0,0,0
2023-07-27,American,N384XX,5812,SFO,CityName,State,BOS,CityName,State,120,1,107,1,0,,191,1685,0,0,0,0,107
2023-07-27,Southwest,N692XX,9056,ATL,CityName,State,ORD,CityName,State,0,0,-3,0,0,,321,2899,0,0,0,0,0
2023-07-27,Delta,N558XX,3203,ATL,CityName,State,DFW,CityName,State,0,0,-4,0,0,,184,325,0,0,0,0,0
2023-07-27,JetBlue,N195XX,4746,DEN,CityName,State,JFK,CityName,State,0,0,-1,0,0,,132,2593,0,0,0,0,0
2023-07-27,Delta,N435XX,3758,ATL,CityName,State,SEA,CityName,State,15,1,13,0,0,,105,160,0,0,0,0,0
2023-07-27,Southwest,N766XX,8764,DFW,CityName,State,DFW,CityName,State,0,0,-14,0,0,,225,767,0,0,0,0,0
2023-07-27,American,N470XX,7191,LAX,CityName,State,DFW,CityName,State,0,0,-8,0,0,,144,339,0,0,0,0,0
2023-07-27,Delta,N111XX,5578,SEA,CityName,State,SEA,CityName,State,0,0,-4,0,0,,60,695,0,0,0,0,0
2023-07-27,JetBlue,N933XX,9642,BOS,CityName,State,DEN,CityName,State,0,0,7,0,0,,252,772,0,0,0,0,0
2023-07-27,Southwest,N878XX,4156,JFK,CityName,State,SFO,CityName,State,0,0,-10,0,0,,272,311,0,0,0,0,0
2023-07-27,Southwest,N779XX,4608,ATL,CityName,State,MIA,CityName,State,0,0,0,0,0,,339,2264,0,0,0,0,0
2023-07-27,JetBlue,N723XX,407,DFW,CityName,State,LAX,CityName,State,0,0,0,0,0,,100,2073,0,0,0,0,0
2023-07-28,JetBlue,N458XX,8424,ORD,CityName,State,DEN,CityName,State,0,0,-14,0,0,,308,2911,0,0,0,0,0
2023-07-28,Southwest,N669XX,6587,ORD,CityName,State,SEA,CityName,State,0,0,0,0,0,,90,2140,0,0,0,0,0
2023-07-28,Southwest,N833XX,3683,MIA,CityName,State,DEN,CityName,State,0,0,4,0,0,,269,836,0,0,0,0,0
2023-07-28,Southwest,N835XX,8397,MIA,CityName,State,ORD,CityName,State,15,1,8,0,0,,343,1266,0,0,0,0,0
2023-07-28,United,N398XX,8773,SFO,CityName,State,SEA,CityName,State,0,0,-4,0,0,,238,1717,0,0,0,0,0
2023-07-28,Southwest,N322XX,2373,LAX,CityName,State,LAX,CityName,State,0,0,-5,0,0,,283,2322,0,0,0,0,0
2023-07-28,United,N982XX,6248,DFW,CityName,State,ATL,CityName,State,0,0,10,0,0,,142,609,0,0,0,0,0
2023-07-28,United,N276XX,4345,BOS,CityName,State,DFW,CityName,State,0,0,-13,0,0,,132,2623,0,0,0,0,0
2023-07-28,Southwest,N769XX,6421,BOS,CityName,State,ORD,CityName,State,15,1,25,1,0,,201,2343,0,25,0,0,0
2023-07-28,United,N178XX,9002,BOS,CityName,State,SFO,CityName,State,60,1,67,1,0,,128,694,0,0,67,0,0
2023-07-28,JetBlue,N784XX,9540,ORD,CityName,State,LAX,CityName,State,0,0,-4,0,0,,311,2135,0,0,0,0,0
2023-07-28,Southwest,N254XX,3590,JFK,CityName,State,ORD,CityName,State,0,0,-12,0,0,,72,2841,0,0,0,0,0
2023-07-28,United,N900XX,9811,JFK,CityName,State,SFO,CityName,State,45,1,49,1,0,,283,2467,0,0,0,0,49
2023-07-28,United,N547XX,7752,SEA,CityName,State,DFW,CityName,State,240,1,247,1,0,,305,1347,0,247,0,0,0
2023-07-29,United,N508XX,6547,ORD,CityName,State,JFK,CityName,State,15,1,8,0,0,,146,1794,0,0,0,0,0
2023-07-29,JetBlue,N809XX,9887,DEN,CityName,State,ATL,CityName,State,0,0,-14,0,0,,63,2277,0,0,0,0,0
2023-07-29,United,N148XX,5057,SEA,CityName,State,ATL,CityName,State,0,0,-6,0,0,,332,1890,0,0,0,0,0
2023-07-29,JetBlue,N383XX,266,ORD,CityName,State,JFK,CityName,State,0,0,-7,0,0,,239,2227,0,0,0,0,0
2023-07-29,Southwest,N295XX,2300,MIA,CityName,State,DEN,CityName,State,0,0,-1,0,0,,261,1642,0,0,0,0,0
2023-07-29,United,N933XX,6622,ORD,CityName,State,ATL,CityName,State,0,0,4,0,0,,270,2615,0,0,0,0,0
2023-07-29,Southwest,N800XX,915,MIA,CityName,State,DFW,CityName,State,30,1,40,1,0,,252,868,40,0,0,0,0
2023-07-29,Southwest,N938XX,3148,LAX,CityName,State,SEA,CityName,State,15,1,1,0,0,,356,1233,0,0,0,0,0
2023-07-29,Delta,N188XX,7602,LAX,CityName,State,DFW,CityName,State,0,0,1,0,0,,329,652,0,0,0,0,0
2023-07-29,United,N413XX,2676,JFK,CityName,State,JFK,CityName,State,0,0,-3,0,0,,302,1442,0,0,0,0,0
2023-07-29,Southwest,N231XX,5361,SEA,CityName,State,BOS,CityName,State,0,0,-11,0,0,,150,228,0,0,0,0,0
2023-07-29,JetBlue,N667XX,8270,ATL,CityName,State,SEA,CityName,State,0,0,9,0,0,,124,2498,0,0,0,0,0
2023-07-29,Southwest,N408XX,180,ATL,CityName,State,MIA,CityName,State,45,1,39,1,0,,90,1602,0,0,0,0,39
2023-07-29,Southwest,N814XX,2725,DEN,CityName,State,ATL,CityName,State,0,0,1,0,0,,80,2059,0,0,0,0,0
2023-07-29,United,N956XX,9227,ORD,CityName,State,SEA,CityName,State,0,0,-1,0,0,,141,444,0,0,0,0,0
2023-07-29,Delta,N618XX,8289,DEN,CityName,State,DFW,CityName,State,0,0,4,0,0,,357,1078,0,0,0,0,0
2023-07-29,Southwest,N709XX,4121,ATL,CityName,State,MIA,CityName,State,15,1,18,1,0,,291,921,18,0,0,0,0
2023-07-29,Southwest,N116XX,4321,BOS,CityName,State,SFO,CityName,State,0,0,-2,0,0,,281,690,0,0,0,0,0
2023-07-30,JetBlue,N219XX,6480,DEN,CityName,State,ORD,CityName,State,0,0,-8,0,0,,264,2131,0,0,0,0,0
2023-07-30,Southwest,N404XX,3385,JFK,CityName,State,LAX,CityName,State,0,0,-7,0,0,,211,2219,0,0,0,0,0
2023-07-30,JetBlue,N108XX,6459,DFW,CityName,State,SEA,CityName,State,0,0,6,0,0,,57,2174,0,0,0,0,0
2023-07-30,Delta,N803XX,7679,ORD,CityName,State,DFW,CityName,State,0,0,-3,0,0,,120,2100,0,0,0,0,0
2023-07-30,Southwest,N470XX,3912,DFW,CityName,State,SEA,CityName,State,0,0,-2,0,0,,152,1381,0,0,0,0,0
2023-07-30,Southwest,N951XX,1586,DFW,CityName,State,DEN,CityName,State,0,0,7,0,0,,213,1899,0,0,0,0,0
2023-07-30,Delta,N147XX,1475,BOS,CityName,State,JFK,CityName,State,0,0,-2,0,0,,325,920,0,0,0,0,0
2023-07-30,Delta,N753XX,480,BOS,CityName,State,JFK,CityName,State,15,1,13,0,0,,123,364,0,0,0,0,0
2023-07-30,Southwest,N349XX,6776,SFO,CityName,State,DEN,CityName,State,0,0,4,0,0,,344,1424,0,0,0,0,0
2023-07-30,Delta,N136XX,7038,MIA,CityName,State,DFW,CityName,State,15,1,18,1,0,,138,2807,18,0,0,0,0
2023-07-30,American,N409XX,4638,JFK,CityName,State,DEN,CityName,State,240,1,238,1,0,,178,539,0,0,0,0,238
2023-07-30,United,N508XX,9412,BOS,CityName,State,SEA,CityName,State,30,1,33,1,0,,321,2272,0,33,0,0,0
2023-07-30,Southwest,N535XX,8832,LAX,CityName,State,LAX,CityName,State,0,0,10,0,0,,301,325,0,0,0,0,0
2023-07-30,United,N335XX,9233,ATL,CityName,State,DFW,CityName,State,0,0,-6,0,0,,312,1118,0,0,0,0,0
2023-07-30,United,N137XX,5153,SFO,CityName,State,JFK,CityName,State,0,0,-3,0,0,,263,1993,0,0,0,0,0
2023-07-30,Delta,N199XX,9355,DFW,CityName,State,DEN,CityName,State,0,0,7,0,0,,71,1504,0,0,0,0,0
2023-07-30,United,N146XX,3609,ATL,CityName,State,SFO,CityName,State,0,0,-4,0,0,,151,1152,0,0,0,0,0
2023-07-30,JetBlue,N310XX,4269,LAX,CityName,State,ATL,CityName,State,45,1,46,1,0,,345,2297,46,0,0,0,0
2023-07-30,Delta,N578XX,1501,ORD,CityName,State,ORD,CityName,State,120,1,106,1,0,,327,367,0,0,106,0,0
2023-07-31,Southwest,N913XX,2232,SFO,CityName,State,BOS,CityName,State,0,0,-10,0,0,,178,1584,0,0,0,0,0
2023-07-31,Delta,N882XX,174,SFO,CityName,State,ORD,CityName,State,0,0,-11,0,0,,287,2638,0,0,0,0,0
2023-07-31,American,N508XX,8788,ATL,CityName,State,DFW,CityName,State,0,0,-10,0,0,,165,718,0,0,0,0,0
2023-07-31,United,N302XX,8201,DEN,CityName,State,ORD,CityName,State,0,0,10,0,0,,284,2249,0,0,0,0,0
2023-07-31,Delta,N463XX,6418,ATL,CityName,State,JFK,CityName,State,0,0,-1,0,0,,344,1002,0,0,0,0,0
2023-07-31,United,N939XX,9273,JFK,CityName,State,SFO,CityName,State,0,0,-14,0,0,,236,2920,0,0,0,0,0
2023-07-31,Southwest,N229XX,5827,DEN,CityName,State,DFW,CityName,State,0,0,1,0,0,,156,786,0,0,0,0,0
2023-07-31,JetBlue,N797XX,6024,ORD,CityName,State,LAX,CityName,State,0,0,9,0,0,,121,2758,0,0,0,0,0
2023-07-31,American,N934XX,3891,ATL,CityName,State,ATL,CityName,State,0,0,-7,0,0,,359,326,0,0,0,0,0
2023-07-31,United,N627XX,5014,DEN,CityName,State,ATL,CityName,State,0,0,-8,0,0,,253,2251,0,0,0,0,0
2023-07-31,JetBlue,N287XX,3304,DFW,CityName,State,SFO,CityName,State,0,0,-3,0,0,,73,2879,0,0,0,0,0
2023-07-31,Southwest,N729XX,3913,ATL,CityName,State,SEA,CityName,State,15,1,11,0,0,,285,960,0,0,0,0,0
2023-07-31,American,N671XX,2278,MIA,CityName,State,SEA,CityName,State,15,1,11,0,0,,286,294,0,0,0,0,0
2023-07-31,Southwest,N830XX,3264,DFW,CityName,State,ATL,CityName,State,0,0,-13,0,0,,254,260,0,0,0,0,0
2023-07-31,American,N873XX,4566,BOS,CityName,State,JFK,CityName,State,0,0,6,0,0,,199,996,0,0,0,0,0
2023-07-31,American,N331XX,5224,BOS,CityName,State,DEN,CityName,State,15,1,22,1,0,,335,2744,0,22,0,0,0
2023-07-31,Delta,N693XX,9069,LAX,CityName,State,ATL,CityName,State,0,0,-5,0,0,,219,2533,0,0,0,0,0
2023-08-01,Delta,N792XX,4363,LAX,CityName,State,SFO,CityName,State,0,0,2,0,0,,308,344,0,0,0,0,0
2023-08-01,United,N680XX,3511,SEA,CityName,State,SEA,CityName,State,0,0,9,0,0,,327,2867,0,0,0,0,0
2023-08-01,United,N764XX,9739,JFK,CityName,State,SFO,CityName,State,15,1,2,0,0,,58,548,0,0,0,0,0
2023-08-01,Delta,N501XX,266,JFK,CityName,State,BOS,CityName,State,0,0,-10,0,0,,346,1509,0,0,0,0,0
2023-08-01,United,N718XX,9300,DFW,CityName,State,DFW,CityName,State,0,0,-1,0,0,,342,203,0,0,0,0,0
2023-08-01,American,N152XX,503,MIA,CityName,State,JFK,CityName,State,0,0,-5,0,0,,97,1094,0,0,0,0,0
2023-08-01,Delta,N674XX,1338,MIA,CityName,State,BOS,CityName,State,0,0,8,0,0,,54,482,0,0,0,0,0
2023-08-01,JetBlue,N317XX,3651,LAX,CityName,State,DFW,CityName,State,0,0,-10,0,0,,333,1171,0,0,0,0,0
2023-08-01,Southwest,N615XX,2773,ORD,CityName,State,BOS,CityName,State,60,1,64,1,0,,212,1494,64,0,0,0,0
2023-08-01,Delta,N263XX,9537,DEN,CityName,State,JFK,CityName,State,0,0,4,0,0,,48,2986,0,0,0,0,0
2023-08-01,Southwest,N606XX,1344,DEN,CityName,State,BOS,CityName,State,0,0,-11,0,0,,257,2609,0,0,0,0,0
2023-08-01,American,N550XX,2315,BOS,CityName,State,SFO,CityName,State,120,1,120,1,0,,73,2093,0,0,120,0,0
2023-08-01,Southwest,N216XX,1595,JFK,CityName,State,JFK,CityName,State,0,0,6,0,0,,331,593,0,0,0,0,0
2023-08-01,American,N698XX,170,SEA,CityName,State,BOS,CityName,State,15,1,18,1,0,,347,2795,0,18,0,0,0
2023-08-01,Delta,N588XX,2377,DFW,CityName,State,BOS,CityName,State,0,0,-13,0,0,,146,1054,0,0,0,0,0
2023-08-02,Southwest,N208XX,7542,DFW,CityName,State,SFO,CityName,State,0,0,4,0,0,,217,2343,0,0,0,0,0
2023-08-02,JetBlue,N816XX,1710,SEA,CityName,State,ATL,CityName,State,0,0,-14,0,0,,334,2247,0,0,0,0,0
2023-08-02,American,N730XX,7776,BOS,CityName,State,LAX,CityName,State,0,0,-2,0,0,,93,895,0,0,0,0,0
2023-08-02,Southwest,N342XX,5505,SEA,CityName,State,SEA,CityName,State,0,0,9,0,0,,215,2917,0,0,0,0,0
2023-08-02,Delta,N174XX,5091,JFK,CityName,State,LAX,CityName,State,0,0,-3,0,0,,288,1767,0,0,0,0,0
2023-08-02,Southwest,N883XX,4896,MIA,CityName,State,BOS,CityName,State,0,0,-7,0,0,,91,1887,0,0,0,0,0
2023-08-02,Delta,N816XX,5027,SEA,CityName,State,DEN,CityName,State,15,1,3,0,0,,104,1572,0,0,0,0,0
2023-08-02,Southwest,N640XX,690,SFO,CityName,State,DFW,CityName,State,0,0,-10,0,0,,97,783,0,0,0,0,0
2023-08-02,JetBlue,N737XX,489,ORD,CityName,State,DEN,CityName,State,0,0,-9,0,0,,351,1369,0,0,0,0,0
2023-08-02,Delta,N279XX,581,MIA,CityName,State,DEN,CityName,State,0,0,3,0,0,,186,1456,0,0,0,0,0
2023-08-02,United,N548XX,7461,DFW,CityName,State,SEA,CityName,State,0,0,-11,0,0,,81,1050,0,0,0,0,0
2023-08-02,Southwest,N190XX,1022,DEN,CityName,State,SFO,CityName,State,0,0,10,0,0,,59,2750,0,0,0,0,0
2023-08-02,JetBlue,N851XX,146,SFO,CityName,State,SFO,CityName,State,0,0,-5,0,0,,136,1774,0,0,0,0,0
2023-08-02,Southwest,N431XX,7924,LAX,CityName,State,JFK,CityName,State,0,0,8,0,0,,311,1598,0,0,0,0,0
2023-08-02,JetBlue,N285XX,6794,DFW,CityName,State,SEA,CityName,State,15,1,20,1,0,,73,2727,0,20,0,0,0
2023-08-03,Southwest,N414XX,5310,DEN,CityName,State,SFO,CityName,State,0,0,-4,0,0,,245,159,0,0,0,0,0
2023-08-03,Delta,N282XX,5906,BOS,CityName,State,LAX,CityName,State,30,1,29,1,0,,97,945,0,0,0,0,29
2023-08-03,Southwest,N972XX,1032,SEA,CityName,State,SFO,CityName,State,0,0,-9,0,0,,333,1731,0,0,0,0,0
2023-08-03,JetBlue,N942XX,1474,ORD,CityName,State,ORD,CityName,State,0,0,-7,0,0,,146,2725,0,0,0,0,0
2023-08-03,American,N793XX,3498,SFO,CityName,State,SFO,CityName,State,0,0,-12,0,0,,162,2689,0,0,0,0,0
2023-08-03,Delta,N787XX,660,SEA,CityName,State,SFO,CityName,State,15,1,17,1,0,,108,2697,0,0,17,0,0
2023-08-03,American,N392XX,136,DFW,CityName,State,LAX,CityName,State,240,1,232,1,0,,62,2299,232,0,0,0,0
2023-08-03,United,N645XX,1065,ORD,CityName,State,DEN,CityName,State,0,0,-6,0,0,,167,294,0,0,0,0,0
2023-08-03,United,N415XX,825,ATL,CityName,State,DEN,CityName,State,0,0,1,0,0,,188,2871,0,0,0,0,0
2023-08-03,Delta,N477XX,568,JFK,CityName,State,SEA,CityName,State,0,0,6,0,0,,72,2618,0,0,0,0,0
2023-08-03,Southwest,N935XX,7779,DFW,CityName,State,ORD,CityName,State,0,0,-4,0,0,,151,1539,0,0,0,0,0
2023-08-03,Southwest,N685XX,9335,DEN,CityName,State,SEA,CityName,State,0,0,8,0,0,,241,2585,0,0,0,0,0
2023-08-03,Delta,N773XX,2615,BOS,CityName,State,BOS,CityName,State,0,0,10,0,0,,357,1675,0,0,0,0,0
2023-08-04,United,N122XX,5392,LAX,CityName,State,SFO,CityName,State,15,1,16,1,0,,67,925,16,0,0,0,0
2023-08-04,United,N407XX,1406,JFK,CityName,State,SFO,CityName,State,0,0,-1,0,0,,169,1796,0,0,0,0,0
2023-08-04,American,N804XX,2397,DEN,CityName,State,ATL,CityName,State,0,0,3,0,0,,167,1404,0,0,0,0,0
2023-08-04,Delta,N509XX,7443,DEN,CityName,State,ATL,CityName,State,0,0,6,0,0,,196,1205,0,0,0,0,0
2023-08-04,Southwest,N791XX,7656,DFW,CityName,State,SEA,CityName,State,15,1,15,1,0,,100,2852,15,0,0,0,0
2023-08-04,American,N994XX,5451,LAX,CityName,State,DEN,CityName,State,0,0,-7,0,0,,69,2395,0,0,0,0,0
2023-08-04,American,N810XX,1335,DFW,CityName,State,DEN,CityName,State,0,0,9,0,0,,205,1802,0,0,0,0,0
2023-08-04,Southwest,N211XX,1529,SEA,CityName,State,SEA,CityName,State,0,0,4,0,0,,73,2312,0,0,0,0,0
2023-08-04,American,N440XX,3788,BOS,CityName,State,DEN,CityName,State,45,1,40,1,0,,56,2401,0,0,40,0,0
2023-08-04,Southwest,N610XX,8690,SEA,CityName,State,LAX,CityName,State,0,0,7,0,0,,98,1507,0,0,0,0,0
2023-08-04,Delta,N241XX,6236,JFK,CityName,State,BOS,CityName,State,0,0,-2,0,0,,204,475,0,0,0,0,0
2023-08-04,Delta,N173XX,8235,JFK,CityName,State,MIA,CityName,State,0,0,4,0,0,,180,849,0,0,0,0,0
2023-08-05,American,N805XX,8970,SFO,CityName,State,DEN,CityName,State,0,0,3,0,0,,196,1151,0,0,0,0,0
2023-08-05,United,N660XX,2755,SEA,CityName,State,SEA,CityName,State,0,0,0,0,0,,92,1195,0,0,0,0,0
2023-08-05,Delta,N271XX,150,BOS,CityName,State,LAX,CityName,State,0,0,-12,0,0,,81,1603,0,0,0,0,0
2023-08-05,United,N449XX,1480,DEN,CityName,State,LAX,CityName,State,15,1,24,1,0,,161,2150,0,0,24,0,0
2023-08-05,Delta,N678XX,6060,BOS,CityName,State,DFW,CityName,State,0,0,3,0,0,,123,1426,0,0,0,0,0
2023-08-05,United,N263XX,7631,MIA,CityName,State,BOS,CityName,State,0,0,-7,0,0,,205,1150,0,0,0,0,0
2023-08-05,Southwest,N108XX,2489,SFO,CityName,State,DFW,CityName,State,0,0,-7,0,0,,344,452,0,0,0,0,0
2023-08-05,JetBlue,N538XX,2989,ORD,CityName,State,LAX,CityName,State,120,1,128,1,0,,140,2462,0,0,128,0,0
2023-08-05,JetBlue,N296XX,8924,JFK,CityName,State,SEA,CityName,State,60,1,0,0,1,A,103,2619,0,0,0,0,0
2023-08-05,United,N467XX,4404,MIA,CityName,State,SFO,CityName,State,15,1,21,1,0,,188,2450,21,0,0,0,0
2023-08-05,JetBlue,N492XX,4128,ATL,CityName,State,MIA,CityName,State,0,0,10,0,0,,236,1145,0,0,0,0,0
2023-08-05,United,N134XX,4622,DEN,CityName,State,DFW,CityName,State,0,0,6,0,0,,52,1889,0,0,0,0,0
2023-08-05,Delta,N861XX,9341,BOS,CityName,State,ORD,CityName,State,0,0,2,0,0,,147,2245,0,0,0,0,0
2023-08-05,JetBlue,N282XX,594,MIA,CityName,State,MIA,CityName,State,0,0,2,0,0,,137,177,0,0,0,0,0
2023-08-05,Southwest,N385XX,4662,ORD,CityName,State,BOS,CityName,State,0,0,3,0,0,,169,789,0,0,0,0,0
2023-08-05,JetBlue,N486XX,9708,SFO,CityName,State,SFO,CityName,State,0,0,-9,0,0,,91,2406,0,0,0,0,0
2023-08-05,United,N564XX,5177,LAX,CityName,State,ORD,CityName,State,15,1,18,1,0,,249,349,0,18,0,0,0
2023-08-05,Southwest,N372XX,4469,ATL,CityName,State,LAX,CityName,State,15,1,2,0,0,,86,2298,0,0,0,0,0
2023-08-05,United,N898XX,4486,SFO,CityName,State,ATL,CityName,State,0,0,8,0,0,,245,327,0,0,0,0,0
2023-08-05,American,N231XX,2160,LAX,CityName,State,ATL,CityName,State,0,0,10,0,0,,114,2422,0,0,0,0,0
2023-08-06,Southwest,N233XX,6756,BOS,CityName,State,SEA,CityName,State,0,0,-2,0,0,,235,385,0,0,0,0,0
2023-08-06,American,N559XX,9045,MIA,CityName,State,BOS,CityName,State,0,0,-8,0,0,,88,466,0,0,0,0,0
2023-08-06,JetBlue,N298XX,2277,DEN,CityName,State,DFW,CityName,State,0,0,-7,0,0,,308,2031,0,0,0,0,0
2023-08-06,JetBlue,N942XX,1342,DEN,CityName,State,SFO,CityName,State,0,0,4,0,0,,316,2206,0,0,0,0,0
2023-08-06,United,N587XX,7936,ORD,CityName,State,JFK,CityName,State,0,0,-8,0,0,,134,1499,0,0,0,0,0
2023-08-06,Southwest,N246XX,2658,LAX,CityName,State,DEN,CityName,State,0,0,-8,0,0,,96,1061,0,0,0,0,0
2023-08-06,United,N380XX,2831,DEN,CityName,State,JFK,CityName,State,45,1,36,1,0,,283,496,0,0,36,0,0
2023-08-06,American,N290XX,2536,ATL,CityName,State,MIA,CityName,State,0,0,3,0,0,,62,220,0,0,0,0,0
2023-08-06,Southwest,N779XX,2907,LAX,CityName,State,BOS,CityName,State,0,0,8,0,0,,57,509,0,0,0,0,0
2023-08-06,American,N872XX,3374,ORD,CityName,State,LAX,CityName,State,0,0,3,0,0,,290,1990,0,0,0,0,0
2023-08-06,JetBlue,N467XX,5624,ORD,CityName,State,DFW,CityName,State,15,1,17,1,0,,285,860,17,0,0,0,0
2023-08-06,Southwest,N622XX,252,SEA,CityName,State,ATL,CityName,State,0,0,-5,0,0,,165,722,0,0,0,0,0
2023-08-06,JetBlue,N662XX,5422,ATL,CityName,State,ATL,CityName,State,0,0,-10,0,0,,212,1288,0,0,0,0,0
2023-08-06,United,N190XX,689,ORD,CityName,State,BOS,CityName,State,0,0,-1,0,0,,128,2170,0,0,0,0,0
2023-08-07,United,N560XX,2005,SEA,CityName,State,JFK,CityName,State,30,1,32,1,0,,356,2268,32,0,0,0,0
2023-08-07,American,N212XX,7599,DEN,CityName,State,BOS,CityName,State,0,0,5,0,0,,191,2019,0,0,0,0,0
2023-08-07,Delta,N266XX,4891,ORD,CityName,State,BOS,CityName,State,0,0,6,0,0,,156,739,0,0,0,0,0
2023-08-07,Delta,N669XX,9204,BOS,CityName,State,LAX,CityName,State,0,0,-14,0,0,,266,2528,0,0,0,0,0
2023-08-07,Southwest,N824XX,694,BOS,CityName,State,SFO,CityName,State,0,0,2,0,0,,132,2984,0,0,0,0,0
2023-08-07,Delta,N588XX,7732,SEA,CityName,State,LAX,CityName,State,0,0,-13,0,0,,256,1962,0,0,0,0,0
2023-08-07,Delta,N910XX,9267,JFK,CityName,State,JFK,CityName,State,0,0,6,0,0,,267,2899,0,0,0,0,0
2023-08-07,Southwest,N412XX,3292,ATL,CityName,State,JFK,CityName,State,30,1,31,1,0,,216,2765,0,0,31,0,0
2023-08-07,Southwest,N334XX,8193,MIA,CityName,State,LAX,CityName,State,0,0,2,0,0,,62,888,0,0,0,0,0
2023-08-07,United,N791XX,769,MIA,CityName,State,LAX,CityName,State,15,1,9,0,0,,328,1224,0,0,0,0,0
2023-08-07,American,N336XX,674,BOS,CityName,State,SEA,CityName,State,0,0,-2,0,0,,357,2125,0,0,0,0,0
2023-08-07,American,N486XX,4358,ORD,CityName,State,JFK,CityName,State,15,1,14,0,0,,225,1688,0,0,0,0,0
2023-08-07,American,N172XX,7432,MIA,CityName,State,SEA,CityName,State,0,0,6,0,0,,67,793,0,0,0,0,0
2023-08-07,American,N328XX,8236,JFK,CityName,State,DEN,CityName,State,0,0,6,0,0,,131,1075,0,0,0,0,0
2023-08-07,United,N549XX,5367,JFK,CityName,State,SEA,CityName,State,0,0,4,0,0,,152,1588,0,0,0,0,0
2023-08-07,American,N850XX,6876,DEN,CityName,State,LAX,CityName,State,30,1,21,1,0,,289,2016,0,0,21,0,0
2023-08-07,United,N775XX,6895,ORD,CityName,State,SFO,CityName,State,0,0,8,0,0,,67,1058,0,0,0,0,0
2023-08-08,Delta,N641XX,2045,SEA,CityName,State,SFO,CityName,State,0,0,2,0,0,,253,2257,0,0,0,0,0
2023-08-08,JetBlue,N662XX,9510,LAX,CityName,State,DFW,CityName,State,60,1,49,1,0,,49,2106,49,0,0,0,0
2023-08-08,Southwest,N118XX,2248,SFO,CityName,State,ORD,CityName,State,0,0,-7,0,0,,102,2929,0,0,0,0,0
2023-08-08,United,N955XX,8259,MIA,CityName,State,LAX,CityName,State,0,0,-2,0,0,,59,550,0,0,0,0,0
2023-08-08,United,N908XX,3938,SEA,CityName,State,BOS,CityName,State,0,0,-10,0,0,,330,1274,0,0,0,0,0
2023-08-08,United,N199XX,4168,SFO,CityName,State,LAX,CityName,State,0,0,-2,0,0,,59,2170,0,0,0,0,0
2023-08-08,JetBlue,N972XX,901,SEA,CityName,State,MIA,CityName,State,30,1,18,1,0,,81,914,18,0,0,0,0
2023-08-08,Southwest,N708XX,4803,ATL,CityName,State,DEN,CityName,State,0,0,-7,0,0,,218,2191,0,0,0,0,0
2023-08-08,United,N579XX,6639,ATL,CityName,State,ATL,CityName,State,15,1,21,1,0,,91,481,21,0,0,0,0
2023-08-08,Southwest,N454XX,2744,ATL,CityName,State,ORD,CityName,State,15,1,15,1,0,,69,685,15,0,0,0,0
2023-08-08,United,N741XX,3065,SEA,CityName,State,DEN,CityName,State,0,0,7,0,0,,286,958,0,0,0,0,0
2023-08-08,Southwest,N623XX,4088,SFO,CityName,State,ATL,CityName,State,0,0,-3,0,0,,48,2786,0,0,0,0,0
2023-08-08,American,N884XX,6167,BOS,CityName,State,JFK,CityName,State,0,0,-9,0,0,,143,1304,0,0,0,0,0
2023-08-08,Delta,N959XX,3677,ORD,CityName,State,ORD,CityName,State,0,0,-8,0,0,,157,2903,0,0,0,0,0
2023-08-08,American,N823XX,5490,SEA,CityName,State,SFO,CityName,State,0,0,-14,0,0,,205,621,0,0,0,0,0
2023-08-09,American,N780XX,4647,DFW,CityName,State,SEA,CityName,State,0,0,-5,0,0,,248,2150,0,0,0,0,0
2023-08-09,JetBlue,N820XX,6401,MIA,CityName,State,JFK,CityName,State,0,0,-7,0,0,,297,1332,0,0,0,0,0
2023-08-09,Delta,N677XX,6444,SFO,CityName,State,MIA,CityName,State,15,1,14,0,0,,345,2244,0,0,0,0,0
2023-08-09,Southwest,N145XX,3266,JFK,CityName,State,ATL,CityName,State,0,0,7,0,0,,334,2404,0,0,0,0,0
2023-08-09,American,N120XX,3909,ORD,CityName,State,JFK,CityName,State,30,1,25,1,0,,323,1919,25,0,0,0,0
2023-08-09,Southwest,N364XX,6135,SEA,CityName,State,ORD,CityName,State,0,0,-14,0,0,,208,1113,0,0,0,0,0
2023-08-09,American,N753XX,7566,MIA,CityName,State,ATL,CityName,State,0,0,1,0,0,,119,2663,0,0,0,0,0
2023-08-09,JetBlue,N872XX,1473,LAX,CityName,State,SFO,CityName,State,0,0,-4,0,0,,156,739,0,0,0,0,0
2023-08-09,JetBlue,N302XX,1237,LAX,CityName,State,ATL,CityName,State,45,1,38,1,0,,120,2047,0,0,38,0,0
2023-08-09,United,N670XX,9606,BOS,CityName,State,SEA,CityName,State,0,0,-11,0,0,,223,2593,0,0,0,0,0
2023-08-10,JetBlue,N323XX,9218,SFO,CityName,State,ATL,CityName,State,0,0,-11,0,0,,145,2688,0,0,0,0,0
2023-08-10,United,N911XX,7692,ATL,CityName,State,DFW,CityName,State,0,0,1,0,0,,146,377,0,0,0,0,0
2023-08-10,United,N903XX,9425,SEA,CityName,State,BOS,CityName,State,30,1,30,1,0,,201,738,0,0,0,0,30
2023-08-10,JetBlue,N958XX,3373,ATL,CityName,State,ORD,CityName,State,0,0,9,0,0,,140,332,0,0,0,0,0
2023-08-10,Delta,N302XX,7555,ATL,CityName,State,ORD,CityName,State,0,0,10,0,0,,61,1862,0,0,0,0,0
2023-08-10,Southwest,N812XX,5541,BOS,CityName,State,MIA,CityName,State,0,0,9,0,0,,145,929,0,0,0,0,0
2023-08-10,United,N449XX,3570,JFK,CityName,State,ATL,CityName,State,0,0,3,0,0,,206,794,0,0,0,0,0
2023-08-10,United,N301XX,7274,SFO,CityName,State,ORD,CityName,State,0,0,-10,0,0,,338,2763,0,0,0,0,0
2023-08-10,Southwest,N318XX,8903,DFW,CityName,State,ATL,CityName,State,0,0,-2,0,0,,293,2220,0,0,0,0,0
2023-08-10,Southwest,N562XX,4071,DFW,CityName,State,DEN,CityName,State,0,0,-4,0,0,,114,888,0,0,0,0,0
2023-08-10,Southwest,N766XX,5444,LAX,CityName,State,SEA,CityName,State,60,1,56,1,0,,59,1533,0,56,0,0,0
2023-08-10,American,N293XX,9275,ATL,CityName,State,ATL,CityName,State,0,0,-6,0,0,,300,2532,0,0,0,0,0
2023-08-10,Delta,N641XX,8455,DEN,CityName,State,ATL,CityName,State,0,0,2,0,0,,133,2728,0,0,0,0,0
2023-08-10,JetBlue,N790XX,7182,SEA,CityName,State,BOS,CityName,State,0,0,-3,0,0,,331,2428,0,0,0,0,0
2023-08-11,JetBlue,N101XX,6854,DFW,CityName,State,MIA,CityName,State,0,0,5,0,0,,170,164,0,0,0,0,0
2023-08-11,American,N104XX,526,SFO,CityName,State,LAX,CityName,State,45,1,52,1,0,,247,2235,52,0,0,0,0
2023-08-11,American,N887XX,746,SFO,CityName,State,MIA,CityName,State,15,1,3,0,0,,320,1676,0,0,0,0,0
2023-08-11,JetBlue,N748XX,3801,MIA,CityName,State,DFW,CityName,State,0,0,5,0,0,,192,156,0,0,0,0,0
2023-08-11,Southwest,N969XX,8808,ATL,CityName,State,ORD,CityName,State,120,1,122,1,0,,87,1366,122,0,0,0,0
2023-08-11,Southwest,N590XX,3609,JFK,CityName,State,DFW,CityName,State,0,0,-3,0,0,,258,2701,0,0,0,0,0
2023-08-11,Delta,N602XX,8571,SEA,CityName,State,JFK,CityName,State,0,0,-13,0,0,,72,1097,0,0,0,0,0
2023-08-11,Southwest,N729XX,5688,ATL,CityName,State,JFK,CityName,State,0,0,5,0,0,,260,1959,0,0,0,0,0
2023-08-11,Delta,N418XX,9023,SFO,CityName,State,BOS,CityName,State,30,1,39,1,0,,88,2220,39,0,0,0,0
2023-08-11,JetBlue,N863XX,9558,DFW,CityName,State,JFK,CityName,State,120,1,123,1,0,,312,2407,123,0,0,0,0
2023-08-11,JetBlue,N457XX,2818,SFO,CityName,State,DFW,CityName,State,0,0,-12,0,0,,106,1682,0,0,0,0,0
2023-08-11,American,N918XX,8389,LAX,CityName,State,ATL,CityName,State,0,0,5,0,0,,82,2447,0,0,0,0,0
2023-08-12,JetBlue,N848XX,892,BOS,CityName,State,SFO,CityName,State,0,0,3,0,0,,340,2576,0,0,0,0,0
2023-08-12,Southwest,N180XX,1677,SEA,CityName,State,LAX,CityName,State,0,0,7,0,0,,156,1964,0,0,0,0,0
2023-08-12,Delta,N169XX,6561,BOS,CityName,State,SEA,CityName,State,0,0,2,0,0,,347,1905,0,0,0,0,0
2023-08-12,American,N875XX,6869,SEA,CityName,State,JFK,CityName,State,0,0,1,0,0,,201,956,0,0,0,0,0
2023-08-12,Delta,N308XX,1502,SFO,CityName,State,JFK,CityName,State,0,0,-13,0,0,,232,1118,0,0,0,0,0
2023-08-12,Southwest,N536XX,1520,MIA,CityName,State,ORD,CityName,State,0,0,6,0,0,,146,2034,0,0,0,0,0
2023-08-13,Southwest,N619XX,1506,SFO,CityName,State,SEA,CityName,State,0,0,-10,0,0,,307,1192,0,0,0,0,0
2023-08-13,American,N246XX,9155,SEA,CityName,State,ATL,CityName,State,0,0,-7,0,0,,97,1625,0,0,0,0,0
2023-08-13,JetBlue,N581XX,5554,BOS,CityName,State,ATL,CityName,State,0,0,4,0,0,,78,1754,0,0,0,0,0
2023-08-13,American,N882XX,5955,DEN,CityName,State,LAX,CityName,State,0,0,-5,0,0,,151,2470,0,0,0,0,0
2023-08-13,Southwest,N704XX,3305,DFW,CityName,State,SFO,CityName,State,0,0,-9,0,0,,130,635,0,0,0,0,0
2023-08-13,American,N963XX,5867,LAX,CityName,State,LAX,CityName,State,0,0,-10,0,0,,162,1045,0,0,0,0,0
2023-08-13,JetBlue,N948XX,2757,ORD,CityName,State,MIA,CityName,State,0,0,4,0,0,,131,2262,0,0,0,0,0
2023-08-13,American,N996XX,7188,BOS,CityName,State,SEA,CityName,State,0,0,-7,0,0,,254,2826,0,0,0,0,0
2023-08-13,American,N666XX,5238,BOS,CityName,State,BOS,CityName,State,15,1,14,0,0,,101,2173,0,0,0,0,0
2023-08-13,Delta,N679XX,1220,JFK,CityName,State,SFO,CityName,State,0,0,10,0,0,,117,2049,0,0,0,0,0
2023-08-13,United,N600XX,6819,DEN,CityName,State,BOS,CityName,State,0,0,-7,0,0,,197,972,0,0,0,0,0
2023-08-13,Southwest,N725XX,2572,LAX,CityName,State,SFO,CityName,State,0,0,-9,0,0,,276,1973,0,0,0,0,0
2023-08-13,American,N953XX,2459,SEA,CityName,State,LAX,CityName,State,0,0,-13,0,0,,258,2087,0,0,0,0,0
2023-08-13,United,N853XX,5310,DFW,CityName,State,BOS,CityName,State,0,0,-12,0,0,,76,695,0,0,0,0,0
2023-08-13,Southwest,N462XX,8544,SFO,CityName,State,BOS,CityName,State,0,0,3,0,0,,151,2784,0,0,0,0,0
2023-08-13,Delta,N250XX,8491,MIA,CityName,State,DEN,CityName,State,0,0,-1,0,0,,195,2954,0,0,0,0,0
2023-08-13,American,N897XX,9981,ORD,CityName,State,BOS,CityName,State,120,1,118,1,0,,302,2996,0,118,0,0,0
2023-08-13,JetBlue,N465XX,372,DFW,CityName,State,DEN,CityName,State,60,1,54,1,0,,199,672,54,0,0,0,0
2023-08-14,American,N912XX,2857,SFO,CityName,State,JFK,CityName,State,0,0,-5,0,0,,142,521,0,0,0,0,0
2023-08-14,JetBlue,N694XX,2113,DFW,CityName,State,ATL,CityName,State,0,0,1,0,0,,278,2234,0,0,0,0,0
2023-08-14,United,N594XX,2644,JFK,CityName,State,SFO,CityName,State,0,0,6,0,0,,255,2576,0,0,0,0,0
2023-08-14,Southwest,N865XX,6239,DEN,CityName,State,SEA,CityName,State,0,0,-3,0,0,,82,498,0,0,0,0,0
2023-08-14,Southwest,N751XX,9488,MIA,CityName,State,ATL,CityName,State,45,1,40,1,0,,103,314,0,0,40,0,0
2023-08-14,American,N464XX,6086,DFW,CityName,State,ATL,CityName,State,0,0,1,0,0,,97,1472,0,0,0,0,0
2023-08-14,United,N935XX,2200,LAX,CityName,State,SFO,CityName,State,0,0,0,0,0,,231,1492,0,0,0,0,0
2023-08-14,Southwest,N365XX,6836,LAX,CityName,State,BOS,CityName,State,15,1,8,0,0,,79,2683,0,0,0,0,0
2023-08-14,United,N981XX,1063,SEA,CityName,State,SFO,CityName,State,0,0,-13,0,0,,68,2359,0,0,0,0,0
2023-08-14,JetBlue,N762XX,7265,ATL,CityName,State,LAX,CityName,State,0,0,-7,0,0,,62,1149,0,0,0,0,0
2023-08-14,Southwest,N204XX,4632,LAX,CityName,State,MIA,CityName,State,0,0,7,0,0,,58,904,0,0,0,0,0
2023-08-14,JetBlue,N541XX,2963,SFO,CityName,State,SFO,CityName,State,0,0,5,0,0,,322,1347,0,0,0,0,0
2023-08-14,United,N231XX,2881,DFW,CityName,State,ORD,CityName,State,0,0,1,0,0,,313,1198,0,0,0,0,0
2023-08-14,Southwest,N412XX,5402,JFK,CityName,State,SFO,CityName,State,0,0,0,0,0,,291,1839,0,0,0,0,0
2023-08-15,United,N628XX,3195,LAX,CityName,State,LAX,CityName,State,15,1,12,0,0,,178,1711,0,0,0,0,0
2023-08-15,Southwest,N672XX,5523,MIA,CityName,State,LAX,CityName,State,0,0,-3,0,0,,189,667,0,0,0,0,0
2023-08-15,American,N821XX,9066,MIA,CityName,State,SFO,CityName,State,0,0,-10,0,0,,153,2324,0,0,0,0,0
2023-08-15,American,N851XX,936,DEN,CityName,State,BOS,CityName,State,0,0,-9,0,0,,88,2037,0,0,0,0,0
2023-08-15,Delta,N672XX,946,BOS,CityName,State,DEN,CityName,State,15,1,7,0,0,,60,2040,0,0,0,0,0
2023-08-15,JetBlue,N133XX,1901,ORD,CityName,State,DFW,CityName,State,0,0,-1,0,0,,315,1277,0,0,0,0,0
2023-08-15,JetBlue,N984XX,8135,MIA,CityName,State,LAX,CityName,State,0,0,9,0,0,,46,1250,0,0,0,0,0
2023-08-15,United,N385XX,7368,ORD,CityName,State,ATL,CityName,State,0,0,0,0,0,,165,1889,0,0,0,0,0
2023-08-15,JetBlue,N518XX,248,DFW,CityName,State,ATL,CityName,State,0,0,-11,0,0,,281,2979,0,0,0,0,0
2023-08-15,Southwest,N322XX,9660,BOS,CityName,State,BOS,CityName,State,0,0,-10,0,0,,120,162,0,0,0,0,0
2023-08-15,Southwest,N511XX,4003,SEA,CityName,State,MIA,CityName,State,0,0,-2,0,0,,354,2510,0,0,0,0,0
2023-08-15,American,N624XX,1666,DEN,CityName,State,ORD,CityName,State,0,0,-11,0,0,,139,2277,0,0,0,0,0
2023-08-15,Southwest,N857XX,930,SEA,CityName,State,MIA,CityName,State,0,0,-12,0,0,,118,1001,0,0,0,0,0
2023-08-15,Delta,N206XX,1738,ATL,CityName,State,BOS,CityName,State,0,0,3,0,0,,113,1420,0,0,0,0,0
2023-08-15,JetBlue,N325XX,3639,BOS,CityName,State,DEN,CityName,State,0,0,-9,0,0,,249,1321,0,0,0,0,0
2023-08-15,JetBlue,N221XX,8231,ATL,CityName,State,ATL,CityName,State,0,0,8,0,0,,49,1610,0,0,0,0,0
2023-08-15,American,N556XX,7083,DFW,CityName,State,LAX,CityName,State,0,0,-7,0,0,,341,2038,0,0,0,0,0
2023-08-15,Delta,N436XX,5647,LAX,CityName,State,ATL,CityName,State,30,1,22,1,0,,193,1086,0,0,22,0,0
2023-08-15,Delta,N534XX,416,ORD,CityName,State,LAX,CityName,State,0,0,5,0,0,,350,480,0,0,0,0,0
2023-08-16,American,N892XX,8479,SFO,CityName,State,BOS,CityName,State,0,0,-4,0,0,,180,836,0,0,0,0,0
2023-08-16,Southwest,N156XX,1765,LAX,CityName,State,BOS,CityName,State,30,1,26,1,0,,144,2346,0,0,26,0,0
2023-08-16,American,N396XX,2692,ORD,CityName,State,ORD,CityName,State,45,1,52,1,0,,197,2411,52,0,0,0,0
2023-08-16,American,N780XX,1104,DEN,CityName,State,MIA,CityName,State,0,0,4,0,0,,258,248,0,0,0,0,0
2023-08-16,United,N704XX,4882,LAX,CityName,State,DEN,CityName,State,0,0,2,0,0,,175,2633,0,0,0,0,0
2023-08-16,JetBlue,N469XX,3623,JFK,CityName,State,BOS,CityName,State,0,0,8,0,0,,291,2032,0,0,0,0,0
2023-08-16,Southwest,N543XX,3030,ATL,CityName,State,ATL,CityName,State,45,1,37,1,0,,265,1260,0,0,0,0,37
2023-08-16,American,N853XX,6723,BOS,CityName,State,LAX,CityName,State,0,0,-10,0,0,,104,1595,0,0,0,0,0
2023-08-16,Delta,N295XX,5929,ORD,CityName,State,SFO,CityName,State,0,0,-14,0,0,,336,2095,0,0,0,0,0
2023-08-16,Southwest,N700XX,848,JFK,CityName,State,MIA,CityName,State,45,1,44,1,0,,91,641,44,0,0,0,0
2023-08-16,United,N694XX,4289,LAX,CityName,State,ORD,CityName,State,15,1,14,0,0,,351,2329,0,0,0,0,0
2023-08-17,Delta,N471XX,835,BOS,CityName,State,JFK,CityName,State,0,0,-8,0,0,,106,462,0,0,0,0,0
2023-08-17,American,N752XX,4902,MIA,CityName,State,MIA,CityName,State,0,0,9,0,0,,321,1088,0,0,0,0,0
2023-08-17,Delta,N865XX,4298,ATL,CityName,State,BOS,CityName,State,60,1,0,0,1,A,146,2610,0,0,0,0,0
2023-08-17,United,N803XX,3761,MIA,CityName,State,SFO,CityName,State,0,0,-13,0,0,,215,2640,0,0,0,0,0
2023-08-17,Delta,N309XX,4080,ATL,CityName,State,BOS,CityName,State,0,0,6,0,0,,97,359,0,0,0,0,0
2023-08-17,Delta,N307XX,2395,JFK,CityName,State,DEN,CityName,State,30,1,16,1,0,,354,451,16,0,0,0,0
2023-08-17,Delta,N437XX,8646,SEA,CityName,State,SFO,CityName,State,120,1,130,1,0,,301,1652,130,0,0,0,0
2023-08-17,American,N579XX,6272,DFW,CityName,State,MIA,CityName,State,0,0,-8,0,0,,138,1345,0,0,0,0,0
2023-08-17,JetBlue,N780XX,245,ORD,CityName,State,DFW,CityName,State,0,0,-4,0,0,,131,618,0,0,0,0,0
2023-08-17,Southwest,N434XX,9512,JFK,CityName,State,SEA,CityName,State,15,1,9,0,0,,290,385,0,0,0,0,0
2023-08-18,JetBlue,N597XX,9912,ATL,CityName,State,DEN,CityName,State,0,0,10,0,0,,336,574,0,0,0,0,0
2023-08-18,JetBlue,N950XX,7664,DFW,CityName,State,DEN,CityName,State,0,0,-11,0,0,,334,2219,0,0,0,0,0
2023-08-18,Delta,N327XX,1028,SEA,CityName,State,BOS,CityName,State,0,0,-2,0,0,,229,1590,0,0,0,0,0
2023-08-18,United,N606XX,9192,ORD,CityName,State,JFK,CityName,State,0,0,10,0,0,,268,200,0,0,0,0,0
2023-08-18,United,N464XX,9388,DEN,CityName,State,SEA,CityName,State,0,0,-9,0,0,,140,2402,0,0,0,0,0
2023-08-18,Southwest,N248XX,1209,SFO,CityName,State,SEA,CityName,State,15,1,1,0,0,,54,2035,0,0,0,0,0
2023-08-18,Southwest,N702XX,6349,DFW,CityName,State,ATL,CityName,State,0,0,0,0,0,,262,566,0,0,0,0,0
2023-08-18,American,N485XX,1300,ATL,CityName,State,ATL,CityName,State,120,1,114,1,0,,192,1079,114,0,0,0,0
2023-08-18,United,N572XX,2403,ATL,CityName,State,ATL,CityName,State,0,0,0,0,0,,135,2296,0,0,0,0,0
2023-08-18,Delta,N302XX,4317,ATL,CityName,State,BOS,CityName,State,0,0,5,0,0,,143,2513,0,0,0,0,0
2023-08-18,American,N497XX,4808,LAX,CityName,State,MIA,CityName,State,0,0,-2,0,0,,215,1224,0,0,0,0,0
2023-08-18,American,N516XX,4260,LAX,CityName,State,MIA,CityName,State,0,0,6,0,0,,227,2898,0,0,0,0,0
2023-08-18,JetBlue,N452XX,7911,MIA,CityName,State,SEA,CityName,State,0,0,4,0,0,,78,404,0,0,0,0,0
2023-08-18,United,N275XX,289,SEA,CityName,State,SEA,CityName,State,0,0,-3,0,0,,183,803,0,0,0,0,0
2023-08-19,Southwest,N474XX,7245,JFK,CityName,State,SEA,CityName,State,0,0,-3,0,0,,249,520,0,0,0,0,0
2023-08-19,United,N522XX,4722,SFO,CityName,State,SFO,CityName,State,0,0,-14,0,0,,122,510,0,0,0,0,0
2023-08-19,Delta,N593XX,9756,DFW,CityName,State,LAX,CityName,State,15,1,1,0,0,,53,628,0,0,0,0,0
2023-08-19,United,N176XX,5724,DFW,CityName,State,ORD,CityName,State,0,0,-13,0,0,,232,2336,0,0,0,0,0
2023-08-19,Delta,N240XX,797,ATL,CityName,State,JFK,CityName,State,45,1,41,1,0,,262,1000,0,0,0,0,41
2023-08-19,Delta,N834XX,4836,SFO,CityName,State,DEN,CityName,State,0,0,-10,0,0,,77,504,0,0,0,0,0
2023-08-19,United,N590XX,1152,MIA,CityName,State,DEN,CityName,State,0,0,1,0,0,,59,1332,0,0,0,0,0
2023-08-19,Southwest,N518XX,4977,ORD,CityName,State,SEA,CityName,State,15,1,20,1,0,,110,2380,0,0,20,0,0
2023-08-19,JetBlue,N840XX,4693,BOS,CityName,State,ORD,CityName,State,0,0,-14,0,0,,51,1030,0,0,0,0,0
2023-08-19,Southwest,N968XX,4126,SFO,CityName,State,ATL,CityName,State,0,0,10,0,0,,129,767,0,0,0,0,0
2023-08-19,Delta,N158XX,846,DEN,CityName,State,SFO,CityName,State,0,0,-4,0,0,,304,756,0,0,0,0,0
2023-08-20,Southwest,N171XX,6283,MIA,CityName,State,DEN,CityName,State,60,1,62,1,0,,240,520,0,0,0,0,62
2023-08-20,JetBlue,N384XX,7680,ORD,CityName,State,MIA,CityName,State,0,0,-2,0,0,,53,1553,0,0,0,0,0
2023-08-20,Delta,N988XX,2385,DFW,CityName,State,SEA,CityName,State,15,1,12,0,0,,95,365,0,0,0,0,0
2023-08-20,United,N691XX,6200,SEA,CityName,State,DEN,CityName,State,0,0,-8,0,0,,130,896,0,0,0,0,0
2023-08-20,Delta,N374XX,7965,LAX,CityName,State,SEA,CityName,State,0,0,-8,0,0,,299,1754,0,0,0,0,0
2023-08-20,Delta,N600XX,8427,DFW,CityName,State,DEN,CityName,State,15,1,6,0,0,,202,2522,0,0,0,0,0
2023-08-20,JetBlue,N437XX,3749,JFK,CityName,State,BOS,CityName,State,0,0,-3,0,0,,278,2312,0,0,0,0,0
2023-08-21,American,N580XX,6478,DEN,CityName,State,ATL,CityName,State,0,0,-11,0,0,,75,985,0,0,0,0,0
2023-08-21,JetBlue,N730XX,8465,ATL,CityName,State,BOS,CityName,State,45,1,51,1,0,,113,810,0,0,0,0,51
2023-08-21,United,N555XX,7314,BOS,CityName,State,SFO,CityName,State,0,0,-1,0,0,,124,1868,0,0,0,0,0
2023-08-21,United,N559XX,7112,LAX,CityName,State,SFO,CityName,State,0,0,-10,0,0,,208,1028,0,0,0,0,0
2023-08-21,Delta,N518XX,9136,DFW,CityName,State,ORD,CityName,State,30,1,24,1,0,,347,2169,0,24,0,0,0
2023-08-21,American,N511XX,7595,ORD,CityName,State,JFK,CityName,State,60,1,61,1,0,,217,2597,0,0,61,0,0
2023-08-21,Southwest,N589XX,4949,DFW,CityName,State,BOS,CityName,State,0,0,3,0,0,,131,2257,0,0,0,0,0
2023-08-21,Delta,N644XX,4036,JFK,CityName,State,BOS,CityName,State,0,0,6,0,0,,257,999,0,0,0,0,0
2023-08-21,JetBlue,N693XX,8769,ORD,CityName,State,LAX,CityName,State,0,0,2,0,0,,86,2665,0,0,0,0,0
2023-08-21,Delta,N989XX,372,ORD,CityName,State,SFO,CityName,State,0,0,-14,0,0,,201,2470,0,0,0,0,0
2023-08-21,United,N829XX,9550,DEN,CityName,State,ATL,CityName,State,15,1,8,0,0,,230,1833,0,0,0,0,0
2023-08-21,Southwest,N995XX,8233,MIA,CityName,State,MIA,CityName,State,0,0,3,0,0,,135,622,0,0,0,0,0
2023-08-21,American,N960XX,201,LAX,CityName,State,ORD,CityName,State,0,0,-5,0,0,,358,507,0,0,0,0,0
2023-08-22,JetBlue,N151XX,4759,ORD,CityName,State,SFO,CityName,State,30,1,39,1,0,,305,1807,39,0,0,0,0
2023-08-22,American,N418XX,8011,ATL,CityName,State,SFO,CityName,State,0,0,-2,0,0,,315,1297,0,0,0,0,0
2023-08-22,United,N708XX,7523,JFK,CityName,State,BOS,CityName,State,0,0,-9,0,0,,250,588,0,0,0,0,0
2023-08-22,Southwest,N595XX,4985,JFK,CityName,State,ORD,CityName,State,15,1,12,0,0,,204,2570,0,0,0,0,0
2023-08-22,American,N787XX,4789,ORD,CityName,State,DEN,CityName,State,0,0,-6,0,0,,304,908,0,0,0,0,0
2023-08-22,United,N692XX,4867,BOS,CityName,State,SFO,CityName,State,0,0,-11,0,0,,338,2724,0,0,0,0,0
2023-08-22,JetBlue,N601XX,5108,SFO,CityName,State,DEN,CityName,State,0,0,5,0,0,,224,491,0,0,0,0,0
2023-08-22,American,N489XX,9037,SFO,CityName,State,ATL,CityName,State,0,0,-5,0,0,,165,1182,0,0,0,0,0
2023-08-22,United,N229XX,4017,MIA,CityName,State,SFO,CityName,State,0,0,-13,0,0,,88,547,0,0,0,0,0
2023-08-22,JetBlue,N796XX,1424,SFO,CityName,State,ORD,CityName,State,30,1,30,1,0,,327,2335,0,0,0,0,30
2023-08-22,Southwest,N650XX,9672,JFK,CityName,State,LAX,CityName,State,0,0,-6,0,0,,327,1952,0,0,0,0,0
2023-08-22,JetBlue,N876XX,2234,ORD,CityName,State,JFK,CityName,State,0,0,6,0,0,,283,2832,0,0,0,0,0
2023-08-22,Southwest,N402XX,3191,LAX,CityName,State,DFW,CityName,State,0,0,-3,0,0,,61,2751,0,0,0,0,0
2023-08-22,American,N259XX,3573,SEA,CityName,State,JFK,CityName,State,0,0,5,0,0,,73,960,0,0,0,0,0
2023-08-23,Southwest,N252XX,5810,ATL,CityName,State,SEA,CityName,State,0,0,10,0,0,,353,2704,0,0,0,0,0
2023-08-23,Southwest,N423XX,8583,JFK,CityName,State,SFO,CityName,State,15,1,5,0,0,,285,2799,0,0,0,0,0
2023-08-23,JetBlue,N195XX,2738,SEA,CityName,State,MIA,CityName,State,0,0,10,0,0,,348,1778,0,0,0,0,0
2023-08-23,Delta,N377XX,3701,BOS,CityName,State,ORD,CityName,State,0,0,-14,0,0,,45,2498,0,0,0,0,0
2023-08-23,American,N453XX,1106,LAX,CityName,State,JFK,CityName,State,0,0,0,0,0,,358,2826,0,0,0,0,0
2023-08-23,American,N828XX,2466,BOS,CityName,State,ORD,CityName,State,0,0,-10,0,0,,100,1273,0,0,0,0,0
2023-08-23,JetBlue,N891XX,1760,MIA,CityName,State,BOS,CityName,State,0,0,8,0,0,,217,2574,0,0,0,0,0
2023-08-23,Southwest,N291XX,2042,JFK,CityName,State,BOS,CityName,State,0,0,4,0,0,,315,2747,0,0,0,0,0
2023-08-23,United,N229XX,1042,ORD,CityName,State,ATL,CityName,State,0,0,6,0,0,,229,2171,0,0,0,0,0
2023-08-23,American,N138XX,757,BOS,CityName,State,MIA,CityName,State,0,0,3,0,0,,108,1233,0,0,0,0,0
2023-08-23,United,N186XX,2171,MIA,CityName,State,JFK,CityName,State,15,1,11,0,0,,287,2128,0,0,0,0,0
2023-08-23,Southwest,N825XX,9951,SFO,CityName,State,SEA,CityName,State,0,0,2,0,0,,114,1576,0,0,0,0,0
2023-08-24,American,N104XX,7319,JFK,CityName,State,DFW,CityName,State,0,0,2,0,0,,354,744,0,0,0,0,0
2023-08-24,Southwest,N983XX,2631,BOS,CityName,State,ORD,CityName,State,15,1,13,0,0,,88,186,0,0,0,0,0
2023-08-24,United,N911XX,2852,BOS,CityName,State,ORD,CityName,State,0,0,7,0,0,,69,1901,0,0,0,0,0
2023-08-24,JetBlue,N457XX,2182,SEA,CityName,State,BOS,CityName,State,0,0,-7,0,0,,270,1030,0,0,0,0,0
2023-08-24,Southwest,N663XX,2740,DFW,CityName,State,DFW,CityName,State,0,0,-7,0,0,,241,1685,0,0,0,0,0
2023-08-24,Southwest,N212XX,205,DEN,CityName,State,LAX,CityName,State,0,0,10,0,0,,179,2328,0,0,0,0,0
2023-08-24,United,N228XX,1018,JFK,CityName,State,MIA,CityName,State,0,0,-11,0,0,,269,754,0,0,0,0,0
2023-08-24,Southwest,N696XX,2599,MIA,CityName,State,DFW,CityName,State,15,1,2,0,0,,111,729,0,0,0,0,0
2023-08-24,United,N693XX,5329,ORD,CityName,State,DFW,CityName,State,15,1,6,0,0,,158,1919,0,0,0,0,0
2023-08-24,Southwest,N390XX,2036,ORD,CityName,State,DEN,CityName,State,240,1,236,1,0,,242,1410,0,0,0,0,236
2023-08-24,JetBlue,N107XX,8017,BOS,CityName,State,DFW,CityName,State,0,0,-8,0,0,,50,2190,0,0,0,0,0
2023-08-24,United,N836XX,8807,MIA,CityName,State,LAX,CityName,State,0,0,-4,0,0,,286,2356,0,0,0,0,0
2023-08-24,Southwest,N745XX,9050,ATL,CityName,State,JFK,CityName,State,0,0,-10,0,0,,201,1990,0,0,0,0,0
2023-08-24,JetBlue,N716XX,676,MIA,CityName,State,SFO,CityName,State,15,1,24,1,0,,163,2004,24,0,0,0,0
2023-08-24,Delta,N789XX,3628,SEA,CityName,State,SFO,CityName,State,0,0,-6,0,0,,121,2175,0,0,0,0,0
2023-08-24,Delta,N407XX,6253,DFW,CityName,State,SFO,CityName,State,30,1,0,0,1,A,234,1587,0,0,0,0,0
2023-08-24,Southwest,N716XX,7968,JFK,CityName,State,DEN,CityName,State,0,0,4,0,0,,315,2942,0,0,0,0,0
2023-08-25,Delta,N867XX,5317,BOS,CityName,State,ORD,CityName,State,45,1,43,1,0,,166,1726,0,0,43,0,0
2023-08-25,Southwest,N461XX,125,ORD,CityName,State,JFK,CityName,State,0,0,2,0,0,,81,2425,0,0,0,0,0
2023-08-25,JetBlue,N319XX,1077,DFW,CityName,State,JFK,CityName,State,0,0,-12,0,0,,49,1322,0,0,0,0,0
2023-08-25,United,N572XX,3897,SFO,CityName,State,DEN,CityName,State,0,0,-6,0,0,,142,2029,0,0,0,0,0
2023-08-25,Southwest,N704XX,7351,ORD,CityName,State,SFO,CityName,State,0,0,8,0,0,,189,2848,0,0,0,0,0
2023-08-25,JetBlue,N775XX,8407,DEN,CityName,State,DFW,CityName,State,0,0,1,0,0,,191,371,0,0,0,0,0
2023-08-25,Southwest,N959XX,1172,SFO,CityName,State,SEA,CityName,State,30,1,31,1,0,,118,2197,0,0,0,0,31
2023-08-25,United,N460XX,1386,SFO,CityName,State,DFW,CityName,State,0,0,-3,0,0,,151,844,0,0,0,0,0
2023-08-25,United,N574XX,7993,BOS,CityName,State,BOS,CityName,State,15,1,24,1,0,,153,1731,0,24,0,0,0
2023-08-25,JetBlue,N704XX,3987,SFO,CityName,State,BOS,CityName,State,0,0,9,0,0,,90,1132,0,0,0,0,0
2023-08-25,JetBlue,N698XX,7111,ORD,CityName,State,DEN,CityName,State,0,0,5,0,0,,326,456,0,0,0,0,0
2023-08-25,United,N875XX,2987,DEN,CityName,State,JFK,CityName,State,0,0,-7,0,0,,207,1755,0,0,0,0,0
2023-08-25,United,N717XX,2657,ORD,CityName,State,ORD,CityName,State,0,0,5,0,0,,78,1670,0,0,0,0,0
2023-08-26,American,N114XX,615,SEA,CityName,State,ATL,CityName,State,0,0,8,0,0,,207,895,0,0,0,0,0
2023-08-26,Delta,N361XX,6602,ORD,CityName,State,ATL,CityName,State,0,0,-3,0,0,,169,2713,0,0,0,0,0
2023-08-26,JetBlue,N928XX,8698,ATL,CityName,State,JFK,CityName,State,0,0,9,0,0,,291,400,0,0,0,0,0
2023-08-26,American,N303XX,7987,BOS,CityName,State,JFK,CityName,State,0,0,-6,0,0,,349,2268,0,0,0,0,0
2023-08-26,American,N939XX,1967,DEN,CityName,State,JFK,CityName,State,45,1,34,1,0,,64,1675,0,0,34,0,0
2023-08-26,JetBlue,N496XX,2421,ATL,CityName,State,JFK,CityName,State,0,0,4,0,0,,246,623,0,0,0,0,0
2023-08-26,United,N230XX,4784,BOS,CityName,State,LAX,CityName,State,0,0,9,0,0,,202,2901,0,0,0,0,0
2023-08-26,United,N509XX,1034,JFK,CityName,State,DEN,CityName,State,0,0,6,0,0,,287,1188,0,0,0,0,0
2023-08-26,United,N448XX,7535,MIA,CityName,State,JFK,CityName,State,0,0,0,0,1,A,245,2296,0,0,0,0,0
2023-08-26,Delta,N519XX,8982,LAX,CityName,State,MIA,CityName,State,30,1,18,1,0,,106,2606,0,0,0,0,18
2023-08-26,JetBlue,N916XX,4621,LAX,CityName,State,DEN,CityName,State,0,0,-10,0,0,,118,2227,0,0,0,0,0
2023-08-26,Southwest,N774XX,3306,BOS,CityName,State,JFK,CityName,State,0,0,10,0,0,,184,947,0,0,0,0,0
2023-08-26,United,N935XX,8504,DFW,CityName,State,DEN,CityName,State,0,0,-1,0,0,,286,2817,0,0,0,0,0
2023-08-26,Delta,N449XX,5745,LAX,CityName,State,DFW,CityName,State,0,0,3,0,0,,251,1568,0,0,0,0,0
2023-08-26,Delta,N668XX,950,LAX,CityName,State,DEN,CityName,State,0,0,-14,0,0,,282,1210,0,0,0,0,0
2023-08-27,JetBlue,N252XX,3127,SFO,CityName,State,DFW,CityName,State,0,0,-3,0,0,,64,1783,0,0,0,0,0
2023-08-27,Southwest,N778XX,3366,MIA,CityName,State,DEN,CityName,State,15,1,12,0,0,,349,836,0,0,0,0,0
2023-08-27,United,N693XX,3668,MIA,CityName,State,SEA,CityName,State,0,0,-4,0,0,,251,735,0,0,0,0,0
2023-08-27,United,N422XX,5598,DFW,CityName,State,DEN,CityName,State,0,0,2,0,0,,100,2300,0,0,0,0,0
2023-08-27,American,N323XX,2071,LAX,CityName,State,JFK,CityName,State,0,0,3,0,0,,279,2231,0,0,0,0,0
2023-08-27,Delta,N510XX,1492,SFO,CityName,State,DFW,CityName,State,0,0,7,0,0,,183,2939,0,0,0,0,0
2023-08-27,American,N709XX,2854,ATL,CityName,State,SEA,CityName,State,0,0,4,0,0,,174,1115,0,0,0,0,0
2023-08-27,American,N125XX,3093,ATL,CityName,State,DFW,CityName,State,0,0,-3,0,0,,76,177,0,0,0,0,0
2023-08-27,United,N912XX,2058,SFO,CityName,State,DFW,CityName,State,0,0,7,0,0,,333,543,0,0,0,0,0
2023-08-27,American,N490XX,9829,ATL,CityName,State,SFO,CityName,State,60,1,46,1,0,,103,2556,46,0,0,0,0
2023-08-28,JetBlue,N560XX,7153,MIA,CityName,State,DFW,CityName,State,0,0,-2,0,0,,355,2940,0,0,0,0,0
2023-08-28,JetBlue,N298XX,5573,SEA,CityName,State,SEA,CityName,State,0,0,-2,0,0,,305,881,0,0,0,0,0
2023-08-28,Delta,N346XX,5874,JFK,CityName,State,JFK,CityName,State,0,0,5,0,0,,45,2953,0,0,0,0,0
2023-08-28,Delta,N199XX,2229,SFO,CityName,State,JFK,CityName,State,0,0,-10,0,0,,64,2559,0,0,0,0,0
2023-08-28,Delta,N300XX,1080,ORD,CityName,State,JFK,CityName,State,0,0,-5,0,0,,306,1729,0,0,0,0,0
2023-08-28,JetBlue,N269XX,315,ATL,CityName,State,LAX,CityName,State,0,0,-2,0,0,,216,195,0,0,0,0,0
2023-08-28,Southwest,N580XX,7181,DFW,CityName,State,ORD,CityName,State,0,0,-12,0,0,,231,645,0,0,0,0,0
2023-08-29,United,N831XX,7643,DFW,CityName,State,DEN,CityName,State,45,1,51,1,0,,143,527,0,51,0,0,0
2023-08-29,Delta,N205XX,671,SFO,CityName,State,JFK,CityName,State,0,0,6,0,0,,65,301,0,0,0,0,0
2023-08-29,Delta,N572XX,6655,ORD,CityName,State,DFW,CityName,State,0,0,5,0,0,,335,1297,0,0,0,0,0
2023-08-29,Delta,N844XX,648,MIA,CityName,State,JFK,CityName,State,0,0,-10,0,0,,310,1410,0,0,0,0,0
2023-08-29,JetBlue,N945XX,4207,BOS,CityName,State,ATL,CityName,State,0,0,-2,0,0,,94,2621,0,0,0,0,0
2023-08-29,JetBlue,N799XX,4698,SEA,CityName,State,ATL,CityName,State,120,1,120,1,0,,104,982,0,0,120,0,0
2023-08-29,JetBlue,N224XX,7291,DEN,CityName,State,SFO,CityName,State,0,0,-5,0,0,,65,1005,0,0,0,0,0
2023-08-29,Southwest,N798XX,1647,SFO,CityName,State,MIA,CityName,State,0,0,-6,0,0,,138,1841,0,0,0,0,0
2023-08-29,Southwest,N454XX,7410,DEN,CityName,State,DFW,CityName,State,0,0,0,0,1,A,251,980,0,0,0,0,0
2023-08-29,Southwest,N803XX,2394,ATL,CityName,State,SFO,CityName,State,0,0,-2,0,0,,118,2140,0,0,0,0,0
2023-08-29,JetBlue,N173XX,4538,SFO,CityName,State,ATL,CityName,State,15,1,18,1,0,,152,881,18,0,0,0,0
2023-08-29,American,N291XX,4070,SFO,CityName,State,LAX,CityName,State,0,0,-3,0,0,,137,2711,0,0,0,0,0
2023-08-29,United,N659XX,9136,JFK,CityName,State,SEA,CityName,State,0,0,-3,0,0,,333,2967,0,0,0,0,0
2023-08-29,United,N398XX,9183,ATL,CityName,State,DFW,CityName,State,0,0,4,0,0,,309,1567,0,0,0,0,0
2023-08-30,United,N207XX,4617,MIA,CityName,State,DEN,CityName,State,0,0,3,0,0,,273,609,0,0,0,0,0
2023-08-30,United,N485XX,1969,BOS,CityName,State,ATL,CityName,State,60,1,56,1,0,,151,2895,0,0,56,0,0
2023-08-30,Southwest,N296XX,945,SFO,CityName,State,BOS,CityName,State,15,1,3,0,0,,119,2274,0,0,0,0,0
2023-08-30,Southwest,N448XX,6259,LAX,CityName,State,ORD,CityName,State,0,0,-9,0,0,,244,994,0,0,0,0,0
2023-08-30,JetBlue,N821XX,1656,BOS,CityName,State,ORD,CityName,State,0,0,-4,0,0,,146,1852,0,0,0,0,0
2023-08-30,Southwest,N470XX,9174,MIA,CityName,State,DEN,CityName,State,0,0,-10,0,0,,237,330,0,0,0,0,0
2023-08-30,Delta,N112XX,3711,DFW,CityName,State,MIA,CityName,State,120,1,125,1,0,,109,2882,0,0,0,0,125
2023-08-30,Southwest,N777XX,7553,JFK,CityName,State,ORD,CityName,State,0,0,-10,0,0,,211,2075,0,0,0,0,0
2023-08-30,JetBlue,N177XX,7521,BOS,CityName,State,MIA,CityName,State,15,1,3,0,0,,333,295,0,0,0,0,0
2023-08-30,Delta,N223XX,8909,LAX,CityName,State,DFW,CityName,State,0,0,-9,0,0,,210,335,0,0,0,0,0
2023-08-30,United,N759XX,2499,DFW,CityName,State,ATL,CityName,State,0,0,9,0,0,,333,2194,0,0,0,0,0
2023-08-30,Southwest,N940XX,810,SEA,CityName,State,JFK,CityName,State,15,1,23,1,0,,245,879,0,0,23,0,0
2023-08-30,United,N169XX,2915,DEN,CityName,State,SEA,CityName,State,0,0,9,0,0,,298,2544,0,0,0,0,0
2023-08-31,Southwest,N520XX,4178,JFK,CityName,State,DFW,CityName,State,0,0,-7,0,0,,253,791,0,0,0,0,0
2023-08-31,Delta,N427XX,638,DFW,CityName,State,DEN,CityName,State,0,0,-1,0,0,,51,1942,0,0,0,0,0
2023-08-31,JetBlue,N360XX,4046,SEA,CityName,State,DEN,CityName,State,0,0,5,0,0,,197,1104,0,0,0,0,0
2023-08-31,United,N798XX,315,SFO,CityName,State,SFO,CityName,State,0,0,3,0,0,,209,1573,0,0,0,0,0
2023-08-31,JetBlue,N858XX,1964,MIA,CityName,State,DFW,CityName,State,0,0,0,0,0,,276,2555,0,0,0,0,0
2023-08-31,JetBlue,N395XX,3965,DEN,CityName,State,BOS,CityName,State,0,0,-9,0,0,,223,1082,0,0,0,0,0
2023-08-31,Delta,N536XX,3062,DEN,CityName,State,BOS,CityName,State,0,0,-14,0,0,,114,937,0,0,0,0,0
2023-08-31,Delta,N125XX,3899,LAX,CityName,State,ATL,CityName,State,0,0,-5,0,0,,334,1119,0,0,0,0,0
2023-08-31,Southwest,N640XX,1729,MIA,CityName,State,SFO,CityName,State,15,1,5,0,0,,61,1227,0,0,0,0,0
2023-08-31,JetBlue,N881XX,7511,SEA,CityName,State,SFO,CityName,State,0,0,-12,0,0,,124,1167,0,0,0,0,0
2023-08-31,American,N566XX,3307,SFO,CityName,State,JFK,CityName,State,0,0,-5,0,0,,106,1022,0,0,0,0,0
2023-08-31,American,N351XX,5824,SEA,CityName,State,JFK,CityName,State,0,0,-10,0,0,,237,1141,0,0,0,0,0
2023-08-31,Delta,N210XX,2131,JFK,CityName,State,ORD,CityName,State,0,0,-2,0,0,,260,704,0,0,0,0,0
2023-08-31,JetBlue,N372XX,7846,DEN,CityName,State,DEN,CityName,State,15,1,11,0,0,,98,2975,0,0,0,0,0
2023-08-31,United,N104XX,8673,DEN,CityName,State,ORD,CityName,State,60,1,58,1,0,,286,1885,58,0,0,0,0
2023-08-31,American,N329XX,8398,LAX,CityName,State,DFW,CityName,State,0,0,0,0,0,,310,1986,0,0,0,0,0
2023-08-31,Southwest,N848XX,5177,LAX,CityName,State,BOS,CityName,State,0,0,4,0,0,,50,2649,0,0,0,0,0
2023-08-31,JetBlue,N401XX,5764,MIA,CityName,State,JFK,CityName,State,120,1,110,1,0,,318,419,0,0,110,0,0
2023-08-31,American,N680XX,4311,ATL,CityName,State,BOS,CityName,State,15,1,19,1,0,,249,2790,0,0,19,0,0
2023-08-31,Southwest,N682XX,8091,DEN,CityName,State,SFO,CityName,State,0,0,-8,0,0,,73,1534,0,0,0,0,0
2023-08-31,United,N191XX,7245,DFW,CityName,State,LAX,CityName,State,0,0,10,0,0,,139,688,0,0,0,0,0
2023-08-31,American,N265XX,4745,SEA,CityName,State,BOS,CityName,State,0,0,6,0,0,,281,704,0,0,0,0,0
2023-08-31,Delta,N766XX,5754,SEA,CityName,State,SEA,CityName,State,0,0,-4,0,0,,245,1930,0,0,0,0,0
2023-08-31,JetBlue,N741XX,4791,ATL,CityName,State,DEN,CityName,State,0,0,-13,0,0,,293,2619,0,0,0,0,0
2023-09-01,JetBlue,N661XX,5286,JFK,CityName,State,MIA,CityName,State,0,0,-7,0,0,,94,2969,0,0,0,0,0
2023-09-01,United,N750XX,6435,SFO,CityName,State,LAX,CityName,State,0,0,2,0,0,,190,1081,0,0,0,0,0
2023-09-01,JetBlue,N786XX,853,LAX,CityName,State,BOS,CityName,State,0,0,-9,0,0,,234,2601,0,0,0,0,0
2023-09-01,United,N989XX,8849,ATL,CityName,State,MIA,CityName,State,0,0,-10,0,0,,114,425,0,0,0,0,0
2023-09-01,JetBlue,N111XX,6729,BOS,CityName,State,MIA,CityName,State,0,0,4,0,0,,135,2815,0,0,0,0,0
2023-09-01,Southwest,N149XX,8660,BOS,CityName,State,SEA,CityName,State,0,0,7,0,0,,208,2230,0,0,0,0,0
2023-09-01,American,N380XX,8427,SEA,CityName,State,LAX,CityName,State,0,0,-2,0,0,,140,2809,0,0,0,0,0
2023-09-01,American,N729XX,8531,ATL,CityName,State,ORD,CityName,State,0,0,-13,0,0,,190,2796,0,0,0,0,0
2023-09-01,Delta,N269XX,6822,BOS,CityName,State,LAX,CityName,State,0,0,-1,0,0,,245,154,0,0,0,0,0
2023-09-01,Southwest,N562XX,9739,JFK,CityName,State,BOS,CityName,State,0,0,3,0,0,,299,2879,0,0,0,0,0
2023-09-01,Delta,N785XX,8794,ATL,CityName,State,DEN,CityName,State,0,0,-10,0,0,,358,910,0,0,0,0,0
2023-09-01,Southwest,N460XX,1708,BOS,CityName,State,LAX,CityName,State,0,0,2,0,0,,259,1355,0,0,0,0,0
2023-09-01,Southwest,N383XX,1870,ATL,CityName,State,SEA,CityName,State,15,1,20,1,0,,333,364,0,20,0,0,0
2023-09-02,Southwest,N556XX,4684,DFW,CityName,State,BOS,CityName,State,0,0,-3,0,0,,254,1515,0,0,0,0,0
2023-09-02,Delta,N480XX,171,LAX,CityName,State,JFK,CityName,State,15,1,17,1,0,,195,2373,17,0,0,0,0
2023-09-02,United,N109XX,1381,SEA,CityName,State,JFK,CityName,State,0,0,-1,0,0,,341,1202,0,0,0,0,0
2023-09-02,Delta,N472XX,2575,DEN,CityName,State,SFO,CityName,State,0,0,1,0,0,,124,2712,0,0,0,0,0
2023-09-02,JetBlue,N243XX,4973,LAX,CityName,State,ATL,CityName,State,0,0,2,0,0,,194,595,0,0,0,0,0
2023-09-02,United,N903XX,1359,SFO,CityName,State,LAX,CityName,State,0,0,-9,0,0,,77,2455,0,0,0,0,0
2023-09-02,American,N891XX,5013,DFW,CityName,State,BOS,CityName,State,0,0,-5,0,0,,53,1176,0,0,0,0,0
2023-09-02,United,N155XX,7963,DFW,CityName,State,SFO,CityName,State,0,0,-6,0,0,,249,333,0,0,0,0,0
2023-09-02,American,N163XX,2855,ATL,CityName,State,ORD,CityName,State,0,0,8,0,0,,252,754,0,0,0,0,0
2023-09-02,JetBlue,N690XX,1706,ORD,CityName,State,ORD,CityName,State,0,0,-10,0,0,,319,2398,0,0,0,0,0
2023-09-02,American,N273XX,2373,JFK,CityName,State,JFK,CityName,State,0,0,-5,0,0,,117,1090,0,0,0,0,0
2023-09-02,United,N408XX,7164,BOS,CityName,State,DFW,CityName,State,0,0,-12,0,0,,181,912,0,0,0,0,0
2023-09-02,Delta,N820XX,3336,SEA,CityName,State,ORD,CityName,State,0,0,-6,0,0,,88,240,0,0,0,0,0
2023-09-03,American,N480XX,4947,DEN,CityName,State,DFW,CityName,State,0,0,-4,0,0,,228,2192,0,0,0,0,0
2023-09-03,United,N938XX,2454,SFO,CityName,State,ORD,CityName,State,0,0,-14,0,0,,293,721,0,0,0,0,0
2023-09-03,American,N885XX,9424,ORD,CityName,State,DFW,CityName,State,0,0,9,0,0,,279,1149,0,0,0,0,0
2023-09-03,JetBlue,N541XX,5769,DFW,CityName,State,DFW,CityName,State,0,0,7,0,0,,276,978,0,0,0,0,0
2023-09-03,Delta,N740XX,5740,DEN,CityName,State,ORD,CityName,State,0,0,-3,0,0,,120,2898,0,0,0,0,0
2023-09-03,Southwest,N241XX,2076,MIA,CityName,State,MIA,CityName,State,0,0,-9,0,0,,332,2742,0,0,0,0,0
2023-09-03,American,N784XX,4355,ATL,CityName,State,ATL,CityName,State,15,1,15,1,0,,254,853,0,0,15,0,0
2023-09-03,JetBlue,N214XX,2134,ATL,CityName,State,DEN,CityName,State,0,0,-5,0,0,,338,1892,0,0,0,0,0
2023-09-03,United,N945XX,849,MIA,CityName,State,SEA,CityName,State,0,0,-2,0,0,,64,393,0,0,0,0,0
2023-09-03,Southwest,N224XX,2148,JFK,CityName,State,ATL,CityName,State,0,0,-5,0,0,,173,2765,0,0,0,0,0
2023-09-03,JetBlue,N827XX,9459,JFK,CityName,State,LAX,CityName,State,15,1,8,0,0,,323,2005,0,0,0,0,0
2023-09-03,United,N937XX,3139,ORD,CityName,State,DEN,CityName,State,0,0,-7,0,0,,336,768,0,0,0,0,0
2023-09-03,Southwest,N623XX,7056,LAX,CityName,State,ATL,CityName,State,15,1,18,1,0,,70,2741,0,18,0,0,0
2023-09-04,United,N645XX,1357,JFK,CityName,State,SFO,CityName,State,0,0,-1,0,0,,199,837,0,0,0,0,0
2023-09-04,American,N723XX,2118,JFK,CityName,State,ATL,CityName,State,0,0,5,0,0,,62,2382,0,0,0,0,0
2023-09-04,JetBlue,N367XX,6371,MIA,CityName,State,LAX,CityName,State,0,0,-9,0,0,,210,1340,0,0,0,0,0
2023-09-04,American,N759XX,7477,LAX,CityName,State,ATL,CityName,State,0,0,-14,0,0,,66,2261,0,0,0,0,0
2023-09-04,JetBlue,N659XX,4600,DFW,CityName,State,DFW,CityName,State,0,0,-13,0,0,,63,2983,0,0,0,0,0
2023-09-04,American,N914XX,3596,JFK,CityName,State,ORD,CityName,State,0,0,-7,0,0,,181,1798,0,0,0,0,0
2023-09-04,Delta,N518XX,2683,SFO,CityName,State,SEA,CityName,State,0,0,-14,0,0,,251,2850,0,0,0,0,0
2023-09-04,United,N734XX,1883,SFO,CityName,State,DFW,CityName,State,0,0,-1,0,0,,75,1711,0,0,0,0,0
2023-09-04,Delta,N980XX,3568,MIA,CityName,State,LAX,CityName,State,120,1,130,1,0,,92,1419,0,0,130,0,0
2023-09-04,American,N186XX,1564,MIA,CityName,State,BOS,CityName,State,0,0,-9,0,0,,319,2758,0,0,0,0,0
2023-09-04,Southwest,N539XX,1953,ORD,CityName,State,JFK,CityName,State,0,0,-13,0,0,,68,2630,0,0,0,0,0
2023-09-04,Southwest,N547XX,3857,ORD,CityName,State,ORD,CityName,State,0,0,-14,0,0,,265,568,0,0,0,0,0
2023-09-04,JetBlue,N996XX,8010,MIA,CityName,State,BOS,CityName,State,0,0,-9,0,0,,346,1598,0,0,0,0,0
2023-09-04,Delta,N321XX,2549,SFO,CityName,State,LAX,CityName,State,45,1,43,1,0,,90,1573,0,43,0,0,0
2023-09-05,American,N321XX,4084,BOS,CityName,State,DEN,CityName,State,0,0,8,0,0,,150,2913,0,0,0,0,0
2023-09-05,Southwest,N801XX,7700,ATL,CityName,State,ATL,CityName,State,0,0,-13,0,0,,145,2870,0,0,0,0,0
2023-09-05,Delta,N817XX,2490,SEA,CityName,State,ORD,CityName,State,15,1,7,0,0,,240,2437,0,0,0,0,0
2023-09-05,JetBlue,N120XX,6613,SEA,CityName,State,DEN,CityName,State,30,1,35,1,0,,356,1267,35,0,0,0,0
2023-09-05,Southwest,N613XX,4519,JFK,CityName,State,SEA,CityName,State,0,0,-5,0,0,,176,943,0,0,0,0,0
2023-09-05,American,N758XX,7219,JFK,CityName,State,ORD,CityName,State,0,0,3,0,0,,331,939,0,0,0,0,0
2023-09-05,JetBlue,N623XX,2606,BOS,CityName,State,DEN,CityName,State,0,0,-6,0,0,,204,360,0,0,0,0,0
2023-09-05,Southwest,N506XX,2788,BOS,CityName,State,MIA,CityName,State,0,0,4,0,0,,255,759,0,0,0,0,0
2023-09-05,American,N460XX,8408,DFW,CityName,State,JFK,CityName,State,45,1,50,1,0,,148,1209,50,0,0,0,0
2023-09-05,JetBlue,N706XX,957,JFK,CityName,State,DEN,CityName,State,30,1,33,1,0,,179,2900,33,0,0,0,0
2023-09-05,Southwest,N965XX,6161,SEA,CityName,State,MIA,CityName,State,0,0,-8,0,0,,342,2342,0,0,0,0,0
2023-09-05,United,N319XX,3328,DEN,CityName,State,DFW,CityName,State,15,1,17,1,0,,205,2496,0,17,0,0,0
2023-09-05,American,N610XX,1032,LAX,CityName,State,ATL,CityName,State,0,0,8,0,0,,100,582,0,0,0,0,0
2023-09-05,American,N105XX,8998,MIA,CityName,State,DEN,CityName,State,0,0,0,0,0,,217,2001,0,0,0,0,0
2023-09-05,Delta,N270XX,8474,JFK,CityName,State,BOS,CityName,State,0,0,-11,0,0,,133,336,0,0,0,0,0
2023-09-06,Delta,N729XX,2635,SFO,CityName,State,LAX,CityName,State,0,0,-14,0,0,,274,962,0,0,0,0,0
2023-09-06,American,N985XX,1758,DFW,CityName,State,DEN,CityName,State,0,0,-9,0,0,,140,935,0,0,0,0,0
2023-09-06,Delta,N580XX,7235,SFO,CityName,State,BOS,CityName,State,0,0,-4,0,0,,156,826,0,0,0,0,0
2023-09-06,Delta,N138XX,8817,DFW,CityName,State,SFO,CityName,State,0,0,-7,0,0,,157,1069,0,0,0,0,0
2023-09-06,American,N967XX,8197,SEA,CityName,State,BOS,CityName,State,0,0,-11,0,0,,220,2636,0,0,0,0,0
2023-09-06,American,N374XX,4380,ATL,CityName,State,JFK,CityName,State,0,0,8,0,0,,279,1406,0,0,0,0,0
2023-09-06,Southwest,N947XX,6925,DEN,CityName,State,DEN,CityName,State,45,1,42,1,0,,115,1586,0,42,0,0,0
2023-09-06,American,N554XX,4300,SFO,CityName,State,ORD,CityName,State,0,0,6,0,0,,84,2116,0,0,0,0,0
2023-09-06,American,N782XX,9567,LAX,CityName,State,MIA,CityName,State,0,0,-14,0,0,,230,2707,0,0,0,0,0
2023-09-06,United,N923XX,2677,MIA,CityName,State,DFW,CityName,State,0,0,7,0,0,,256,643,0,0,0,0,0
2023-09-06,American,N509XX,3330,ORD,CityName,State,BOS,CityName,State,120,1,109,1,0,,125,541,109,0,0,0,0
2023-09-06,Southwest,N782XX,9780,JFK,CityName,State,SFO,CityName,State,0,0,-11,0,0,,350,2275,0,0,0,0,0
2023-09-06,Delta,N284XX,8291,DFW,CityName,State,ATL,CityName,State,0,0,-8,0,0,,154,1487,0,0,0,0,0
2023-09-06,American,N698XX,4723,ORD,CityName,State,SEA,CityName,State,120,1,0,0,1,A,195,2613,0,0,0,0,0
2023-09-06,Southwest,N894XX,151,MIA,CityName,State,MIA,CityName,State,15,1,8,0,0,,142,1845,0,0,0,0,0
2023-09-06,Southwest,N490XX,2362,DFW,CityName,State,DEN,CityName,State,0,0,-7,0,0,,200,1414,0,0,0,0,0
2023-09-06,American,N290XX,8045,BOS,CityName,State,JFK,CityName,State,30,1,21,1,0,,88,1793,21,0,0,0,0
2023-09-06,Delta,N380XX,9884,DEN,CityName,State,DEN,CityName,State,0,0,-11,0,0,,304,945,0,0,0,0,0
2023-09-06,United,N380XX,2373,SEA,CityName,State,ATL,CityName,State,0,0,7,0,0,,353,175,0,0,0,0,0
2023-09-06,Delta,N853XX,424,ORD,CityName,State,ATL,CityName,State,45,1,32,1,0,,64,820,32,0,0,0,0
2023-09-06,Delta,N489XX,3011,SFO,CityName,State,MIA,CityName,State,0,0,3,0,0,,71,680,0,0,0,0,0
2023-09-07,Southwest,N236XX,9949,DEN,CityName,State,MIA,CityName,State,0,0,8,0,0,,243,1038,0,0,0,0,0
2023-09-07,Southwest,N842XX,4847,DEN,CityName,State,SFO,CityName,State,0,0,-4,0,0,,185,341,0,0,0,0,0
2023-09-07,Delta,N891XX,2827,DFW,CityName,State,SFO,CityName,State,0,0,-4,0,0,,193,2354,0,0,0,0,0
2023-09-07,Delta,N290XX,767,DEN,CityName,State,SEA,CityName,State,15,1,12,0,0,,146,348,0,0,0,0,0
2023-09-07,United,N855XX,6506,ATL,CityName,State,DFW,CityName,State,0,0,0,0,0,,235,2124,0,0,0,0,0
2023-09-07,United,N279XX,1088,JFK,CityName,State,BOS,CityName,State,0,0,0,0,1,A,182,1585,0,0,0,0,0
2023-09-07,Delta,N142XX,6246,DEN,CityName,State,MIA,CityName,State,0,0,1,0,0,,91,1930,0,0,0,0,0
2023-09-07,United,N920XX,6258,DEN,CityName,State,MIA,CityName,State,0,0,10,0,0,,269,1311,0,0,0,0,0
2023-09-07,American,N150XX,9532,JFK,CityName,State,SEA,CityName,State,0,0,1,0,0,,208,599,0,0,0,0,0
2023-09-08,American,N770XX,7203,SFO,CityName,State,ORD,CityName,State,0,0,-9,0,0,,130,791,0,0,0,0,0
2023-09-08,Delta,N751XX,1432,DFW,CityName,State,ATL,CityName,State,0,0,0,0,0,,283,964,0,0,0,0,0
2023-09-08,United,N257XX,126,ORD,CityName,State,LAX,CityName,State,0,0,-1,0,0,,348,1928,0,0,0,0,0
2023-09-08,Southwest,N670XX,4114,DFW,CityName,State,LAX,CityName,State,0,0,-10,0,0,,192,1518,0,0,0,0,0
2023-09-08,United,N832XX,6799,SFO,CityName,State,LAX,CityName,State,0,0,-9,0,0,,140,2904,0,0,0,0,0
2023-09-08,Southwest,N630XX,3964,JFK,CityName,State,JFK,CityName,State,0,0,-11,0,0,,240,957,0,0,0,0,0
2023-09-08,JetBlue,N546XX,850,DFW,CityName,State,MIA,CityName,State,0,0,0,0,0,,228,2257,0,0,0,0,0
2023-09-08,United,N242XX,8801,SEA,CityName,State,LAX,CityName,State,0,0,4,0,0,,226,813,0,0,0,0,0
2023-09-08,American,N676XX,7768,DEN,CityName,State,MIA,CityName,State,0,0,1,0,0,,265,502,0,0,0,0,0
2023-09-08,American,N726XX,9848,SFO,CityName,State,SEA,CityName,State,0,0,5,0,0,,64,1083,0,0,0,0,0
2023-09-08,United,N721XX,3871,MIA,CityName,State,ORD,CityName,State,0,0,5,0,0,,70,1665,0,0,0,0,0
2023-09-08,JetBlue,N452XX,424,SEA,CityName,State,DFW,CityName,State,60,1,49,1,0,,282,2777,0,49,0,0,0
2023-09-08,American,N990XX,9209,LAX,CityName,State,JFK,CityName,State,0,0,-5,0,0,,195,1933,0,0,0,0,0
2023-09-08,Southwest,N836XX,316,SEA,CityName,State,ORD,CityName,State,60,1,53,1,0,,271,2714,0,0,53,0,0
2023-09-08,JetBlue,N110XX,7603,SEA,CityName,State,SFO,CityName,State,45,1,46,1,0,,170,2084,0,0,46,0,0
2023-09-09,JetBlue,N945XX,7744,ORD,CityName,State,DFW,CityName,State,0,0,0,0,0,,208,2794,0,0,0,0,0
2023-09-09,American,N832XX,1311,MIA,CityName,State,ATL,CityName,State,0,0,4,0,0,,255,2476,0,0,0,0,0
2023-09-09,Delta,N855XX,1966,BOS,CityName,State,ORD,CityName,State,0,0,-2,0,0,,348,995,0,0,0,0,0
2023-09-09,Southwest,N678XX,2800,DFW,CityName,State,JFK,CityName,State,0,0,-7,0,0,,242,267,0,0,0,0,0
2023-09-09,American,N932XX,697,ATL,CityName,State,BOS,CityName,State,0,0,-1,0,0,,192,1870,0,0,0,0,0
2023-09-09,JetBlue,N786XX,6360,DFW,CityName,State,MIA,CityName,State,0,0,-14,0,0,,278,1667,0,0,0,0,0
2023-09-09,Delta,N857XX,3748,MIA,CityName,State,BOS,CityName,State,60,1,66,1,0,,51,1201,0,0,0,0,66
2023-09-09,Southwest,N937XX,6098,ORD,CityName,State,ORD,CityName,State,0,0,8,0,0,,335,1700,0,0,0,0,0
2023-09-09,American,N262XX,6093,JFK,CityName,State,MIA,CityName,State,30,1,37,1,0,,182,1856,37,0,0,0,0
2023-09-10,United,N542XX,5004,LAX,CityName,State,ATL,CityName,State,0,0,-9,0,0,,275,2143,0,0,0,0,0
2023-09-10,Southwest,N336XX,7768,BOS,CityName,State,JFK,CityName,State,0,0,0,0,0,,130,2953,0,0,0,0,0
2023-09-10,American,N365XX,5333,DEN,CityName,State,ATL,CityName,State,0,0,-13,0,0,,167,1452,0,0,0,0,0
2023-09-10,Southwest,N984XX,743,JFK,CityName,State,ORD,CityName,State,0,0,0,0,1,A,278,1116,0,0,0,0,0
2023-09-10,American,N174XX,7136,DEN,CityName,State,SFO,CityName,State,45,1,54,1,0,,194,1374,0,54,0,0,0
2023-09-10,Southwest,N108XX,4263,DFW,CityName,State,ORD,CityName,State,0,0,-13,0,0,,155,476,0,0,0,0,0
2023-09-10,Southwest,N224XX,7096,ATL,CityName,State,DFW,CityName,State,15,1,17,1,0,,308,309,17,0,0,0,0
2023-09-10,American,N309XX,7779,SEA,CityName,State,SEA,CityName,State,0,0,-5,0,0,,163,1165,0,0,0,0,0
2023-09-10,United,N719XX,9796,LAX,CityName,State,DEN,CityName,State,0,0,1,0,0,,88,2336,0,0,0,0,0
2023-09-10,Delta,N625XX,6286,DEN,CityName,State,DFW,CityName,State,0,0,10,0,0,,161,2654,0,0,0,0,0
2023-09-10,American,N861XX,4622,DEN,CityName,State,ATL,CityName,State,0,0,-13,0,0,,80,2345,0,0,0,0,0
2023-09-10,JetBlue,N899XX,785,MIA,CityName,State,MIA,CityName,State,0,0,10,0,0,,113,2528,0,0,0,0,0
2023-09-10,Delta,N654XX,3478,SFO,CityName,State,JFK,CityName,State,240,1,246,1,0,,316,1607,246,0,0,0,0
2023-09-10,Delta,N117XX,1775,BOS,CityName,State,MIA,CityName,State,0,0,-11,0,0,,314,1645,0,0,0,0,0
2023-09-10,United,N738XX,5049,MIA,CityName,State,BOS,CityName,State,0,0,-7,0,0,,101,194,0,0,0,0,0
2023-09-11,JetBlue,N289XX,4317,ATL,CityName,State,MIA,CityName,State,0,0,-6,0,0,,69,183,0,0,0,0,0
2023-09-11,Delta,N907XX,7528,ATL,CityName,State,BOS,CityName,State,0,0,-4,0,0,,66,583,0,0,0,0,0
2023-09-11,Delta,N227XX,9398,SEA,CityName,State,JFK,CityName,State,30,1,29,1,0,,298,982,0,29,0,0,0
2023-09-11,American,N563XX,9184,DFW,CityName,State,BOS,CityName,State,15,1,10,0,0,,103,1946,0,0,0,0,0
2023-09-11,American,N237XX,9085,ORD,CityName,State,JFK,CityName,State,45,1,40,1,0,,177,257,40,0,0,0,0
2023-09-11,Delta,N639XX,9519,MIA,CityName,State,JFK,CityName,State,0,0,-10,0,0,,307,191,0,0,0,0,0
2023-09-11,Southwest,N697XX,559,JFK,CityName,State,SEA,CityName,State,0,0,6,0,0,,60,1814,0,0,0,0,0
2023-09-11,Southwest,N617XX,3976,BOS,CityName,State,ATL,CityName,State,0,0,7,0,0,,79,2901,0,0,0,0,0
2023-09-11,JetBlue,N368XX,8123,SEA,CityName,State,SEA,CityName,State,0,0,-10,0,0,,196,421,0,0,0,0,0
2023-09-11,Delta,N683XX,9193,SEA,CityName,State,ORD,CityName,State,0,0,3,0,0,,242,1726,0,0,0,0,0
2023-09-11,Delta,N676XX,7492,DFW,CityName,State,DFW,CityName,State,0,0,-3,0,0,,97,1503,0,0,0,0,0
2023-09-11,Delta,N645XX,575,SEA,CityName,State,SEA,CityName,State,0,0,-9,0,0,,61,481,0,0,0,0,0
2023-09-12,United,N487XX,4826,MIA,CityName,State,LAX,CityName,State,0,0,-7,0,0,,294,1066,0,0,0,0,0
2023-09-12,American,N546XX,8210,JFK,CityName,State,LAX,CityName,State,0,0,-12,0,0,,91,302,0,0,0,0,0
2023-09-12,JetBlue,N573XX,9645,ORD,CityName,State,SEA,CityName,State,0,0,7,0,0,,58,1519,0,0,0,0,0
2023-09-12,Southwest,N854XX,4992,ATL,CityName,State,SFO,CityName,State,0,0,10,0,0,,242,2401,0,0,0,0,0
2023-09-12,Delta,N721XX,904,ORD,CityName,State,MIA,CityName,State,0,0,-7,0,0,,192,2713,0,0,0,0,0
2023-09-12,American,N823XX,2949,SEA,CityName,State,ATL,CityName,State,120,1,117,1,0,,153,1265,0,117,0,0,0
2023-09-12,Delta,N539XX,4531,SEA,CityName,State,ORD,CityName,State,30,1,32,1,0,,231,243,32,0,0,0,0
2023-09-12,United,N613XX,3303,BOS,CityName,State,JFK,CityName,State,0,0,-8,0,0,,187,2694,0,0,0,0,0
2023-09-12,Delta,N883XX,7543,ORD,CityName,State,ATL,CityName,State,0,0,-12,0,0,,135,853,0,0,0,0,0
2023-09-12,Southwest,N236XX,9124,MIA,CityName,State,ATL,CityName,State,0,0,2,0,0,,103,1605,0,0,0,0,0
2023-09-12,Delta,N402XX,7769,SFO,CityName,State,LAX,CityName,State,0,0,-7,0,0,,264,1414,0,0,0,0,0
2023-09-12,JetBlue,N856XX,3053,SEA,CityName,State,BOS,CityName,State,0,0,2,0,0,,230,1236,0,0,0,0,0
2023-09-12,Delta,N496XX,6105,LAX,CityName,State,DEN,CityName,State,45,1,51,1,0,,50,577,0,51,0,0,0
2023-09-12,Southwest,N761XX,6772,BOS,CityName,State,ORD,CityName,State,0,0,-7,0,0,,146,2090,0,0,0,0,0
2023-09-12,American,N759XX,8967,BOS,CityName,State,SFO,CityName,State,30,1,28,1,0,,201,2391,28,0,0,0,0
2023-09-13,United,N625XX,1421,SFO,CityName,State,ORD,CityName,State,45,1,37,1,0,,356,2054,0,0,37,0,0
2023-09-13,American,N367XX,1655,ORD,CityName,State,JFK,CityName,State,60,1,63,1,0,,153,2467,0,0,0,0,63
2023-09-13,Delta,N259XX,5626,ATL,CityName,State,ATL,CityName,State,0,0,4,0,0,,213,1675,0,0,0,0,0
2023-09-13,Delta,N469XX,5005,MIA,CityName,State,SEA,CityName,State,0,0,-9,0,0,,201,1345,0,0,0,0,0
2023-09-13,United,N207XX,166,SFO,CityName,State,DEN,CityName,State,15,1,1,0,0,,119,887,0,0,0,0,0
2023-09-13,JetBlue,N383XX,7152,MIA,CityName,State,DEN,CityName,State,45,1,40,1,0,,262,377,0,0,40,0,0
2023-09-13,Delta,N435XX,886,DEN,CityName,State,LAX,CityName,State,0,0,10,0,0,,155,1042,0,0,0,0,0
2023-09-13,Southwest,N889XX,726,LAX,CityName,State,DEN,CityName,State,0,0,1,0,0,,61,1650,0,0,0,0,0
2023-09-13,Delta,N640XX,1194,BOS,CityName,State,JFK,CityName,State,0,0,8,0,0,,114,1535,0,0,0,0,0
2023-09-14,American,N940XX,1038,DFW,CityName,State,LAX,CityName,State,0,0,9,0,0,,341,2481,0,0,0,0,0
2023-09-14,JetBlue,N779XX,3858,ATL,CityName,State,LAX,CityName,State,30,1,24,1,0,,231,1602,0,0,0,0,24
2023-09-14,Delta,N912XX,1435,SFO,CityName,State,ATL,CityName,State,0,0,-10,0,0,,357,902,0,0,0,0,0
2023-09-14,JetBlue,N976XX,4105,ATL,CityName,State,MIA,CityName,State,240,1,231,1,0,,128,2526,0,0,231,0,0
2023-09-14,JetBlue,N488XX,3985,DFW,CityName,State,DFW,CityName,State,0,0,-1,0,0,,211,2144,0,0,0,0,0
2023-09-14,JetBlue,N719XX,7443,JFK,CityName,State,DEN,CityName,State,15,1,18,1,0,,347,1859,18,0,0,0,0
2023-09-14,Delta,N235XX,649,DFW,CityName,State,DEN,CityName,State,30,1,30,1,0,,69,2481,0,30,0,0,0
2023-09-14,JetBlue,N895XX,9623,LAX,CityName,State,ORD,CityName,State,0,0,8,0,0,,158,2656,0,0,0,0,0
2023-09-14,United,N813XX,6289,DFW,CityName,State,SEA,CityName,State,0,0,9,0,0,,119,1469,0,0,0,0,0
2023-09-14,Southwest,N930XX,2476,BOS,CityName,State,ORD,CityName,State,0,0,-2,0,0,,150,1032,0,0,0,0,0
2023-09-14,Southwest,N829XX,8924,BOS,CityName,State,DEN,CityName,State,0,0,-6,0,0,,172,327,0,0,0,0,0
2023-09-14,United,N185XX,5296,SEA,CityName,State,BOS,CityName,State,0,0,2,0,0,,72,524,0,0,0,0,0
2023-09-15,Southwest,N281XX,4787,MIA,CityName,State,DFW,CityName,State,15,1,8,0,0,,134,2959,0,0,0,0,0
2023-09-15,Southwest,N802XX,4686,ATL,CityName,State,LAX,CityName,State,60,1,55,1,0,,311,1800,55,0,0,0,0
2023-09-15,United,N714XX,982,SFO,CityName,State,DFW,CityName,State,0,0,-11,0,0,,350,315,0,0,0,0,0
2023-09-15,American,N706XX,9705,ORD,CityName,State,DEN,CityName,State,0,0,10,0,0,,115,1247,0,0,0,0,0
2023-09-15,United,N470XX,4877,ORD,CityName,State,DFW,CityName,State,0,0,10,0,0,,224,2221,0,0,0,0,0
2023-09-15,JetBlue,N514XX,8969,JFK,CityName,State,ATL,CityName,State,0,0,-1,0,0,,275,464,0,0,0,0,0
2023-09-15,American,N430XX,1208,DEN,CityName,State,DEN,CityName,State,0,0,-5,0,0,,211,2516,0,0,0,0,0
2023-09-15,Delta,N903XX,8053,LAX,CityName,State,DEN,CityName,State,0,0,5,0,0,,216,374,0,0,0,0,0
2023-09-15,Southwest,N162XX,1582,SFO,CityName,State,LAX,CityName,State,0,0,-8,0,0,,301,2954,0,0,0,0,0
2023-09-15,United,N406XX,5492,DFW,CityName,State,ATL,CityName,State,0,0,8,0,0,,237,1028,0,0,0,0,0
2023-09-15,JetBlue,N924XX,4723,SEA,CityName,State,DFW,CityName,State,0,0,3,0,0,,268,2785,0,0,0,0,0
2023-09-15,American,N388XX,1875,JFK,CityName,State,BOS,CityName,State,0,0,-14,0,0,,161,2404,0,0,0,0,0
2023-09-15,JetBlue,N829XX,7150,LAX,CityName,State,MIA,CityName,State,0,0,1,0,0,,359,1730,0,0,0,0,0
2023-09-15,United,N317XX,2894,LAX,CityName,State,SFO,CityName,State,0,0,5,0,0,,131,2413,0,0,0,0,0
2023-09-15,Southwest,N763XX,4975,ATL,CityName,State,BOS,CityName,State,0,0,8,0,0,,194,1942,0,0,0,0,0
2023-09-15,American,N151XX,2195,ORD,CityName,State,MIA,CityName,State,60,1,69,1,0,,85,2782,69,0,0,0,0
2023-09-15,Southwest,N166XX,7850,JFK,CityName,State,LAX,CityName,State,0,0,-7,0,0,,126,2116,0,0,0,0,0
2023-09-15,United,N688XX,2525,ATL,CityName,State,SEA,CityName,State,0,0,-11,0,0,,174,1137,0,0,0,0,0
2023-09-16,United,N259XX,9601,BOS,CityName,State,DEN,CityName,State,0,0,0,0,1,A,266,1745,0,0,0,0,0
2023-09-16,United,N597XX,7006,ATL,CityName,State,DFW,CityName,State,15,1,24,1,0,,358,2535,24,0,0,0,0
2023-09-16,American,N955XX,413,SEA,CityName,State,DEN,CityName,State,0,0,5,0,0,,290,1106,0,0,0,0,0
2023-09-16,United,N344XX,4966,LAX,CityName,State,JFK,CityName,State,0,0,5,0,0,,337,1043,0,0,0,0,0
2023-09-16,JetBlue,N731XX,8843,LAX,CityName,State,SEA,CityName,State,0,0,-3,0,0,,160,2798,0,0,0,0,0
2023-09-16,United,N514XX,4529,SEA,CityName,State,SEA,CityName,State,60,1,49,1,0,,179,349,0,0,0,0,49
2023-09-16,JetBlue,N287XX,8168,MIA,CityName,State,DFW,CityName,State,0,0,-13,0,0,,358,2529,0,0,0,0,0
2023-09-16,Southwest,N492XX,7114,MIA,CityName,State,DFW,CityName,State,0,0,2,0,0,,212,1980,0,0,0,0,0
2023-09-16,JetBlue,N188XX,9159,SEA,CityName,State,ORD,CityName,State,15,1,13,0,0,,228,544,0,0,0,0,0
2023-09-16,United,N361XX,9480,LAX,CityName,State,SEA,CityName,State,15,1,10,0,0,,331,2639,0,0,0,0,0
2023-09-16,Southwest,N369XX,2002,BOS,CityName,State,SFO,CityName,State,45,1,42,1,0,,214,239,42,0,0,0,0
2023-09-16,JetBlue,N370XX,2018,SEA,CityName,State,SFO,CityName,State,0,0,-6,0,0,,271,2992,0,0,0,0,0
2023-09-16,Southwest,N596XX,2604,SFO,CityName,State,DFW,CityName,State,0,0,6,0,0,,344,1638,0,0,0,0,0
2023-09-16,United,N945XX,2676,ATL,CityName,State,DFW,CityName,State,45,1,45,1,0,,283,389,0,0,0,0,45
2023-09-17,JetBlue,N783XX,1467,DEN,CityName,State,DEN,CityName,State,0,0,-14,0,0,,294,1018,0,0,0,0,0
2023-09-17,United,N361XX,4553,BOS,CityName,State,ORD,CityName,State,0,0,9,0,0,,81,647,0,0,0,0,0
2023-09-17,Southwest,N170XX,9826,SFO,CityName,State,DFW,CityName,State,30,1,16,1,0,,161,2278,16,0,0,0,0
2023-09-17,Delta,N382XX,1613,BOS,CityName,State,JFK,CityName,State,0,0,9,0,0,,207,1062,0,0,0,0,0
2023-09-17,JetBlue,N927XX,744,DFW,CityName,State,SFO,CityName,State,0,0,-12,0,0,,150,2304,0,0,0,0,0
2023-09-17,Delta,N898XX,9358,ATL,CityName,State,SFO,CityName,State,0,0,-8,0,0,,56,1619,0,0,0,0,0
2023-09-17,JetBlue,N990XX,3446,ORD,CityName,State,JFK,CityName,State,30,1,16,1,0,,318,247,0,0,16,0,0
2023-09-17,Southwest,N397XX,4787,ORD,CityName,State,DFW,CityName,State,30,1,33,1,0,,294,2746,0,0,33,0,0
2023-09-17,United,N307XX,6911,SFO,CityName,State,LAX,CityName,State,0,0,2,0,0,,275,2530,0,0,0,0,0
2023-09-17,Delta,N725XX,8186,DEN,CityName,State,SEA,CityName,State,45,1,48,1,0,,270,349,48,0,0,0,0
2023-09-17,JetBlue,N168XX,8599,LAX,CityName,State,DEN,CityName,State,0,0,4,0,0,,325,1300,0,0,0,0,0
2023-09-17,Delta,N444XX,3808,DEN,CityName,State,DEN,CityName,State,0,0,-11,0,0,,244,393,0,0,0,0,0
2023-09-18,Delta,N727XX,3297,DFW,CityName,State,BOS,CityName,State,0,0,-3,0,0,,326,2785,0,0,0,0,0
2023-09-18,American,N806XX,8026,SEA,CityName,State,DFW,CityName,State,0,0,-10,0,0,,67,2632,0,0,0,0,0
2023-09-18,American,N928XX,8338,DEN,CityName,State,DFW,CityName,State,0,0,5,0,0,,317,1730,0,0,0,0,0
2023-09-18,United,N511XX,1856,ATL,CityName,State,JFK,CityName,State,15,1,19,1,0,,294,584,19,0,0,0,0
2023-09-18,United,N286XX,5231,DFW,CityName,State,DFW,CityName,State,0,0,0,0,1,A,261,707,0,0,0,0,0
2023-09-18,JetBlue,N276XX,1373,ATL,CityName,State,ATL,CityName,State,45,1,39,1,0,,68,2117,0,0,0,0,39
2023-09-18,Southwest,N293XX,439,SEA,CityName,State,SEA,CityName,State,0,0,-3,0,0,,162,1181,0,0,0,0,0
2023-09-18,United,N280XX,6755,BOS,CityName,State,ORD,CityName,State,0,0,-2,0,0,,289,1400,0,0,0,0,0
2023-09-18,Southwest,N290XX,9376,JFK,CityName,State,JFK,CityName,State,0,0,7,0,0,,243,2767,0,0,0,0,0
2023-09-18,Delta,N884XX,3523,ATL,CityName,State,MIA,CityName,State,0,0,5,0,0,,126,1038,0,0,0,0,0
2023-09-18,Delta,N588XX,5576,ORD,CityName,State,ORD,CityName,State,0,0,0,0,1,A,126,1001,0,0,0,0,0
2023-09-18,United,N420XX,8756,SEA,CityName,State,ATL,CityName,State,60,1,67,1,0,,171,2503,67,0,0,0,0
2023-09-18,United,N832XX,6817,SFO,CityName,State,SFO,CityName,State,0,0,-14,0,0,,69,705,0,0,0,0,0
2023-09-19,Southwest,N755XX,3395,JFK,CityName,State,DFW,CityName,State,0,0,-6,0,0,,138,2232,0,0,0,0,0
2023-09-19,Delta,N537XX,2323,SEA,CityName,State,DEN,CityName,State,15,1,20,1,0,,248,2831,20,0,0,0,0
2023-09-19,Delta,N271XX,910,JFK,CityName,State,ATL,CityName,State,0,0,8,0,0,,194,1238,0,0,0,0,0
2023-09-19,Delta,N579XX,5808,MIA,CityName,State,DFW,CityName,State,240,1,236,1,0,,247,900,236,0,0,0,0
2023-09-19,Southwest,N110XX,8897,LAX,CityName,State,BOS,CityName,State,0,0,2,0,0,,138,2188,0,0,0,0,0
2023-09-19,Southwest,N765XX,2000,ORD,CityName,State,DEN,CityName,State,0,0,-13,0,0,,302,1720,0,0,0,0,0
2023-09-19,JetBlue,N957XX,7314,LAX,CityName,State,SEA,CityName,State,0,0,-5,0,0,,164,559,0,0,0,0,0
2023-09-19,Southwest,N187XX,3378,ATL,CityName,State,ATL,CityName,State,0,0,4,0,0,,104,2557,0,0,0,0,0
2023-09-19,Southwest,N365XX,2969,DEN,CityName,State,JFK,CityName,State,0,0,-10,0,0,,211,168,0,0,0,0,0
2023-09-19,JetBlue,N953XX,1188,JFK,CityName,State,LAX,CityName,State,0,0,3,0,0,,336,1050,0,0,0,0,0
2023-09-19,JetBlue,N896XX,8385,ATL,CityName,State,DEN,CityName,State,0,0,-6,0,0,,253,2892,0,0,0,0,0
2023-09-20,JetBlue,N575XX,1288,ORD,CityName,State,ATL,CityName,State,15,1,19,1,0,,135,1055,19,0,0,0,0
2023-09-20,Southwest,N926XX,3584,MIA,CityName,State,DEN,CityName,State,0,0,4,0,0,,55,1543,0,0,0,0,0
2023-09-20,Southwest,N286XX,3783,ORD,CityName,State,ORD,CityName,State,0,0,-14,0,0,,111,1452,0,0,0,0,0
2023-09-20,Southwest,N695XX,3568,DFW,CityName,State,BOS,CityName,State,0,0,-4,0,0,,228,2615,0,0,0,0,0
2023-09-20,United,N498XX,4196,LAX,CityName,State,BOS,CityName,State,0,0,8,0,0,,258,2795,0,0,0,0,0
2023-09-20,Delta,N943XX,403,SEA,CityName,State,ATL,CityName,State,0,0,1,0,0,,134,1059,0,0,0,0,0
2023-09-20,Delta,N195XX,9160,MIA,CityName,State,ORD,CityName,State,0,0,-9,0,0,,64,2286,0,0,0,0,0
2023-09-20,United,N360XX,2674,JFK,CityName,State,BOS,CityName,State,15,1,22,1,0,,177,1200,22,0,0,0,0
2023-09-20,American,N824XX,8178,ORD,CityName,State,BOS,CityName,State,15,1,23,1,0,,189,1855,0,0,0,0,23
2023-09-20,United,N119XX,1883,ORD,CityName,State,DEN,CityName,State,0,0,-8,0,0,,163,2149,0,0,0,0,0
2023-09-20,American,N249XX,3244,LAX,CityName,State,BOS,CityName,State,0,0,8,0,0,,47,2440,0,0,0,0,0
2023-09-20,American,N300XX,3660,ORD,CityName,State,LAX,CityName,State,15,1,13,0,0,,326,2349,0,0,0,0,0
2023-09-20,JetBlue,N242XX,1387,SEA,CityName,State,JFK,CityName,State,15,1,12,0,0,,165,1121,0,0,0,0,0
2023-09-20,United,N501XX,5298,SFO,CityName,State,DEN,CityName,State,0,0,-12,0,0,,263,2001,0,0,0,0,0
2023-09-21,JetBlue,N476XX,6984,ORD,CityName,State,ATL,CityName,State,0,0,7,0,0,,143,292,0,0,0,0,0
2023-09-21,JetBlue,N354XX,7651,ORD,CityName,State,DFW,CityName,State,30,1,37,1,0,,226,1579,37,0,0,0,0
2023-09-21,Southwest,N110XX,2720,SEA,CityName,State,DEN,CityName,State,15,1,3,0,0,,306,2414,0,0,0,0,0
2023-09-21,American,N263XX,7953,ORD,CityName,State,BOS,CityName,State,240,1,235,1,0,,211,2657,0,0,235,0,0
2023-09-21,JetBlue,N359XX,3167,SFO,CityName,State,BOS,CityName,State,0,0,-8,0,0,,155,2918,0,0,0,0,0
2023-09-21,United,N268XX,5271,SEA,CityName,State,DEN,CityName,State,0,0,-8,0,0,,187,1321,0,0,0,0,0
2023-09-21,American,N708XX,8879,LAX,CityName,State,MIA,CityName,State,0,0,3,0,0,,323,643,0,0,0,0,0
2023-09-21,American,N793XX,5251,SFO,CityName,State,BOS,CityName,State,30,1,36,1,0,,308,2409,36,0,0,0,0
2023-09-21,United,N401XX,5560,BOS,CityName,State,ORD,CityName,State,0,0,9,0,0,,247,950,0,0,0,0,0
2023-09-21,JetBlue,N910XX,2609,DFW,CityName,State,SFO,CityName,State,0,0,6,0,0,,59,694,0,0,0,0,0
2023-09-21,American,N882XX,2381,SEA,CityName,State,MIA,CityName,State,0,0,0,0,1,A,310,2287,0,0,0,0,0
2023-09-21,American,N969XX,3526,DFW,CityName,State,JFK,CityName,State,0,0,5,0,0,,221,777,0,0,0,0,0
2023-09-21,JetBlue,N801XX,6053,JFK,CityName,State,MIA,CityName,State,0,0,-10,0,0,,244,735,0,0,0,0,0
2023-09-21,American,N362XX,5094,ORD,CityName,State,ATL,CityName,State,0,0,6,0,0,,324,466,0,0,0,0,0
2023-09-21,American,N720XX,1505,BOS,CityName,State,LAX,CityName,State,0,0,-7,0,0,,304,347,0,0,0,0,0
2023-09-22,United,N668XX,7946,DEN,CityName,State,SEA,CityName,State,0,0,-13,0,0,,127,1095,0,0,0,0,0
2023-09-22,JetBlue,N447XX,5033,JFK,CityName,State,DFW,CityName,State,0,0,-6,0,0,,73,1139,0,0,0,0,0
2023-09-22,JetBlue,N998XX,1591,ORD,CityName,State,ATL,CityName,State,0,0,-5,0,0,,48,1373,0,0,0,0,0
2023-09-22,JetBlue,N424XX,639,SEA,CityName,State,JFK,CityName,State,0,0,-14,0,0,,81,552,0,0,0,0,0
2023-09-22,American,N187XX,8317,BOS,CityName,State,SFO,CityName,State,0,0,-14,0,0,,86,2814,0,0,0,0,0
2023-09-22,JetBlue,N570XX,6525,BOS,CityName,State,DFW,CityName,State,0,0,3,0,0,,254,1985,0,0,0,0,0
2023-09-22,JetBlue,N119XX,6323,DFW,CityName,State,ATL,CityName,State,0,0,-12,0,0,,113,2933,0,0,0,0,0
2023-09-22,United,N116XX,5548,ORD,CityName,State,ATL,CityName,State,0,0,0,0,1,A,246,1610,0,0,0,0,0
2023-09-23,American,N367XX,9471,MIA,CityName,State,SFO,CityName,State,0,0,-11,0,0,,230,2051,0,0,0,0,0
2023-09-23,American,N719XX,9123,JFK,CityName,State,SFO,CityName,State,15,1,25,1,0,,277,2178,0,0,0,0,25
2023-09-23,American,N106XX,4879,SFO,CityName,State,ATL,CityName,State,0,0,6,0,0,,262,2308,0,0,0,0,0
2023-09-23,Southwest,N753XX,6745,LAX,CityName,State,JFK,CityName,State,60,1,60,1,0,,175,2461,0,0,60,0,0
2023-09-23,United,N208XX,6338,LAX,CityName,State,SFO,CityName,State,0,0,-6,0,0,,78,1158,0,0,0,0,0
2023-09-23,American,N727XX,5406,DFW,CityName,State,SFO,CityName,State,0,0,-1,0,0,,304,1310,0,0,0,0,0
2023-09-23,United,N346XX,7933,ATL,CityName,State,ORD,CityName,State,0,0,-9,0,0,,253,1625,0,0,0,0,0
2023-09-23,Southwest,N319XX,5091,ATL,CityName,State,ATL,CityName,State,0,0,-13,0,0,,340,192,0,0,0,0,0
2023-09-23,American,N765XX,5509,ATL,CityName,State,BOS,CityName,State,60,1,66,1,0,,163,247,66,0,0,0,0
2023-09-23,JetBlue,N832XX,1858,DEN,CityName,State,JFK,CityName,State,0,0,-4,0,0,,254,188,0,0,0,0,0
2023-09-23,Southwest,N183XX,5812,ATL,CityName,State,SEA,CityName,State,0,0,-7,0,0,,193,1051,0,0,0,0,0
2023-09-23,United,N515XX,6479,ORD,CityName,State,ATL,CityName,State,0,0,0,0,0,,50,1305,0,0,0,0,0
2023-09-23,American,N155XX,5961,DEN,CityName,State,ATL,CityName,State,0,0,0,0,0,,313,1791,0,0,0,0,0
2023-09-24,United,N427XX,1853,BOS,CityName,State,JFK,CityName,State,0,0,-5,0,0,,207,1299,0,0,0,0,0
2023-09-24,Delta,N883XX,3540,ATL,CityName,State,JFK,CityName,State,0,0,10,0,0,,53,1899,0,0,0,0,0
2023-09-24,American,N396XX,377,ORD,CityName,State,DEN,CityName,State,0,0,-3,0,0,,194,2890,0,0,0,0,0
2023-09-24,JetBlue,N868XX,3612,ORD,CityName,State,ATL,CityName,State,0,0,4,0,0,,230,2332,0,0,0,0,0
2023-09-24,Southwest,N615XX,1937,DEN,CityName,State,BOS,CityName,State,0,0,0,0,0,,154,1513,0,0,0,0,0
2023-09-24,United,N861XX,1859,MIA,CityName,State,SEA,CityName,State,30,1,32,1,0,,168,1061,32,0,0,0,0
2023-09-24,United,N314XX,7003,SFO,CityName,State,ORD,CityName,State,120,1,107,1,0,,58,2515,107,0,0,0,0
2023-09-24,Southwest,N483XX,8194,MIA,CityName,State,LAX,CityName,State,15,1,17,1,0,,59,2571,0,0,17,0,0
2023-09-24,JetBlue,N673XX,9748,LAX,CityName,State,SFO,CityName,State,0,0,5,0,0,,51,1725,0,0,0,0,0
2023-09-24,Southwest,N351XX,1775,SFO,CityName,State,DEN,CityName,State,0,0,-5,0,0,,310,1771,0,0,0,0,0
2023-09-24,Delta,N287XX,8151,BOS,CityName,State,SFO,CityName,State,0,0,1,0,0,,118,2148,0,0,0,0,0
2023-09-24,JetBlue,N681XX,980,ATL,CityName,State,ATL,CityName,State,0,0,8,0,0,,314,2964,0,0,0,0,0
2023-09-24,Delta,N551XX,2072,JFK,CityName,State,BOS,CityName,State,0,0,9,0,0,,303,1280,0,0,0,0,0
2023-09-24,Delta,N211XX,1611,ORD,CityName,State,SEA,CityName,State,0,0,-12,0,0,,187,954,0,0,0,0,0
2023-09-25,United,N401XX,921,ATL,CityName,State,SEA,CityName,State,0,0,-10,0,0,,66,2090,0,0,0,0,0
2023-09-25,Delta,N641XX,6322,LAX,CityName,State,ORD,CityName,State,0,0,5,0,0,,280,2749,0,0,0,0,0
2023-09-25,Delta,N497XX,5382,BOS,CityName,State,SFO,CityName,State,0,0,-3,0,0,,159,1778,0,0,0,0,0
2023-09-25,American,N972XX,2598,DFW,CityName,State,ATL,CityName,State,0,0,0,0,0,,349,1314,0,0,0,0,0
2023-09-25,Delta,N180XX,7050,JFK,CityName,State,BOS,CityName,State,0,0,9,0,0,,207,2836,0,0,0,0,0
2023-09-25,Delta,N397XX,131,LAX,CityName,State,SFO,CityName,State,0,0,3,0,0,,337,1775,0,0,0,0,0
2023-09-25,JetBlue,N283XX,3843,LAX,CityName,State,SEA,CityName,State,0,0,3,0,0,,128,1788,0,0,0,0,0
2023-09-25,American,N623XX,4484,SEA,CityName,State,ATL,CityName,State,0,0,-6,0,0,,211,822,0,0,0,0,0
2023-09-25,United,N215XX,3937,SFO,CityName,State,SFO,CityName,State,0,0,8,0,0,,136,2184,0,0,0,0,0
2023-09-25,JetBlue,N424XX,3636,MIA,CityName,State,SEA,CityName,State,15,1,0,0,1,A,272,2311,0,0,0,0,0
2023-09-25,American,N797XX,6087,DFW,CityName,State,DFW,CityName,State,0,0,-10,0,0,,199,611,0,0,0,0,0
2023-09-26,JetBlue,N883XX,7479,DFW,CityName,State,SEA,CityName,State,0,0,1,0,0,,190,2536,0,0,0,0,0
2023-09-26,United,N434XX,7329,SFO,CityName,State,JFK,CityName,State,0,0,8,0,0,,348,155,0,0,0,0,0
2023-09-26,American,N872XX,1613,JFK,CityName,State,LAX,CityName,State,60,1,64,1,0,,322,2472,0,0,0,0,64
2023-09-26,Southwest,N833XX,7048,BOS,CityName,State,JFK,CityName,State,0,0,-14,0,0,,177,413,0,0,0,0,0
2023-09-26,Southwest,N726XX,9861,JFK,CityName,State,BOS,CityName,State,60,1,53,1,0,,270,1144,0,0,0,0,53
2023-09-26,United,N460XX,9095,MIA,CityName,State,JFK,CityName,State,0,0,5,0,0,,316,2719,0,0,0,0,0
2023-09-26,JetBlue,N930XX,1797,JFK,CityName,State,MIA,CityName,State,0,0,0,0,1,A,161,1094,0,0,0,0,0
2023-09-26,American,N545XX,1400,ATL,CityName,State,ORD,CityName,State,120,1,123,1,0,,214,1973,0,0,0,0,123
2023-09-26,JetBlue,N594XX,2251,JFK,CityName,State,JFK,CityName,State,0,0,-4,0,0,,84,329,0,0,0,0,0
2023-09-26,JetBlue,N709XX,4802,MIA,CityName,State,ATL,CityName,State,0,0,0,0,0,,243,1672,0,0,0,0,0
2023-09-27,Southwest,N907XX,8939,DEN,CityName,State,ORD,CityName,State,0,0,5,0,0,,75,942,0,0,0,0,0
2023-09-27,American,N849XX,2658,SEA,CityName,State,BOS,CityName,State,0,0,-2,0,0,,207,1505,0,0,0,0,0
2023-09-27,American,N902XX,1017,SEA,CityName,State,DFW,CityName,State,0,0,6,0,0,,125,1357,0,0,0,0,0
2023-09-27,JetBlue,N396XX,7992,DFW,CityName,State,MIA,CityName,State,15,1,12,0,0,,50,1906,0,0,0,0,0
2023-09-27,Southwest,N561XX,8856,SFO,CityName,State,BOS,CityName,State,30,1,38,1,0,,274,1492,0,0,38,0,0
2023-09-27,Southwest,N779XX,2581,SEA,CityName,State,DFW,CityName,State,0,0,6,0,0,,92,2230,0,0,0,0,0
2023-09-27,Southwest,N993XX,1159,SEA,CityName,State,ORD,CityName,State,0,0,6,0,0,,175,1708,0,0,0,0,0
2023-09-27,American,N368XX,5582,JFK,CityName,State,ATL,CityName,State,0,0,-6,0,0,,101,1668,0,0,0,0,0
2023-09-27,American,N771XX,9565,DFW,CityName,State,SFO,CityName,State,15,1,7,0,0,,152,389,0,0,0,0,0
2023-09-27,Southwest,N425XX,6834,ATL,CityName,State,ATL,CityName,State,0,0,6,0,0,,98,2113,0,0,0,0,0
2023-09-27,United,N977XX,4952,DEN,CityName,State,ATL,CityName,State,0,0,-1,0,0,,74,2536,0,0,0,0,0
2023-09-27,Delta,N109XX,7497,DFW,CityName,State,ATL,CityName,State,0,0,-5,0,0,,173,2178,0,0,0,0,0
2023-09-27,Southwest,N410XX,9012,DFW,CityName,State,SFO,CityName,State,0,0,-9,0,0,,48,1917,0,0,0,0,0
2023-09-27,JetBlue,N123XX,1435,ORD,CityName,State,LAX,CityName,State,30,1,23,1,0,,345,2223,0,23,0,0,0
2023-09-27,JetBlue,N741XX,8476,ORD,CityName,State,SEA,CityName,State,15,1,25,1,0,,156,2053,25,0,0,0,0
2023-09-27,United,N234XX,4716,DFW,CityName,State,SFO,CityName,State,0,0,-5,0,0,,219,350,0,0,0,0,0
2023-09-27,JetBlue,N894XX,8369,BOS,CityName,State,SEA,CityName,State,0,0,-7,0,0,,56,1353,0,0,0,0,0
2023-09-27,American,N321XX,3531,SEA,CityName,State,DEN,CityName,State,60,1,68,1,0,,312,2649,0,0,0,0,68
2023-09-28,Delta,N814XX,4931,LAX,CityName,State,MIA,CityName,State,240,1,229,1,0,,150,2055,0,0,0,0,229
2023-09-28,Delta,N703XX,9904,BOS,CityName,State,BOS,CityName,State,0,0,-1,0,0,,331,290,0,0,0,0,0
2023-09-28,Delta,N280XX,6191,SFO,CityName,State,ORD,CityName,State,0,0,-7,0,0,,159,1119,0,0,0,0,0
2023-09-28,American,N700XX,7484,ATL,CityName,State,ORD,CityName,State,0,0,-9,0,0,,345,2148,0,0,0,0,0
2023-09-28,JetBlue,N574XX,6026,SEA,CityName,State,SEA,CityName,State,45,1,45,1,0,,341,383,45,0,0,0,0
2023-09-28,Southwest,N888XX,4623,SFO,CityName,State,BOS,CityName,State,0,0,-11,0,0,,291,1806,0,0,0,0,0
2023-09-28,American,N484XX,7285,BOS,CityName,State,ATL,CityName,State,0,0,-12,0,0,,290,346,0,0,0,0,0
2023-09-28,JetBlue,N964XX,3652,SFO,CityName,State,SEA,CityName,State,0,0,-5,0,0,,270,2219,0,0,0,0,0
2023-09-28,Southwest,N695XX,8229,ORD,CityName,State,BOS,CityName,State,0,0,-9,0,0,,357,517,0,0,0,0,0
2023-09-28,Delta,N589XX,9213,LAX,CityName,State,DFW,CityName,State,0,0,3,0,0,,328,703,0,0,0,0,0
2023-09-29,Southwest,N831XX,5019,JFK,CityName,State,ORD,CityName,State,0,0,8,0,0,,96,2029,0,0,0,0,0
2023-09-29,Southwest,N532XX,1322,DFW,CityName,State,SFO,CityName,State,0,0,3,0,0,,65,2440,0,0,0,0,0
2023-09-29,United,N652XX,3745,JFK,CityName,State,MIA,CityName,State,0,0,-5,0,0,,148,1691,0,0,0,0,0
2023-09-29,American,N547XX,3178,SFO,CityName,State,ORD,CityName,State,0,0,-12,0,0,,245,767,0,0,0,0,0
2023-09-29,American,N773XX,7429,DFW,CityName,State,DEN,CityName,State,0,0,9,0,0,,289,968,0,0,0,0,0
2023-09-29,Delta,N372XX,7154,JFK,CityName,State,MIA,CityName,State,15,1,5,0,0,,233,2783,0,0,0,0,0
2023-09-29,JetBlue,N379XX,4362,DEN,CityName,State,ATL,CityName,State,0,0,-11,0,0,,113,1064,0,0,0,0,0
2023-09-29,United,N414XX,4247,ORD,CityName,State,MIA,CityName,State,0,0,10,0,0,,336,694,0,0,0,0,0
2023-09-29,Southwest,N547XX,3525,DFW,CityName,State,DEN,CityName,State,0,0,1,0,0,,302,169,0,0,0,0,0
2023-09-29,United,N959XX,6349,MIA,CityName,State,SFO,CityName,State,0,0,0,0,0,,302,2246,0,0,0,0,0
2023-09-29,American,N234XX,3244,JFK,CityName,State,SFO,CityName,State,0,0,-8,0,0,,148,2180,0,0,0,0,0
2023-09-30,United,N863XX,8870,BOS,CityName,State,ORD,CityName,State,15,1,14,0,0,,331,2684,0,0,0,0,0
2023-09-30,United,N802XX,7081,JFK,CityName,State,ATL,CityName,State,30,1,20,1,0,,341,2323,20,0,0,0,0
2023-09-30,American,N161XX,7447,MIA,CityName,State,SEA,CityName,State,0,0,-13,0,0,,89,2062,0,0,0,0,0
2023-09-30,American,N824XX,9328,SEA,CityName,State,LAX,CityName,State,0,0,10,0,0,,345,1260,0,0,0,0,0
2023-09-30,United,N197XX,8914,SFO,CityName,State,DFW,CityName,State,0,0,-2,0,0,,294,1568,0,0,0,0,0
2023-09-30,JetBlue,N258XX,1939,SEA,CityName,State,DEN,CityName,State,15,1,23,1,0,,232,655,23,0,0,0,0
2023-09-30,American,N759XX,9723,JFK,CityName,State,SFO,CityName,State,0,0,-7,0,0,,145,1307,0,0,0,0,0
2023-09-30,Southwest,N287XX,6314,SEA,CityName,State,DEN,CityName,State,0,0,-13,0,0,,343,592,0,0,0,0,0
2023-09-30,JetBlue,N879XX,9762,JFK,CityName,State,DFW,CityName,State,45,1,34,1,0,,88,266,0,0,0,0,34
2023-10-01,Delta,N903XX,113,MIA,CityName,State,SEA,CityName,State,0,0,8,0,0,,157,2335,0,0,0,0,0
2023-10-01,American,N391XX,6436,ATL,CityName,State,BOS,CityName,State,0,0,-13,0,0,,104,2954,0,0,0,0,0
2023-10-01,Southwest,N518XX,9195,ATL,CityName,State,ATL,CityName,State,0,0,-5,0,0,,194,1345,0,0,0,0,0
2023-10-01,Delta,N150XX,7546,SFO,CityName,State,MIA,CityName,State,30,1,20,1,0,,214,204,0,0,20,0,0
2023-10-01,JetBlue,N150XX,3699,ATL,CityName,State,LAX,CityName,State,0,0,9,0,0,,91,1780,0,0,0,0,0
2023-10-01,United,N957XX,4296,MIA,CityName,State,BOS,CityName,State,0,0,-7,0,0,,109,2862,0,0,0,0,0
2023-10-01,United,N164XX,3386,LAX,CityName,State,DFW,CityName,State,0,0,-14,0,0,,121,1384,0,0,0,0,0
2023-10-01,JetBlue,N233XX,1668,ATL,CityName,State,ATL,CityName,State,0,0,3,0,0,,136,2313,0,0,0,0,0
2023-10-01,United,N870XX,8419,ATL,CityName,State,SEA,CityName,State,0,0,-14,0,0,,137,165,0,0,0,0,0
2023-10-01,Southwest,N527XX,4362,DEN,CityName,State,MIA,CityName,State,0,0,0,0,0,,278,1185,0,0,0,0,0
2023-10-01,JetBlue,N609XX,1076,DEN,CityName,State,MIA,CityName,State,0,0,0,0,0,,296,977,0,0,0,0,0
2023-10-02,JetBlue,N293XX,1428,DEN,CityName,State,DEN,CityName,State,0,0,-2,0,0,,248,2551,0,0,0,0,0
2023-10-02,American,N538XX,7408,SFO,CityName,State,DEN,CityName,State,0,0,10,0,0,,188,1452,0,0,0,0,0
2023-10-02,Southwest,N786XX,2382,SFO,CityName,State,ORD,CityName,State,0,0,-3,0,0,,241,988,0,0,0,0,0
2023-10-02,JetBlue,N752XX,660,MIA,CityName,State,SEA,CityName,State,0,0,-10,0,0,,119,1399,0,0,0,0,0
2023-10-02,JetBlue,N265XX,987,JFK,CityName,State,ATL,CityName,State,0,0,4,0,0,,281,1836,0,0,0,0,0
2023-10-02,Delta,N676XX,6211,LAX,CityName,State,SEA,CityName,State,0,0,-8,0,0,,140,603,0,0,0,0,0
2023-10-02,Delta,N352XX,1342,DEN,CityName,State,LAX,CityName,State,0,0,0,0,0,,338,1417,0,0,0,0,0
2023-10-02,American,N198XX,8512,JFK,CityName,State,DEN,CityName,State,120,1,125,1,0,,350,2650,0,0,125,0,0
2023-10-02,United,N229XX,2041,BOS,CityName,State,SFO,CityName,State,0,0,9,0,0,,78,810,0,0,0,0,0
2023-10-02,American,N623XX,6928,BOS,CityName,State,BOS,CityName,State,60,1,59,1,0,,224,2796,0,0,59,0,0
2023-10-02,Southwest,N956XX,6286,ORD,CityName,State,JFK,CityName,State,0,0,9,0,0,,257,1810,0,0,0,0,0
2023-10-02,American,N404XX,1617,LAX,CityName,State,SFO,CityName,State,0,0,-3,0,0,,283,1409,0,0,0,0,0
2023-10-02,Delta,N853XX,9846,ORD,CityName,State,BOS,CityName,State,0,0,10,0,0,,243,2787,0,0,0,0,0
2023-10-02,United,N640XX,8737,ATL,CityName,State,DEN,CityName,State,60,1,52,1,0,,88,2046,52,0,0,0,0
2023-10-02,American,N307XX,8328,SEA,CityName,State,SEA,CityName,State,0,0,5,0,0,,66,1713,0,0,0,0,0
2023-10-02,Southwest,N457XX,6883,ORD,CityName,State,JFK,CityName,State,0,0,4,0,0,,159,728,0,0,0,0,0
2023-10-02,United,N333XX,7394,JFK,CityName,State,LAX,CityName,State,0,0,0,0,0,,261,1687,0,0,0,0,0
2023-10-02,JetBlue,N140XX,7595,BOS,CityName,State,SFO,CityName,State,0,0,1,0,0,,318,501,0,0,0,0,0
2023-10-02,Delta,N246XX,2455,DEN,CityName,State,SFO,CityName,State,60,1,52,1,0,,343,2846,0,0,52,0,0
2023-10-02,United,N734XX,5151,MIA,CityName,State,SFO,CityName,State,0,0,-14,0,0,,339,1499,0,0,0,0,0
2023-10-02,Delta,N837XX,7541,SFO,CityName,State,DEN,CityName,State,0,0,3,0,0,,128,1378,0,0,0,0,0
2023-10-02,Delta,N440XX,5403,SEA,CityName,State,BOS,CityName,State,0,0,5,0,0,,230,1585,0,0,0,0,0
2023-10-03,American,N716XX,8968,BOS,CityName,State,ORD,CityName,State,0,0,0,0,0,,345,811,0,0,0,0,0
2023-10-03,JetBlue,N403XX,4258,SFO,CityName,State,ORD,CityName,State,0,0,7,0,0,,170,2193,0,0,0,0,0
2023-10-03,JetBlue,N372XX,9603,ATL,CityName,State,MIA,CityName,State,0,0,-2,0,0,,262,2118,0,0,0,0,0
2023-10-03,United,N810XX,7729,ATL,CityName,State,SFO,CityName,State,45,1,35,1,0,,226,2745,0,0,0,0,35
2023-10-03,American,N767XX,772,DEN,CityName,State,LAX,CityName,State,15,1,17,1,0,,280,1358,17,0,0,0,0
2023-10-03,United,N449XX,4916,BOS,CityName,State,SFO,CityName,State,0,0,-11,0,0,,261,1250,0,0,0,0,0
2023-10-03,Southwest,N603XX,7299,SFO,CityName,State,JFK,CityName,State,60,1,63,1,0,,165,2405,0,0,63,0,0
2023-10-03,United,N969XX,7439,BOS,CityName,State,ORD,CityName,State,0,0,0,0,0,,283,2317,0,0,0,0,0
2023-10-03,JetBlue,N691XX,6083,BOS,CityName,State,JFK,CityName,State,0,0,-2,0,0,,229,796,0,0,0,0,0
2023-10-03,United,N701XX,5912,JFK,CityName,State,DEN,CityName,State,0,0,4,0,0,,133,2354,0,0,0,0,0
2023-10-03,American,N636XX,5704,JFK,CityName,State,BOS,CityName,State,30,1,22,1,0,,225,182,22,0,0,0,0
2023-10-03,Southwest,N605XX,9233,BOS,CityName,State,BOS,CityName,State,30,1,28,1,0,,269,1323,0,0,0,0,28
2023-10-03,JetBlue,N330XX,7518,ATL,CityName,State,JFK,CityName,State,0,0,-1,0,0,,265,381,0,0,0,0,0
2023-10-03,JetBlue,N863XX,7349,MIA,CityName,State,SFO,CityName,State,0,0,-13,0,0,,119,2548,0,0,0,0,0
2023-10-04,Southwest,N185XX,8701,BOS,CityName,State,MIA,CityName,State,0,0,-13,0,0,,293,1553,0,0,0,0,0
2023-10-04,JetBlue,N628XX,5031,DFW,CityName,State,SEA,CityName,State,0,0,4,0,0,,332,1040,0,0,0,0,0
2023-10-04,Delta,N315XX,1598,MIA,CityName,State,SEA,CityName,State,0,0,0,0,1,A,333,2667,0,0,0,0,0
2023-10-04,United,N396XX,4592,DEN,CityName,State,ORD,CityName,State,0,0,-13,0,0,,204,2109,0,0,0,0,0
2023-10-04,Delta,N750XX,9022,SFO,CityName,State,SEA,CityName,State,0,0,10,0,0,,148,1143,0,0,0,0,0
2023-10-04,Southwest,N913XX,3784,LAX,CityName,State,SEA,CityName,State,45,1,43,1,0,,164,1944,43,0,0,0,0
2023-10-04,Southwest,N942XX,7651,BOS,CityName,State,LAX,CityName,State,0,0,-13,0,0,,124,295,0,0,0,0,0
2023-10-04,Southwest,N254XX,2899,JFK,CityName,State,LAX,CityName,State,0,0,-7,0,0,,338,2899,0,0,0,0,0
2023-10-04,United,N564XX,2454,ORD,CityName,State,ORD,CityName,State,0,0,-10,0,0,,338,1398,0,0,0,0,0
2023-10-04,Southwest,N170XX,5898,DFW,CityName,State,DFW,CityName,State,0,0,-4,0,0,,54,280,0,0,0,0,0
2023-10-04,Southwest,N395XX,9586,LAX,CityName,State,DEN,CityName,State,0,0,-8,0,0,,349,937,0,0,0,0,0
2023-10-04,American,N260XX,9441,DFW,CityName,State,LAX,CityName,State,0,0,-4,0,0,,359,2370,0,0,0,0,0
2023-10-04,JetBlue,N486XX,8132,LAX,CityName,State,DFW,CityName,State,15,1,11,0,0,,280,1645,0,0,0,0,0
2023-10-05,American,N663XX,7459,SFO,CityName,State,SEA,CityName,State,0,0,-4,0,0,,68,1860,0,0,0,0,0
2023-10-05,Southwest,N609XX,9303,ATL,CityName,State,MIA,CityName,State,0,0,6,0,0,,183,2143,0,0,0,0,0
2023-10-05,United,N902XX,6415,JFK,CityName,State,MIA,CityName,State,0,0,-9,0,0,,121,1198,0,0,0,0,0
2023-10-05,American,N998XX,4066,DFW,CityName,State,LAX,CityName,State,0,0,2,0,0,,89,2680,0,0,0,0,0
2023-10-05,United,N307XX,7767,MIA,CityName,State,DFW,CityName,State,0,0,5,0,0,,181,2906,0,0,0,0,0
2023-10-05,United,N844XX,9548,MIA,CityName,State,SEA,CityName,State,0,0,-8,0,0,,167,2733,0,0,0,0,0
2023-10-05,American,N637XX,2078,BOS,CityName,State,ATL,CityName,State,0,0,4,0,0,,142,1570,0,0,0,0,0
2023-10-05,JetBlue,N476XX,3818,ORD,CityName,State,LAX,CityName,State,0,0,-5,0,0,,298,1761,0,0,0,0,0
2023-10-05,Southwest,N311XX,8431,SEA,CityName,State,JFK,CityName,State,0,0,4,0,0,,210,948,0,0,0,0,0
2023-10-05,JetBlue,N973XX,9991,MIA,CityName,State,JFK,CityName,State,0,0,2,0,0,,327,1068,0,0,0,0,0
2023-10-05,United,N470XX,9057,ATL,CityName,State,BOS,CityName,State,0,0,-8,0,0,,208,2662,0,0,0,0,0
2023-10-06,Delta,N309XX,7921,ATL,CityName,State,LAX,CityName,State,0,0,-10,0,0,,289,2319,0,0,0,0,0
2023-10-06,United,N615XX,3315,SEA,CityName,State,BOS,CityName,State,0,0,-7,0,0,,307,2874,0,0,0,0,0
2023-10-06,Delta,N316XX,6871,DEN,CityName,State,ORD,CityName,State,0,0,0,0,1,A,120,2110,0,0,0,0,0
2023-10-06,United,N223XX,3910,DFW,CityName,State,SFO,CityName,State,15,1,21,1,0,,227,693,21,0,0,0,0
2023-10-06,Delta,N450XX,4448,DFW,CityName,State,JFK,CityName,State,0,0,2,0,0,,243,1287,0,0,0,0,0
2023-10-06,Southwest,N552XX,8803,JFK,CityName,State,DFW,CityName,State,0,0,-3,0,0,,75,351,0,0,0,0,0
2023-10-06,Delta,N276XX,1483,BOS,CityName,State,LAX,CityName,State,30,1,31,1,0,,169,2435,31,0,0,0,0
2023-10-06,United,N158XX,2548,LAX,CityName,State,MIA,CityName,State,0,0,-5,0,0,,259,2280,0,0,0,0,0
2023-10-06,United,N380XX,3571,DEN,CityName,State,LAX,CityName,State,0,0,9,0,0,,176,2682,0,0,0,0,0
2023-10-06,Southwest,N398XX,6019,ATL,CityName,State,BOS,CityName,State,0,0,-13,0,0,,169,265,0,0,0,0,0
2023-10-07,Southwest,N204XX,2249,JFK,CityName,State,LAX,CityName,State,0,0,10,0,0,,97,942,0,0,0,0,0
2023-10-07,Southwest,N112XX,9635,DEN,CityName,State,DEN,CityName,State,120,1,111,1,0,,70,1544,111,0,0,0,0
2023-10-07,Southwest,N161XX,1729,JFK,CityName,State,MIA,CityName,State,30,1,19,1,0,,139,2766,0,0,19,0,0
2023-10-07,JetBlue,N420XX,2362,SFO,CityName,State,MIA,CityName,State,0,0,1,0,0,,190,399,0,0,0,0,0
2023-10-07,American,N988XX,6410,BOS,CityName,State,MIA,CityName,State,0,0,-3,0,0,,353,2457,0,0,0,0,0
2023-10-07,American,N817XX,9632,SFO,CityName,State,BOS,CityName,State,0,0,-5,0,0,,116,964,0,0,0,0,0
2023-10-07,Southwest,N643XX,1655,BOS,CityName,State,MIA,CityName,State,0,0,-11,0,0,,110,687,0,0,0,0,0
2023-10-07,Delta,N458XX,7671,DEN,CityName,State,JFK,CityName,State,0,0,6,0,0,,344,2022,0,0,0,0,0
2023-10-07,American,N827XX,3311,LAX,CityName,State,ORD,CityName,State,30,1,21,1,0,,46,2668,21,0,0,0,0
2023-10-07,United,N857XX,4551,SFO,CityName,State,SEA,CityName,State,0,0,0,0,0,,230,994,0,0,0,0,0
2023-10-08,Delta,N616XX,7866,ATL,CityName,State,JFK,CityName,State,0,0,4,0,0,,272,1969,0,0,0,0,0
2023-10-08,American,N212XX,3784,ATL,CityName,State,SEA,CityName,State,0,0,-11,0,0,,317,2771,0,0,0,0,0
2023-10-08,Southwest,N195XX,1927,SFO,CityName,State,JFK,CityName,State,15,1,1,0,0,,209,371,0,0,0,0,0
2023-10-08,JetBlue,N634XX,6407,MIA,CityName,State,ATL,CityName,State,0,0,-5,0,0,,100,2659,0,0,0,0,0
2023-10-08,American,N618XX,5636,JFK,CityName,State,DEN,CityName,State,0,0,10,0,0,,203,2640,0,0,0,0,0
2023-10-08,American,N622XX,8645,SEA,CityName,State,ORD,CityName,State,0,0,-7,0,0,,332,390,0,0,0,0,0
2023-10-08,United,N556XX,1048,BOS,CityName,State,SFO,CityName,State,0,0,9,0,0,,181,1068,0,0,0,0,0
2023-10-09,Southwest,N746XX,2758,SFO,CityName,State,SEA,CityName,State,0,0,-1,0,0,,68,337,0,0,0,0,0
2023-10-09,JetBlue,N594XX,2448,SEA,CityName,State,SEA,CityName,State,0,0,8,0,0,,291,2382,0,0,0,0,0
2023-10-09,Southwest,N677XX,5552,BOS,CityName,State,DFW,CityName,State,0,0,3,0,0,,296,1593,0,0,0,0,0
2023-10-09,JetBlue,N135XX,511,DFW,CityName,State,JFK,CityName,State,0,0,-2,0,0,,338,1406,0,0,0,0,0
2023-10-09,Delta,N408XX,5208,LAX,CityName,State,DFW,CityName,State,15,1,14,0,0,,138,2889,0,0,0,0,0
2023-10-09,JetBlue,N190XX,1024,JFK,CityName,State,DFW,CityName,State,0,0,-1,0,0,,275,1730,0,0,0,0,0
2023-10-09,United,N254XX,1375,SFO,CityName,State,ATL,CityName,State,45,1,34,1,0,,94,1157,0,0,34,0,0
2023-10-09,Southwest,N877XX,822,MIA,CityName,State,ATL,CityName,State,0,0,-10,0,0,,98,373,0,0,0,0,0
2023-10-09,United,N383XX,5317,SFO,CityName,State,ATL,CityName,State,0,0,-11,0,0,,114,2042,0,0,0,0,0
2023-10-09,JetBlue,N202XX,5007,DEN,CityName,State,DFW,CityName,State,0,0,4,0,0,,77,214,0,0,0,0,0
2023-10-09,United,N952XX,4654,LAX,CityName,State,SFO,CityName,State,15,1,13,0,0,,288,2378,0,0,0,0,0
2023-10-09,Southwest,N543XX,3066,SEA,CityName,State,BOS,CityName,State,0,0,-2,0,0,,73,2307,0,0,0,0,0
2023-10-09,American,N555XX,7979,BOS,CityName,State,MIA,CityName,State,0,0,-5,0,0,,355,500,0,0,0,0,0
2023-10-09,Delta,N193XX,3599,BOS,CityName,State,LAX,CityName,State,0,0,-4,0,0,,337,515,0,0,0,0,0
2023-10-09,United,N353XX,5283,SEA,CityName,State,SEA,CityName,State,0,0,0,0,0,,121,864,0,0,0,0,0
2023-10-09,JetBlue,N470XX,9646,SEA,CityName,State,JFK,CityName,State,120,1,106,1,0,,76,2226,106,0,0,0,0
2023-10-10,United,N793XX,8435,SEA,CityName,State,SEA,CityName,State,0,0,-1,0,0,,225,2746,0,0,0,0,0
2023-10-10,Southwest,N300XX,3381,ORD,CityName,State,LAX,CityName,State,0,0,-3,0,0,,239,2665,0,0,0,0,0
2023-10-10,Delta,N579XX,8349,LAX,CityName,State,BOS,CityName,State,0,0,-3,0,0,,226,2830,0,0,0,0,0
2023-10-10,JetBlue,N158XX,7282,BOS,CityName,State,DFW,CityName,State,0,0,1,0,0,,132,318,0,0,0,0,0
2023-10-10,Southwest,N967XX,3990,ORD,CityName,State,ATL,CityName,State,0,0,6,0,0,,137,1412,0,0,0,0,0
2023-10-10,American,N506XX,2074,MIA,CityName,State,SFO,CityName,State,60,1,67,1,0,,333,1262,67,0,0,0,0
2023-10-10,American,N982XX,4708,ORD,CityName,State,SEA,CityName,State,0,0,8,0,0,,313,1033,0,0,0,0,0
2023-10-10,Delta,N207XX,4298,LAX,CityName,State,BOS,CityName,State,0,0,-3,0,0,,51,1149,0,0,0,0,0
2023-10-10,United,N310XX,1052,DFW,CityName,State,SEA,CityName,State,0,0,6,0,0,,206,1410,0,0,0,0,0
2023-10-10,United,N822XX,7834,DFW,CityName,State,JFK,CityName,State,0,0,-8,0,0,,340,838,0,0,0,0,0
2023-10-10,JetBlue,N605XX,4236,SEA,CityName,State,ATL,CityName,State,30,1,20,1,0,,329,2912,0,0,20,0,0
2023-10-11,American,N275XX,9547,SEA,CityName,State,DEN,CityName,State,120,1,128,1,0,,344,2137,0,0,128,0,0
2023-10-11,United,N527XX,6242,MIA,CityName,State,DEN,CityName,State,0,0,1,0,0,,258,1096,0,0,0,0,0
2023-10-11,Delta,N515XX,5574,ORD,CityName,State,BOS,CityName,State,120,1,128,1,0,,180,2801,0,0,128,0,0
2023-10-11,United,N876XX,2377,DEN,CityName,State,SEA,CityName,State,30,1,40,1,0,,60,1576,0,0,0,0,40
2023-10-11,JetBlue,N298XX,1171,JFK,CityName,State,ATL,CityName,State,30,1,0,0,1,A,286,2787,0,0,0,0,0
2023-10-11,JetBlue,N651XX,4523,SEA,CityName,State,ORD,CityName,State,0,0,-8,0,0,,80,594,0,0,0,0,0
2023-10-11,United,N957XX,5787,ATL,CityName,State,ATL,CityName,State,0,0,-11,0,0,,261,2680,0,0,0,0,0
2023-10-11,United,N860XX,4476,LAX,CityName,State,JFK,CityName,State,0,0,6,0,0,,105,1116,0,0,0,0,0
2023-10-11,American,N811XX,462,DEN,CityName,State,ORD,CityName,State,0,0,1,0,0,,303,2288,0,0,0,0,0
2023-10-11,United,N278XX,7740,MIA,CityName,State,MIA,CityName,State,0,0,-11,0,0,,223,2358,0,0,0,0,0
2023-10-12,United,N478XX,8614,JFK,CityName,State,ATL,CityName,State,0,0,-9,0,0,,357,2891,0,0,0,0,0
2023-10-12,JetBlue,N422XX,3592,ATL,CityName,State,ATL,CityName,State,0,0,8,0,0,,140,1256,0,0,0,0,0
2023-10-12,Southwest,N554XX,3447,JFK,CityName,State,SEA,CityName,State,0,0,-1,0,0,,147,1832,0,0,0,0,0
2023-10-12,Delta,N426XX,1125,BOS,CityName,State,DEN,CityName,State,0,0,-10,0,0,,184,2404,0,0,0,0,0
2023-10-12,American,N446XX,107,ATL,CityName,State,ATL,CityName,State,15,1,10,0,0,,122,804,0,0,0,0,0
2023-10-12,American,N992XX,3008,DEN,CityName,State,LAX,CityName,State,0,0,-9,0,0,,119,1138,0,0,0,0,0
2023-10-12,JetBlue,N299XX,1371,SEA,CityName,State,DFW,CityName,State,60,1,69,1,0,,188,1075,0,0,69,0,0
2023-10-12,Southwest,N696XX,3284,DFW,CityName,State,SEA,CityName,State,0,0,7,0,0,,291,1399,0,0,0,0,0
2023-10-12,United,N799XX,5832,ORD,CityName,State,BOS,CityName,State,0,0,-1,0,0,,255,2183,0,0,0,0,0
2023-10-12,American,N270XX,4700,MIA,CityName,State,SEA,CityName,State,0,0,-4,0,0,,320,1575,0,0,0,0,0
2023-10-12,JetBlue,N855XX,9857,SFO,CityName,State,JFK,CityName,State,0,0,-11,0,0,,85,2209,0,0,0,0,0
2023-10-12,American,N525XX,9214,DFW,CityName,State,MIA,CityName,State,0,0,6,0,0,,350,1156,0,0,0,0,0
2023-10-12,Delta,N833XX,8988,DEN,CityName,State,DFW,CityName,State,0,0,-4,0,0,,46,2410,0,0,0,0,0
2023-10-12,American,N673XX,9068,DEN,CityName,State,ORD,CityName,State,15,1,19,1,0,,191,1933,0,0,19,0,0
2023-10-12,American,N179XX,5931,LAX,CityName,State,DFW,CityName,State,15,1,20,1,0,,287,2934,20,0,0,0,0
2023-10-12,Southwest,N676XX,5620,ATL,CityName,State,ATL,CityName,State,30,1,34,1,0,,121,2870,34,0,0,0,0
2023-10-12,Delta,N646XX,9597,SFO,CityName,State,DEN,CityName,State,0,0,-13,0,0,,300,2750,0,0,0,0,0
2023-10-12,JetBlue,N724XX,3160,DFW,CityName,State,JFK,CityName,State,0,0,-9,0,0,,230,2669,0,0,0,0,0
2023-10-12,Southwest,N547XX,9555,SEA,CityName,State,ATL,CityName,State,45,1,50,1,0,,48,2428,50,0,0,0,0
2023-10-12,United,N659XX,2065,JFK,CityName,State,ORD,CityName,State,0,0,0,0,0,,56,1804,0,0,0,0,0
2023-10-13,United,N491XX,2946,BOS,CityName,State,JFK,CityName,State,0,0,2,0,0,,356,366,0,0,0,0,0
2023-10-13,Southwest,N520XX,9787,SFO,CityName,State,ATL,CityName,State,0,0,-8,0,0,,105,2478,0,0,0,0,0
2023-10-13,American,N815XX,5576,ATL,CityName,State,DFW,CityName,State,0,0,4,0,0,,209,671,0,0,0,0,0
2023-10-13,JetBlue,N271XX,1189,BOS,CityName,State,SEA,CityName,State,0,0,8,0,0,,268,1483,0,0,0,0,0
2023-10-13,Delta,N280XX,8915,BOS,CityName,State,JFK,CityName,State,0,0,0,0,0,,147,1984,0,0,0,0,0
2023-10-13,Southwest,N311XX,6767,LAX,CityName,State,SFO,CityName,State,0,0,-1,0,0,,48,426,0,0,0,0,0
2023-10-13,American,N797XX,8536,BOS,CityName,State,ATL,CityName,State,0,0,9,0,0,,288,2768,0,0,0,0,0
2023-10-13,American,N557XX,6707,SFO,CityName,State,DEN,CityName,State,0,0,-12,0,0,,159,2402,0,0,0,0,0
2023-10-13,Southwest,N883XX,2314,LAX,CityName,State,SEA,CityName,State,0,0,-5,0,0,,316,1839,0,0,0,0,0
2023-10-13,United,N543XX,5485,ORD,CityName,State,SEA,CityName,State,0,0,-10,0,0,,275,907,0,0,0,0,0
2023-10-13,Delta,N753XX,1895,SEA,CityName,State,SEA,CityName,State,0,0,-9,0,0,,49,2473,0,0,0,0,0
2023-10-13,JetBlue,N915XX,6607,ORD,CityName,State,DEN,CityName,State,0,0,9,0,0,,257,713,0,0,0,0,0
2023-10-13,American,N790XX,101,MIA,CityName,State,LAX,CityName,State,0,0,-1,0,0,,218,2613,0,0,0,0,0
2023-10-13,American,N110XX,1916,DFW,CityName,State,LAX,CityName,State,120,1,128,1,0,,61,2639,128,0,0,0,0
2023-10-14,Southwest,N909XX,5967,SEA,CityName,State,DFW,CityName,State,0,0,-4,0,0,,301,2119,0,0,0,0,0
2023-10-14,United,N482XX,4974,BOS,CityName,State,LAX,CityName,State,15,1,9,0,0,,276,2646,0,0,0,0,0
2023-10-14,American,N184XX,4457,MIA,CityName,State,JFK,CityName,State,0,0,4,0,0,,211,655,0,0,0,0,0
2023-10-14,Delta,N833XX,3908,ORD,CityName,State,SEA,CityName,State,0,0,-3,0,0,,192,1773,0,0,0,0,0
2023-10-14,Southwest,N917XX,142,JFK,CityName,State,SEA,CityName,State,0,0,2,0,0,,141,1666,0,0,0,0,0
2023-10-14,Delta,N136XX,9669,DEN,CityName,State,MIA,CityName,State,0,0,1,0,0,,255,810,0,0,0,0,0
2023-10-14,JetBlue,N442XX,269,DEN,CityName,State,MIA,CityName,State,0,0,-11,0,0,,175,2349,0,0,0,0,0
2023-10-14,American,N142XX,1140,ATL,CityName,State,JFK,CityName,State,0,0,6,0,0,,101,1415,0,0,0,0,0
2023-10-14,American,N773XX,5498,LAX,CityName,State,LAX,CityName,State,0,0,-4,0,0,,313,2818,0,0,0,0,0
2023-10-14,Southwest,N837XX,4912,ATL,CityName,State,ORD,CityName,State,0,0,0,0,1,A,219,1789,0,0,0,0,0
2023-10-14,JetBlue,N784XX,7393,JFK,CityName,State,JFK,CityName,State,0,0,0,0,0,,187,2939,0,0,0,0,0
2023-10-14,Southwest,N937XX,4501,SEA,CityName,State,ATL,CityName,State,0,0,1,0,0,,288,1066,0,0,0,0,0
2023-10-14,JetBlue,N617XX,4675,DEN,CityName,State,DFW,CityName,State,0,0,3,0,0,,222,1470,0,0,0,0,0
2023-10-14,JetBlue,N154XX,7245,ATL,CityName,State,BOS,CityName,State,60,1,57,1,0,,158,2951,0,0,0,0,57
2023-10-14,Delta,N877XX,4709,JFK,CityName,State,LAX,CityName,State,60,1,60,1,0,,135,1520,0,0,60,0,0
2023-10-14,American,N559XX,2704,JFK,CityName,State,MIA,CityName,State,0,0,-3,0,0,,84,1456,0,0,0,0,0
2023-10-14,American,N399XX,8314,SEA,CityName,State,BOS,CityName,State,0,0,4,0,0,,200,2293,0,0,0,0,0
2023-10-15,United,N284XX,9318,MIA,CityName,State,DFW,CityName,State,0,0,4,0,0,,120,1514,0,0,0,0,0
2023-10-15,Delta,N387XX,432,ORD,CityName,State,MIA,CityName,State,0,0,-4,0,0,,316,1315,0,0,0,0,0
2023-10-15,United,N859XX,5078,ATL,CityName,State,JFK,CityName,State,45,1,48,1,0,,316,2449,0,0,0,0,48
2023-10-15,JetBlue,N939XX,6549,SEA,CityName,State,JFK,CityName,State,0,0,1,0,0,,97,1701,0,0,0,0,0
2023-10-15,United,N204XX,3891,MIA,CityName,State,SEA,CityName,State,45,1,46,1,0,,114,1495,0,46,0,0,0
2023-10-15,United,N153XX,8408,SEA,CityName,State,SEA,CityName,State,0,0,-13,0,0,,250,2470,0,0,0,0,0
2023-10-15,Southwest,N709XX,2519,MIA,CityName,State,SEA,CityName,State,0,0,-1,0,0,,73,762,0,0,0,0,0
2023-10-15,Delta,N628XX,9918,JFK,CityName,State,DEN,CityName,State,30,1,22,1,0,,184,200,22,0,0,0,0
2023-10-15,Southwest,N773XX,1590,MIA,CityName,State,ORD,CityName,State,0,0,6,0,0,,330,2154,0,0,0,0,0
2023-10-16,Southwest,N510XX,294,DEN,CityName,State,JFK,CityName,State,0,0,-6,0,0,,242,1080,0,0,0,0,0
2023-10-16,Southwest,N674XX,6713,SEA,CityName,State,DEN,CityName,State,15,1,10,0,0,,335,962,0,0,0,0,0
2023-10-16,Southwest,N125XX,446,SEA,CityName,State,BOS,CityName,State,60,1,50,1,0,,184,2895,50,0,0,0,0
2023-10-16,Delta,N352XX,4354,BOS,CityName,State,ATL,CityName,State,0,0,-3,0,0,,351,1897,0,0,0,0,0
2023-10-16,Delta,N442XX,1261,LAX,CityName,State,SEA,CityName,State,0,0,0,0,1,A,345,1292,0,0,0,0,0
2023-10-16,Southwest,N196XX,8742,ATL,CityName,State,LAX,CityName,State,0,0,4,0,0,,90,2200,0,0,0,0,0
2023-10-16,Delta,N334XX,9759,JFK,CityName,State,ATL,CityName,State,0,0,6,0,0,,62,1798,0,0,0,0,0
2023-10-16,United,N943XX,1042,ATL,CityName,State,JFK,CityName,State,120,1,114,1,0,,350,261,114,0,0,0,0
2023-10-16,American,N721XX,3572,DFW,CityName,State,JFK,CityName,State,0,0,-11,0,0,,276,1215,0,0,0,0,0
2023-10-16,Delta,N180XX,1789,DEN,CityName,State,SFO,CityName,State,0,0,1,0,0,,118,182,0,0,0,0,0
2023-10-16,JetBlue,N552XX,3480,SFO,CityName,State,JFK,CityName,State,0,0,-5,0,0,,306,577,0,0,0,0,0
2023-10-16,American,N783XX,3862,ATL,CityName,State,LAX,CityName,State,15,1,14,0,0,,112,1327,0,0,0,0,0
2023-10-16,Delta,N107XX,8116,MIA,CityName,State,DFW,CityName,State,0,0,-1,0,0,,266,2843,0,0,0,0,0
2023-10-16,American,N266XX,3254,LAX,CityName,State,BOS,CityName,State,0,0,0,0,1,A,306,451,0,0,0,0,0
2023-10-16,Delta,N869XX,1891,DEN,CityName,State,SEA,CityName,State,0,0,-14,0,0,,136,1877,0,0,0,0,0
2023-10-17,Delta,N331XX,9488,MIA,CityName,State,SEA,CityName,State,0,0,7,0,0,,91,910,0,0,0,0,0
2023-10-17,Delta,N964XX,5427,LAX,CityName,State,DEN,CityName,State,0,0,-5,0,0,,337,1759,0,0,0,0,0
2023-10-17,United,N615XX,1797,DFW,CityName,State,ORD,CityName,State,0,0,9,0,0,,201,2977,0,0,0,0,0
2023-10-17,Southwest,N770XX,2674,SFO,CityName,State,DEN,CityName,State,0,0,-10,0,0,,95,2639,0,0,0,0,0
2023-10-17,JetBlue,N562XX,6364,ATL,CityName,State,LAX,CityName,State,120,1,115,1,0,,161,2685,0,115,0,0,0
2023-10-17,United,N707XX,7767,MIA,CityName,State,LAX,CityName,State,0,0,-13,0,0,,296,1998,0,0,0,0,0
2023-10-17,Southwest,N996XX,9909,ATL,CityName,State,SEA,CityName,State,60,1,47,1,0,,104,892,47,0,0,0,0
2023-10-17,American,N869XX,3420,DEN,CityName,State,LAX,CityName,State,0,0,-11,0,0,,77,1807,0,0,0,0,0
2023-10-17,Delta,N603XX,3221,LAX,CityName,State,LAX,CityName,State,0,0,0,0,0,,359,2174,0,0,0,0,0
2023-10-17,Delta,N770XX,6238,LAX,CityName,State,LAX,CityName,State,15,1,15,1,0,,286,677,15,0,0,0,0
2023-10-17,Delta,N621XX,9539,ORD,CityName,State,DEN,CityName,State,0,0,9,0,0,,87,831,0,0,0,0,0
2023-10-17,American,N662XX,6990,SEA,CityName,State,DFW,CityName,State,0,0,0,0,0,,290,2098,0,0,0,0,0
2023-10-17,Delta,N978XX,2976,MIA,CityName,State,MIA,CityName,State,0,0,-3,0,0,,112,294,0,0,0,0,0
2023-10-17,American,N277XX,8405,ATL,CityName,State,LAX,CityName,State,0,0,8,0,0,,163,997,0,0,0,0,0
2023-10-17,Delta,N769XX,3189,SFO,CityName,State,MIA,CityName,State,0,0,9,0,0,,155,1621,0,0,0,0,0
2023-10-17,JetBlue,N664XX,6131,DEN,CityName,State,SEA,CityName,State,0,0,-12,0,0,,117,2531,0,0,0,0,0
2023-10-17,American,N156XX,3030,ORD,CityName,State,DFW,CityName,State,0,0,-9,0,0,,97,346,0,0,0,0,0
2023-10-17,Southwest,N275XX,9698,LAX,CityName,State,MIA,CityName,State,0,0,-6,0,0,,212,1134,0,0,0,0,0
2023-10-17,Delta,N901XX,3708,SFO,CityName,State,ORD,CityName,State,15,1,7,0,0,,100,2174,0,0,0,0,0
2023-10-17,American,N120XX,4262,SEA,CityName,State,SFO,CityName,State,0,0,2,0,0,,100,1323,0,0,0,0,0
2023-10-18,Delta,N548XX,7319,DEN,CityName,State,ATL,CityName,State,0,0,-3,0,0,,358,643,0,0,0,0,0
2023-10-18,Delta,N382XX,6634,DFW,CityName,State,BOS,CityName,State,0,0,-2,0,0,,138,1959,0,0,0,0,0
2023-10-18,American,N719XX,8184,MIA,CityName,State,SFO,CityName,State,0,0,5,0,0,,227,186,0,0,0,0,0
2023-10-18,JetBlue,N725XX,7804,MIA,CityName,State,MIA,CityName,State,15,1,6,0,0,,130,2918,0,0,0,0,0
2023-10-18,JetBlue,N777XX,4889,ORD,CityName,State,SFO,CityName,State,0,0,5,0,0,,52,2930,0,0,0,0,0
2023-10-18,United,N530XX,970,SFO,CityName,State,BOS,CityName,State,0,0,8,0,0,,156,2417,0,0,0,0,0
2023-10-18,Delta,N875XX,4688,ORD,CityName,State,SEA,CityName,State,0,0,0,0,0,,197,2793,0,0,0,0,0
2023-10-18,JetBlue,N941XX,8267,LAX,CityName,State,ATL,CityName,State,0,0,-5,0,0,,116,2700,0,0,0,0,0
2023-10-18,American,N726XX,3303,BOS,CityName,State,ATL,CityName,State,0,0,-6,0,0,,121,1790,0,0,0,0,0
2023-10-18,JetBlue,N786XX,5845,ATL,CityName,State,BOS,CityName,State,0,0,-11,0,0,,344,1876,0,0,0,0,0
2023-10-18,Delta,N749XX,5865,SFO,CityName,State,MIA,CityName,State,0,0,-9,0,0,,193,1860,0,0,0,0,0
2023-10-18,Delta,N861XX,719,JFK,CityName,State,SEA,CityName,State,0,0,2,0,0,,343,861,0,0,0,0,0
2023-10-18,American,N371XX,8072,SEA,CityName,State,LAX,CityName,State,30,1,17,1,0,,131,360,17,0,0,0,0
2023-10-18,Delta,N895XX,3346,SEA,CityName,State,SEA,CityName,State,15,1,16,1,0,,303,2928,16,0,0,0,0
2023-10-18,JetBlue,N709XX,5475,MIA,CityName,State,SFO,CityName,State,240,1,228,1,0,,127,514,0,0,0,0,228
2023-10-18,American,N778XX,9431,DFW,CityName,State,DEN,CityName,State,15,1,5,0,0,,245,1650,0,0,0,0,0
2023-10-18,JetBlue,N780XX,5213,DEN,CityName,State,SEA,CityName,State,0,0,4,0,0,,95,1162,0,0,0,0,0
2023-10-18,United,N346XX,8011,BOS,CityName,State,ATL,CityName,State,45,1,38,1,0,,336,2794,38,0,0,0,0
2023-10-19,American,N529XX,3023,JFK,CityName,State,DFW,CityName,State,0,0,-13,0,0,,248,2763,0,0,0,0,0
2023-10-19,Delta,N223XX,9741,JFK,CityName,State,LAX,CityName,State,0,0,-10,0,0,,209,2089,0,0,0,0,0
2023-10-19,United,N819XX,8611,SEA,CityName,State,ATL,CityName,State,15,1,1,0,0,,245,1745,0,0,0,0,0
2023-10-19,Southwest,N853XX,6515,LAX,CityName,State,SFO,CityName,State,15,1,6,0,0,,242,1409,0,0,0,0,0
2023-10-19,United,N268XX,2239,JFK,CityName,State,ATL,CityName,State,0,0,4,0,0,,159,186,0,0,0,0,0
2023-10-19,Southwest,N267XX,3451,ORD,CityName,State,DFW,CityName,State,0,0,-3,0,0,,116,2871,0,0,0,0,0
2023-10-19,Delta,N275XX,6740,ORD,CityName,State,ATL,CityName,State,0,0,-7,0,0,,300,1417,0,0,0,0,0
2023-10-19,Delta,N346XX,7190,DFW,CityName,State,ATL,CityName,State,0,0,-7,0,0,,201,2689,0,0,0,0,0
2023-10-19,Southwest,N428XX,2129,JFK,CityName,State,DFW,CityName,State,0,0,-9,0,0,,293,2729,0,0,0,0,0
2023-10-19,Delta,N306XX,7829,JFK,CityName,State,ATL,CityName,State,0,0,-4,0,0,,345,2977,0,0,0,0,0
2023-10-19,JetBlue,N686XX,9020,BOS,CityName,State,SFO,CityName,State,15,1,18,1,0,,277,2330,0,0,18,0,0
2023-10-19,Southwest,N992XX,8908,BOS,CityName,State,LAX,CityName,State,0,0,-2,0,0,,238,1007,0,0,0,0,0
2023-10-19,United,N401XX,4401,LAX,CityName,State,JFK,CityName,State,0,0,-13,0,0,,129,2464,0,0,0,0,0
2023-10-19,American,N912XX,3131,LAX,CityName,State,LAX,CityName,State,0,0,0,0,0,,265,1641,0,0,0,0,0
2023-10-20,American,N137XX,750,LAX,CityName,State,ATL,CityName,State,0,0,5,0,0,,71,1742,0,0,0,0,0
2023-10-20,American,N902XX,9899,DFW,CityName,State,BOS,CityName,State,0,0,-10,0,0,,251,1534,0,0,0,0,0
2023-10-20,JetBlue,N114XX,7695,JFK,CityName,State,DEN,CityName,State,0,0,5,0,0,,323,1813,0,0,0,0,0
2023-10-20,Southwest,N565XX,9396,SEA,CityName,State,LAX,CityName,State,0,0,-8,0,0,,90,1995,0,0,0,0,0
2023-10-20,Southwest,N514XX,3256,BOS,CityName,State,ORD,CityName,State,0,0,-9,0,0,,110,1122,0,0,0,0,0
2023-10-20,United,N253XX,2394,ORD,CityName,State,SEA,CityName,State,0,0,4,0,0,,77,1329,0,0,0,0,0
2023-10-20,Delta,N147XX,3525,JFK,CityName,State,DFW,CityName,State,30,1,31,1,0,,88,1634,0,0,0,0,31
2023-10-20,Southwest,N992XX,3424,DEN,CityName,State,ORD,CityName,State,60,1,55,1,0,,359,1522,0,0,0,0,55
2023-10-20,United,N355XX,6091,ORD,CityName,State,BOS,CityName,State,0,0,1,0,0,,222,1589,0,0,0,0,0
2023-10-21,American,N560XX,7095,ATL,CityName,State,DEN,CityName,State,0,0,-2,0,0,,189,2628,0,0,0,0,0
2023-10-21,United,N275XX,3082,ATL,CityName,State,SEA,CityName,State,0,0,-1,0,0,,92,1771,0,0,0,0,0
2023-10-21,United,N975XX,6814,SFO,CityName,State,MIA,CityName,State,0,0,-5,0,0,,335,1360,0,0,0,0,0
2023-10-21,Southwest,N272XX,2414,DFW,CityName,State,ORD,CityName,State,45,1,43,1,0,,340,597,0,43,0,0,0
2023-10-21,Southwest,N626XX,1415,DEN,CityName,State,SFO,CityName,State,45,1,50,1,0,,71,588,50,0,0,0,0
2023-10-21,Delta,N375XX,616,DEN,CityName,State,DFW,CityName,State,0,0,6,0,0,,121,664,0,0,0,0,0
2023-10-21,Delta,N282XX,4504,MIA,CityName,State,LAX,CityName,State,30,1,40,1,0,,259,2411,0,40,0,0,0
2023-10-21,United,N973XX,5840,DFW,CityName,State,BOS,CityName,State,0,0,-12,0,0,,155,1466,0,0,0,0,0
2023-10-21,Delta,N145XX,8235,SEA,CityName,State,SEA,CityName,State,15,1,0,0,1,A,140,2328,0,0,0,0,0
2023-10-21,Southwest,N945XX,2724,DEN,CityName,State,DEN,CityName,State,0,0,-1,0,0,,185,2536,0,0,0,0,0
2023-10-21,Delta,N915XX,5122,ORD,CityName,State,SEA,CityName,State,0,0,-14,0,0,,342,2927,0,0,0,0,0
2023-10-21,American,N378XX,7811,SEA,CityName,State,JFK,CityName,State,0,0,5,0,0,,174,1471,0,0,0,0,0
2023-10-21,Southwest,N348XX,7634,JFK,CityName,State,SFO,CityName,State,60,1,69,1,0,,231,268,69,0,0,0,0
2023-10-21,Delta,N775XX,3924,BOS,CityName,State,ATL,CityName,State,0,0,-7,0,0,,290,2510,0,0,0,0,0
2023-10-21,Delta,N514XX,9033,ATL,CityName,State,SFO,CityName,State,0,0,0,0,0,,57,2332,0,0,0,0,0
2023-10-22,Southwest,N528XX,2461,DEN,CityName,State,DFW,CityName,State,0,0,0,0,1,A,292,1984,0,0,0,0,0
2023-10-22,United,N969XX,8610,MIA,CityName,State,ORD,CityName,State,0,0,-8,0,0,,71,275,0,0,0,0,0
2023-10-22,United,N944XX,335,DFW,CityName,State,DFW,CityName,State,0,0,-5,0,0,,55,663,0,0,0,0,0
2023-10-22,JetBlue,N520XX,1597,BOS,CityName,State,MIA,CityName,State,0,0,-12,0,0,,289,2137,0,0,0,0,0
2023-10-22,Southwest,N275XX,4503,SFO,CityName,State,MIA,CityName,State,0,0,-14,0,0,,159,1945,0,0,0,0,0
2023-10-22,United,N982XX,1769,LAX,CityName,State,ORD,CityName,State,30,1,34,1,0,,73,1664,0,34,0,0,0
2023-10-22,Delta,N521XX,6587,DFW,CityName,State,LAX,CityName,State,0,0,-5,0,0,,308,1310,0,0,0,0,0
2023-10-22,Southwest,N781XX,4802,JFK,CityName,State,MIA,CityName,State,15,1,13,0,0,,331,407,0,0,0,0,0
2023-10-22,American,N786XX,4012,LAX,CityName,State,DFW,CityName,State,0,0,6,0,0,,156,2231,0,0,0,0,0
2023-10-22,JetBlue,N882XX,2689,SEA,CityName,State,BOS,CityName,State,0,0,2,0,0,,86,1171,0,0,0,0,0
2023-10-22,American,N631XX,7468,DFW,CityName,State,DEN,CityName,State,0,0,-1,0,0,,105,1092,0,0,0,0,0
2023-10-22,American,N453XX,4797,DEN,CityName,State,SFO,CityName,State,15,1,21,1,0,,83,2019,0,0,21,0,0
2023-10-22,Southwest,N390XX,7841,ATL,CityName,State,ORD,CityName,State,60,1,56,1,0,,153,2967,0,56,0,0,0
2023-10-22,Southwest,N724XX,6335,DFW,CityName,State,MIA,CityName,State,120,1,129,1,0,,179,2281,0,0,129,0,0
2023-10-23,American,N131XX,4227,MIA,CityName,State,SEA,CityName,State,0,0,5,0,0,,82,519,0,0,0,0,0
2023-10-23,Southwest,N228XX,8287,DFW,CityName,State,DFW,CityName,State,0,0,6,0,0,,76,714,0,0,0,0,0
2023-10-23,Southwest,N889XX,1625,SFO,CityName,State,MIA,CityName,State,0,0,-6,0,0,,103,2944,0,0,0,0,0
2023-10-23,Delta,N208XX,6598,MIA,CityName,State,ATL,CityName,State,0,0,6,0,0,,138,1503,0,0,0,0,0
2023-10-23,Delta,N811XX,1759,JFK,CityName,State,ATL,CityName,State,15,1,10,0,0,,296,2161,0,0,0,0,0
2023-10-23,Southwest,N275XX,5712,SFO,CityName,State,SEA,CityName,State,0,0,-10,0,0,,187,2628,0,0,0,0,0
2023-10-23,Delta,N357XX,2361,ATL,CityName,State,DEN,CityName,State,0,0,-6,0,0,,196,1441,0,0,0,0,0
2023-10-23,American,N302XX,9035,MIA,CityName,State,SEA,CityName,State,60,1,52,1,0,,55,948,0,52,0,0,0
2023-10-23,American,N586XX,6025,LAX,CityName,State,MIA,CityName,State,0,0,-14,0,0,,147,2894,0,0,0,0,0
2023-10-23,Delta,N430XX,8611,BOS,CityName,State,JFK,CityName,State,0,0,-2,0,0,,292,2794,0,0,0,0,0
2023-10-23,Delta,N687XX,5526,BOS,CityName,State,DFW,CityName,State,0,0,7,0,0,,251,1055,0,0,0,0,0
2023-10-23,Delta,N820XX,7653,LAX,CityName,State,MIA,CityName,State,0,0,3,0,0,,358,1316,0,0,0,0,0
2023-10-23,Delta,N866XX,657,SFO,CityName,State,DEN,CityName,State,0,0,10,0,0,,137,2796,0,0,0,0,0
2023-10-23,JetBlue,N895XX,776,LAX,CityName,State,MIA,CityName,State,0,0,-12,0,0,,323,773,0,0,0,0,0
2023-10-23,Delta,N822XX,1058,ORD,CityName,State,DFW,CityName,State,0,0,6,0,0,,75,1790,0,0,0,0,0
2023-10-23,United,N695XX,3263,MIA,CityName,State,BOS,CityName,State,0,0,7,0,0,,151,1620,0,0,0,0,0
2023-10-24,American,N462XX,2263,SFO,CityName,State,SEA,CityName,State,0,0,0,0,1,A,356,2808,0,0,0,0,0
2023-10-24,Delta,N246XX,3973,LAX,CityName,State,ATL,CityName,State,15,1,13,0,0,,79,1521,0,0,0,0,0
2023-10-24,Southwest,N391XX,2079,ORD,CityName,State,DEN,CityName,State,30,1,40,1,0,,205,271,40,0,0,0,0
2023-10-24,Southwest,N884XX,9461,ORD,CityName,State,JFK,CityName,State,0,0,-13,0,0,,116,1985,0,0,0,0,0
2023-10-24,Southwest,N569XX,3183,LAX,CityName,State,SFO,CityName,State,0,0,-5,0,0,,288,733,0,0,0,0,0
2023-10-24,Southwest,N398XX,6128,LAX,CityName,State,ORD,CityName,State,0,0,-14,0,0,,210,1098,0,0,0,0,0
2023-10-24,American,N133XX,2729,SFO,CityName,State,ORD,CityName,State,0,0,-14,0,0,,179,353,0,0,0,0,0
2023-10-24,American,N930XX,1940,JFK,CityName,State,SEA,CityName,State,0,0,10,0,0,,108,1536,0,0,0,0,0
2023-10-24,United,N166XX,3940,SEA,CityName,State,ATL,CityName,State,15,1,15,1,0,,64,2485,0,0,15,0,0
2023-10-24,Delta,N154XX,2048,ATL,CityName,State,BOS,CityName,State,60,1,56,1,0,,336,2680,0,0,56,0,0
2023-10-24,United,N489XX,3474,SEA,CityName,State,ATL,CityName,State,0,0,0,0,0,,176,1808,0,0,0,0,0
2023-10-25,American,N731XX,3032,DFW,CityName,State,BOS,CityName,State,0,0,-3,0,0,,164,2503,0,0,0,0,0
2023-10-25,United,N762XX,5266,ATL,CityName,State,SEA,CityName,State,45,1,46,1,0,,49,1187,0,0,46,0,0
2023-10-25,Southwest,N111XX,3154,MIA,CityName,State,DEN,CityName,State,0,0,-13,0,0,,193,874,0,0,0,0,0
2023-10-25,Southwest,N495XX,8913,ATL,CityName,State,MIA,CityName,State,0,0,-14,0,0,,331,583,0,0,0,0,0
2023-10-25,American,N634XX,2061,MIA,CityName,State,JFK,CityName,State,0,0,0,0,0,,249,2783,0,0,0,0,0
2023-10-25,Southwest,N270XX,5866,MIA,CityName,State,SFO,CityName,State,0,0,6,0,0,,67,1299,0,0,0,0,0
2023-10-25,JetBlue,N677XX,6715,MIA,CityName,State,JFK,CityName,State,0,0,2,0,0,,101,1452,0,0,0,0,0
2023-10-25,Delta,N173XX,4153,DEN,CityName,State,SFO,CityName,State,0,0,6,0,0,,280,389,0,0,0,0,0
2023-10-25,American,N648XX,7330,ATL,CityName,State,MIA,CityName,State,0,0,-10,0,0,,105,978,0,0,0,0,0
2023-10-25,United,N103XX,3249,ORD,CityName,State,MIA,CityName,State,0,0,10,0,0,,226,1918,0,0,0,0,0
2023-10-26,Southwest,N913XX,2385,JFK,CityName,State,SEA,CityName,State,15,1,1,0,0,,146,2068,0,0,0,0,0
2023-10-26,United,N925XX,9624,BOS,CityName,State,BOS,CityName,State,0,0,5,0,0,,263,2080,0,0,0,0,0
2023-10-26,Delta,N938XX,1166,ATL,CityName,State,ATL,CityName,State,0,0,6,0,0,,98,654,0,0,0,0,0
2023-10-26,Delta,N230XX,5373,DFW,CityName,State,MIA,CityName,State,15,1,22,1,0,,98,2740,0,0,0,0,22
2023-10-26,United,N226XX,4589,LAX,CityName,State,MIA,CityName,State,0,0,0,0,1,A,235,465,0,0,0,0,0
2023-10-26,JetBlue,N796XX,1552,DFW,CityName,State,DEN,CityName,State,0,0,-11,0,0,,102,1959,0,0,0,0,0
2023-10-26,American,N368XX,4549,BOS,CityName,State,LAX,CityName,State,45,1,40,1,0,,294,538,0,0,40,0,0
2023-10-26,Southwest,N344XX,9802,DEN,CityName,State,DFW,CityName,State,0,0,7,0,0,,211,2239,0,0,0,0,0
2023-10-26,American,N350XX,2190,ORD,CityName,State,MIA,CityName,State,45,1,42,1,0,,333,1791,0,0,0,0,42
2023-10-26,JetBlue,N172XX,4791,MIA,CityName,State,SEA,CityName,State,0,0,-13,0,0,,215,937,0,0,0,0,0
2023-10-26,Southwest,N934XX,6588,BOS,CityName,State,LAX,CityName,State,15,1,11,0,0,,294,1326,0,0,0,0,0
2023-10-26,JetBlue,N993XX,549,DFW,CityName,State,LAX,CityName,State,15,1,1,0,0,,203,1683,0,0,0,0,0
2023-10-26,Delta,N886XX,9571,BOS,CityName,State,DEN,CityName,State,0,0,-3,0,0,,222,508,0,0,0,0,0
2023-10-26,United,N213XX,5308,ORD,CityName,State,BOS,CityName,State,0,0,-14,0,0,,60,1912,0,0,0,0,0
2023-10-26,American,N232XX,9350,LAX,CityName,State,LAX,CityName,State,60,1,46,1,0,,142,1885,46,0,0,0,0
2023-10-26,American,N408XX,6684,LAX,CityName,State,ATL,CityName,State,0,0,-7,0,0,,315,484,0,0,0,0,0
2023-10-26,JetBlue,N602XX,2696,SFO,CityName,State,MIA,CityName,State,15,1,10,0,0,,123,2572,0,0,0,0,0
2023-10-27,Southwest,N218XX,2807,ATL,CityName,State,SFO,CityName,State,60,1,70,1,0,,240,1278,0,0,70,0,0
2023-10-27,Delta,N988XX,2417,SFO,CityName,State,SFO,CityName,State,0,0,-4,0,0,,54,627,0,0,0,0,0
2023-10-27,American,N107XX,2176,BOS,CityName,State,DEN,CityName,State,0,0,3,0,0,,249,521,0,0,0,0,0
2023-10-27,American,N565XX,9131,SEA,CityName,State,LAX,CityName,State,0,0,-2,0,0,,301,449,0,0,0,0,0
2023-10-27,Southwest,N926XX,834,SEA,CityName,State,BOS,CityName,State,15,1,23,1,0,,269,263,23,0,0,0,0
2023-10-27,Delta,N849XX,6196,SFO,CityName,State,ATL,CityName,State,0,0,0,0,0,,307,2307,0,0,0,0,0
2023-10-27,United,N604XX,9340,JFK,CityName,State,ORD,CityName,State,0,0,-8,0,0,,59,2185,0,0,0,0,0
2023-10-27,Delta,N402XX,234,JFK,CityName,State,ATL,CityName,State,0,0,8,0,0,,127,1290,0,0,0,0,0
2023-10-27,United,N169XX,8702,JFK,CityName,State,SEA,CityName,State,0,0,-11,0,0,,105,2351,0,0,0,0,0
2023-10-27,Delta,N462XX,4995,JFK,CityName,State,BOS,CityName,State,15,1,13,0,0,,105,670,0,0,0,0,0
2023-10-27,Delta,N115XX,4831,JFK,CityName,State,DEN,CityName,State,0,0,7,0,0,,109,1153,0,0,0,0,0
2023-10-27,Southwest,N961XX,8598,SFO,CityName,State,BOS,CityName,State,0,0,3,0,0,,263,2547,0,0,0,0,0
2023-10-27,Delta,N474XX,7192,LAX,CityName,State,JFK,CityName,State,0,0,-3,0,0,,78,1621,0,0,0,0,0
2023-10-27,American,N741XX,8263,DEN,CityName,State,JFK,CityName,State,0,0,-4,0,0,,225,2544,0,0,0,0,0
2023-10-27,American,N177XX,116,ATL,CityName,State,ATL,CityName,State,0,0,9,0,0,,205,1211,0,0,0,0,0
2023-10-27,American,N756XX,7653,SFO,CityName,State,MIA,CityName,State,0,0,-3,0,0,,202,597,0,0,0,0,0
2023-10-28,JetBlue,N898XX,5021,LAX,CityName,State,ATL,CityName,State,0,0,-8,0,0,,131,2558,0,0,0,0,0
2023-10-28,American,N752XX,3721,SEA,CityName,State,MIA,CityName,State,0,0,-9,0,0,,175,2303,0,0,0,0,0
2023-10-28,American,N481XX,4910,ORD,CityName,State,JFK,CityName,State,0,0,-12,0,0,,257,263,0,0,0,0,0
2023-10-28,American,N538XX,8691,DEN,CityName,State,ATL,CityName,State,0,0,-9,0,0,,216,2239,0,0,0,0,0
2023-10-28,Delta,N512XX,2218,BOS,CityName,State,MIA,CityName,State,60,1,54,1,0,,344,1859,0,54,0,0,0
2023-10-28,American,N852XX,5107,ATL,CityName,State,LAX,CityName,State,0,0,-8,0,0,,205,1031,0,0,0,0,0
2023-10-28,American,N335XX,1099,SFO,CityName,State,LAX,CityName,State,0,0,-1,0,0,,204,1930,0,0,0,0,0
2023-10-28,Southwest,N586XX,8794,BOS,CityName,State,ORD,CityName,State,0,0,10,0,0,,324,697,0,0,0,0,0
2023-10-28,Delta,N341XX,1682,ATL,CityName,State,BOS,CityName,State,0,0,-12,0,0,,112,1648,0,0,0,0,0
2023-10-28,JetBlue,N469XX,6318,BOS,CityName,State,ATL,CityName,State,0,0,-8,0,0,,300,960,0,0,0,0,0
2023-10-28,Delta,N498XX,7772,BOS,CityName,State,SFO,CityName,State,15,1,23,1,0,,126,1520,23,0,0,0,0
2023-10-28,American,N455XX,9689,DFW,CityName,State,SFO,CityName,State,0,0,-11,0,0,,160,1392,0,0,0,0,0
2023-10-28,JetBlue,N673XX,8145,MIA,CityName,State,LAX,CityName,State,0,0,10,0,0,,126,713,0,0,0,0,0
2023-10-28,United,N747XX,1289,DEN,CityName,State,SFO,CityName,State,0,0,-2,0,0,,71,1438,0,0,0,0,0
2023-10-28,Delta,N981XX,699,ATL,CityName,State,JFK,CityName,State,0,0,4,0,0,,115,2632,0,0,0,0,0
2023-10-28,American,N860XX,5906,ORD,CityName,State,MIA,CityName,State,0,0,-12,0,0,,49,1896,0,0,0,0,0
2023-10-29,American,N200XX,6709,DFW,CityName,State,SFO,CityName,State,0,0,-14,0,0,,226,1895,0,0,0,0,0
2023-10-29,American,N672XX,5575,LAX,CityName,State,DEN,CityName,State,120,1,107,1,0,,120,633,0,0,0,0,107
2023-10-29,Delta,N203XX,2016,DFW,CityName,State,BOS,CityName,State,0,0,9,0,0,,231,2035,0,0,0,0,0
2023-10-29,Delta,N713XX,7327,ATL,CityName,State,LAX,CityName,State,0,0,-12,0,0,,170,1424,0,0,0,0,0
2023-10-29,JetBlue,N575XX,8521,DEN,CityName,State,JFK,CityName,State,15,1,12,0,0,,202,2208,0,0,0,0,0
2023-10-29,Delta,N671XX,392,SEA,CityName,State,SEA,CityName,State,0,0,-7,0,0,,97,2371,0,0,0,0,0
2023-10-29,United,N635XX,5648,SEA,CityName,State,BOS,CityName,State,0,0,7,0,0,,61,866,0,0,0,0,0
2023-10-29,Southwest,N721XX,2735,DFW,CityName,State,ORD,CityName,State,0,0,4,0,0,,115,460,0,0,0,0,0
2023-10-29,Southwest,N489XX,4670,MIA,CityName,State,ATL,CityName,State,15,1,24,1,0,,162,2175,0,0,0,0,24
2023-10-29,American,N758XX,5218,ORD,CityName,State,JFK,CityName,State,0,0,-7,0,0,,291,937,0,0,0,0,0
2023-10-30,United,N309XX,2580,SEA,CityName,State,SEA,CityName,State,0,0,10,0,0,,328,2447,0,0,0,0,0
2023-10-30,American,N248XX,4290,SEA,CityName,State,SEA,CityName,State,0,0,3,0,0,,338,1128,0,0,0,0,0
2023-10-30,Delta,N605XX,6627,MIA,CityName,State,DEN,CityName,State,0,0,8,0,0,,302,1483,0,0,0,0,0
2023-10-30,United,N626XX,2016,ORD,CityName,State,BOS,CityName,State,0,0,6,0,0,,344,1029,0,0,0,0,0
2023-10-30,Southwest,N463XX,8957,SEA,CityName,State,SEA,CityName,State,0,0,4,0,0,,235,2144,0,0,0,0,0
2023-10-30,Delta,N575XX,431,SFO,CityName,State,MIA,CityName,State,45,1,52,1,0,,151,1630,0,0,0,0,52
2023-10-30,Southwest,N663XX,7438,JFK,CityName,State,ORD,CityName,State,0,0,3,0,0,,50,868,0,0,0,0,0
2023-10-30,Southwest,N658XX,305,LAX,CityName,State,SFO,CityName,State,0,0,-6,0,0,,180,342,0,0,0,0,0
2023-10-30,United,N404XX,5542,ORD,CityName,State,BOS,CityName,State,15,1,2,0,0,,332,871,0,0,0,0,0
2023-10-30,United,N741XX,4206,SEA,CityName,State,ORD,CityName,State,0,0,-11,0,0,,338,1452,0,0,0,0,0
2023-10-30,Southwest,N923XX,2979,ATL,CityName,State,ATL,CityName,State,0,0,-9,0,0,,96,2413,0,0,0,0,0
2023-10-30,JetBlue,N541XX,7584,LAX,CityName,State,ORD,CityName,State,0,0,-5,0,0,,73,1592,0,0,0,0,0
2023-10-30,JetBlue,N101XX,7421,DEN,CityName,State,SFO,CityName,State,15,1,9,0,0,,206,1778,0,0,0,0,0
2023-10-30,American,N699XX,5658,SEA,CityName,State,ATL,CityName,State,0,0,-6,0,0,,246,538,0,0,0,0,0
2023-10-30,Delta,N254XX,5835,SEA,CityName,State,ORD,CityName,State,0,0,7,0,0,,136,1440,0,0,0,0,0
2023-10-30,American,N661XX,2355,SFO,CityName,State,SFO,CityName,State,30,1,35,1,0,,288,315,35,0,0,0,0
2023-10-30,JetBlue,N767XX,3064,DEN,CityName,State,DFW,CityName,State,15,1,15,1,0,,176,313,0,15,0,0,0
2023-10-31,JetBlue,N733XX,2201,LAX,CityName,State,SEA,CityName,State,0,0,5,0,0,,167,208,0,0,0,0,0
2023-10-31,American,N587XX,4155,JFK,CityName,State,SEA,CityName,State,30,1,36,1,0,,336,2492,36,0,0,0,0
2023-10-31,Southwest,N951XX,4031,BOS,CityName,State,DFW,CityName,State,0,0,3,0,0,,236,2958,0,0,0,0,0
2023-10-31,Delta,N939XX,1335,ORD,CityName,State,DFW,CityName,State,0,0,8,0,0,,131,1869,0,0,0,0,0
2023-10-31,American,N876XX,4787,JFK,CityName,State,LAX,CityName,State,15,1,20,1,0,,72,2952,0,20,0,0,0
2023-10-31,Southwest,N738XX,5685,JFK,CityName,State,BOS,CityName,State,0,0,-8,0,0,,223,1666,0,0,0,0,0
2023-10-31,Delta,N528XX,7825,MIA,CityName,State,MIA,CityName,State,60,1,65,1,0,,313,159,0,0,0,0,65
2023-10-31,United,N333XX,7866,ORD,CityName,State,ORD,CityName,State,15,1,13,0,0,,334,2535,0,0,0,0,0
2023-10-31,United,N631XX,6015,DEN,CityName,State,SFO,CityName,State,0,0,0,0,0,,76,2114,0,0,0,0,0
2023-10-31,American,N130XX,6935,ATL,CityName,State,ATL,CityName,State,0,0,-13,0,0,,168,2517,0,0,0,0,0
2023-10-31,Delta,N447XX,1540,SEA,CityName,State,LAX,CityName,State,45,1,43,1,0,,131,2996,0,0,0,0,43
2023-11-01,Delta,N151XX,6226,SFO,CityName,State,JFK,CityName,State,15,1,25,1,0,,196,2792,0,25,0,0,0
2023-11-01,United,N939XX,6175,LAX,CityName,State,DFW,CityName,State,15,1,20,1,0,,124,1261,0,0,0,0,20
2023-11-01,Southwest,N986XX,8725,ATL,CityName,State,DFW,CityName,State,0,0,8,0,0,,185,2443,0,0,0,0,0
2023-11-01,Delta,N928XX,9081,SEA,CityName,State,ATL,CityName,State,0,0,4,0,0,,298,519,0,0,0,0,0
2023-11-01,American,N904XX,7153,SFO,CityName,State,DFW,CityName,State,0,0,5,0,0,,225,2903,0,0,0,0,0
2023-11-01,United,N695XX,7740,DEN,CityName,State,BOS,CityName,State,0,0,10,0,0,,99,2668,0,0,0,0,0
2023-11-01,American,N925XX,7657,SFO,CityName,State,JFK,CityName,State,0,0,3,0,0,,351,2558,0,0,0,0,0
2023-11-01,American,N539XX,8610,LAX,CityName,State,MIA,CityName,State,0,0,-1,0,0,,94,284,0,0,0,0,0
2023-11-01,Delta,N762XX,3579,BOS,CityName,State,SEA,CityName,State,0,0,-13,0,0,,94,1483,0,0,0,0,0
2023-11-01,JetBlue,N901XX,9964,SEA,CityName,State,ATL,CityName,State,0,0,-11,0,0,,201,2117,0,0,0,0,0
2023-11-01,JetBlue,N210XX,4160,JFK,CityName,State,DEN,CityName,State,0,0,-10,0,0,,335,1773,0,0,0,0,0
2023-11-02,American,N269XX,9408,JFK,CityName,State,MIA,CityName,State,0,0,-10,0,0,,133,1369,0,0,0,0,0
2023-11-02,United,N752XX,8714,SEA,CityName,State,SFO,CityName,State,0,0,8,0,0,,127,1504,0,0,0,0,0
2023-11-02,JetBlue,N436XX,6956,LAX,CityName,State,DEN,CityName,State,0,0,2,0,0,,262,1449,0,0,0,0,0
2023-11-02,Delta,N419XX,4727,DFW,CityName,State,DEN,CityName,State,0,0,5,0,0,,308,2986,0,0,0,0,0
2023-11-02,American,N184XX,4897,DEN,CityName,State,SFO,CityName,State,15,1,1,0,0,,322,2547,0,0,0,0,0
2023-11-02,Delta,N569XX,6510,ORD,CityName,State,MIA,CityName,State,0,0,-5,0,0,,57,188,0,0,0,0,0
2023-11-02,JetBlue,N569XX,7494,LAX,CityName,State,JFK,CityName,State,0,0,-10,0,0,,64,1020,0,0,0,0,0
2023-11-02,American,N220XX,3434,DEN,CityName,State,ATL,CityName,State,0,0,1,0,0,,346,2867,0,0,0,0,0
2023-11-02,JetBlue,N624XX,1511,SFO,CityName,State,LAX,CityName,State,0,0,-14,0,0,,321,1469,0,0,0,0,0
2023-11-02,Southwest,N189XX,4884,JFK,CityName,State,SFO,CityName,State,0,0,5,0,0,,180,2247,0,0,0,0,0
2023-11-02,American,N623XX,2577,DEN,CityName,State,ORD,CityName,State,0,0,1,0,0,,351,2781,0,0,0,0,0
2023-11-02,Southwest,N411XX,866,MIA,CityName,State,LAX,CityName,State,15,1,14,0,0,,164,1208,0,0,0,0,0
2023-11-02,Delta,N731XX,5306,ATL,CityName,State,LAX,CityName,State,0,0,-3,0,0,,76,1011,0,0,0,0,0
2023-11-03,Delta,N381XX,6973,DEN,CityName,State,MIA,CityName,State,30,1,24,1,0,,129,2783,24,0,0,0,0
2023-11-03,Southwest,N829XX,2990,LAX,CityName,State,DFW,CityName,State,0,0,-14,0,0,,138,580,0,0,0,0,0
2023-11-03,Southwest,N314XX,2488,MIA,CityName,State,LAX,CityName,State,0,0,8,0,0,,92,1935,0,0,0,0,0
2023-11-03,Southwest,N939XX,8219,SFO,CityName,State,SEA,CityName,State,45,1,45,1,0,,293,2146,0,0,0,0,45
2023-11-03,American,N969XX,1785,SEA,CityName,State,BOS,CityName,State,0,0,-7,0,0,,239,626,0,0,0,0,0
2023-11-03,JetBlue,N429XX,7117,SFO,CityName,State,SEA,CityName,State,0,0,-1,0,0,,215,1230,0,0,0,0,0
2023-11-03,Delta,N712XX,8332,SFO,CityName,State,MIA,CityName,State,0,0,3,0,0,,267,858,0,0,0,0,0
2023-11-03,Southwest,N878XX,3548,BOS,CityName,State,JFK,CityName,State,0,0,-11,0,0,,93,1094,0,0,0,0,0
2023-11-03,Delta,N910XX,2684,LAX,CityName,State,DFW,CityName,State,0,0,3,0,0,,324,2486,0,0,0,0,0
2023-11-03,Delta,N112XX,2108,SFO,CityName,State,SEA,CityName,State,0,0,-2,0,0,,110,639,0,0,0,0,0
2023-11-04,JetBlue,N804XX,4623,MIA,CityName,State,BOS,CityName,State,30,1,17,1,0,,352,350,0,17,0,0,0
2023-11-04,United,N548XX,191,JFK,CityName,State,SEA,CityName,State,0,0,5,0,0,,146,1206,0,0,0,0,0
2023-11-04,Southwest,N793XX,8104,ORD,CityName,State,DFW,CityName,State,120,1,107,1,0,,353,741,0,107,0,0,0
2023-11-04,United,N714XX,7842,DFW,CityName,State,JFK,CityName,State,0,0,-4,0,0,,119,2253,0,0,0,0,0
2023-11-04,Southwest,N281XX,1918,ATL,CityName,State,JFK,CityName,State,0,0,8,0,0,,288,702,0,0,0,0,0
2023-11-04,Southwest,N242XX,5121,DEN,CityName,State,ORD,CityName,State,45,1,32,1,0,,262,1529,0,0,0,0,32
2023-11-04,JetBlue,N470XX,7971,ORD,CityName,State,DEN,CityName,State,0,0,-9,0,0,,248,1593,0,0,0,0,0
2023-11-04,Delta,N419XX,8789,MIA,CityName,State,ORD,CityName,State,0,0,3,0,0,,155,400,0,0,0,0,0
2023-11-04,American,N446XX,1426,DFW,CityName,State,BOS,CityName,State,0,0,8,0,0,,124,1608,0,0,0,0,0
2023-11-04,JetBlue,N403XX,605,DEN,CityName,State,JFK,CityName,State,0,0,-6,0,0,,124,1511,0,0,0,0,0
2023-11-04,United,N691XX,5866,SFO,CityName,State,DFW,CityName,State,0,0,1,0,0,,153,326,0,0,0,0,0
2023-11-04,American,N338XX,6921,ORD,CityName,State,SFO,CityName,State,0,0,-7,0,0,,316,499,0,0,0,0,0
2023-11-04,Southwest,N902XX,6764,ATL,CityName,State,MIA,CityName,State,15,1,12,0,0,,258,265,0,0,0,0,0
2023-11-04,Delta,N917XX,9903,DFW,CityName,State,DEN,CityName,State,30,1,23,1,0,,127,2714,0,23,0,0,0
2023-11-04,Southwest,N141XX,7023,DFW,CityName,State,MIA,CityName,State,30,1,24,1,0,,340,1529,24,0,0,0,0
2023-11-04,JetBlue,N819XX,6244,DFW,CityName,State,ATL,CityName,State,0,0,-10,0,0,,94,1972,0,0,0,0,0
2023-11-04,JetBlue,N532XX,6678,BOS,CityName,State,ORD,CityName,State,0,0,-12,0,0,,354,2352,0,0,0,0,0
2023-11-04,United,N849XX,7683,MIA,CityName,State,MIA,CityName,State,0,0,8,0,0,,253,2016,0,0,0,0,0
2023-11-05,Southwest,N553XX,6344,BOS,CityName,State,BOS,CityName,State,0,0,0,0,0,,205,2557,0,0,0,0,0
2023-11-05,United,N348XX,8141,ORD,CityName,State,BOS,CityName,State,0,0,-7,0,0,,152,2939,0,0,0,0,0
2023-11-05,JetBlue,N691XX,7623,SFO,CityName,State,MIA,CityName,State,0,0,-1,0,0,,350,415,0,0,0,0,0
2023-11-05,United,N636XX,4672,LAX,CityName,State,ATL,CityName,State,0,0,-1,0,0,,82,811,0,0,0,0,0
2023-11-05,Delta,N338XX,2082,LAX,CityName,State,MIA,CityName,State,0,0,5,0,0,,254,2161,0,0,0,0,0
2023-11-05,JetBlue,N629XX,4419,ORD,CityName,State,DEN,CityName,State,0,0,-5,0,0,,261,1868,0,0,0,0,0
2023-11-05,JetBlue,N403XX,8601,SEA,CityName,State,ATL,CityName,State,45,1,33,1,0,,299,985,0,33,0,0,0
2023-11-05,JetBlue,N568XX,2248,JFK,CityName,State,ATL,CityName,State,60,1,65,1,0,,198,1006,0,0,65,0,0
2023-11-05,American,N427XX,5832,JFK,CityName,State,MIA,CityName,State,30,1,28,1,0,,63,2449,28,0,0,0,0
2023-11-05,American,N404XX,4338,SEA,CityName,State,MIA,CityName,State,0,0,4,0,0,,147,587,0,0,0,0,0
2023-11-05,JetBlue,N249XX,4272,SEA,CityName,State,DEN,CityName,State,0,0,8,0,0,,336,2071,0,0,0,0,0
2023-11-05,American,N631XX,5111,LAX,CityName,State,DFW,CityName,State,0,0,2,0,0,,276,1180,0,0,0,0,0
2023-11-05,Southwest,N850XX,6060,LAX,CityName,State,ATL,CityName,State,15,1,24,1,0,,285,661,24,0,0,0,0
2023-11-05,Delta,N592XX,6454,DFW,CityName,State,ORD,CityName,State,0,0,-12,0,0,,294,2368,0,0,0,0,0
2023-11-05,Delta,N720XX,1030,DEN,CityName,State,JFK,CityName,State,0,0,3,0,0,,302,1145,0,0,0,0,0
2023-11-05,Delta,N376XX,4761,SFO,CityName,State,BOS,CityName,State,0,0,-2,0,0,,194,1123,0,0,0,0,0
2023-11-05,United,N233XX,6156,LAX,CityName,State,SFO,CityName,State,0,0,-1,0,0,,80,2914,0,0,0,0,0
2023-11-05,JetBlue,N988XX,1014,DEN,CityName,State,LAX,CityName,State,0,0,8,0,0,,215,529,0,0,0,0,0
2023-11-05,JetBlue,N798XX,8673,ORD,CityName,State,JFK,CityName,State,0,0,-12,0,0,,110,689,0,0,0,0,0
2023-11-05,American,N674XX,1183,LAX,CityName,State,SEA,CityName,State,30,1,16,1,0,,160,1087,16,0,0,0,0
2023-11-06,Southwest,N939XX,6488,DFW,CityName,State,SEA,CityName,State,45,1,52,1,0,,163,2681,52,0,0,0,0
2023-11-06,JetBlue,N877XX,2298,MIA,CityName,State,MIA,CityName,State,0,0,10,0,0,,252,2236,0,0,0,0,0
2023-11-06,Southwest,N165XX,3040,MIA,CityName,State,LAX,CityName,State,0,0,6,0,0,,83,474,0,0,0,0,0
2023-11-06,Delta,N156XX,300,BOS,CityName,State,SFO,CityName,State,30,1,40,1,0,,61,2315,0,0,40,0,0
2023-11-06,Delta,N715XX,3796,DEN,CityName,State,MIA,CityName,State,0,0,-10,0,0,,218,2302,0,0,0,0,0
2023-11-06,American,N655XX,2554,SEA,CityName,State,JFK,CityName,State,0,0,-7,0,0,,181,2527,0,0,0,0,0
2023-11-06,Southwest,N473XX,5112,DFW,CityName,State,LAX,CityName,State,0,0,7,0,0,,114,150,0,0,0,0,0
2023-11-06,JetBlue,N992XX,7360,SFO,CityName,State,BOS,CityName,State,0,0,-13,0,0,,202,2800,0,0,0,0,0
2023-11-06,American,N424XX,8878,DFW,CityName,State,ORD,CityName,State,0,0,-4,0,0,,141,2112,0,0,0,0,0
2023-11-06,Delta,N876XX,1827,MIA,CityName,State,JFK,CityName,State,0,0,-8,0,0,,313,2289,0,0,0,0,0
2023-11-06,Delta,N960XX,4672,ATL,CityName,State,JFK,CityName,State,15,1,20,1,0,,300,2002,0,20,0,0,0
2023-11-06,Delta,N304XX,9552,DEN,CityName,State,JFK,CityName,State,0,0,-12,0,0,,219,522,0,0,0,0,0
2023-11-06,American,N720XX,1645,SEA,CityName,State,BOS,CityName,State,0,0,9,0,0,,230,1125,0,0,0,0,0
2023-11-06,Southwest,N950XX,2255,JFK,CityName,State,ATL,CityName,State,0,0,-4,0,0,,268,1466,0,0,0,0,0
2023-11-06,Southwest,N596XX,4684,DEN,CityName,State,DFW,CityName,State,15,1,21,1,0,,80,2969,0,0,0,0,21
2023-11-06,Delta,N741XX,8643,LAX,CityName,State,MIA,CityName,State,0,0,-9,0,0,,170,687,0,0,0,0,0
2023-11-06,JetBlue,N602XX,7783,JFK,CityName,State,SEA,CityName,State,240,1,246,1,0,,241,2544,0,246,0,0,0
2023-11-07,Southwest,N189XX,6343,JFK,CityName,State,DEN,CityName,State,0,0,-7,0,0,,92,1184,0,0,0,0,0
2023-11-07,Delta,N727XX,7813,MIA,CityName,State,LAX,CityName,State,15,1,17,1,0,,328,2223,0,17,0,0,0
2023-11-07,United,N132XX,577,BOS,CityName,State,ORD,CityName,State,0,0,7,0,0,,183,1420,0,0,0,0,0
2023-11-07,Southwest,N871XX,361,ATL,CityName,State,BOS,CityName,State,0,0,-5,0,0,,233,2009,0,0,0,0,0
2023-11-07,Southwest,N523XX,1496,MIA,CityName,State,ATL,CityName,State,0,0,9,0,0,,142,2456,0,0,0,0,0
2023-11-07,American,N549XX,603,SEA,CityName,State,DEN,CityName,State,240,1,243,1,0,,307,924,0,0,243,0,0
2023-11-07,Delta,N560XX,5752,SFO,CityName,State,DEN,CityName,State,0,0,-14,0,0,,235,2285,0,0,0,0,0
2023-11-07,United,N516XX,8541,BOS,CityName,State,ATL,CityName,State,0,0,-11,0,0,,61,1329,0,0,0,0,0
2023-11-07,Southwest,N726XX,4669,SFO,CityName,State,SEA,CityName,State,0,0,0,0,1,A,71,875,0,0,0,0,0
2023-11-08,American,N117XX,1015,DFW,CityName,State,LAX,CityName,State,0,0,-7,0,0,,165,574,0,0,0,0,0
2023-11-08,JetBlue,N169XX,302,SFO,CityName,State,ORD,CityName,State,0,0,4,0,0,,85,922,0,0,0,0,0
2023-11-08,Southwest,N209XX,3707,ATL,CityName,State,DEN,CityName,State,0,0,-1,0,0,,264,1569,0,0,0,0,0
2023-11-08,Southwest,N790XX,1500,ATL,CityName,State,BOS,CityName,State,45,1,45,1,0,,311,1651,45,0,0,0,0
2023-11-08,Southwest,N958XX,6002,ATL,CityName,State,BOS,CityName,State,0,0,-13,0,0,,75,2347,0,0,0,0,0
2023-11-08,Delta,N494XX,9477,SEA,CityName,State,ATL,CityName,State,0,0,-14,0,0,,251,313,0,0,0,0,0
2023-11-08,American,N100XX,6204,SEA,CityName,State,JFK,CityName,State,0,0,0,0,0,,285,2994,0,0,0,0,0
2023-11-08,United,N329XX,9855,MIA,CityName,State,ORD,CityName,State,0,0,4,0,0,,196,2501,0,0,0,0,0
2023-11-08,American,N884XX,9974,MIA,CityName,State,LAX,CityName,State,0,0,0,0,0,,209,2095,0,0,0,0,0
2023-11-08,JetBlue,N439XX,8463,ORD,CityName,State,MIA,CityName,State,15,1,9,0,0,,85,252,0,0,0,0,0
2023-11-09,United,N164XX,4126,MIA,CityName,State,DFW,CityName,State,0,0,-4,0,0,,297,972,0,0,0,0,0
2023-11-09,Delta,N567XX,9108,MIA,CityName,State,LAX,CityName,State,0,0,-3,0,0,,210,989,0,0,0,0,0
2023-11-09,Southwest,N697XX,2649,ORD,CityName,State,ATL,CityName,State,45,1,40,1,0,,356,1992,0,0,40,0,0
2023-11-09,Delta,N850XX,936,LAX,CityName,State,SEA,CityName,State,0,0,-13,0,0,,167,1353,0,0,0,0,0
2023-11-09,American,N479XX,9671,ORD,CityName,State,BOS,CityName,State,15,1,20,1,0,,148,956,20,0,0,0,0
2023-11-09,American,N710XX,4922,MIA,CityName,State,ORD,CityName,State,0,0,6,0,0,,265,1518,0,0,0,0,0
2023-11-10,JetBlue,N327XX,3545,LAX,CityName,State,SEA,CityName,State,0,0,-6,0,0,,262,1620,0,0,0,0,0
2023-11-10,Southwest,N595XX,6366,LAX,CityName,State,ATL,CityName,State,0,0,-6,0,0,,261,893,0,0,0,0,0
2023-11-10,United,N609XX,384,ATL,CityName,State,DEN,CityName,State,0,0,-12,0,0,,59,2024,0,0,0,0,0
2023-11-10,United,N773XX,8824,MIA,CityName,State,ATL,CityName,State,0,0,6,0,0,,340,697,0,0,0,0,0
2023-11-10,American,N683XX,9511,BOS,CityName,State,JFK,CityName,State,0,0,-14,0,0,,357,1596,0,0,0,0,0
2023-11-10,Delta,N560XX,667,MIA,CityName,State,JFK,CityName,State,0,0,-13,0,0,,191,2742,0,0,0,0,0
2023-11-10,United,N698XX,7529,SEA,CityName,State,SFO,CityName,State,0,0,3,0,0,,287,2973,0,0,0,0,0
2023-11-10,Southwest,N319XX,5126,ATL,CityName,State,MIA,CityName,State,15,1,21,1,0,,215,1720,0,0,0,0,21
2023-11-10,Delta,N224XX,7196,SFO,CityName,State,ATL,CityName,State,15,1,3,0,0,,186,2305,0,0,0,0,0
2023-11-10,Southwest,N621XX,6999,SFO,CityName,State,SEA,CityName,State,0,0,-6,0,0,,204,1004,0,0,0,0,0
2023-11-10,Delta,N962XX,2943,SEA,CityName,State,ORD,CityName,State,0,0,-3,0,0,,250,761,0,0,0,0,0
2023-11-10,JetBlue,N807XX,8094,BOS,CityName,State,ORD,CityName,State,0,0,-3,0,0,,90,1986,0,0,0,0,0
2023-11-10,Southwest,N608XX,5164,JFK,CityName,State,SEA,CityName,State,0,0,-4,0,0,,61,1529,0,0,0,0,0
2023-11-10,American,N617XX,7908,BOS,CityName,State,SEA,CityName,State,0,0,-13,0,0,,273,1051,0,0,0,0,0
2023-11-10,American,N820XX,8850,BOS,CityName,State,ORD,CityName,State,0,0,-6,0,0,,143,858,0,0,0,0,0
2023-11-10,Delta,N252XX,4475,JFK,CityName,State,DFW,CityName,State,0,0,-2,0,0,,325,1789,0,0,0,0,0
2023-11-10,Delta,N936XX,3598,DFW,CityName,State,DFW,CityName,State,0,0,-14,0,0,,67,1416,0,0,0,0,0
2023-11-10,Delta,N770XX,3295,SEA,CityName,State,DEN,CityName,State,0,0,10,0,0,,249,2880,0,0,0,0,0
2023-11-10,Southwest,N636XX,4509,ORD,CityName,State,JFK,CityName,State,15,1,10,0,0,,171,2264,0,0,0,0,0
2023-11-10,American,N547XX,8954,SEA,CityName,State,MIA,CityName,State,0,0,-8,0,0,,160,1470,0,0,0,0,0
2023-11-11,Southwest,N644XX,1019,ATL,CityName,State,DEN,CityName,State,0,0,-10,0,0,,114,871,0,0,0,0,0
2023-11-11,Southwest,N448XX,5738,BOS,CityName,State,JFK,CityName,State,0,0,-1,0,0,,57,2287,0,0,0,0,0
2023-11-11,JetBlue,N752XX,3058,BOS,CityName,State,ATL,CityName,State,240,1,247,1,0,,335,2019,0,0,247,0,0
2023-11-11,Delta,N106XX,8729,ORD,CityName,State,BOS,CityName,State,0,0,7,0,0,,357,1198,0,0,0,0,0
2023-11-11,Delta,N674XX,472,DFW,CityName,State,DEN,CityName,State,0,0,-1,0,0,,291,2422,0,0,0,0,0
2023-11-11,JetBlue,N442XX,6855,SEA,CityName,State,LAX,CityName,State,15,1,17,1,0,,221,1365,0,17,0,0,0
2023-11-11,JetBlue,N162XX,8263,DEN,CityName,State,LAX,CityName,State,0,0,9,0,0,,277,2278,0,0,0,0,0
2023-11-11,JetBlue,N993XX,715,DFW,CityName,State,LAX,CityName,State,15,1,13,0,0,,302,628,0,0,0,0,0
2023-11-11,United,N771XX,5797,SEA,CityName,State,JFK,CityName,State,60,1,70,1,0,,155,2100,70,0,0,0,0
2023-11-11,JetBlue,N961XX,3954,BOS,CityName,State,BOS,CityName,State,30,1,29,1,0,,229,174,0,0,29,0,0
2023-11-11,Southwest,N618XX,5521,ORD,CityName,State,LAX,CityName,State,60,1,70,1,0,,196,2983,0,70,0,0,0
2023-11-11,American,N667XX,115,DFW,CityName,State,DFW,CityName,State,0,0,1,0,0,,351,989,0,0,0,0,0
2023-11-11,JetBlue,N108XX,5220,BOS,CityName,State,BOS,CityName,State,60,1,60,1,0,,330,1272,0,0,0,0,60
2023-11-11,United,N275XX,1634,DFW,CityName,State,MIA,CityName,State,15,1,6,0,0,,315,1201,0,0,0,0,0
2023-11-12,Southwest,N422XX,5748,LAX,CityName,State,SFO,CityName,State,0,0,-9,0,0,,161,346,0,0,0,0,0
2023-11-12,United,N512XX,3943,DEN,CityName,State,ORD,CityName,State,0,0,-12,0,0,,130,2166,0,0,0,0,0
2023-11-12,American,N389XX,1398,ORD,CityName,State,ORD,CityName,State,0,0,3,0,0,,145,2582,0,0,0,0,0
2023-11-12,United,N946XX,5555,ORD,CityName,State,ORD,CityName,State,240,1,248,1,0,,200,2210,0,248,0,0,0
2023-11-12,Southwest,N636XX,2504,BOS,CityName,State,JFK,CityName,State,15,1,12,0,0,,192,1682,0,0,0,0,0
2023-11-12,United,N451XX,8947,MIA,CityName,State,ORD,CityName,State,0,0,-8,0,0,,317,1518,0,0,0,0,0
2023-11-12,American,N955XX,5649,DEN,CityName,State,ATL,CityName,State,0,0,-2,0,0,,226,1335,0,0,0,0,0
2023-11-12,Delta,N273XX,9595,SFO,CityName,State,ORD,CityName,State,0,0,4,0,0,,225,2812,0,0,0,0,0
2023-11-12,United,N947XX,624,ORD,CityName,State,JFK,CityName,State,60,1,66,1,0,,210,2952,0,0,0,0,66
2023-11-12,United,N212XX,8802,MIA,CityName,State,SFO,CityName,State,45,1,44,1,0,,73,798,0,0,0,0,44
2023-11-12,Southwest,N899XX,4074,LAX,CityName,State,DFW,CityName,State,0,0,-10,0,0,,69,2463,0,0,0,0,0
2023-11-12,United,N343XX,4718,ORD,CityName,State,LAX,CityName,State,0,0,-6,0,0,,47,247,0,0,0,0,0
2023-11-12,JetBlue,N879XX,6918,BOS,CityName,State,JFK,CityName,State,0,0,-5,0,0,,196,2161,0,0,0,0,0
2023-11-12,Southwest,N965XX,1654,JFK,CityName,State,BOS,CityName,State,0,0,3,0,0,,299,2535,0,0,0,0,0
2023-11-13,Delta,N687XX,6564,ATL,CityName,State,DEN,CityName,State,0,0,4,0,0,,235,1916,0,0,0,0,0
2023-11-13,United,N513XX,7675,ATL,CityName,State,SFO,CityName,State,0,0,-7,0,0,,175,2123,0,0,0,0,0
2023-11-13,Delta,N829XX,1754,BOS,CityName,State,ATL,CityName,State,0,0,10,0,0,,336,2432,0,0,0,0,0
2023-11-13,American,N619XX,7337,ORD,CityName,State,SFO,CityName,State,15,1,11,0,0,,49,2926,0,0,0,0,0
2023-11-13,Southwest,N575XX,4120,BOS,CityName,State,ORD,CityName,State,30,1,23,1,0,,323,270,0,23,0,0,0
2023-11-13,Southwest,N315XX,3417,DFW,CityName,State,DFW,CityName,State,0,0,8,0,0,,131,1863,0,0,0,0,0
2023-11-13,American,N106XX,5415,MIA,CityName,State,JFK,CityName,State,0,0,3,0,0,,179,1459,0,0,0,0,0
2023-11-13,Delta,N421XX,2362,SEA,CityName,State,JFK,CityName,State,0,0,-12,0,0,,246,2050,0,0,0,0,0
2023-11-13,JetBlue,N479XX,1944,ORD,CityName,State,LAX,CityName,State,0,0,-8,0,0,,214,1558,0,0,0,0,0
2023-11-13,United,N434XX,159,DFW,CityName,State,LAX,CityName,State,0,0,-4,0,0,,287,1964,0,0,0,0,0
2023-11-13,Southwest,N888XX,7830,BOS,CityName,State,MIA,CityName,State,0,0,6,0,0,,120,1183,0,0,0,0,0
2023-11-13,United,N177XX,2923,SEA,CityName,State,LAX,CityName,State,0,0,8,0,0,,142,1682,0,0,0,0,0
2023-11-13,United,N346XX,5409,BOS,CityName,State,DEN,CityName,State,0,0,-1,0,0,,229,209,0,0,0,0,0
2023-11-13,United,N725XX,5038,LAX,CityName,State,ORD,CityName,State,0,0,-8,0,0,,291,764,0,0,0,0,0
2023-11-13,Southwest,N691XX,4709,DFW,CityName,State,MIA,CityName,State,30,1,0,0,1,A,98,878,0,0,0,0,0
2023-11-13,JetBlue,N509XX,1675,JFK,CityName,State,DFW,CityName,State,0,0,-2,0,0,,300,1961,0,0,0,0,0
2023-11-13,American,N535XX,356,BOS,CityName,State,ORD,CityName,State,0,0,7,0,0,,358,2343,0,0,0,0,0
2023-11-13,Southwest,N403XX,3624,SEA,CityName,State,MIA,CityName,State,0,0,-12,0,0,,358,2677,0,0,0,0,0
2023-11-13,Delta,N761XX,3487,BOS,CityName,State,BOS,CityName,State,0,0,-6,0,0,,153,2116,0,0,0,0,0
2023-11-13,JetBlue,N742XX,5627,SFO,CityName,State,ORD,CityName,State,45,1,54,1,0,,167,2991,0,0,0,0,54
2023-11-14,United,N715XX,5962,DFW,CityName,State,LAX,CityName,State,0,0,-12,0,0,,244,1869,0,0,0,0,0
2023-11-14,American,N297XX,2382,DEN,CityName,State,DFW,CityName,State,0,0,9,0,0,,270,1135,0,0,0,0,0
2023-11-14,Delta,N258XX,462,DEN,CityName,State,ATL,CityName,State,0,0,-8,0,0,,166,769,0,0,0,0,0
2023-11-14,American,N857XX,5908,MIA,CityName,State,JFK,CityName,State,0,0,-7,0,0,,257,2906,0,0,0,0,0
2023-11-14,Southwest,N251XX,1289,ATL,CityName,State,LAX,CityName,State,0,0,-13,0,0,,356,2635,0,0,0,0,0
2023-11-14,American,N457XX,4984,ORD,CityName,State,SFO,CityName,State,240,1,233,1,0,,263,1146,0,0,233,0,0
2023-11-14,United,N166XX,8519,ATL,CityName,State,SFO,CityName,State,240,1,240,1,0,,75,2215,240,0,0,0,0
2023-11-14,American,N481XX,1793,DFW,CityName,State,JFK,CityName,State,15,1,11,0,0,,207,1144,0,0,0,0,0
2023-11-14,JetBlue,N620XX,3896,SFO,CityName,State,SFO,CityName,State,0,0,5,0,0,,161,1267,0,0,0,0,0
2023-11-14,Delta,N203XX,7879,ORD,CityName,State,ATL,CityName,State,0,0,-9,0,0,,65,1825,0,0,0,0,0
2023-11-14,Southwest,N433XX,5578,SEA,CityName,State,MIA,CityName,State,0,0,6,0,0,,256,540,0,0,0,0,0
2023-11-14,United,N372XX,5170,LAX,CityName,State,DFW,CityName,State,0,0,-2,0,0,,134,1722,0,0,0,0,0
2023-11-14,JetBlue,N498XX,1589,SFO,CityName,State,LAX,CityName,State,0,0,-1,0,0,,143,2386,0,0,0,0,0
2023-11-14,United,N897XX,1345,SFO,CityName,State,DEN,CityName,State,0,0,-12,0,0,,155,972,0,0,0,0,0
2023-11-14,American,N483XX,6754,ATL,CityName,State,DFW,CityName,State,0,0,6,0,0,,254,2497,0,0,0,0,0
2023-11-14,JetBlue,N596XX,1038,ATL,CityName,State,SEA,CityName,State,0,0,-13,0,0,,322,2344,0,0,0,0,0
2023-11-14,Delta,N851XX,8766,DEN,CityName,State,ORD,CityName,State,120,1,125,1,0,,122,834,125,0,0,0,0
2023-11-14,Southwest,N107XX,7350,JFK,CityName,State,JFK,CityName,State,0,0,8,0,0,,302,611,0,0,0,0,0
2023-11-14,Southwest,N128XX,3199,ORD,CityName,State,SEA,CityName,State,0,0,6,0,0,,69,832,0,0,0,0,0
2023-11-14,United,N205XX,5286,SFO,CityName,State,JFK,CityName,State,0,0,1,0,0,,105,1202,0,0,0,0,0
2023-11-14,Southwest,N343XX,1422,DFW,CityName,State,ATL,CityName,State,15,1,19,1,0,,316,2377,0,0,0,0,19
2023-11-15,Southwest,N277XX,4448,LAX,CityName,State,LAX,CityName,State,0,0,-9,0,0,,229,1386,0,0,0,0,0
2023-11-15,American,N865XX,7845,SFO,CityName,State,ORD,CityName,State,0,0,-11,0,0,,56,1087,0,0,0,0,0
2023-11-15,United,N560XX,4848,SFO,CityName,State,SFO,CityName,State,0,0,-13,0,0,,172,1214,0,0,0,0,0
2023-11-15,Delta,N700XX,7516,SFO,CityName,State,DFW,CityName,State,120,1,118,1,0,,68,2499,0,118,0,0,0
2023-11-15,United,N820XX,8800,MIA,CityName,State,DEN,CityName,State,0,0,4,0,0,,252,1595,0,0,0,0,0
2023-11-15,United,N343XX,8628,MIA,CityName,State,DFW,CityName,State,0,0,-10,0,0,,206,2407,0,0,0,0,0
2023-11-15,JetBlue,N876XX,6652,SEA,CityName,State,JFK,CityName,State,0,0,-8,0,0,,73,152,0,0,0,0,0
2023-11-15,American,N532XX,1274,BOS,CityName,State,SEA,CityName,State,0,0,-4,0,0,,327,1895,0,0,0,0,0
2023-11-15,JetBlue,N601XX,3758,MIA,CityName,State,LAX,CityName,State,0,0,1,0,0,,105,1571,0,0,0,0,0
2023-11-15,American,N291XX,5650,MIA,CityName,State,ATL,CityName,State,0,0,-14,0,0,,224,577,0,0,0,0,0
2023-11-15,United,N179XX,7521,DFW,CityName,State,LAX,CityName,State,15,1,5,0,0,,64,1169,0,0,0,0,0
2023-11-15,JetBlue,N589XX,7431,SFO,CityName,State,DFW,CityName,State,15,1,25,1,0,,311,2901,25,0,0,0,0
2023-11-15,JetBlue,N733XX,2435,MIA,CityName,State,LAX,CityName,State,0,0,-11,0,0,,236,2274,0,0,0,0,0
2023-11-15,American,N738XX,9280,MIA,CityName,State,DEN,CityName,State,0,0,4,0,0,,224,1457,0,0,0,0,0
2023-11-15,American,N166XX,7611,DEN,CityName,State,ORD,CityName,State,0,0,5,0,0,,134,2075,0,0,0,0,0
2023-11-15,Delta,N560XX,1486,DFW,CityName,State,DFW,CityName,State,0,0,-5,0,0,,117,2649,0,0,0,0,0
2023-11-15,JetBlue,N287XX,1484,DEN,CityName,State,BOS,CityName,State,0,0,-11,0,0,,287,2414,0,0,0,0,0
2023-11-15,Delta,N121XX,722,BOS,CityName,State,DFW,CityName,State,0,0,10,0,0,,187,1296,0,0,0,0,0
2023-11-15,American,N764XX,8964,DFW,CityName,State,SEA,CityName,State,0,0,3,0,0,,142,1961,0,0,0,0,0
2023-11-16,United,N810XX,2302,MIA,CityName,State,LAX,CityName,State,0,0,-6,0,0,,286,703,0,0,0,0,0
2023-11-16,American,N919XX,6324,SFO,CityName,State,JFK,CityName,State,120,1,115,1,0,,221,1898,0,0,115,0,0
2023-11-16,United,N846XX,7299,ATL,CityName,State,SEA,CityName,State,240,1,228,1,0,,99,1994,0,228,0,0,0
2023-11-16,American,N303XX,3367,DFW,CityName,State,ATL,CityName,State,60,1,56,1,0,,220,1587,56,0,0,0,0
2023-11-16,Southwest,N832XX,1735,JFK,CityName,State,ATL,CityName,State,0,0,7,0,0,,232,1291,0,0,0,0,0
2023-11-16,American,N659XX,1460,BOS,CityName,State,DEN,CityName,State,0,0,-9,0,0,,282,2928,0,0,0,0,0
2023-11-16,JetBlue,N288XX,2437,JFK,CityName,State,DFW,CityName,State,0,0,-2,0,0,,182,955,0,0,0,0,0
2023-11-16,Southwest,N495XX,7283,SEA,CityName,State,ORD,CityName,State,0,0,4,0,0,,95,2573,0,0,0,0,0
2023-11-16,American,N115XX,2353,ATL,CityName,State,DEN,CityName,State,0,0,-8,0,0,,122,818,0,0,0,0,0
2023-11-16,Delta,N137XX,7492,LAX,CityName,State,BOS,CityName,State,0,0,4,0,0,,196,487,0,0,0,0,0
2023-11-16,Southwest,N358XX,1684,ORD,CityName,State,ATL,CityName,State,45,1,44,1,0,,194,805,44,0,0,0,0
2023-11-16,Southwest,N327XX,6744,MIA,CityName,State,DFW,CityName,State,0,0,-13,0,0,,233,2653,0,0,0,0,0
2023-11-17,Delta,N429XX,7931,SFO,CityName,State,LAX,CityName,State,45,1,39,1,0,,247,818,0,39,0,0,0
2023-11-17,Delta,N373XX,1563,SFO,CityName,State,BOS,CityName,State,0,0,-8,0,0,,115,2602,0,0,0,0,0
2023-11-17,American,N111XX,3973,ATL,CityName,State,SFO,CityName,State,0,0,-14,0,0,,63,248,0,0,0,0,0
2023-11-17,United,N440XX,1644,DFW,CityName,State,ATL,CityName,State,0,0,0,0,1,A,190,2287,0,0,0,0,0
2023-11-17,Southwest,N150XX,8913,DEN,CityName,State,DFW,CityName,State,15,1,9,0,0,,180,1321,0,0,0,0,0
2023-11-17,Southwest,N659XX,2854,LAX,CityName,State,BOS,CityName,State,0,0,6,0,0,,160,1480,0,0,0,0,0
2023-11-17,American,N268XX,4515,ATL,CityName,State,ORD,CityName,State,15,1,3,0,0,,243,2731,0,0,0,0,0
2023-11-17,United,N117XX,2812,DFW,CityName,State,ORD,CityName,State,0,0,0,0,0,,162,1654,0,0,0,0,0
2023-11-17,United,N118XX,3328,SFO,CityName,State,DEN,CityName,State,0,0,-10,0,0,,298,2544,0,0,0,0,0
2023-11-17,Delta,N936XX,5273,LAX,CityName,State,SFO,CityName,State,0,0,-11,0,0,,279,2759,0,0,0,0,0
2023-11-18,JetBlue,N198XX,7033,BOS,CityName,State,ORD,CityName,State,0,0,-1,0,0,,200,829,0,0,0,0,0
2023-11-18,JetBlue,N841XX,7305,JFK,CityName,State,JFK,CityName,State,0,0,-3,0,0,,225,2247,0,0,0,0,0
2023-11-18,Delta,N664XX,4751,ATL,CityName,State,ATL,CityName,State,0,0,8,0,0,,156,374,0,0,0,0,0
2023-11-18,JetBlue,N861XX,3114,BOS,CityName,State,SFO,CityName,State,15,1,13,0,0,,286,2278,0,0,0,0,0
2023-11-18,United,N348XX,6649,SFO,CityName,State,ATL,CityName,State,0,0,6,0,0,,317,2439,0,0,0,0,0
2023-11-18,Southwest,N127XX,5872,BOS,CityName,State,ATL,CityName,State,0,0,6,0,0,,327,2247,0,0,0,0,0
2023-11-18,United,N805XX,2634,ATL,CityName,State,MIA,CityName,State,15,1,11,0,0,,49,923,0,0,0,0,0
2023-11-18,Delta,N745XX,6992,ORD,CityName,State,ORD,CityName,State,0,0,-12,0,0,,45,598,0,0,0,0,0
2023-11-18,United,N756XX,217,DEN,CityName,State,BOS,CityName,State,0,0,2,0,0,,198,664,0,0,0,0,0
2023-11-18,JetBlue,N988XX,4913,SFO,CityName,State,LAX,CityName,State,0,0,1,0,0,,120,1786,0,0,0,0,0
2023-11-18,United,N347XX,7481,ATL,CityName,State,MIA,CityName,State,15,1,18,1,0,,57,2841,0,18,0,0,0
2023-11-18,Delta,N432XX,2757,JFK,CityName,State,ORD,CityName,State,0,0,4,0,0,,60,1060,0,0,0,0,0
2023-11-18,JetBlue,N384XX,5555,DEN,CityName,State,ATL,CityName,State,0,0,1,0,0,,54,810,0,0,0,0,0
2023-11-18,American,N911XX,4064,DEN,CityName,State,DFW,CityName,State,0,0,-7,0,0,,130,452,0,0,0,0,0
2023-11-19,American,N233XX,636,SEA,CityName,State,ORD,CityName,State,0,0,6,0,0,,319,1240,0,0,0,0,0
2023-11-19,Southwest,N348XX,7414,JFK,CityName,State,ATL,CityName,State,0,0,-4,0,0,,311,2434,0,0,0,0,0
2023-11-19,JetBlue,N345XX,2328,JFK,CityName,State,MIA,CityName,State,0,0,2,0,0,,345,1578,0,0,0,0,0
2023-11-19,Delta,N466XX,7840,LAX,CityName,State,DEN,CityName,State,45,1,40,1,0,,257,2122,40,0,0,0,0
2023-11-19,American,N943XX,147,BOS,CityName,State,JFK,CityName,State,0,0,-8,0,0,,45,2046,0,0,0,0,0
2023-11-19,United,N211XX,1178,SFO,CityName,State,SFO,CityName,State,15,1,14,0,0,,181,1392,0,0,0,0,0
2023-11-19,Southwest,N696XX,1608,SEA,CityName,State,DFW,CityName,State,0,0,-13,0,0,,90,2210,0,0,0,0,0
2023-11-19,United,N306XX,8221,BOS,CityName,State,MIA,CityName,State,60,1,48,1,0,,161,2570,0,48,0,0,0
2023-11-19,American,N429XX,6738,SEA,CityName,State,ATL,CityName,State,0,0,2,0,0,,262,1016,0,0,0,0,0
2023-11-19,JetBlue,N315XX,2412,ORD,CityName,State,ATL,CityName,State,240,1,244,1,0,,268,1884,0,244,0,0,0
2023-11-19,JetBlue,N820XX,2360,DEN,CityName,State,DFW,CityName,State,0,0,-10,0,0,,261,1441,0,0,0,0,0
2023-11-19,United,N735XX,6920,DFW,CityName,State,ATL,CityName,State,0,0,4,0,0,,280,1724,0,0,0,0,0
2023-11-19,Southwest,N448XX,1514,ATL,CityName,State,BOS,CityName,State,0,0,6,0,0,,345,1245,0,0,0,0,0
2023-11-19,American,N931XX,9638,ORD,CityName,State,DEN,CityName,State,0,0,1,0,0,,212,1042,0,0,0,0,0
2023-11-19,Southwest,N509XX,938,BOS,CityName,State,JFK,CityName,State,0,0,-11,0,0,,142,2810,0,0,0,0,0
2023-11-19,United,N486XX,6858,JFK,CityName,State,SFO,CityName,State,0,0,-6,0,0,,137,1025,0,0,0,0,0
2023-11-19,JetBlue,N410XX,1549,BOS,CityName,State,ATL,CityName,State,15,1,4,0,0,,329,1010,0,0,0,0,0
2023-11-19,American,N141XX,1874,ATL,CityName,State,BOS,CityName,State,0,0,-3,0,0,,54,560,0,0,0,0,0
2023-11-19,Southwest,N770XX,3431,ATL,CityName,State,SFO,CityName,State,0,0,2,0,0,,244,603,0,0,0,0,0
2023-11-19,Southwest,N252XX,7375,SEA,CityName,State,JFK,CityName,State,15,1,19,1,0,,273,561,0,0,0,0,19
2023-11-19,United,N279XX,8200,MIA,CityName,State,SFO,CityName,State,0,0,10,0,0,,80,1644,0,0,0,0,0
2023-11-20,JetBlue,N380XX,204,SEA,CityName,State,DFW,CityName,State,0,0,-7,0,0,,260,158,0,0,0,0,0
2023-11-20,United,N652XX,8578,DEN,CityName,State,LAX,CityName,State,15,1,19,1,0,,118,2410,19,0,0,0,0
2023-11-20,United,N524XX,3845,BOS,CityName,State,LAX,CityName,State,0,0,-12,0,0,,335,1297,0,0,0,0,0
2023-11-20,Southwest,N929XX,961,ATL,CityName,State,DEN,CityName,State,0,0,2,0,0,,296,2107,0,0,0,0,0
2023-11-20,Delta,N904XX,7158,ORD,CityName,State,SFO,CityName,State,0,0,-14,0,0,,273,2918,0,0,0,0,0
2023-11-20,American,N648XX,8615,DEN,CityName,State,DFW,CityName,State,0,0,4,0,0,,49,332,0,0,0,0,0
2023-11-20,JetBlue,N945XX,9071,SFO,CityName,State,SEA,CityName,State,0,0,-14,0,0,,125,1847,0,0,0,0,0
2023-11-20,Southwest,N692XX,4100,DEN,CityName,State,LAX,CityName,State,0,0,5,0,0,,330,1483,0,0,0,0,0
2023-11-21,Delta,N356XX,113,SFO,CityName,State,ATL,CityName,State,45,1,50,1,0,,337,541,50,0,0,0,0
2023-11-21,United,N576XX,1007,SEA,CityName,State,DFW,CityName,State,0,0,0,0,0,,50,2547,0,0,0,0,0
2023-11-21,JetBlue,N984XX,2272,DEN,CityName,State,DEN,CityName,State,0,0,-5,0,0,,155,2880,0,0,0,0,0
2023-11-21,United,N624XX,2309,ATL,CityName,State,BOS,CityName,State,0,0,-9,0,0,,330,1846,0,0,0,0,0
2023-11-21,United,N505XX,5608,SFO,CityName,State,LAX,CityName,State,15,1,16,1,0,,302,2714,0,16,0,0,0
2023-11-21,United,N579XX,4755,SFO,CityName,State,ORD,CityName,State,0,0,1,0,0,,138,2395,0,0,0,0,0
2023-11-21,Southwest,N722XX,3560,JFK,CityName,State,DEN,CityName,State,0,0,0,0,1,A,217,1166,0,0,0,0,0
2023-11-21,American,N680XX,5804,JFK,CityName,State,BOS,CityName,State,0,0,7,0,0,,318,202,0,0,0,0,0
2023-11-21,American,N639XX,3750,SEA,CityName,State,LAX,CityName,State,30,1,36,1,0,,50,2590,0,0,0,0,36
2023-11-21,Delta,N258XX,8103,ATL,CityName,State,JFK,CityName,State,0,0,8,0,0,,178,2850,0,0,0,0,0
2023-11-21,Southwest,N592XX,8823,DFW,CityName,State,DFW,CityName,State,0,0,-7,0,0,,222,2010,0,0,0,0,0
2023-11-21,Southwest,N382XX,8324,LAX,CityName,State,SFO,CityName,State,0,0,-1,0,0,,290,517,0,0,0,0,0
2023-11-21,Southwest,N199XX,2877,ORD,CityName,State,BOS,CityName,State,0,0,9,0,0,,170,2361,0,0,0,0,0
2023-11-21,JetBlue,N961XX,6294,ATL,CityName,State,SFO,CityName,State,0,0,-5,0,0,,268,2754,0,0,0,0,0
2023-11-22,American,N510XX,8944,ATL,CityName,State,SEA,CityName,State,0,0,9,0,0,,150,1651,0,0,0,0,0
2023-11-22,American,N732XX,5595,MIA,CityName,State,JFK,CityName,State,0,0,1,0,0,,226,2937,0,0,0,0,0
2023-11-22,United,N651XX,8576,DEN,CityName,State,ATL,CityName,State,30,1,21,1,0,,275,435,21,0,0,0,0
2023-11-22,JetBlue,N111XX,9351,JFK,CityName,State,MIA,CityName,State,45,1,41,1,0,,333,179,0,0,41,0,0
2023-11-22,United,N241XX,3335,ATL,CityName,State,SFO,CityName,State,0,0,-10,0,0,,198,1103,0,0,0,0,0
2023-11-22,United,N657XX,2321,DEN,CityName,State,JFK,CityName,State,0,0,0,0,0,,186,2070,0,0,0,0,0
2023-11-22,American,N369XX,8388,LAX,CityName,State,JFK,CityName,State,0,0,2,0,0,,73,2253,0,0,0,0,0
2023-11-22,United,N385XX,3335,SEA,CityName,State,MIA,CityName,State,30,1,17,1,0,,175,2808,17,0,0,0,0
2023-11-22,Delta,N470XX,1754,ORD,CityName,State,JFK,CityName,State,0,0,2,0,0,,197,1147,0,0,0,0,0
2023-11-22,Southwest,N540XX,6605,SEA,CityName,State,ATL,CityName,State,45,1,43,1,0,,176,356,43,0,0,0,0
2023-11-22,United,N719XX,7402,SEA,CityName,State,LAX,CityName,State,15,1,17,1,0,,95,262,17,0,0,0,0
2023-11-22,Delta,N554XX,3657,LAX,CityName,State,MIA,CityName,State,0,0,-13,0,0,,198,1876,0,0,0,0,0
2023-11-22,United,N818XX,1130,LAX,CityName,State,DEN,CityName,State,45,1,33,1,0,,175,1615,0,0,0,0,33
2023-11-22,United,N150XX,5433,SEA,CityName,State,ATL,CityName,State,0,0,-10,0,0,,121,1115,0,0,0,0,0
2023-11-22,Delta,N922XX,7649,BOS,CityName,State,LAX,CityName,State,15,1,14,0,0,,317,530,0,0,0,0,0
2023-11-22,United,N667XX,5681,DEN,CityName,State,JFK,CityName,State,0,0,2,0,0,,156,2846,0,0,0,0,0
2023-11-22,Delta,N380XX,7172,DEN,CityName,State,BOS,CityName,State,15,1,20,1,0,,200,1551,20,0,0,0,0
2023-11-23,American,N339XX,2165,JFK,CityName,State,DEN,CityName,State,0,0,-13,0,0,,178,966,0,0,0,0,0
2023-11-23,United,N514XX,6063,JFK,CityName,State,MIA,CityName,State,0,0,2,0,0,,235,309,0,0,0,0,0
2023-11-23,Southwest,N881XX,4342,MIA,CityName,State,JFK,CityName,State,0,0,3,0,0,,76,2382,0,0,0,0,0
2023-11-23,JetBlue,N331XX,3082,MIA,CityName,State,DFW,CityName,State,0,0,5,0,0,,146,2976,0,0,0,0,0
2023-11-23,Southwest,N872XX,694,DEN,CityName,State,SEA,CityName,State,0,0,-4,0,0,,146,2890,0,0,0,0,0
2023-11-23,Delta,N933XX,8172,ORD,CityName,State,DFW,CityName,State,0,0,5,0,0,,254,2331,0,0,0,0,0
2023-11-23,American,N876XX,6492,DEN,CityName,State,MIA,CityName,State,0,0,-10,0,0,,174,1682,0,0,0,0,0
2023-11-23,JetBlue,N511XX,4999,SEA,CityName,State,SEA,CityName,State,0,0,-6,0,0,,212,1385,0,0,0,0,0
2023-11-23,JetBlue,N116XX,3006,DEN,CityName,State,MIA,CityName,State,30,1,33,1,0,,134,2587,33,0,0,0,0
2023-11-23,American,N191XX,8541,ATL,CityName,State,BOS,CityName,State,15,1,22,1,0,,177,556,22,0,0,0,0
2023-11-23,Delta,N468XX,7018,SFO,CityName,State,LAX,CityName,State,0,0,4,0,0,,286,2148,0,0,0,0,0
2023-11-24,JetBlue,N224XX,4651,SEA,CityName,State,ORD,CityName,State,15,1,23,1,0,,216,2579,0,23,0,0,0
2023-11-24,Southwest,N399XX,4471,JFK,CityName,State,ORD,CityName,State,0,0,-10,0,0,,51,716,0,0,0,0,0
2023-11-24,Southwest,N128XX,9055,DEN,CityName,State,SFO,CityName,State,0,0,-5,0,0,,151,1781,0,0,0,0,0
2023-11-24,American,N510XX,4658,BOS,CityName,State,DEN,CityName,State,0,0,3,0,0,,86,255,0,0,0,0,0
2023-11-24,United,N166XX,5468,SFO,CityName,State,MIA,CityName,State,0,0,9,0,0,,298,1142,0,0,0,0,0
2023-11-24,Southwest,N391XX,4772,SFO,CityName,State,LAX,CityName,State,0,0,9,0,0,,318,2776,0,0,0,0,0
2023-11-24,JetBlue,N418XX,6178,LAX,CityName,State,LAX,CityName,State,0,0,5,0,0,,129,2310,0,0,0,0,0
2023-11-24,Delta,N862XX,3631,LAX,CityName,State,MIA,CityName,State,0,0,-14,0,0,,113,2926,0,0,0,0,0
2023-11-24,JetBlue,N508XX,8047,DFW,CityName,State,JFK,CityName,State,0,0,-12,0,0,,305,2532,0,0,0,0,0
2023-11-24,United,N727XX,5484,MIA,CityName,State,SEA,CityName,State,0,0,-2,0,0,,82,2148,0,0,0,0,0
2023-11-24,JetBlue,N192XX,7448,LAX,CityName,State,MIA,CityName,State,30,1,22,1,0,,63,2740,0,0,22,0,0
2023-11-24,JetBlue,N604XX,3370,MIA,CityName,State,LAX,CityName,State,0,0,-1,0,0,,94,2481,0,0,0,0,0
2023-11-25,United,N321XX,9662,DFW,CityName,State,SEA,CityName,State,0,0,-6,0,0,,335,2610,0,0,0,0,0
2023-11-25,Delta,N221XX,3716,DFW,CityName,State,MIA,CityName,State,0,0,1,0,0,,191,209,0,0,0,0,0
2023-11-25,Southwest,N268XX,4678,ATL,CityName,State,BOS,CityName,State,0,0,0,0,0,,59,758,0,0,0,0,0
2023-11-25,JetBlue,N739XX,2158,DFW,CityName,State,BOS,CityName,State,0,0,-1,0,0,,317,1458,0,0,0,0,0
2023-11-25,United,N769XX,7088,SFO,CityName,State,SEA,CityName,State,0,0,5,0,0,,93,927,0,0,0,0,0
2023-11-25,JetBlue,N968XX,7809,JFK,CityName,State,MIA,CityName,State,0,0,1,0,0,,51,676,0,0,0,0,0
2023-11-25,JetBlue,N255XX,9715,SFO,CityName,State,ORD,CityName,State,0,0,-12,0,0,,220,795,0,0,0,0,0
2023-11-25,JetBlue,N608XX,9242,DEN,CityName,State,ORD,CityName,State,0,0,-9,0,0,,334,2529,0,0,0,0,0
2023-11-25,Southwest,N860XX,9755,SEA,CityName,State,ORD,CityName,State,0,0,-14,0,0,,336,2506,0,0,0,0,0
2023-11-25,Delta,N584XX,8541,SFO,CityName,State,JFK,CityName,State,0,0,-2,0,0,,293,226,0,0,0,0,0
2023-11-25,American,N555XX,2417,ORD,CityName,State,JFK,CityName,State,0,0,-13,0,0,,49,1712,0,0,0,0,0
2023-11-25,American,N554XX,5782,ORD,CityName,State,SEA,CityName,State,0,0,-9,0,0,,164,2836,0,0,0,0,0
2023-11-25,United,N366XX,3441,JFK,CityName,State,ATL,CityName,State,15,1,15,1,0,,130,1390,15,0,0,0,0
2023-11-25,American,N985XX,5308,ATL,CityName,State,SFO,CityName,State,0,0,-5,0,0,,212,1793,0,0,0,0,0
2023-11-25,JetBlue,N254XX,3735,DFW,CityName,State,JFK,CityName,State,0,0,-12,0,0,,161,2021,0,0,0,0,0
2023-11-26,JetBlue,N924XX,6931,SEA,CityName,State,ATL,CityName,State,0,0,1,0,0,,83,991,0,0,0,0,0
2023-11-26,Delta,N918XX,2281,BOS,CityName,State,MIA,CityName,State,0,0,-2,0,0,,146,1335,0,0,0,0,0
2023-11-26,Southwest,N762XX,3415,LAX,CityName,State,JFK,CityName,State,0,0,-11,0,0,,118,305,0,0,0,0,0
2023-11-26,JetBlue,N244XX,6912,BOS,CityName,State,ORD,CityName,State,45,1,45,1,0,,210,2369,45,0,0,0,0
2023-11-26,Delta,N104XX,7430,SEA,CityName,State,SFO,CityName,State,15,1,24,1,0,,46,371,24,0,0,0,0
2023-11-26,United,N841XX,5757,SFO,CityName,State,BOS,CityName,State,0,0,0,0,0,,196,2821,0,0,0,0,0
2023-11-26,United,N668XX,2704,SEA,CityName,State,MIA,CityName,State,0,0,2,0,0,,64,2466,0,0,0,0,0
2023-11-26,Delta,N292XX,9154,BOS,CityName,State,JFK,CityName,State,0,0,-8,0,0,,349,603,0,0,0,0,0
2023-11-26,American,N330XX,5001,SFO,CityName,State,SFO,CityName,State,0,0,-10,0,0,,334,1009,0,0,0,0,0
2023-11-26,Southwest,N735XX,2173,DEN,CityName,State,LAX,CityName,State,0,0,3,0,0,,165,2078,0,0,0,0,0
2023-11-26,Delta,N365XX,9923,MIA,CityName,State,SFO,CityName,State,0,0,-14,0,0,,279,2903,0,0,0,0,0
2023-11-26,American,N636XX,3055,SEA,CityName,State,LAX,CityName,State,0,0,6,0,0,,320,2369,0,0,0,0,0
2023-11-26,Delta,N457XX,4055,DEN,CityName,State,ORD,CityName,State,120,1,115,1,0,,272,814,0,0,115,0,0
2023-11-26,Southwest,N630XX,2744,ORD,CityName,State,DFW,CityName,State,0,0,-2,0,0,,67,2126,0,0,0,0,0
2023-11-26,Delta,N928XX,7367,DEN,CityName,State,SEA,CityName,State,0,0,4,0,0,,222,1008,0,0,0,0,0
2023-11-27,Southwest,N842XX,4831,SFO,CityName,State,ORD,CityName,State,0,0,-5,0,0,,175,1965,0,0,0,0,0
2023-11-27,Delta,N137XX,4520,ORD,CityName,State,SFO,CityName,State,0,0,-10,0,0,,296,2322,0,0,0,0,0
2023-11-27,Delta,N363XX,6918,MIA,CityName,State,MIA,CityName,State,0,0,-11,0,0,,88,1009,0,0,0,0,0
2023-11-27,Delta,N423XX,656,ORD,CityName,State,MIA,CityName,State,60,1,51,1,0,,55,1860,0,0,51,0,0
2023-11-27,JetBlue,N808XX,3795,ORD,CityName,State,LAX,CityName,State,0,0,-7,0,0,,86,583,0,0,0,0,0
2023-11-27,Southwest,N847XX,209,MIA,CityName,State,ATL,CityName,State,0,0,-7,0,0,,144,2588,0,0,0,0,0
2023-11-27,American,N463XX,7547,JFK,CityName,State,ATL,CityName,State,0,0,5,0,0,,98,1167,0,0,0,0,0
2023-11-27,United,N215XX,1499,ORD,CityName,State,ATL,CityName,State,30,1,16,1,0,,284,2288,0,16,0,0,0
2023-11-27,Delta,N698XX,214,BOS,CityName,State,ORD,CityName,State,0,0,10,0,0,,68,2838,0,0,0,0,0
2023-11-28,Delta,N923XX,2498,MIA,CityName,State,JFK,CityName,State,0,0,6,0,0,,87,541,0,0,0,0,0
2023-11-28,JetBlue,N706XX,332,BOS,CityName,State,MIA,CityName,State,0,0,-10,0,0,,200,2541,0,0,0,0,0
2023-11-28,Southwest,N480XX,8992,MIA,CityName,State,BOS,CityName,State,0,0,9,0,0,,294,1517,0,0,0,0,0
2023-11-28,Delta,N164XX,2844,DEN,CityName,State,JFK,CityName,State,0,0,-1,0,0,,165,2717,0,0,0,0,0
2023-11-28,United,N336XX,3702,BOS,CityName,State,JFK,CityName,State,0,0,-10,0,0,,48,2610,0,0,0,0,0
2023-11-28,American,N612XX,785,ORD,CityName,State,LAX,CityName,State,0,0,9,0,0,,221,2625,0,0,0,0,0
2023-11-28,United,N542XX,6774,MIA,CityName,State,DFW,CityName,State,0,0,-3,0,0,,52,1626,0,0,0,0,0
2023-11-28,Delta,N389XX,986,ATL,CityName,State,DFW,CityName,State,0,0,-4,0,0,,271,876,0,0,0,0,0
2023-11-28,JetBlue,N216XX,8900,LAX,CityName,State,DFW,CityName,State,0,0,-14,0,0,,146,1929,0,0,0,0,0
2023-11-28,Southwest,N305XX,3961,MIA,CityName,State,DEN,CityName,State,15,1,1,0,0,,87,2492,0,0,0,0,0
2023-11-28,American,N458XX,251,MIA,CityName,State,DEN,CityName,State,0,0,-6,0,0,,318,2848,0,0,0,0,0
2023-11-28,JetBlue,N532XX,584,SFO,CityName,State,JFK,CityName,State,0,0,-14,0,0,,219,1760,0,0,0,0,0
2023-11-28,Delta,N908XX,2453,DFW,CityName,State,ATL,CityName,State,0,0,-1,0,0,,255,1864,0,0,0,0,0
2023-11-29,Southwest,N176XX,1380,DFW,CityName,State,BOS,CityName,State,0,0,-3,0,0,,295,1716,0,0,0,0,0
2023-11-29,United,N299XX,9010,DEN,CityName,State,JFK,CityName,State,0,0,0,0,0,,92,1533,0,0,0,0,0
2023-11-29,JetBlue,N405XX,4013,SFO,CityName,State,ATL,CityName,State,0,0,-2,0,0,,215,1589,0,0,0,0,0
2023-11-29,JetBlue,N821XX,7815,BOS,CityName,State,JFK,CityName,State,0,0,-13,0,0,,137,1204,0,0,0,0,0
2023-11-29,Delta,N820XX,5114,DEN,CityName,State,SEA,CityName,State,0,0,-14,0,0,,128,1549,0,0,0,0,0
2023-11-29,Delta,N720XX,7102,BOS,CityName,State,DFW,CityName,State,0,0,-9,0,0,,174,2257,0,0,0,0,0
2023-11-29,Delta,N824XX,1457,SEA,CityName,State,ORD,CityName,State,15,1,25,1,0,,138,665,0,0,0,0,25
2023-11-29,Delta,N521XX,6000,MIA,CityName,State,BOS,CityName,State,0,0,-2,0,0,,79,2459,0,0,0,0,0
2023-11-29,United,N761XX,9913,ATL,CityName,State,ORD,CityName,State,0,0,-7,0,0,,168,2305,0,0,0,0,0
2023-11-29,JetBlue,N571XX,6995,BOS,CityName,State,ORD,CityName,State,0,0,-1,0,0,,198,2016,0,0,0,0,0
2023-11-29,Southwest,N364XX,1852,MIA,CityName,State,SEA,CityName,State,30,1,20,1,0,,343,2402,0,0,0,0,20
2023-11-29,United,N740XX,7454,ATL,CityName,State,ORD,CityName,State,0,0,-12,0,0,,305,2553,0,0,0,0,0
2023-11-29,American,N612XX,5268,BOS,CityName,State,ORD,CityName,State,30,1,32,1,0,,292,1961,0,0,32,0,0
2023-11-29,Delta,N886XX,7757,BOS,CityName,State,ORD,CityName,State,0,0,0,0,0,,124,1428,0,0,0,0,0
2023-11-29,American,N564XX,2056,SFO,CityName,State,DFW,CityName,State,0,0,4,0,0,,330,2062,0,0,0,0,0
2023-11-29,American,N171XX,2647,DFW,CityName,State,LAX,CityName,State,15,1,21,1,0,,189,859,0,0,21,0,0
2023-11-30,JetBlue,N586XX,4672,BOS,CityName,State,SFO,CityName,State,0,0,-13,0,0,,215,619,0,0,0,0,0
2023-11-30,Delta,N919XX,168,MIA,CityName,State,DFW,CityName,State,0,0,-8,0,0,,287,2361,0,0,0,0,0
2023-11-30,American,N482XX,4806,SFO,CityName,State,BOS,CityName,State,0,0,4,0,0,,238,399,0,0,0,0,0
2023-11-30,JetBlue,N203XX,1111,BOS,CityName,State,DEN,CityName,State,0,0,-6,0,0,,189,1063,0,0,0,0,0
2023-11-30,United,N623XX,7601,JFK,CityName,State,ATL,CityName,State,0,0,7,0,0,,194,1106,0,0,0,0,0
2023-11-30,Delta,N695XX,9477,DFW,CityName,State,SEA,CityName,State,0,0,8,0,0,,52,2010,0,0,0,0,0
2023-11-30,American,N688XX,2811,ATL,CityName,State,MIA,CityName,State,0,0,8,0,0,,76,2252,0,0,0,0,0
2023-11-30,American,N785XX,4237,LAX,CityName,State,JFK,CityName,State,0,0,-2,0,0,,340,900,0,0,0,0,0
2023-11-30,United,N718XX,6646,JFK,CityName,State,MIA,CityName,State,0,0,9,0,0,,269,2354,0,0,0,0,0
2023-11-30,American,N595XX,5350,DEN,CityName,State,LAX,CityName,State,0,0,-8,0,0,,88,2736,0,0,0,0,0
2023-11-30,American,N327XX,6335,DEN,CityName,State,ATL,CityName,State,0,0,-3,0,0,,358,2117,0,0,0,0,0
2023-11-30,American,N860XX,956,SEA,CityName,State,LAX,CityName,State,0,0,0,0,0,,107,257,0,0,0,0,0
2023-11-30,JetBlue,N731XX,1298,MIA,CityName,State,LAX,CityName,State,0,0,-1,0,0,,152,2756,0,0,0,0,0
2023-11-30,Delta,N381XX,2794,ATL,CityName,State,ATL,CityName,State,0,0,-6,0,0,,190,2044,0,0,0,0,0
2023-11-30,Southwest,N976XX,868,SFO,CityName,State,ORD,CityName,State,120,1,111,1,0,,76,2598,111,0,0,0,0
2023-11-30,JetBlue,N577XX,9118,JFK,CityName,State,ORD,CityName,State,0,0,9,0,0,,88,1973,0,0,0,0,0
2023-11-30,Delta,N692XX,1632,SEA,CityName,State,SFO,CityName,State,0,0,-11,0,0,,173,478,0,0,0,0,0
2023-11-30,United,N593XX,7159,JFK,CityName,State,MIA,CityName,State,30,1,29,1,0,,319,1239,0,0,29,0,0
2023-11-30,JetBlue,N101XX,7009,SEA,CityName,State,BOS,CityName,State,0,0,-1,0,0,,242,191,0,0,0,0,0
2023-11-30,United,N604XX,7734,MIA,CityName,State,BOS,CityName,State,0,0,-12,0,0,,46,486,0,0,0,0,0
2023-12-01,Southwest,N759XX,8297,DEN,CityName,State,ATL,CityName,State,45,1,46,1,0,,193,2453,46,0,0,0,0
2023-12-01,United,N419XX,8041,DFW,CityName,State,ATL,CityName,State,0,0,3,0,0,,75,1728,0,0,0,0,0
2023-12-01,JetBlue,N410XX,2580,DEN,CityName,State,LAX,CityName,State,0,0,4,0,0,,53,244,0,0,0,0,0
2023-12-01,JetBlue,N345XX,3616,DEN,CityName,State,MIA,CityName,State,120,1,114,1,0,,132,1669,0,0,0,0,114
2023-12-01,JetBlue,N108XX,3418,LAX,CityName,State,LAX,CityName,State,15,1,5,0,0,,246,2175,0,0,0,0,0
2023-12-01,Southwest,N724XX,7601,DFW,CityName,State,DEN,CityName,State,0,0,-14,0,0,,127,986,0,0,0,0,0
2023-12-01,American,N780XX,1367,DFW,CityName,State,ORD,CityName,State,0,0,0,0,0,,125,871,0,0,0,0,0
2023-12-01,Delta,N804XX,6692,ORD,CityName,State,DFW,CityName,State,15,1,12,0,0,,174,2083,0,0,0,0,0
2023-12-01,Delta,N665XX,3792,JFK,CityName,State,ORD,CityName,State,45,1,42,1,0,,302,2451,42,0,0,0,0
2023-12-01,JetBlue,N655XX,5113,ORD,CityName,State,LAX,CityName,State,0,0,0,0,1,A,198,1623,0,0,0,0,0
2023-12-01,American,N447XX,1427,DEN,CityName,State,DEN,CityName,State,0,0,-3,0,0,,136,2969,0,0,0,0,0
2023-12-01,Southwest,N134XX,6119,SFO,CityName,State,ATL,CityName,State,0,0,-10,0,0,,61,796,0,0,0,0,0
2023-12-01,Delta,N316XX,5471,DFW,CityName,State,DFW,CityName,State,0,0,4,0,0,,163,2370,0,0,0,0,0
2023-12-01,Delta,N145XX,9603,BOS,CityName,State,BOS,CityName,State,0,0,-2,0,0,,73,779,0,0,0,0,0
2023-12-01,American,N495XX,2308,MIA,CityName,State,ATL,CityName,State,0,0,10,0,0,,238,2929,0,0,0,0,0
2023-12-02,American,N177XX,1187,BOS,CityName,State,BOS,CityName,State,240,1,232,1,0,,199,1462,232,0,0,0,0
2023-12-02,JetBlue,N139XX,7381,ATL,CityName,State,JFK,CityName,State,0,0,-7,0,0,,149,2788,0,0,0,0,0
2023-12-02,Southwest,N305XX,4835,JFK,CityName,State,ORD,CityName,State,45,1,53,1,0,,164,2168,0,0,53,0,0
2023-12-02,JetBlue,N792XX,5001,JFK,CityName,State,BOS,CityName,State,0,0,1,0,0,,296,2349,0,0,0,0,0
2023-12-02,Southwest,N826XX,464,ATL,CityName,State,JFK,CityName,State,30,1,30,1,0,,181,2737,30,0,0,0,0
2023-12-02,United,N533XX,1740,DEN,CityName,State,ORD,CityName,State,60,1,63,1,0,,79,314,63,0,0,0,0
2023-12-02,American,N329XX,7612,LAX,CityName,State,SFO,CityName,State,45,1,49,1,0,,95,355,0,0,49,0,0
2023-12-02,JetBlue,N629XX,423,LAX,CityName,State,SFO,CityName,State,0,0,-7,0,0,,113,918,0,0,0,0,0
2023-12-02,United,N826XX,8974,MIA,CityName,State,BOS,CityName,State,0,0,10,0,0,,326,2658,0,0,0,0,0
2023-12-02,American,N592XX,9514,MIA,CityName,State,ATL,CityName,State,0,0,2,0,0,,204,2491,0,0,0,0,0
2023-12-02,Southwest,N756XX,1155,MIA,CityName,State,DFW,CityName,State,0,0,5,0,0,,195,1470,0,0,0,0,0
2023-12-03,United,N343XX,8787,JFK,CityName,State,ATL,CityName,State,0,0,6,0,0,,53,1119,0,0,0,0,0
2023-12-03,JetBlue,N209XX,6832,DEN,CityName,State,LAX,CityName,State,0,0,-12,0,0,,186,2445,0,0,0,0,0
2023-12-03,American,N158XX,3185,MIA,CityName,State,SFO,CityName,State,30,1,21,1,0,,118,1396,21,0,0,0,0
2023-12-03,American,N115XX,6453,MIA,CityName,State,MIA,CityName,State,60,1,0,0,1,A,50,912,0,0,0,0,0
2023-12-03,JetBlue,N913XX,154,DEN,CityName,State,SFO,CityName,State,15,1,20,1,0,,340,452,0,0,0,0,20
2023-12-03,JetBlue,N513XX,955,ATL,CityName,State,DFW,CityName,State,0,0,-12,0,0,,66,1367,0,0,0,0,0
2023-12-03,JetBlue,N177XX,2842,DEN,CityName,State,BOS,CityName,State,0,0,-14,0,0,,152,316,0,0,0,0,0
2023-12-03,Southwest,N797XX,8076,DFW,CityName,State,DEN,CityName,State,0,0,0,0,1,A,328,423,0,0,0,0,0
2023-12-03,American,N222XX,9575,JFK,CityName,State,JFK,CityName,State,0,0,-13,0,0,,155,825,0,0,0,0,0
2023-12-03,JetBlue,N792XX,3078,LAX,CityName,State,MIA,CityName,State,0,0,-14,0,0,,354,1216,0,0,0,0,0
2023-12-03,American,N755XX,7701,ORD,CityName,State,JFK,CityName,State,0,0,-7,0,0,,321,958,0,0,0,0,0
2023-12-03,Delta,N940XX,434,SEA,CityName,State,ATL,CityName,State,0,0,7,0,0,,243,1507,0,0,0,0,0
2023-12-03,Delta,N364XX,5400,SFO,CityName,State,ATL,CityName,State,0,0,-5,0,0,,304,526,0,0,0,0,0
2023-12-03,Delta,N665XX,7981,ORD,CityName,State,BOS,CityName,State,0,0,4,0,0,,345,1178,0,0,0,0,0
2023-12-04,United,N801XX,6466,ORD,CityName,State,ATL,CityName,State,0,0,-5,0,0,,142,773,0,0,0,0,0
2023-12-04,JetBlue,N188XX,624,MIA,CityName,State,BOS,CityName,State,0,0,-6,0,0,,300,1413,0,0,0,0,0
2023-12-04,Delta,N211XX,2891,SFO,CityName,State,JFK,CityName,State,0,0,-5,0,0,,209,443,0,0,0,0,0
2023-12-04,American,N193XX,1629,ATL,CityName,State,BOS,CityName,State,30,1,17,1,0,,99,742,0,17,0,0,0
2023-12-04,Southwest,N774XX,8809,ORD,CityName,State,BOS,CityName,State,0,0,7,0,0,,112,1664,0,0,0,0,0
2023-12-04,Delta,N242XX,5235,DEN,CityName,State,JFK,CityName,State,0,0,-5,0,0,,90,1082,0,0,0,0,0
2023-12-04,American,N423XX,7743,SEA,CityName,State,DEN,CityName,State,0,0,-4,0,0,,334,2283,0,0,0,0,0
2023-12-05,Southwest,N479XX,1551,ORD,CityName,State,JFK,CityName,State,0,0,-8,0,0,,334,1453,0,0,0,0,0
2023-12-05,United,N259XX,342,SEA,CityName,State,JFK,CityName,State,0,0,-5,0,0,,229,632,0,0,0,0,0
2023-12-05,JetBlue,N202XX,6300,DFW,CityName,State,SEA,CityName,State,0,0,-3,0,0,,281,2463,0,0,0,0,0
2023-12-05,American,N162XX,3571,ATL,CityName,State,ORD,CityName,State,0,0,-4,0,0,,93,815,0,0,0,0,0
2023-12-05,Delta,N821XX,9562,SEA,CityName,State,JFK,CityName,State,0,0,-6,0,0,,76,1724,0,0,0,0,0
2023-12-05,Delta,N587XX,428,ORD,CityName,State,MIA,CityName,State,0,0,-13,0,0,,243,2991,0,0,0,0,0
2023-12-05,American,N535XX,6605,SFO,CityName,State,LAX,CityName,State,0,0,2,0,0,,301,1907,0,0,0,0,0
2023-12-05,Delta,N278XX,6814,DEN,CityName,State,LAX,CityName,State,45,1,44,1,0,,67,1985,44,0,0,0,0
2023-12-05,Southwest,N661XX,1002,MIA,CityName,State,MIA,CityName,State,0,0,-9,0,0,,283,1947,0,0,0,0,0
2023-12-05,United,N358XX,5960,DEN,CityName,State,DEN,CityName,State,0,0,7,0,0,,330,448,0,0,0,0,0
2023-12-05,Southwest,N623XX,3753,ATL,CityName,State,DFW,CityName,State,0,0,3,0,0,,188,1059,0,0,0,0,0
2023-12-05,Delta,N493XX,4449,DFW,CityName,State,SEA,CityName,State,0,0,1,0,0,,109,573,0,0,0,0,0
2023-12-05,Delta,N432XX,2561,LAX,CityName,State,ATL,CityName,State,0,0,-13,0,0,,299,2870,0,0,0,0,0
2023-12-06,Southwest,N180XX,9115,BOS,CityName,State,JFK,CityName,State,60,1,54,1,0,,192,2302,0,0,54,0,0
2023-12-06,JetBlue,N299XX,4961,LAX,CityName,State,SEA,CityName,State,0,0,4,0,0,,134,378,0,0,0,0,0
2023-12-06,Southwest,N571XX,8487,SFO,CityName,State,ATL,CityName,State,0,0,4,0,0,,112,1045,0,0,0,0,0
2023-12-06,Southwest,N202XX,7078,SFO,CityName,State,DFW,CityName,State,0,0,2,0,0,,358,1714,0,0,0,0,0
2023-12-06,United,N810XX,1120,ORD,CityName,State,ATL,CityName,State,0,0,4,0,0,,164,1028,0,0,0,0,0
2023-12-06,JetBlue,N903XX,4511,SEA,CityName,State,DEN,CityName,State,120,1,111,1,0,,352,2591,0,0,111,0,0
2023-12-06,American,N429XX,9517,ATL,CityName,State,MIA,CityName,State,0,0,9,0,0,,275,2979,0,0,0,0,0
2023-12-06,Delta,N910XX,6244,MIA,CityName,State,JFK,CityName,State,45,1,51,1,0,,302,1136,51,0,0,0,0
2023-12-06,JetBlue,N755XX,583,SFO,CityName,State,DEN,CityName,State,0,0,-1,0,0,,224,606,0,0,0,0,0
2023-12-07,Southwest,N137XX,7430,MIA,CityName,State,SFO,CityName,State,0,0,10,0,0,,309,182,0,0,0,0,0
2023-12-07,United,N458XX,9600,JFK,CityName,State,MIA,CityName,State,0,0,-9,0,0,,103,2099,0,0,0,0,0
2023-12-07,Southwest,N519XX,6750,SFO,CityName,State,ATL,CityName,State,0,0,8,0,0,,296,450,0,0,0,0,0
2023-12-07,Southwest,N680XX,1350,LAX,CityName,State,DEN,CityName,State,15,1,4,0,0,,278,1568,0,0,0,0,0
2023-12-07,Southwest,N261XX,8165,ORD,CityName,State,DFW,CityName,State,0,0,1,0,0,,282,1375,0,0,0,0,0
2023-12-07,Delta,N235XX,956,ATL,CityName,State,DFW,CityName,State,45,1,49,1,0,,71,1585,49,0,0,0,0
2023-12-07,Delta,N991XX,9713,SFO,CityName,State,JFK,CityName,State,0,0,-1,0,0,,340,2157,0,0,0,0,0
2023-12-07,American,N713XX,336,JFK,CityName,State,SFO,CityName,State,0,0,10,0,0,,343,1298,0,0,0,0,0
2023-12-07,Delta,N602XX,6241,ORD,CityName,State,DFW,CityName,State,30,1,35,1,0,,330,2810,0,0,0,0,35
2023-12-07,Southwest,N700XX,2615,SEA,CityName,State,DEN,CityName,State,0,0,-6,0,0,,280,2074,0,0,0,0,0
2023-12-07,Southwest,N839XX,3196,JFK,CityName,State,LAX,CityName,State,0,0,4,0,0,,247,1052,0,0,0,0,0
2023-12-07,JetBlue,N462XX,7164,ATL,CityName,State,ORD,CityName,State,0,0,-5,0,0,,231,1753,0,0,0,0,0
2023-12-07,United,N828XX,6811,ORD,CityName,State,ATL,CityName,State,0,0,1,0,0,,341,234,0,0,0,0,0
2023-12-07,JetBlue,N850XX,9075,MIA,CityName,State,BOS,CityName,State,0,0,-1,0,0,,167,505,0,0,0,0,0
2023-12-07,United,N168XX,9676,LAX,CityName,State,DFW,CityName,State,45,1,36,1,0,,354,2885,36,0,0,0,0
2023-12-08,American,N731XX,4553,SFO,CityName,State,MIA,CityName,State,0,0,-10,0,0,,296,2024,0,0,0,0,0
2023-12-08,American,N578XX,549,JFK,CityName,State,LAX,CityName,State,0,0,-6,0,0,,299,1576,0,0,0,0,0
2023-12-08,Southwest,N708XX,8620,LAX,CityName,State,ORD,CityName,State,0,0,-4,0,0,,359,1330,0,0,0,0,0
2023-12-08,JetBlue,N442XX,6949,DEN,CityName,State,BOS,CityName,State,0,0,4,0,0,,352,890,0,0,0,0,0
2023-12-08,Southwest,N384XX,3212,ORD,CityName,State,LAX,CityName,State,0,0,-1,0,0,,48,504,0,0,0,0,0
2023-12-08,JetBlue,N759XX,1669,LAX,CityName,State,JFK,CityName,State,0,0,-14,0,0,,178,2784,0,0,0,0,0
2023-12-08,Southwest,N316XX,7278,BOS,CityName,State,LAX,CityName,State,30,1,26,1,0,,281,360,0,26,0,0,0
2023-12-08,American,N805XX,5199,DEN,CityName,State,ORD,CityName,State,0,0,-3,0,0,,202,561,0,0,0,0,0
2023-12-08,United,N195XX,7261,DFW,CityName,State,SFO,CityName,State,0,0,-4,0,0,,310,2164,0,0,0,0,0
2023-12-08,United,N449XX,6802,DEN,CityName,State,SFO,CityName,State,0,0,3,0,0,,158,948,0,0,0,0,0
2023-12-08,Delta,N631XX,4218,DEN,CityName,State,ATL,CityName,State,0,0,7,0,0,,232,436,0,0,0,0,0
2023-12-08,JetBlue,N355XX,9162,DEN,CityName,State,JFK,CityName,State,45,1,53,1,0,,76,1940,0,0,0,0,53
2023-12-08,United,N826XX,3986,MIA,CityName,State,SEA,CityName,State,0,0,9,0,0,,286,160,0,0,0,0,0
2023-12-08,United,N690XX,6304,SFO,CityName,State,ORD,CityName,State,0,0,-8,0,0,,232,2554,0,0,0,0,0
2023-12-08,Delta,N777XX,3781,ORD,CityName,State,SFO,CityName,State,0,0,-12,0,0,,118,2268,0,0,0,0,0
2023-12-08,Delta,N159XX,7431,ORD,CityName,State,BOS,CityName,State,0,0,1,0,0,,265,1318,0,0,0,0,0
2023-12-09,American,N723XX,1806,ATL,CityName,State,SEA,CityName,State,15,1,4,0,0,,256,2642,0,0,0,0,0
2023-12-09,Southwest,N230XX,806,LAX,CityName,State,ORD,CityName,State,0,0,0,0,1,A,307,2047,0,0,0,0,0
2023-12-09,United,N569XX,880,MIA,CityName,State,ORD,CityName,State,15,1,25,1,0,,134,2423,25,0,0,0,0
2023-12-09,United,N670XX,333,BOS,CityName,State,SEA,CityName,State,0,0,9,0,0,,82,2344,0,0,0,0,0
2023-12-09,American,N108XX,3025,LAX,CityName,State,MIA,CityName,State,30,1,36,1,0,,151,1403,0,36,0,0,0
2023-12-09,JetBlue,N196XX,3402,SFO,CityName,State,BOS,CityName,State,0,0,10,0,0,,332,342,0,0,0,0,0
2023-12-09,Southwest,N377XX,429,LAX,CityName,State,DFW,CityName,State,0,0,-10,0,0,,115,1175,0,0,0,0,0
2023-12-09,Southwest,N672XX,3779,JFK,CityName,State,SFO,CityName,State,0,0,3,0,0,,192,1443,0,0,0,0,0
2023-12-09,American,N746XX,203,LAX,CityName,State,BOS,CityName,State,0,0,-2,0,0,,345,1286,0,0,0,0,0
2023-12-09,Delta,N410XX,5340,ATL,CityName,State,MIA,CityName,State,0,0,-2,0,0,,229,2651,0,0,0,0,0
2023-12-10,American,N563XX,8734,MIA,CityName,State,SEA,CityName,State,0,0,-4,0,0,,197,2877,0,0,0,0,0
2023-12-10,JetBlue,N412XX,5846,ORD,CityName,State,SFO,CityName,State,0,0,8,0,0,,321,1633,0,0,0,0,0
2023-12-10,JetBlue,N107XX,4588,ORD,CityName,State,ATL,CityName,State,30,1,34,1,0,,219,2364,0,0,34,0,0
2023-12-10,Southwest,N980XX,6214,SFO,CityName,State,SEA,CityName,State,0,0,-14,0,0,,72,1452,0,0,0,0,0
2023-12-10,American,N723XX,537,ORD,CityName,State,ORD,CityName,State,0,0,0,0,0,,344,1120,0,0,0,0,0
2023-12-10,American,N539XX,4714,ATL,CityName,State,SFO,CityName,State,0,0,0,0,1,A,251,2398,0,0,0,0,0
2023-12-10,Southwest,N859XX,308,BOS,CityName,State,MIA,CityName,State,60,1,54,1,0,,306,474,0,54,0,0,0
2023-12-10,United,N586XX,4554,DEN,CityName,State,ATL,CityName,State,0,0,-2,0,0,,265,2921,0,0,0,0,0
2023-12-10,American,N193XX,4037,DFW,CityName,State,LAX,CityName,State,0,0,-4,0,0,,128,2475,0,0,0,0,0
2023-12-10,United,N758XX,5407,BOS,CityName,State,ATL,CityName,State,0,0,-7,0,0,,231,2750,0,0,0,0,0
2023-12-10,Southwest,N414XX,2952,MIA,CityName,State,SEA,CityName,State,45,1,38,1,0,,218,1897,38,0,0,0,0
2023-12-10,United,N542XX,6064,SEA,CityName,State,SEA,CityName,State,0,0,-9,0,0,,346,1174,0,0,0,0,0
2023-12-10,JetBlue,N383XX,7465,SFO,CityName,State,BOS,CityName,State,0,0,6,0,0,,264,512,0,0,0,0,0
2023-12-10,United,N846XX,195,DFW,CityName,State,ORD,CityName,State,0,0,1,0,0,,61,2800,0,0,0,0,0
2023-12-10,Southwest,N714XX,443,ATL,CityName,State,ORD,CityName,State,0,0,9,0,0,,294,1800,0,0,0,0,0
2023-12-10,Delta,N683XX,2257,DEN,CityName,State,LAX,CityName,State,0,0,6,0,0,,82,2252,0,0,0,0,0
2023-12-10,Delta,N271XX,2732,DFW,CityName,State,MIA,CityName,State,15,1,7,0,0,,188,2452,0,0,0,0,0
2023-12-10,Southwest,N268XX,2318,DFW,CityName,State,JFK,CityName,State,0,0,7,0,0,,266,947,0,0,0,0,0
2023-12-10,JetBlue,N370XX,3933,ATL,CityName,State,SEA,CityName,State,0,0,9,0,0,,136,1640,0,0,0,0,0
2023-12-11,Southwest,N763XX,4387,BOS,CityName,State,LAX,CityName,State,0,0,10,0,0,,183,669,0,0,0,0,0
2023-12-11,American,N823XX,5897,SFO,CityName,State,SEA,CityName,State,0,0,-1,0,0,,285,2952,0,0,0,0,0
2023-12-11,Southwest,N387XX,9127,DFW,CityName,State,MIA,CityName,State,0,0,1,0,0,,246,1515,0,0,0,0,0
2023-12-11,JetBlue,N333XX,6416,BOS,CityName,State,DFW,CityName,State,15,1,3,0,0,,307,163,0,0,0,0,0
2023-12-11,Southwest,N149XX,5925,SFO,CityName,State,LAX,CityName,State,0,0,5,0,0,,129,2274,0,0,0,0,0
2023-12-11,JetBlue,N490XX,9264,SEA,CityName,State,ATL,CityName,State,0,0,1,0,0,,85,198,0,0,0,0,0
2023-12-11,American,N527XX,6145,SEA,CityName,State,ORD,CityName,State,15,1,7,0,0,,209,1766,0,0,0,0,0
2023-12-11,JetBlue,N770XX,7070,LAX,CityName,State,ORD,CityName,State,0,0,5,0,0,,332,886,0,0,0,0,0
2023-12-11,Southwest,N862XX,4059,ATL,CityName,State,DEN,CityName,State,30,1,35,1,0,,203,1970,35,0,0,0,0
2023-12-11,United,N241XX,3004,ATL,CityName,State,JFK,CityName,State,60,1,52,1,0,,283,1913,0,0,52,0,0
2023-12-11,JetBlue,N838XX,7833,DEN,CityName,State,SEA,CityName,State,0,0,4,0,0,,198,944,0,0,0,0,0
2023-12-11,Southwest,N392XX,4392,SEA,CityName,State,ORD,CityName,State,0,0,8,0,0,,51,1402,0,0,0,0,0
2023-12-11,United,N179XX,9286,SFO,CityName,State,BOS,CityName,State,240,1,250,1,0,,74,2856,0,0,250,0,0
2023-12-11,American,N813XX,5661,DEN,CityName,State,SFO,CityName,State,0,0,-1,0,0,,195,2392,0,0,0,0,0
2023-12-12,Delta,N389XX,2216,LAX,CityName,State,LAX,CityName,State,30,1,16,1,0,,317,2993,0,0,16,0,0
2023-12-12,United,N837XX,8408,SEA,CityName,State,ATL,CityName,State,0,0,7,0,0,,344,2201,0,0,0,0,0
2023-12-12,Delta,N917XX,3026,BOS,CityName,State,DEN,CityName,State,15,1,12,0,0,,121,184,0,0,0,0,0
2023-12-12,JetBlue,N589XX,8807,ATL,CityName,State,SFO,CityName,State,0,0,6,0,0,,140,207,0,0,0,0,0
2023-12-12,Southwest,N350XX,1587,LAX,CityName,State,DEN,CityName,State,0,0,-5,0,0,,313,1636,0,0,0,0,0
2023-12-12,Delta,N265XX,426,ORD,CityName,State,JFK,CityName,State,0,0,7,0,0,,278,1634,0,0,0,0,0
2023-12-12,Delta,N374XX,4352,ATL,CityName,State,DFW,CityName,State,0,0,-9,0,0,,316,185,0,0,0,0,0
2023-12-12,American,N538XX,4569,MIA,CityName,State,SFO,CityName,State,45,1,41,1,0,,72,1113,0,0,0,0,41
2023-12-12,Delta,N160XX,6663,LAX,CityName,State,ORD,CityName,State,0,0,1,0,0,,147,914,0,0,0,0,0
2023-12-12,Southwest,N209XX,6963,DFW,CityName,State,BOS,CityName,State,0,0,-4,0,0,,62,2606,0,0,0,0,0
2023-12-12,Delta,N194XX,173,DEN,CityName,State,ORD,CityName,State,60,1,58,1,0,,336,1983,0,0,0,0,58
2023-12-12,Delta,N631XX,6911,DFW,CityName,State,LAX,CityName,State,0,0,10,0,0,,176,331,0,0,0,0,0
2023-12-12,Delta,N787XX,492,DFW,CityName,State,DEN,CityName,State,0,0,-11,0,0,,352,2738,0,0,0,0,0
2023-12-12,American,N936XX,4783,ATL,CityName,State,JFK,CityName,State,0,0,-9,0,0,,114,1488,0,0,0,0,0
2023-12-12,American,N561XX,4551,DFW,CityName,State,LAX,CityName,State,0,0,-6,0,0,,110,2267,0,0,0,0,0
2023-12-12,United,N652XX,889,ATL,CityName,State,ORD,CityName,State,0,0,9,0,0,,288,2863,0,0,0,0,0
2023-12-12,American,N492XX,1070,JFK,CityName,State,ATL,CityName,State,0,0,5,0,0,,292,2415,0,0,0,0,0
2023-12-12,American,N929XX,2824,ATL,CityName,State,DEN,CityName,State,15,1,3,0,0,,115,1325,0,0,0,0,0
2023-12-13,Delta,N427XX,6518,ATL,CityName,State,BOS,CityName,State,30,1,32,1,0,,45,2265,0,0,0,0,32
2023-12-13,United,N490XX,3434,MIA,CityName,State,MIA,CityName,State,0,0,-4,0,0,,117,468,0,0,0,0,0
2023-12-13,American,N316XX,8998,BOS,CityName,State,ATL,CityName,State,0,0,9,0,0,,338,520,0,0,0,0,0
2023-12-13,United,N522XX,9522,JFK,CityName,State,DFW,CityName,State,0,0,-6,0,0,,332,2934,0,0,0,0,0
2023-12-13,United,N364XX,8480,JFK,CityName,State,DEN,CityName,State,0,0,-13,0,0,,225,1072,0,0,0,0,0
2023-12-13,Southwest,N600XX,9458,DEN,CityName,State,LAX,CityName,State,45,1,44,1,0,,95,1476,0,0,44,0,0
2023-12-13,United,N367XX,9446,LAX,CityName,State,SFO,CityName,State,0,0,3,0,0,,159,771,0,0,0,0,0
2023-12-13,Delta,N701XX,4259,SFO,CityName,State,JFK,CityName,State,0,0,-6,0,0,,109,572,0,0,0,0,0
2023-12-13,American,N634XX,6618,BOS,CityName,State,LAX,CityName,State,0,0,2,0,0,,196,2902,0,0,0,0,0
2023-12-13,Delta,N666XX,8373,BOS,CityName,State,JFK,CityName,State,45,1,48,1,0,,128,803,48,0,0,0,0
2023-12-13,American,N888XX,6806,JFK,CityName,State,LAX,CityName,State,0,0,-14,0,0,,164,2733,0,0,0,0,0
2023-12-14,United,N118XX,2720,SFO,CityName,State,BOS,CityName,State,45,1,52,1,0,,250,1872,52,0,0,0,0
2023-12-14,United,N515XX,6233,MIA,CityName,State,LAX,CityName,State,0,0,3,0,0,,155,2223,0,0,0,0,0
2023-12-14,American,N492XX,950,ORD,CityName,State,BOS,CityName,State,15,1,22,1,0,,359,470,22,0,0,0,0
2023-12-14,United,N254XX,1883,LAX,CityName,State,ATL,CityName,State,0,0,7,0,0,,342,1276,0,0,0,0,0
2023-12-14,Southwest,N648XX,5473,DEN,CityName,State,LAX,CityName,State,0,0,1,0,0,,70,2538,0,0,0,0,0
2023-12-14,American,N420XX,3237,JFK,CityName,State,ORD,CityName,State,0,0,-8,0,0,,265,2344,0,0,0,0,0
2023-12-14,American,N448XX,208,ATL,CityName,State,MIA,CityName,State,0,0,-10,0,0,,244,2449,0,0,0,0,0
2023-12-14,Delta,N611XX,349,DEN,CityName,State,MIA,CityName,State,15,1,5,0,0,,178,907,0,0,0,0,0
2023-12-14,Southwest,N191XX,5875,ORD,CityName,State,SFO,CityName,State,0,0,9,0,0,,253,190,0,0,0,0,0
2023-12-14,JetBlue,N780XX,1700,SEA,CityName,State,LAX,CityName,State,30,1,37,1,0,,49,437,0,37,0,0,0
2023-12-14,American,N664XX,8853,MIA,CityName,State,DEN,CityName,State,0,0,2,0,0,,294,259,0,0,0,0,0
2023-12-15,American,N368XX,5843,SEA,CityName,State,JFK,CityName,State,0,0,-13,0,0,,310,2590,0,0,0,0,0
2023-12-15,American,N813XX,1473,ATL,CityName,State,SEA,CityName,State,0,0,-9,0,0,,148,2310,0,0,0,0,0
2023-12-15,Delta,N253XX,796,SFO,CityName,State,SEA,CityName,State,0,0,-1,0,0,,232,677,0,0,0,0,0
2023-12-15,United,N239XX,4205,ORD,CityName,State,DFW,CityName,State,0,0,5,0,0,,76,2297,0,0,0,0,0
2023-12-15,American,N873XX,9334,ORD,CityName,State,ATL,CityName,State,15,1,21,1,0,,153,1711,0,0,0,0,21
2023-12-15,American,N690XX,3467,LAX,CityName,State,ORD,CityName,State,0,0,6,0,0,,200,1582,0,0,0,0,0
2023-12-15,JetBlue,N185XX,9995,BOS,CityName,State,LAX,CityName,State,0,0,-14,0,0,,213,2573,0,0,0,0,0
2023-12-15,American,N110XX,4466,JFK,CityName,State,JFK,CityName,State,0,0,-6,0,0,,59,2020,0,0,0,0,0
2023-12-15,United,N413XX,4773,DFW,CityName,State,ORD,CityName,State,15,1,7,0,0,,266,1320,0,0,0,0,0
2023-12-15,Southwest,N596XX,4583,MIA,CityName,State,JFK,CityName,State,15,1,15,1,0,,231,2121,0,0,15,0,0
2023-12-15,JetBlue,N203XX,9862,SFO,CityName,State,MIA,CityName,State,0,0,-12,0,0,,332,325,0,0,0,0,0
2023-12-15,Delta,N584XX,9073,ORD,CityName,State,SFO,CityName,State,0,0,-9,0,0,,276,1766,0,0,0,0,0
2023-12-15,Delta,N918XX,9610,SFO,CityName,State,ORD,CityName,State,0,0,-1,0,0,,129,1908,0,0,0,0,0
2023-12-15,Delta,N701XX,1822,BOS,CityName,State,SFO,CityName,State,0,0,-11,0,0,,230,324,0,0,0,0,0
2023-12-16,American,N709XX,9668,SEA,CityName,State,SFO,CityName,State,0,0,0,0,1,A,237,2496,0,0,0,0,0
2023-12-16,United,N566XX,5974,BOS,CityName,State,SEA,CityName,State,0,0,8,0,0,,335,2482,0,0,0,0,0
2023-12-16,JetBlue,N279XX,9702,SEA,CityName,State,DFW,CityName,State,0,0,2,0,0,,244,615,0,0,0,0,0
2023-12-16,Delta,N567XX,3189,SFO,CityName,State,LAX,CityName,State,45,1,34,1,0,,133,566,0,0,0,0,34
2023-12-16,United,N126XX,8689,SFO,CityName,State,ORD,CityName,State,0,0,-13,0,0,,121,1018,0,0,0,0,0
2023-12-16,United,N669XX,4798,JFK,CityName,State,SFO,CityName,State,60,1,67,1,0,,46,545,0,67,0,0,0
2023-12-16,JetBlue,N349XX,5504,ATL,CityName,State,MIA,CityName,State,120,1,121,1,0,,74,2287,0,0,0,0,121
2023-12-16,Southwest,N997XX,249,ATL,CityName,State,LAX,CityName,State,0,0,8,0,0,,203,2278,0,0,0,0,0
2023-12-16,United,N396XX,2133,SFO,CityName,State,DEN,CityName,State,0,0,7,0,0,,178,2561,0,0,0,0,0
2023-12-16,United,N956XX,7499,LAX,CityName,State,ATL,CityName,State,0,0,1,0,0,,69,392,0,0,0,0,0
2023-12-16,American,N718XX,141,JFK,CityName,State,MIA,CityName,State,0,0,-5,0,0,,100,502,0,0,0,0,0
2023-12-16,American,N767XX,4914,DEN,CityName,State,ORD,CityName,State,15,1,7,0,0,,358,1085,0,0,0,0,0
2023-12-16,Southwest,N473XX,4662,LAX,CityName,State,BOS,CityName,State,0,0,-3,0,0,,63,2646,0,0,0,0,0
2023-12-16,Delta,N420XX,5535,ATL,CityName,State,MIA,CityName,State,0,0,9,0,0,,301,2239,0,0,0,0,0
2023-12-17,Delta,N492XX,4707,BOS,CityName,State,LAX,CityName,State,0,0,4,0,0,,324,2341,0,0,0,0,0
2023-12-17,American,N286XX,8019,MIA,CityName,State,ORD,CityName,State,0,0,-4,0,0,,116,2927,0,0,0,0,0
2023-12-17,Southwest,N622XX,958,MIA,CityName,State,ORD,CityName,State,0,0,8,0,0,,328,1905,0,0,0,0,0
2023-12-17,Southwest,N159XX,1045,BOS,CityName,State,JFK,CityName,State,0,0,7,0,0,,87,1634,0,0,0,0,0
2023-12-17,United,N287XX,3229,JFK,CityName,State,ATL,CityName,State,0,0,9,0,0,,281,1905,0,0,0,0,0
2023-12-17,Southwest,N567XX,3579,DEN,CityName,State,SEA,CityName,State,0,0,6,0,0,,106,2561,0,0,0,0,0
2023-12-17,Delta,N179XX,190,SFO,CityName,State,SFO,CityName,State,0,0,-14,0,0,,86,859,0,0,0,0,0
2023-12-17,United,N115XX,9957,BOS,CityName,State,LAX,CityName,State,0,0,7,0,0,,59,1458,0,0,0,0,0
2023-12-17,JetBlue,N135XX,984,JFK,CityName,State,JFK,CityName,State,0,0,-12,0,0,,326,965,0,0,0,0,0
2023-12-17,Southwest,N274XX,6603,ORD,CityName,State,ORD,CityName,State,0,0,-6,0,0,,158,2920,0,0,0,0,0
2023-12-17,JetBlue,N431XX,2664,MIA,CityName,State,ORD,CityName,State,120,1,106,1,0,,252,2062,0,106,0,0,0
2023-12-17,United,N785XX,9725,BOS,CityName,State,ATL,CityName,State,45,1,49,1,0,,171,660,49,0,0,0,0
2023-12-17,Southwest,N983XX,5974,DFW,CityName,State,DFW,CityName,State,30,1,19,1,0,,128,2872,0,0,0,0,19
2023-12-18,United,N175XX,7442,DEN,CityName,State,DFW,CityName,State,0,0,-11,0,0,,299,1129,0,0,0,0,0
2023-12-18,Delta,N541XX,1032,JFK,CityName,State,JFK,CityName,State,0,0,-6,0,0,,116,668,0,0,0,0,0
2023-12-18,American,N161XX,7783,LAX,CityName,State,ORD,CityName,State,0,0,-1,0,0,,297,890,0,0,0,0,0
2023-12-18,Southwest,N890XX,5025,ATL,CityName,State,ORD,CityName,State,0,0,-6,0,0,,258,1592,0,0,0,0,0
2023-12-18,American,N927XX,580,MIA,CityName,State,JFK,CityName,State,0,0,10,0,0,,215,1778,0,0,0,0,0
2023-12-18,United,N616XX,2976,SEA,CityName,State,JFK,CityName,State,15,1,1,0,0,,79,2990,0,0,0,0,0
2023-12-18,United,N998XX,7499,BOS,CityName,State,ATL,CityName,State,0,0,3,0,0,,283,2195,0,0,0,0,0
2023-12-18,Delta,N463XX,3995,MIA,CityName,State,SEA,CityName,State,30,1,40,1,0,,350,1920,0,0,0,0,40
2023-12-18,United,N323XX,9596,DFW,CityName,State,MIA,CityName,State,0,0,10,0,0,,54,812,0,0,0,0,0
2023-12-18,JetBlue,N991XX,6817,DFW,CityName,State,DEN,CityName,State,0,0,-10,0,0,,137,2451,0,0,0,0,0
2023-12-18,American,N805XX,5421,LAX,CityName,State,SFO,CityName,State,0,0,-14,0,0,,310,1587,0,0,0,0,0
2023-12-18,Southwest,N760XX,2249,MIA,CityName,State,BOS,CityName,State,0,0,8,0,0,,154,793,0,0,0,0,0
2023-12-18,American,N629XX,7230,MIA,CityName,State,ATL,CityName,State,0,0,-7,0,0,,350,421,0,0,0,0,0
2023-12-18,United,N209XX,3294,LAX,CityName,State,LAX,CityName,State,0,0,-2,0,0,,209,1838,0,0,0,0,0
2023-12-18,American,N480XX,9331,LAX,CityName,State,DEN,CityName,State,0,0,10,0,0,,87,2684,0,0,0,0,0
2023-12-18,Southwest,N217XX,9549,JFK,CityName,State,JFK,CityName,State,15,1,16,1,0,,75,963,16,0,0,0,0
2023-12-18,JetBlue,N715XX,6755,MIA,CityName,State,MIA,CityName,State,0,0,3,0,0,,159,437,0,0,0,0,0
2023-12-18,United,N500XX,1633,JFK,CityName,State,ORD,CityName,State,0,0,10,0,0,,90,357,0,0,0,0,0
2023-12-18,Southwest,N847XX,5384,MIA,CityName,State,LAX,CityName,State,0,0,9,0,0,,174,426,0,0,0,0,0
2023-12-18,Southwest,N853XX,5703,LAX,CityName,State,DFW,CityName,State,0,0,3,0,0,,276,278,0,0,0,0,0
2023-12-18,JetBlue,N931XX,3529,BOS,CityName,State,LAX,CityName,State,0,0,-9,0,0,,179,2983,0,0,0,0,0
2023-12-18,United,N316XX,8853,SFO,CityName,State,BOS,CityName,State,0,0,-14,0,0,,223,1345,0,0,0,0,0
2023-12-18,United,N972XX,1304,BOS,CityName,State,DEN,CityName,State,0,0,-6,0,0,,55,2164,0,0,0,0,0
2023-12-19,American,N211XX,478,ORD,CityName,State,MIA,CityName,State,0,0,-1,0,0,,198,2092,0,0,0,0,0
2023-12-19,Delta,N232XX,3744,JFK,CityName,State,SFO,CityName,State,0,0,-11,0,0,,52,2301,0,0,0,0,0
2023-12-19,American,N994XX,2139,DEN,CityName,State,SEA,CityName,State,0,0,3,0,0,,70,548,0,0,0,0,0
2023-12-19,Delta,N505XX,9728,ATL,CityName,State,SFO,CityName,State,0,0,1,0,0,,104,185,0,0,0,0,0
2023-12-19,Southwest,N991XX,3037,DFW,CityName,State,MIA,CityName,State,0,0,-11,0,0,,100,1140,0,0,0,0,0
2023-12-19,Southwest,N905XX,5100,ORD,CityName,State,BOS,CityName,State,0,0,0,0,0,,247,875,0,0,0,0,0
2023-12-19,Delta,N817XX,2935,JFK,CityName,State,ATL,CityName,State,0,0,2,0,0,,283,2480,0,0,0,0,0
2023-12-19,Southwest,N301XX,8699,BOS,CityName,State,JFK,CityName,State,0,0,-11,0,0,,164,2224,0,0,0,0,0
2023-12-19,Delta,N233XX,9618,BOS,CityName,State,BOS,CityName,State,0,0,-10,0,0,,296,2957,0,0,0,0,0
2023-12-19,JetBlue,N803XX,3110,LAX,CityName,State,ORD,CityName,State,0,0,-14,0,0,,218,517,0,0,0,0,0
2023-12-19,United,N109XX,4681,MIA,CityName,State,DEN,CityName,State,0,0,-5,0,0,,194,660,0,0,0,0,0
2023-12-20,Delta,N356XX,4561,BOS,CityName,State,BOS,CityName,State,0,0,-9,0,0,,287,920,0,0,0,0,0
2023-12-20,JetBlue,N940XX,9637,ORD,CityName,State,SFO,CityName,State,0,0,8,0,0,,157,777,0,0,0,0,0
2023-12-20,Delta,N646XX,5592,MIA,CityName,State,LAX,CityName,State,0,0,0,0,1,A,294,2400,0,0,0,0,0
2023-12-20,Southwest,N400XX,2432,ATL,CityName,State,JFK,CityName,State,0,0,6,0,0,,271,2668,0,0,0,0,0
2023-12-20,American,N339XX,3692,SFO,CityName,State,DFW,CityName,State,15,1,20,1,0,,346,1878,20,0,0,0,0
2023-12-20,United,N576XX,7303,SFO,CityName,State,SEA,CityName,State,30,1,30,1,0,,188,2754,30,0,0,0,0
2023-12-20,Delta,N642XX,3161,ATL,CityName,State,BOS,CityName,State,0,0,-12,0,0,,342,412,0,0,0,0,0
2023-12-20,United,N485XX,1673,BOS,CityName,State,ATL,CityName,State,0,0,-9,0,0,,304,538,0,0,0,0,0
2023-12-20,JetBlue,N540XX,8565,DEN,CityName,State,DFW,CityName,State,0,0,1,0,0,,344,2037,0,0,0,0,0
2023-12-20,Delta,N534XX,2730,LAX,CityName,State,DFW,CityName,State,0,0,-13,0,0,,255,2639,0,0,0,0,0
2023-12-20,Delta,N736XX,2846,JFK,CityName,State,DEN,CityName,State,0,0,5,0,0,,123,848,0,0,0,0,0
2023-12-20,Delta,N685XX,3336,DEN,CityName,State,DFW,CityName,State,0,0,-5,0,0,,214,1786,0,0,0,0,0
2023-12-20,Delta,N281XX,4658,MIA,CityName,State,JFK,CityName,State,45,1,32,1,0,,239,1828,0,0,0,0,32
2023-12-21,American,N892XX,6649,DFW,CityName,State,LAX,CityName,State,0,0,-2,0,0,,80,2166,0,0,0,0,0
2023-12-21,Delta,N989XX,5791,DFW,CityName,State,DFW,CityName,State,0,0,-5,0,0,,103,2714,0,0,0,0,0
2023-12-21,American,N415XX,3949,SEA,CityName,State,ATL,CityName,State,0,0,4,0,0,,229,177,0,0,0,0,0
2023-12-21,United,N270XX,4090,BOS,CityName,State,LAX,CityName,State,0,0,9,0,0,,130,1925,0,0,0,0,0
2023-12-21,American,N973XX,8888,ATL,CityName,State,DEN,CityName,State,0,0,6,0,0,,84,1464,0,0,0,0,0
2023-12-21,JetBlue,N764XX,7384,MIA,CityName,State,DFW,CityName,State,15,1,18,1,0,,146,2320,0,18,0,0,0
2023-12-21,Southwest,N831XX,4808,SEA,CityName,State,MIA,CityName,State,0,0,0,0,1,A,241,2409,0,0,0,0,0
2023-12-21,United,N510XX,8311,MIA,CityName,State,BOS,CityName,State,0,0,-5,0,0,,358,1375,0,0,0,0,0
2023-12-21,American,N706XX,6615,ATL,CityName,State,SEA,CityName,State,15,1,12,0,0,,223,1968,0,0,0,0,0
2023-12-21,JetBlue,N235XX,6045,LAX,CityName,State,SFO,CityName,State,0,0,6,0,0,,292,600,0,0,0,0,0
2023-12-21,Southwest,N361XX,1413,SFO,CityName,State,ATL,CityName,State,120,1,130,1,0,,284,1060,130,0,0,0,0
2023-12-21,Southwest,N498XX,3673,DEN,CityName,State,ORD,CityName,State,0,0,-11,0,0,,275,2447,0,0,0,0,0
2023-12-22,Delta,N142XX,2280,SEA,CityName,State,JFK,CityName,State,45,1,47,1,0,,54,686,47,0,0,0,0
2023-12-22,JetBlue,N707XX,4525,DEN,CityName,State,ATL,CityName,State,0,0,-10,0,0,,193,721,0,0,0,0,0
2023-12-22,American,N767XX,1876,BOS,CityName,State,SEA,CityName,State,0,0,1,0,0,,168,2652,0,0,0,0,0
2023-12-22,United,N590XX,8932,LAX,CityName,State,JFK,CityName,State,0,0,0,0,0,,197,2839,0,0,0,0,0
2023-12-22,Delta,N910XX,3195,ORD,CityName,State,DEN,CityName,State,15,1,21,1,0,,278,2701,21,0,0,0,0
2023-12-22,American,N115XX,9563,DFW,CityName,State,BOS,CityName,State,0,0,-2,0,0,,331,1680,0,0,0,0,0
2023-12-22,United,N153XX,6929,SEA,CityName,State,BOS,CityName,State,0,0,1,0,0,,109,260,0,0,0,0,0
2023-12-22,United,N340XX,367,BOS,CityName,State,DFW,CityName,State,15,1,15,1,0,,192,163,15,0,0,0,0
2023-12-22,United,N112XX,9968,JFK,CityName,State,SEA,CityName,State,60,1,53,1,0,,290,2759,53,0,0,0,0
2023-12-22,Southwest,N548XX,752,SFO,CityName,State,JFK,CityName,State,0,0,0,0,0,,174,722,0,0,0,0,0
2023-12-22,Delta,N797XX,7104,MIA,CityName,State,JFK,CityName,State,0,0,-3,0,0,,57,1132,0,0,0,0,0
2023-12-22,American,N309XX,8374,DFW,CityName,State,MIA,CityName,State,0,0,-13,0,0,,126,1390,0,0,0,0,0
2023-12-22,American,N144XX,4316,SFO,CityName,State,LAX,CityName,State,0,0,8,0,0,,350,647,0,0,0,0,0
2023-12-22,United,N600XX,8147,DEN,CityName,State,DEN,CityName,State,0,0,-6,0,0,,137,2984,0,0,0,0,0
2023-12-22,Delta,N476XX,8431,DFW,CityName,State,ORD,CityName,State,30,1,33,1,0,,244,1360,0,0,33,0,0
2023-12-23,United,N461XX,770,SEA,CityName,State,MIA,CityName,State,0,0,2,0,0,,88,2185,0,0,0,0,0
2023-12-23,United,N155XX,5599,MIA,CityName,State,ATL,CityName,State,0,0,-14,0,0,,330,1174,0,0,0,0,0
2023-12-23,JetBlue,N538XX,1502,DFW,CityName,State,SFO,CityName,State,0,0,3,0,0,,179,1197,0,0,0,0,0
2023-12-23,Delta,N593XX,5032,MIA,CityName,State,LAX,CityName,State,45,1,44,1,0,,185,1251,0,0,44,0,0
2023-12-23,Delta,N129XX,6623,JFK,CityName,State,SEA,CityName,State,0,0,-14,0,0,,114,2108,0,0,0,0,0
2023-12-23,Southwest,N178XX,170,BOS,CityName,State,DFW,CityName,State,0,0,-13,0,0,,99,441,0,0,0,0,0
2023-12-23,United,N374XX,6156,ATL,CityName,State,BOS,CityName,State,0,0,8,0,0,,235,2807,0,0,0,0,0
2023-12-23,American,N321XX,7708,BOS,CityName,State,JFK,CityName,State,0,0,2,0,0,,119,965,0,0,0,0,0
2023-12-23,United,N464XX,6489,DFW,CityName,State,MIA,CityName,State,0,0,4,0,0,,95,2543,0,0,0,0,0
2023-12-23,Delta,N155XX,2543,ORD,CityName,State,MIA,CityName,State,15,1,19,1,0,,185,2182,0,0,19,0,0
2023-12-23,Southwest,N508XX,6911,SFO,CityName,State,ORD,CityName,State,0,0,-2,0,0,,264,383,0,0,0,0,0
2023-12-23,Southwest,N737XX,9453,SEA,CityName,State,SFO,CityName,State,45,1,48,1,0,,255,1928,48,0,0,0,0
2023-12-23,Southwest,N874XX,4400,SEA,CityName,State,BOS,CityName,State,0,0,0,0,0,,261,1706,0,0,0,0,0
2023-12-23,Delta,N911XX,185,ATL,CityName,State,BOS,CityName,State,0,0,7,0,0,,238,869,0,0,0,0,0
2023-12-23,United,N431XX,938,SFO,CityName,State,MIA,CityName,State,120,1,129,1,0,,347,1834,0,129,0,0,0
2023-12-23,American,N278XX,8744,BOS,CityName,State,ATL,CityName,State,0,0,2,0,0,,319,1639,0,0,0,0,0
2023-12-23,American,N248XX,7605,BOS,CityName,State,DFW,CityName,State,0,0,8,0,0,,149,589,0,0,0,0,0
2023-12-23,Southwest,N523XX,5170,ORD,CityName,State,SFO,CityName,State,0,0,-10,0,0,,65,2953,0,0,0,0,0
2023-12-23,American,N939XX,4409,SFO,CityName,State,DEN,CityName,State,0,0,3,0,0,,357,1224,0,0,0,0,0
2023-12-23,American,N570XX,4219,ATL,CityName,State,DFW,CityName,State,0,0,0,0,1,A,212,1852,0,0,0,0,0
2023-12-24,Delta,N803XX,5927,LAX,CityName,State,LAX,CityName,State,0,0,5,0,0,,80,2930,0,0,0,0,0
2023-12-24,Delta,N947XX,1951,DFW,CityName,State,DFW,CityName,State,0,0,-3,0,0,,52,2779,0,0,0,0,0
2023-12-24,American,N704XX,7131,ORD,CityName,State,SEA,CityName,State,0,0,-7,0,0,,150,477,0,0,0,0,0
2023-12-24,United,N967XX,4957,SFO,CityName,State,SEA,CityName,State,30,1,37,1,0,,83,888,37,0,0,0,0
2023-12-24,JetBlue,N728XX,5786,LAX,CityName,State,ATL,CityName,State,0,0,-10,0,0,,49,1144,0,0,0,0,0
2023-12-24,JetBlue,N652XX,2250,SFO,CityName,State,JFK,CityName,State,15,1,21,1,0,,321,2008,0,21,0,0,0
2023-12-24,United,N198XX,4223,DFW,CityName,State,SEA,CityName,State,0,0,2,0,0,,127,1555,0,0,0,0,0
2023-12-24,United,N327XX,7936,SEA,CityName,State,LAX,CityName,State,0,0,-1,0,0,,191,2769,0,0,0,0,0
2023-12-24,JetBlue,N178XX,8673,ORD,CityName,State,DFW,CityName,State,0,0,-2,0,0,,210,1038,0,0,0,0,0
2023-12-24,United,N495XX,9862,DEN,CityName,State,BOS,CityName,State,0,0,-9,0,0,,141,2598,0,0,0,0,0
2023-12-24,Southwest,N943XX,5502,SFO,CityName,State,LAX,CityName,State,0,0,9,0,0,,347,2246,0,0,0,0,0
2023-12-24,United,N771XX,696,ORD,CityName,State,ORD,CityName,State,15,1,23,1,0,,300,858,23,0,0,0,0
2023-12-24,American,N404XX,8598,ORD,CityName,State,BOS,CityName,State,0,0,-9,0,0,,231,1606,0,0,0,0,0
2023-12-24,Delta,N561XX,1994,JFK,CityName,State,BOS,CityName,State,0,0,-12,0,0,,207,958,0,0,0,0,0
2023-12-24,Delta,N738XX,1637,ORD,CityName,State,BOS,CityName,State,0,0,0,0,0,,62,2971,0,0,0,0,0
2023-12-24,Southwest,N450XX,3191,ORD,CityName,State,SEA,CityName,State,0,0,0,0,1,A,279,669,0,0,0,0,0
2023-12-24,Delta,N218XX,1976,BOS,CityName,State,ORD,CityName,State,0,0,-10,0,0,,154,2719,0,0,0,0,0
2023-12-24,Southwest,N112XX,4028,SEA,CityName,State,ORD,CityName,State,0,0,-8,0,0,,232,2596,0,0,0,0,0
2023-12-24,Delta,N607XX,5696,DEN,CityName,State,DFW,CityName,State,0,0,-8,0,0,,315,988,0,0,0,0,0
2023-12-24,JetBlue,N854XX,2790,JFK,CityName,State,ORD,CityName,State,0,0,-8,0,0,,258,2637,0,0,0,0,0
2023-12-24,American,N286XX,8871,DEN,CityName,State,ORD,CityName,State,15,1,11,0,0,,225,2709,0,0,0,0,0
2023-12-24,JetBlue,N257XX,9816,BOS,CityName,State,BOS,CityName,State,0,0,-10,0,0,,81,1486,0,0,0,0,0
2023-12-24,United,N456XX,5255,ORD,CityName,State,BOS,CityName,State,0,0,-8,0,0,,109,2512,0,0,0,0,0
2023-12-24,Delta,N311XX,4185,MIA,CityName,State,BOS,CityName,State,15,1,5,0,0,,236,1638,0,0,0,0,0
2023-12-24,JetBlue,N649XX,9652,SEA,CityName,State,SFO,CityName,State,0,0,6,0,0,,59,2838,0,0,0,0,0
2023-12-24,JetBlue,N467XX,5172,JFK,CityName,State,SEA,CityName,State,240,1,242,1,0,,122,1466,0,0,242,0,0
2023-12-25,JetBlue,N303XX,1657,DEN,CityName,State,DFW,CityName,State,0,0,-9,0,0,,162,1768,0,0,0,0,0
2023-12-25,United,N380XX,7194,MIA,CityName,State,ORD,CityName,State,0,0,-13,0,0,,114,512,0,0,0,0,0
2023-12-25,American,N365XX,6790,DEN,CityName,State,ATL,CityName,State,0,0,-5,0,0,,171,2250,0,0,0,0,0
2023-12-25,Southwest,N831XX,4528,DFW,CityName,State,SEA,CityName,State,120,1,126,1,0,,58,1457,0,0,0,0,126
2023-12-25,United,N574XX,1901,JFK,CityName,State,MIA,CityName,State,0,0,2,0,0,,321,1358,0,0,0,0,0
2023-12-25,United,N514XX,8215,MIA,CityName,State,DEN,CityName,State,0,0,7,0,0,,183,737,0,0,0,0,0
2023-12-25,United,N758XX,1625,BOS,CityName,State,BOS,CityName,State,15,1,20,1,0,,152,812,0,20,0,0,0
2023-12-25,Southwest,N930XX,2800,DFW,CityName,State,LAX,CityName,State,0,0,9,0,0,,339,2107,0,0,0,0,0
2023-12-25,JetBlue,N507XX,7324,LAX,CityName,State,LAX,CityName,State,0,0,-11,0,0,,166,1202,0,0,0,0,0
2023-12-25,JetBlue,N671XX,9962,SEA,CityName,State,SFO,CityName,State,0,0,-7,0,0,,341,1626,0,0,0,0,0
2023-12-25,Southwest,N979XX,5856,ATL,CityName,State,DEN,CityName,State,0,0,3,0,0,,160,1581,0,0,0,0,0
2023-12-25,JetBlue,N427XX,4375,JFK,CityName,State,DEN,CityName,State,0,0,2,0,0,,319,2033,0,0,0,0,0
2023-12-26,American,N523XX,9893,SFO,CityName,State,ATL,CityName,State,0,0,-7,0,0,,307,2332,0,0,0,0,0
2023-12-26,American,N497XX,6162,LAX,CityName,State,DFW,CityName,State,15,1,19,1,0,,138,1223,19,0,0,0,0
2023-12-26,Southwest,N538XX,3474,JFK,CityName,State,BOS,CityName,State,15,1,9,0,0,,108,423,0,0,0,0,0
2023-12-26,United,N800XX,7897,BOS,CityName,State,DEN,CityName,State,0,0,-1,0,0,,91,2991,0,0,0,0,0
2023-12-26,Delta,N842XX,7702,DFW,CityName,State,BOS,CityName,State,0,0,6,0,0,,81,803,0,0,0,0,0
2023-12-26,Delta,N986XX,6276,DFW,CityName,State,JFK,CityName,State,0,0,1,0,0,,268,1723,0,0,0,0,0
2023-12-26,United,N258XX,7077,SEA,CityName,State,ORD,CityName,State,0,0,-14,0,0,,267,1632,0,0,0,0,0
2023-12-26,Delta,N943XX,2461,LAX,CityName,State,BOS,CityName,State,0,0,4,0,0,,177,2075,0,0,0,0,0
2023-12-27,American,N621XX,9190,ATL,CityName,State,MIA,CityName,State,0,0,7,0,0,,252,2934,0,0,0,0,0
2023-12-27,Delta,N702XX,9096,LAX,CityName,State,JFK,CityName,State,0,0,-12,0,0,,234,2390,0,0,0,0,0
2023-12-27,Delta,N121XX,8351,SEA,CityName,State,DEN,CityName,State,0,0,-8,0,0,,154,894,0,0,0,0,0
2023-12-27,Southwest,N242XX,2276,SEA,CityName,State,LAX,CityName,State,0,0,-4,0,0,,253,2780,0,0,0,0,0
2023-12-27,Delta,N399XX,1603,ATL,CityName,State,SEA,CityName,State,0,0,5,0,0,,169,1582,0,0,0,0,0
2023-12-27,Southwest,N835XX,1373,ORD,CityName,State,LAX,CityName,State,0,0,9,0,0,,256,2633,0,0,0,0,0
2023-12-27,JetBlue,N220XX,5032,SFO,CityName,State,JFK,CityName,State,0,0,-9,0,0,,324,2224,0,0,0,0,0
2023-12-27,Southwest,N371XX,5649,SEA,CityName,State,MIA,CityName,State,30,1,25,1,0,,236,2632,0,0,0,0,25
2023-12-27,Southwest,N736XX,8715,ORD,CityName,State,SFO,CityName,State,0,0,-2,0,0,,81,757,0,0,0,0,0
2023-12-27,Southwest,N759XX,3816,DEN,CityName,State,DEN,CityName,State,0,0,-11,0,0,,63,527,0,0,0,0,0
2023-12-27,American,N178XX,4803,DFW,CityName,State,LAX,CityName,State,0,0,-14,0,0,,280,1333,0,0,0,0,0
2023-12-27,JetBlue,N801XX,8045,ATL,CityName,State,LAX,CityName,State,0,0,-6,0,0,,316,731,0,0,0,0,0
2023-12-27,Delta,N165XX,7788,MIA,CityName,State,JFK,CityName,State,0,0,-5,0,0,,352,592,0,0,0,0,0
2023-12-27,American,N612XX,3929,JFK,CityName,State,BOS,CityName,State,0,0,-14,0,0,,166,2091,0,0,0,0,0
2023-12-27,American,N768XX,6065,ORD,CityName,State,MIA,CityName,State,0,0,-12,0,0,,62,552,0,0,0,0,0
2023-12-27,Delta,N733XX,2012,SFO,CityName,State,SFO,CityName,State,15,1,15,1,0,,320,2384,0,0,15,0,0
2023-12-27,Delta,N268XX,7093,JFK,CityName,State,DEN,CityName,State,240,1,234,1,0,,95,1349,0,234,0,0,0
2023-12-27,Delta,N550XX,5065,LAX,CityName,State,MIA,CityName,State,0,0,-11,0,0,,230,1009,0,0,0,0,0
2023-12-28,JetBlue,N174XX,5362,ORD,CityName,State,ORD,CityName,State,0,0,-9,0,0,,317,2951,0,0,0,0,0
2023-12-28,United,N431XX,9850,JFK,CityName,State,ATL,CityName,State,0,0,2,0,0,,313,2441,0,0,0,0,0
2023-12-28,Delta,N131XX,7783,SEA,CityName,State,BOS,CityName,State,0,0,-12,0,0,,139,1751,0,0,0,0,0
2023-12-28,United,N803XX,9481,MIA,CityName,State,DEN,CityName,State,15,1,15,1,0,,359,2486,0,15,0,0,0
2023-12-28,Delta,N730XX,7407,ORD,CityName,State,DEN,CityName,State,0,0,-12,0,0,,313,606,0,0,0,0,0
2023-12-28,Southwest,N851XX,1639,ORD,CityName,State,SFO,CityName,State,0,0,7,0,0,,51,2770,0,0,0,0,0
2023-12-28,American,N248XX,7693,SFO,CityName,State,DFW,CityName,State,0,0,6,0,0,,47,2062,0,0,0,0,0
2023-12-28,United,N230XX,2845,ATL,CityName,State,LAX,CityName,State,15,1,9,0,0,,279,370,0,0,0,0,0
2023-12-28,American,N924XX,5457,SEA,CityName,State,ATL,CityName,State,0,0,-7,0,0,,224,1765,0,0,0,0,0
2023-12-28,American,N615XX,6180,DEN,CityName,State,DFW,CityName,State,0,0,3,0,0,,310,1755,0,0,0,0,0
2023-12-28,JetBlue,N136XX,5285,DEN,CityName,State,MIA,CityName,State,0,0,-14,0,0,,125,1621,0,0,0,0,0
2023-12-28,American,N440XX,9085,DFW,CityName,State,DEN,CityName,State,45,1,46,1,0,,84,2162,46,0,0,0,0
2023-12-28,JetBlue,N273XX,5153,LAX,CityName,State,ORD,CityName,State,0,0,8,0,0,,59,847,0,0,0,0,0
2023-12-29,JetBlue,N837XX,3561,JFK,CityName,State,ORD,CityName,State,0,0,-9,0,0,,283,1577,0,0,0,0,0
2023-12-29,Southwest,N998XX,2295,DFW,CityName,State,DFW,CityName,State,0,0,-10,0,0,,80,1960,0,0,0,0,0
2023-12-29,United,N443XX,3428,MIA,CityName,State,LAX,CityName,State,0,0,6,0,0,,275,1156,0,0,0,0,0
2023-12-29,Southwest,N708XX,3780,JFK,CityName,State,DEN,CityName,State,30,1,22,1,0,,230,2794,22,0,0,0,0
2023-12-29,Southwest,N441XX,236,SFO,CityName,State,LAX,CityName,State,0,0,3,0,0,,270,1208,0,0,0,0,0
2023-12-29,JetBlue,N718XX,1518,DFW,CityName,State,DFW,CityName,State,0,0,2,0,0,,308,2299,0,0,0,0,0
2023-12-29,JetBlue,N246XX,698,ORD,CityName,State,ORD,CityName,State,0,0,-7,0,0,,353,204,0,0,0,0,0
2023-12-29,Delta,N591XX,9240,ATL,CityName,State,SEA,CityName,State,0,0,-13,0,0,,95,605,0,0,0,0,0
2023-12-29,JetBlue,N931XX,1099,ATL,CityName,State,LAX,CityName,State,0,0,-3,0,0,,289,2363,0,0,0,0,0
2023-12-29,American,N866XX,1825,BOS,CityName,State,ORD,CityName,State,15,1,9,0,0,,215,820,0,0,0,0,0
2023-12-29,Delta,N823XX,2318,ORD,CityName,State,ORD,CityName,State,15,1,6,0,0,,145,2873,0,0,0,0,0
2023-12-30,American,N375XX,9015,DFW,CityName,State,LAX,CityName,State,0,0,3,0,0,,341,2900,0,0,0,0,0
2023-12-30,Delta,N791XX,3645,MIA,CityName,State,DFW,CityName,State,120,1,108,1,0,,343,264,0,0,108,0,0
2023-12-30,United,N778XX,2748,MIA,CityName,State,SFO,CityName,State,0,0,-12,0,0,,269,2990,0,0,0,0,0
2023-12-30,Southwest,N874XX,1004,BOS,CityName,State,ATL,CityName,State,0,0,0,0,0,,115,1563,0,0,0,0,0
2023-12-30,Southwest,N407XX,6692,LAX,CityName,State,LAX,CityName,State,0,0,-10,0,0,,196,2166,0,0,0,0,0
2023-12-30,Delta,N631XX,2957,BOS,CityName,State,MIA,CityName,State,0,0,-4,0,0,,294,2322,0,0,0,0,0
2023-12-30,Delta,N471XX,4708,SFO,CityName,State,ATL,CityName,State,0,0,-6,0,0,,313,626,0,0,0,0,0
2023-12-30,Delta,N309XX,4895,ORD,CityName,State,SFO,CityName,State,0,0,2,0,0,,205,504,0,0,0,0,0
2023-12-30,Southwest,N395XX,8759,BOS,CityName,State,JFK,CityName,State,0,0,-13,0,0,,294,2849,0,0,0,0,0
2023-12-30,Southwest,N140XX,1611,ATL,CityName,State,DEN,CityName,State,0,0,1,0,0,,284,2158,0,0,0,0,0
2023-12-30,Southwest,N114XX,772,SEA,CityName,State,SEA,CityName,State,0,0,-6,0,0,,120,341,0,0,0,0,0
2023-12-30,Southwest,N753XX,9289,SFO,CityName,State,JFK,CityName,State,0,0,-5,0,0,,153,1119,0,0,0,0,0
2023-12-30,Delta,N823XX,5862,LAX,CityName,State,SEA,CityName,State,0,0,-1,0,0,,123,1731,0,0,0,0,0
