FlightDate,Reporting_Airline,Tail_Number,Flight_Number_Reporting_Airline,Origin,OriginCityName,OriginState,Dest,DestCityName,DestState,DepDelay,DepDel15,ArrDelay,ArrDel15,Cancelled,CancellationCode,AirTime,Distance,CarrierDelay,WeatherDelay,NASDelay,SecurityDelay,LateAircraftDelay
2022-01-01,Southwest,N190XX,772,DEN,CityName,State,LAX,CityName,State,0,0,-2,0,0,,187,541,0,0,0,0,0
2022-01-01,JetBlue,N186XX,2391,SFO,CityName,State,SFO,CityName,State,30,1,27,1,0,,291,1177,27,0,0,0,0
2022-01-01,United,N180XX,1907,JFK,CityName,State,ATL,CityName,State,0,0,5,0,0,,113,1982,0,0,0,0,0
2022-01-01,Delta,N164XX,5295,JFK,CityName,State,MIA,CityName,State,0,0,-10,0,0,,57,1783,0,0,0,0,0
2022-01-01,United,N346XX,2437,ORD,CityName,State,SEA,CityName,State,0,0,-12,0,0,,286,2247,0,0,0,0,0
2022-01-01,American,N296XX,9681,MIA,CityName,State,JFK,CityName,State,0,0,-3,0,0,,334,1470,0,0,0,0,0
2022-01-01,Southwest,N575XX,9474,ORD,CityName,State,ORD,CityName,State,30,1,18,1,0,,315,285,18,0,0,0,0
2022-01-01,Southwest,N246XX,8147,BOS,CityName,State,BOS,CityName,State,0,0,-10,0,0,,223,673,0,0,0,0,0
2022-01-01,American,N465XX,7075,DEN,CityName,State,MIA,CityName,State,0,0,0,0,0,,269,2060,0,0,0,0,0
2022-01-01,United,N201XX,6210,JFK,CityName,State,MIA,CityName,State,15,1,19,1,0,,336,1202,0,0,19,0,0
2022-01-01,Delta,N256XX,750,MIA,CityName,State,LAX,CityName,State,0,0,7,0,0,,331,2158,0,0,0,0,0
2022-01-01,Delta,N105XX,5505,JFK,CityName,State,DEN,CityName,State,0,0,4,0,0,,267,2309,0,0,0,0,0
2022-01-01,Delta,N442XX,142,LAX,CityName,State,DFW,CityName,State,0,0,-8,0,0,,198,2252,0,0,0,0,0
2022-01-02,United,N633XX,1712,BOS,CityName,State,MIA,CityName,State,0,0,-2,0,0,,63,835,0,0,0,0,0
2022-01-02,Southwest,N677XX,3392,BOS,CityName,State,SEA,CityName,State,0,0,7,0,0,,198,2026,0,0,0,0,0
2022-01-02,United,N378XX,2241,LAX,CityName,State,BOS,CityName,State,15,1,24,1,0,,132,607,0,0,0,0,24
2022-01-02,American,N396XX,183,LAX,CityName,State,ATL,CityName,State,0,0,-7,0,0,,70,1040,0,0,0,0,0
2022-01-02,Delta,N995XX,3366,SFO,CityName,State,DFW,CityName,State,0,0,-12,0,0,,345,171,0,0,0,0,0
2022-01-02,Delta,N171XX,7198,SFO,CityName,State,BOS,CityName,State,0,0,6,0,0,,168,1665,0,0,0,0,0
2022-01-02,JetBlue,N323XX,6862,LAX,CityName,State,DEN,CityName,State,0,0,-13,0,0,,343,1934,0,0,0,0,0
2022-01-02,Southwest,N181XX,1002,JFK,CityName,State,JFK,CityName,State,0,0,-6,0,0,,250,2635,0,0,0,0,0
2022-01-02,Southwest,N714XX,5339,SEA,CityName,State,MIA,CityName,State,0,0,6,0,0,,251,2345,0,0,0,0,0
2022-01-02,Delta,N327XX,1394,ATL,CityName,State,SFO,CityName,State,45,1,50,1,0,,313,2557,0,50,0,0,0
2022-01-02,United,N577XX,4663,ATL,CityName,State,LAX,CityName,State,30,1,33,1,0,,101,158,33,0,0,0,0
2022-01-02,United,N875XX,6353,MIA,CityName,State,SEA,CityName,State,0,0,4,0,0,,59,808,0,0,0,0,0
2022-01-02,American,N955XX,4269,ATL,CityName,State,BOS,CityName,State,0,0,-8,0,0,,225,2653,0,0,0,0,0
2022-01-02,Southwest,N762XX,8485,BOS,CityName,State,SFO,CityName,State,15,1,19,1,0,,273,2434,0,0,19,0,0
2022-01-02,United,N882XX,792,BOS,CityName,State,SFO,CityName,State,0,0,-13,0,0,,308,1858,0,0,0,0,0
2022-01-02,JetBlue,N523XX,9085,SFO,CityName,State,ORD,CityName,State,15,1,4,0,0,,177,960,0,0,0,0,0
2022-01-02,American,N668XX,823,JFK,CityName,State,BOS,CityName,State,0,0,7,0,0,,274,1583,0,0,0,0,0
2022-01-02,JetBlue,N631XX,9178,SFO,CityName,State,SEA,CityName,State,0,0,-3,0,0,,240,1428,0,0,0,0,0
2022-01-02,Southwest,N161XX,2315,BOS,CityName,State,BOS,CityName,State,0,0,7,0,0,,74,1379,0,0,0,0,0
2022-01-02,JetBlue,N801XX,7612,SFO,CityName,State,DFW,CityName,State,0,0,6,0,0,,266,551,0,0,0,0,0
2022-01-03,JetBlue,N635XX,8272,ATL,CityName,State,ORD,CityName,State,0,0,4,0,0,,255,1610,0,0,0,0,0
2022-01-03,JetBlue,N508XX,2594,ATL,CityName,State,SFO,CityName,State,0,0,0,0,1,A,185,2797,0,0,0,0,0
2022-01-03,Delta,N141XX,5605,DEN,CityName,State,BOS,CityName,State,15,1,22,1,0,,144,754,22,0,0,0,0
2022-01-03,American,N718XX,6960,LAX,CityName,State,LAX,CityName,State,0,0,-1,0,0,,104,1554,0,0,0,0,0
2022-01-03,Delta,N467XX,2919,LAX,CityName,State,MIA,CityName,State,0,0,-11,0,0,,97,1997,0,0,0,0,0
2022-01-03,JetBlue,N442XX,1198,JFK,CityName,State,ORD,CityName,State,0,0,-4,0,0,,196,1030,0,0,0,0,0
2022-01-03,Delta,N940XX,8101,BOS,CityName,State,SEA,CityName,State,30,1,16,1,0,,322,1235,0,16,0,0,0
2022-01-03,Southwest,N251XX,1191,JFK,CityName,State,DEN,CityName,State,30,1,31,1,0,,294,1551,0,0,31,0,0
2022-01-03,Southwest,N837XX,1191,MIA,CityName,State,SFO,CityName,State,0,0,-6,0,0,,243,1888,0,0,0,0,0
2022-01-03,Southwest,N807XX,4064,SFO,CityName,State,SFO,CityName,State,0,0,-7,0,0,,129,2210,0,0,0,0,0
2022-01-03,United,N324XX,5133,SEA,CityName,State,ATL,CityName,State,60,1,47,1,0,,286,352,0,0,47,0,0
2022-01-03,United,N477XX,3247,SEA,CityName,State,ORD,CityName,State,0,0,3,0,0,,292,689,0,0,0,0,0
2022-01-03,JetBlue,N134XX,7614,BOS,CityName,State,JFK,CityName,State,45,1,45,1,0,,354,480,0,0,0,0,45
2022-01-04,Southwest,N764XX,1277,JFK,CityName,State,DFW,CityName,State,0,0,7,0,0,,243,911,0,0,0,0,0
2022-01-04,Delta,N814XX,3824,LAX,CityName,State,BOS,CityName,State,0,0,8,0,0,,282,2607,0,0,0,0,0
2022-01-04,Southwest,N255XX,195,JFK,CityName,State,SFO,CityName,State,0,0,-5,0,0,,270,2671,0,0,0,0,0
2022-01-04,American,N474XX,8278,JFK,CityName,State,ORD,CityName,State,0,0,-12,0,0,,318,2370,0,0,0,0,0
2022-01-04,Delta,N786XX,4447,BOS,CityName,State,BOS,CityName,State,0,0,-6,0,0,,257,794,0,0,0,0,0
2022-01-04,United,N108XX,686,MIA,CityName,State,SFO,CityName,State,0,0,-12,0,0,,138,1524,0,0,0,0,0
2022-01-04,American,N235XX,4148,DEN,CityName,State,LAX,CityName,State,0,0,0,0,0,,206,1907,0,0,0,0,0
2022-01-04,Southwest,N320XX,8431,MIA,CityName,State,DFW,CityName,State,60,1,47,1,0,,352,1345,47,0,0,0,0
2022-01-05,United,N910XX,3006,BOS,CityName,State,MIA,CityName,State,0,0,10,0,0,,153,1521,0,0,0,0,0
2022-01-05,JetBlue,N337XX,2326,ATL,CityName,State,MIA,CityName,State,0,0,-2,0,0,,47,2897,0,0,0,0,0
2022-01-05,JetBlue,N589XX,6874,LAX,CityName,State,MIA,CityName,State,0,0,0,0,0,,256,585,0,0,0,0,0
2022-01-05,American,N668XX,4907,SFO,CityName,State,BOS,CityName,State,0,0,6,0,0,,67,2470,0,0,0,0,0
2022-01-05,Delta,N574XX,6958,LAX,CityName,State,SFO,CityName,State,0,0,-1,0,0,,80,926,0,0,0,0,0
2022-01-05,American,N695XX,1745,ATL,CityName,State,SEA,CityName,State,60,1,70,1,0,,255,2873,0,70,0,0,0
2022-01-05,United,N205XX,8175,ATL,CityName,State,DFW,CityName,State,0,0,-5,0,0,,65,1083,0,0,0,0,0
2022-01-05,JetBlue,N866XX,4190,ATL,CityName,State,BOS,CityName,State,0,0,-1,0,0,,347,2702,0,0,0,0,0
2022-01-05,American,N667XX,6957,DFW,CityName,State,SEA,CityName,State,60,1,46,1,0,,221,274,0,0,46,0,0
2022-01-05,Delta,N680XX,5433,SFO,CityName,State,SFO,CityName,State,0,0,5,0,0,,301,2436,0,0,0,0,0
2022-01-05,American,N824XX,7935,JFK,CityName,State,BOS,CityName,State,0,0,-14,0,0,,89,321,0,0,0,0,0
2022-01-05,Southwest,N151XX,419,SEA,CityName,State,ORD,CityName,State,0,0,8,0,0,,199,1512,0,0,0,0,0
2022-01-05,JetBlue,N515XX,4648,BOS,CityName,State,ATL,CityName,State,0,0,6,0,0,,144,1497,0,0,0,0,0
2022-01-05,United,N531XX,7488,ORD,CityName,State,LAX,CityName,State,0,0,-3,0,0,,168,1206,0,0,0,0,0
2022-01-05,American,N741XX,1089,LAX,CityName,State,DFW,CityName,State,0,0,-9,0,0,,356,2791,0,0,0,0,0
2022-01-05,Southwest,N602XX,486,DFW,CityName,State,SFO,CityName,State,0,0,-12,0,0,,212,461,0,0,0,0,0
2022-01-05,American,N173XX,5136,DFW,CityName,State,LAX,CityName,State,0,0,10,0,0,,217,398,0,0,0,0,0
2022-01-05,Southwest,N295XX,3582,ORD,CityName,State,SEA,CityName,State,0,0,10,0,0,,303,797,0,0,0,0,0
2022-01-06,Southwest,N507XX,8848,ORD,CityName,State,ATL,CityName,State,15,1,11,0,0,,269,1342,0,0,0,0,0
2022-01-06,Delta,N991XX,4503,JFK,CityName,State,ATL,CityName,State,0,0,2,0,0,,69,1188,0,0,0,0,0
2022-01-06,American,N943XX,1086,SFO,CityName,State,ATL,CityName,State,15,1,20,1,0,,258,885,0,0,20,0,0
2022-01-06,United,N270XX,5335,SFO,CityName,State,ATL,CityName,State,0,0,-8,0,0,,157,875,0,0,0,0,0
2022-01-06,United,N336XX,1990,SEA,CityName,State,SEA,CityName,State,15,1,8,0,0,,65,1991,0,0,0,0,0
2022-01-06,American,N380XX,7143,MIA,CityName,State,LAX,CityName,State,0,0,-11,0,0,,285,2876,0,0,0,0,0
2022-01-06,United,N444XX,1129,ATL,CityName,State,ORD,CityName,State,0,0,6,0,0,,311,2650,0,0,0,0,0
2022-01-06,Delta,N671XX,8085,JFK,CityName,State,ATL,CityName,State,0,0,0,0,1,A,100,371,0,0,0,0,0
2022-01-06,Delta,N260XX,656,DFW,CityName,State,ATL,CityName,State,0,0,-14,0,0,,304,1840,0,0,0,0,0
2022-01-07,United,N160XX,9272,SEA,CityName,State,DFW,CityName,State,15,1,8,0,0,,63,432,0,0,0,0,0
2022-01-07,American,N968XX,7486,DEN,CityName,State,JFK,CityName,State,0,0,5,0,0,,257,1208,0,0,0,0,0
2022-01-07,Southwest,N106XX,4297,BOS,CityName,State,LAX,CityName,State,30,1,29,1,0,,354,796,0,0,29,0,0
2022-01-07,United,N509XX,8146,ATL,CityName,State,SFO,CityName,State,0,0,-1,0,0,,126,1099,0,0,0,0,0
2022-01-07,Southwest,N405XX,2763,BOS,CityName,State,JFK,CityName,State,15,1,4,0,0,,242,2574,0,0,0,0,0
2022-01-07,American,N562XX,8134,ORD,CityName,State,MIA,CityName,State,0,0,-14,0,0,,131,2435,0,0,0,0,0
2022-01-07,Delta,N103XX,4008,MIA,CityName,State,DFW,CityName,State,0,0,1,0,0,,262,2440,0,0,0,0,0
2022-01-07,JetBlue,N589XX,3506,DEN,CityName,State,DFW,CityName,State,0,0,-6,0,0,,114,878,0,0,0,0,0
2022-01-07,Southwest,N450XX,9738,ATL,CityName,State,DFW,CityName,State,0,0,-8,0,0,,258,930,0,0,0,0,0
2022-01-07,Southwest,N406XX,1330,BOS,CityName,State,JFK,CityName,State,15,1,14,0,0,,142,983,0,0,0,0,0
2022-01-07,American,N133XX,1588,JFK,CityName,State,DFW,CityName,State,0,0,-11,0,0,,217,516,0,0,0,0,0
2022-01-07,Delta,N524XX,9590,JFK,CityName,State,DFW,CityName,State,0,0,3,0,0,,324,1150,0,0,0,0,0
2022-01-07,American,N325XX,6409,BOS,CityName,State,JFK,CityName,State,0,0,6,0,0,,284,1381,0,0,0,0,0
2022-01-07,Southwest,N537XX,9907,BOS,CityName,State,DEN,CityName,State,0,0,-5,0,0,,243,1703,0,0,0,0,0
2022-01-07,Southwest,N127XX,8757,SEA,CityName,State,LAX,CityName,State,0,0,-5,0,0,,322,801,0,0,0,0,0
2022-01-08,JetBlue,N306XX,8117,DEN,CityName,State,DFW,CityName,State,0,0,2,0,0,,86,1264,0,0,0,0,0
2022-01-08,Southwest,N196XX,8826,ATL,CityName,State,DEN,CityName,State,15,1,15,1,0,,108,2847,0,0,15,0,0
2022-01-08,Delta,N302XX,2023,SEA,CityName,State,SEA,CityName,State,0,0,0,0,0,,150,2601,0,0,0,0,0
2022-01-08,Delta,N342XX,7735,DEN,CityName,State,DFW,CityName,State,60,1,0,0,1,A,203,2128,0,0,0,0,0
2022-01-08,Delta,N265XX,6758,DFW,CityName,State,MIA,CityName,State,120,1,119,1,0,,347,976,119,0,0,0,0
2022-01-08,Delta,N384XX,2914,ORD,CityName,State,DEN,CityName,State,0,0,4,0,0,,190,2130,0,0,0,0,0
2022-01-08,Southwest,N166XX,1686,JFK,CityName,State,ORD,CityName,State,0,0,0,0,0,,250,762,0,0,0,0,0
2022-01-08,United,N730XX,3572,DFW,CityName,State,DFW,CityName,State,0,0,-12,0,0,,284,2276,0,0,0,0,0
2022-01-08,Southwest,N773XX,8392,MIA,CityName,State,DFW,CityName,State,45,1,53,1,0,,294,1884,0,0,0,0,53
2022-01-08,JetBlue,N485XX,4021,MIA,CityName,State,ORD,CityName,State,0,0,4,0,0,,213,2865,0,0,0,0,0
2022-01-08,Southwest,N443XX,8863,LAX,CityName,State,SEA,CityName,State,0,0,-7,0,0,,69,2243,0,0,0,0,0
2022-01-08,JetBlue,N221XX,5151,SEA,CityName,State,MIA,CityName,State,0,0,-10,0,0,,241,2862,0,0,0,0,0
2022-01-08,Southwest,N695XX,2937,LAX,CityName,State,ORD,CityName,State,30,1,16,1,0,,327,972,0,0,16,0,0
2022-01-08,Delta,N604XX,2679,MIA,CityName,State,LAX,CityName,State,0,0,-13,0,0,,355,2963,0,0,0,0,0
2022-01-08,JetBlue,N902XX,4344,MIA,CityName,State,SEA,CityName,State,15,1,4,0,0,,282,2143,0,0,0,0,0
2022-01-08,American,N294XX,4929,SEA,CityName,State,DEN,CityName,State,0,0,7,0,0,,281,991,0,0,0,0,0
2022-01-08,United,N902XX,5061,DEN,CityName,State,LAX,CityName,State,0,0,-6,0,0,,164,418,0,0,0,0,0
2022-01-09,American,N805XX,901,SEA,CityName,State,SEA,CityName,State,0,0,-14,0,0,,221,2371,0,0,0,0,0
2022-01-09,JetBlue,N947XX,9307,SEA,CityName,State,ORD,CityName,State,0,0,-10,0,0,,67,407,0,0,0,0,0
2022-01-09,Southwest,N636XX,136,SFO,CityName,State,ATL,CityName,State,0,0,-4,0,0,,45,1452,0,0,0,0,0
2022-01-09,Southwest,N730XX,7521,SFO,CityName,State,ORD,CityName,State,15,1,1,0,0,,159,1770,0,0,0,0,0
2022-01-09,United,N108XX,4046,JFK,CityName,State,SEA,CityName,State,0,0,-12,0,0,,357,722,0,0,0,0,0
2022-01-09,Southwest,N164XX,6223,SEA,CityName,State,LAX,CityName,State,0,0,-8,0,0,,336,2077,0,0,0,0,0
2022-01-09,American,N174XX,3929,DEN,CityName,State,JFK,CityName,State,0,0,8,0,0,,297,252,0,0,0,0,0
2022-01-09,American,N531XX,7524,BOS,CityName,State,DFW,CityName,State,15,1,22,1,0,,359,2056,0,0,22,0,0
2022-01-09,American,N131XX,1657,LAX,CityName,State,DFW,CityName,State,0,0,3,0,0,,116,1503,0,0,0,0,0
2022-01-09,Southwest,N873XX,6887,BOS,CityName,State,JFK,CityName,State,0,0,-11,0,0,,332,2662,0,0,0,0,0
2022-01-09,JetBlue,N457XX,6795,BOS,CityName,State,DEN,CityName,State,0,0,-13,0,0,,53,2783,0,0,0,0,0
2022-01-10,American,N317XX,8373,MIA,CityName,State,JFK,CityName,State,0,0,-10,0,0,,221,1809,0,0,0,0,0
2022-01-10,United,N234XX,1173,ORD,CityName,State,ORD,CityName,State,0,0,10,0,0,,214,2189,0,0,0,0,0
2022-01-10,Delta,N435XX,182,MIA,CityName,State,SFO,CityName,State,0,0,-5,0,0,,323,190,0,0,0,0,0
2022-01-10,JetBlue,N776XX,4030,ATL,CityName,State,ATL,CityName,State,0,0,5,0,0,,222,2558,0,0,0,0,0
2022-01-10,United,N329XX,9599,BOS,CityName,State,DFW,CityName,State,0,0,8,0,0,,165,336,0,0,0,0,0
2022-01-10,American,N332XX,951,ATL,CityName,State,LAX,CityName,State,0,0,-10,0,0,,321,363,0,0,0,0,0
2022-01-10,JetBlue,N440XX,4426,ORD,CityName,State,LAX,CityName,State,0,0,-12,0,0,,58,2736,0,0,0,0,0
2022-01-10,Delta,N178XX,2755,DFW,CityName,State,SFO,CityName,State,60,1,52,1,0,,276,1980,52,0,0,0,0
2022-01-10,United,N176XX,3780,JFK,CityName,State,DEN,CityName,State,60,1,60,1,0,,321,2882,0,60,0,0,0
2022-01-10,American,N866XX,5058,ATL,CityName,State,DEN,CityName,State,0,0,-7,0,0,,218,2910,0,0,0,0,0
2022-01-10,American,N900XX,906,SEA,CityName,State,BOS,CityName,State,0,0,-1,0,0,,269,2808,0,0,0,0,0
2022-01-10,United,N915XX,5133,MIA,CityName,State,JFK,CityName,State,0,0,6,0,0,,208,2731,0,0,0,0,0
2022-01-10,JetBlue,N744XX,7633,SEA,CityName,State,JFK,CityName,State,0,0,0,0,0,,135,1873,0,0,0,0,0
2022-01-10,Southwest,N559XX,8380,BOS,CityName,State,JFK,CityName,State,0,0,6,0,0,,145,340,0,0,0,0,0
2022-01-11,Delta,N938XX,3424,SFO,CityName,State,DEN,CityName,State,45,1,0,0,1,A,223,2273,0,0,0,0,0
2022-01-11,JetBlue,N263XX,6189,SEA,CityName,State,DFW,CityName,State,0,0,-12,0,0,,204,1243,0,0,0,0,0
2022-01-11,Delta,N965XX,1788,MIA,CityName,State,ORD,CityName,State,0,0,-10,0,0,,176,2928,0,0,0,0,0
2022-01-11,Southwest,N511XX,3273,DFW,CityName,State,BOS,CityName,State,15,1,11,0,0,,132,848,0,0,0,0,0
2022-01-11,United,N135XX,6950,ORD,CityName,State,DEN,CityName,State,0,0,-14,0,0,,197,795,0,0,0,0,0
2022-01-11,Southwest,N828XX,5860,SFO,CityName,State,BOS,CityName,State,0,0,9,0,0,,108,784,0,0,0,0,0
2022-01-11,United,N559XX,7835,BOS,CityName,State,LAX,CityName,State,0,0,-11,0,0,,99,2738,0,0,0,0,0
2022-01-11,Delta,N524XX,277,SFO,CityName,State,SFO,CityName,State,0,0,2,0,0,,297,1253,0,0,0,0,0
2022-01-11,American,N739XX,8660,SFO,CityName,State,ATL,CityName,State,0,0,-9,0,0,,188,1803,0,0,0,0,0
2022-01-11,Southwest,N364XX,384,BOS,CityName,State,ATL,CityName,State,15,1,16,1,0,,275,2470,0,0,0,0,16
2022-01-11,Southwest,N259XX,1193,JFK,CityName,State,ATL,CityName,State,0,0,7,0,0,,349,2694,0,0,0,0,0
2022-01-11,JetBlue,N654XX,6582,BOS,CityName,State,ORD,CityName,State,15,1,7,0,0,,303,1554,0,0,0,0,0
2022-01-11,United,N344XX,1672,ORD,CityName,State,MIA,CityName,State,0,0,6,0,0,,83,2202,0,0,0,0,0
2022-01-11,American,N222XX,5746,LAX,CityName,State,SEA,CityName,State,30,1,35,1,0,,331,1011,0,0,35,0,0
2022-01-11,Delta,N295XX,5363,ORD,CityName,State,BOS,CityName,State,0,0,9,0,0,,274,1657,0,0,0,0,0
2022-01-12,Delta,N194XX,8273,SFO,CityName,State,JFK,CityName,State,0,0,3,0,0,,275,513,0,0,0,0,0
2022-01-12,JetBlue,N375XX,179,ORD,CityName,State,ATL,CityName,State,15,1,18,1,0,,54,1951,18,0,0,0,0
2022-01-12,Southwest,N763XX,7122,JFK,CityName,State,LAX,CityName,State,0,0,0,0,1,A,145,2492,0,0,0,0,0
2022-01-12,JetBlue,N410XX,9890,ORD,CityName,State,ATL,CityName,State,0,0,6,0,0,,343,912,0,0,0,0,0
2022-01-12,United,N324XX,8038,SEA,CityName,State,DFW,CityName,State,0,0,-13,0,0,,76,1551,0,0,0,0,0
2022-01-12,American,N730XX,6457,DEN,CityName,State,JFK,CityName,State,0,0,-13,0,0,,282,1015,0,0,0,0,0
2022-01-12,JetBlue,N576XX,480,JFK,CityName,State,DEN,CityName,State,0,0,3,0,0,,145,2363,0,0,0,0,0
2022-01-12,Delta,N589XX,3403,DFW,CityName,State,BOS,CityName,State,0,0,-11,0,0,,309,1876,0,0,0,0,0
2022-01-12,American,N487XX,9660,SFO,CityName,State,LAX,CityName,State,0,0,-14,0,0,,247,1594,0,0,0,0,0
2022-01-12,United,N755XX,8082,ATL,CityName,State,ORD,CityName,State,45,1,50,1,0,,318,208,0,0,50,0,0
2022-01-12,Southwest,N679XX,630,JFK,CityName,State,SEA,CityName,State,0,0,8,0,0,,285,260,0,0,0,0,0
2022-01-12,United,N312XX,7691,LAX,CityName,State,DEN,CityName,State,0,0,-7,0,0,,79,2346,0,0,0,0,0
2022-01-12,United,N598XX,1133,SEA,CityName,State,JFK,CityName,State,0,0,-3,0,0,,202,2845,0,0,0,0,0
2022-01-12,American,N926XX,1144,MIA,CityName,State,SFO,CityName,State,0,0,10,0,0,,296,1586,0,0,0,0,0
2022-01-12,Delta,N650XX,8347,BOS,CityName,State,ORD,CityName,State,0,0,-5,0,0,,287,773,0,0,0,0,0
2022-01-12,Southwest,N940XX,2307,JFK,CityName,State,JFK,CityName,State,45,1,35,1,0,,137,722,35,0,0,0,0
2022-01-12,JetBlue,N973XX,9055,ORD,CityName,State,SFO,CityName,State,0,0,5,0,0,,239,2122,0,0,0,0,0
2022-01-12,Delta,N641XX,8262,SEA,CityName,State,ATL,CityName,State,0,0,7,0,0,,109,821,0,0,0,0,0
2022-01-13,American,N638XX,4877,MIA,CityName,State,JFK,CityName,State,0,0,-8,0,0,,187,714,0,0,0,0,0
2022-01-13,JetBlue,N206XX,9855,DEN,CityName,State,ORD,CityName,State,0,0,0,0,1,A,290,1062,0,0,0,0,0
2022-01-13,Delta,N571XX,3196,BOS,CityName,State,SEA,CityName,State,15,1,8,0,0,,172,381,0,0,0,0,0
2022-01-13,United,N101XX,337,ORD,CityName,State,ORD,CityName,State,0,0,1,0,0,,223,1886,0,0,0,0,0
2022-01-13,Southwest,N978XX,2295,DFW,CityName,State,DFW,CityName,State,0,0,0,0,0,,286,605,0,0,0,0,0
2022-01-13,Southwest,N321XX,630,LAX,CityName,State,SEA,CityName,State,0,0,-3,0,0,,263,2735,0,0,0,0,0
2022-01-13,Delta,N196XX,5974,DFW,CityName,State,ATL,CityName,State,0,0,-10,0,0,,205,1948,0,0,0,0,0
2022-01-13,Southwest,N147XX,1480,ORD,CityName,State,ATL,CityName,State,0,0,9,0,0,,90,485,0,0,0,0,0
2022-01-13,JetBlue,N445XX,1751,DFW,CityName,State,MIA,CityName,State,0,0,1,0,0,,72,453,0,0,0,0,0
2022-01-13,Delta,N371XX,3000,DFW,CityName,State,DFW,CityName,State,60,1,60,1,0,,65,228,60,0,0,0,0
2022-01-13,United,N837XX,3531,DFW,CityName,State,LAX,CityName,State,15,1,24,1,0,,191,2816,0,0,0,0,24
2022-01-13,JetBlue,N100XX,6404,SEA,CityName,State,MIA,CityName,State,0,0,-12,0,0,,103,851,0,0,0,0,0
2022-01-13,JetBlue,N803XX,8765,DEN,CityName,State,ORD,CityName,State,45,1,33,1,0,,126,2132,0,0,33,0,0
2022-01-14,American,N879XX,7910,JFK,CityName,State,LAX,CityName,State,0,0,-11,0,0,,224,1983,0,0,0,0,0
2022-01-14,Southwest,N410XX,1064,JFK,CityName,State,MIA,CityName,State,15,1,20,1,0,,297,1445,0,20,0,0,0
2022-01-14,Delta,N494XX,4500,DEN,CityName,State,LAX,CityName,State,0,0,9,0,0,,57,290,0,0,0,0,0
2022-01-14,United,N430XX,6993,SEA,CityName,State,JFK,CityName,State,60,1,63,1,0,,187,2553,0,0,0,0,63
2022-01-14,JetBlue,N936XX,2451,SFO,CityName,State,SEA,CityName,State,0,0,1,0,0,,88,756,0,0,0,0,0
2022-01-14,United,N658XX,5319,BOS,CityName,State,ORD,CityName,State,0,0,7,0,0,,279,731,0,0,0,0,0
2022-01-14,Delta,N177XX,8598,DFW,CityName,State,DEN,CityName,State,0,0,-11,0,0,,243,191,0,0,0,0,0
2022-01-14,United,N236XX,1996,JFK,CityName,State,SEA,CityName,State,60,1,47,1,0,,353,1204,0,0,47,0,0
2022-01-14,United,N550XX,4937,SFO,CityName,State,MIA,CityName,State,0,0,-2,0,0,,219,2300,0,0,0,0,0
2022-01-14,JetBlue,N128XX,5744,MIA,CityName,State,LAX,CityName,State,0,0,-14,0,0,,296,1095,0,0,0,0,0
2022-01-14,Southwest,N975XX,4123,DEN,CityName,State,SFO,CityName,State,0,0,-3,0,0,,325,659,0,0,0,0,0
2022-01-14,Southwest,N416XX,7589,LAX,CityName,State,ATL,CityName,State,0,0,-13,0,0,,270,1677,0,0,0,0,0
2022-01-14,Delta,N510XX,8516,SEA,CityName,State,DFW,CityName,State,0,0,9,0,0,,71,762,0,0,0,0,0
2022-01-14,American,N252XX,4639,SFO,CityName,State,MIA,CityName,State,0,0,-14,0,0,,197,1274,0,0,0,0,0
2022-01-14,Delta,N567XX,9680,JFK,CityName,State,ATL,CityName,State,0,0,1,0,0,,70,1353,0,0,0,0,0
2022-01-14,Delta,N689XX,4501,JFK,CityName,State,DEN,CityName,State,0,0,0,0,1,A,155,1666,0,0,0,0,0
2022-01-14,United,N566XX,4212,ATL,CityName,State,LAX,CityName,State,30,1,20,1,0,,241,857,0,0,0,0,20
2022-01-14,American,N205XX,8754,ATL,CityName,State,ORD,CityName,State,0,0,5,0,0,,220,2237,0,0,0,0,0
2022-01-14,Delta,N793XX,7620,SEA,CityName,State,LAX,CityName,State,15,1,16,1,0,,180,1622,16,0,0,0,0
2022-01-14,JetBlue,N281XX,802,JFK,CityName,State,SFO,CityName,State,45,1,50,1,0,,357,1939,0,0,0,0,50
2022-01-14,American,N805XX,5054,JFK,CityName,State,ORD,CityName,State,0,0,-8,0,0,,247,275,0,0,0,0,0
2022-01-14,JetBlue,N278XX,5985,MIA,CityName,State,LAX,CityName,State,0,0,-10,0,0,,136,2704,0,0,0,0,0
2022-01-15,Delta,N475XX,4742,JFK,CityName,State,ATL,CityName,State,0,0,4,0,0,,197,2775,0,0,0,0,0
2022-01-15,American,N198XX,9614,SFO,CityName,State,LAX,CityName,State,0,0,-10,0,0,,162,2119,0,0,0,0,0
2022-01-15,American,N782XX,6342,MIA,CityName,State,DEN,CityName,State,15,1,13,0,0,,86,1776,0,0,0,0,0
2022-01-15,United,N839XX,8040,LAX,CityName,State,DFW,CityName,State,0,0,-5,0,0,,238,783,0,0,0,0,0
2022-01-15,American,N468XX,216,ORD,CityName,State,DEN,CityName,State,0,0,-12,0,0,,193,2172,0,0,0,0,0
2022-01-15,American,N242XX,4128,DEN,CityName,State,ORD,CityName,State,120,1,125,1,0,,338,1516,125,0,0,0,0
2022-01-15,American,N567XX,6220,SFO,CityName,State,MIA,CityName,State,0,0,3,0,0,,79,1949,0,0,0,0,0
2022-01-15,American,N378XX,8785,BOS,CityName,State,SFO,CityName,State,0,0,-5,0,0,,139,1594,0,0,0,0,0
2022-01-15,United,N121XX,3841,SFO,CityName,State,MIA,CityName,State,0,0,-7,0,0,,54,1220,0,0,0,0,0
2022-01-15,JetBlue,N376XX,6819,DFW,CityName,State,SFO,CityName,State,30,1,33,1,0,,338,1395,0,0,33,0,0
2022-01-15,JetBlue,N837XX,6914,JFK,CityName,State,ORD,CityName,State,30,1,33,1,0,,265,1360,0,33,0,0,0
2022-01-15,JetBlue,N928XX,1559,ORD,CityName,State,MIA,CityName,State,0,0,10,0,0,,171,959,0,0,0,0,0
2022-01-15,Southwest,N875XX,1428,BOS,CityName,State,MIA,CityName,State,0,0,-6,0,0,,233,215,0,0,0,0,0
2022-01-15,JetBlue,N797XX,9428,SFO,CityName,State,MIA,CityName,State,15,1,21,1,0,,163,1779,0,0,0,0,21
2022-01-15,JetBlue,N349XX,6135,MIA,CityName,State,SFO,CityName,State,0,0,9,0,0,,266,2085,0,0,0,0,0
2022-01-15,Southwest,N664XX,2673,BOS,CityName,State,BOS,CityName,State,15,1,7,0,0,,256,393,0,0,0,0,0
2022-01-15,JetBlue,N269XX,9539,SFO,CityName,State,ATL,CityName,State,0,0,-12,0,0,,156,2153,0,0,0,0,0
2022-01-16,Southwest,N337XX,3978,DFW,CityName,State,BOS,CityName,State,15,1,21,1,0,,222,1891,0,21,0,0,0
2022-01-16,American,N414XX,247,ORD,CityName,State,SFO,CityName,State,0,0,-4,0,0,,176,1905,0,0,0,0,0
2022-01-16,JetBlue,N336XX,8037,LAX,CityName,State,JFK,CityName,State,0,0,3,0,0,,191,2669,0,0,0,0,0
2022-01-16,JetBlue,N565XX,2914,MIA,CityName,State,ORD,CityName,State,0,0,-8,0,0,,315,1295,0,0,0,0,0
2022-01-16,American,N931XX,6889,ATL,CityName,State,JFK,CityName,State,0,0,10,0,0,,72,664,0,0,0,0,0
2022-01-16,United,N666XX,4591,ORD,CityName,State,MIA,CityName,State,15,1,23,1,0,,45,684,0,0,23,0,0
2022-01-16,Southwest,N383XX,3104,DEN,CityName,State,BOS,CityName,State,0,0,-4,0,0,,94,1863,0,0,0,0,0
2022-01-16,Delta,N166XX,3763,SFO,CityName,State,MIA,CityName,State,120,1,109,1,0,,149,957,0,0,0,0,109
2022-01-16,JetBlue,N654XX,3770,ORD,CityName,State,ATL,CityName,State,0,0,-8,0,0,,117,932,0,0,0,0,0
2022-01-16,United,N837XX,5926,SFO,CityName,State,MIA,CityName,State,0,0,-9,0,0,,52,1950,0,0,0,0,0
2022-01-16,Delta,N739XX,7054,DFW,CityName,State,ATL,CityName,State,0,0,-7,0,0,,249,2616,0,0,0,0,0
2022-01-16,JetBlue,N651XX,2068,ORD,CityName,State,ATL,CityName,State,0,0,2,0,0,,297,974,0,0,0,0,0
2022-01-16,JetBlue,N256XX,2748,SEA,CityName,State,SFO,CityName,State,0,0,6,0,0,,54,1934,0,0,0,0,0
2022-01-16,American,N320XX,8310,DFW,CityName,State,DEN,CityName,State,0,0,0,0,0,,291,1586,0,0,0,0,0
2022-01-16,Delta,N155XX,4979,ATL,CityName,State,SEA,CityName,State,0,0,6,0,0,,339,2916,0,0,0,0,0
2022-01-16,Southwest,N586XX,4423,MIA,CityName,State,DEN,CityName,State,0,0,5,0,0,,83,1663,0,0,0,0,0
2022-01-16,American,N357XX,9314,ORD,CityName,State,MIA,CityName,State,0,0,-3,0,0,,158,2646,0,0,0,0,0
2022-01-16,Southwest,N355XX,8884,BOS,CityName,State,ORD,CityName,State,45,1,40,1,0,,82,1348,40,0,0,0,0
2022-01-17,Southwest,N124XX,9769,BOS,CityName,State,LAX,CityName,State,60,1,64,1,0,,173,2193,64,0,0,0,0
2022-01-17,Southwest,N174XX,300,ATL,CityName,State,ATL,CityName,State,0,0,-9,0,0,,110,2023,0,0,0,0,0
2022-01-17,American,N323XX,3112,BOS,CityName,State,ATL,CityName,State,0,0,-3,0,0,,337,1149,0,0,0,0,0
2022-01-17,Delta,N588XX,6984,SFO,CityName,State,LAX,CityName,State,0,0,6,0,0,,90,191,0,0,0,0,0
2022-01-17,American,N878XX,4456,LAX,CityName,State,DEN,CityName,State,45,1,39,1,0,,306,2502,0,0,39,0,0
2022-01-17,Delta,N642XX,744,MIA,CityName,State,MIA,CityName,State,15,1,24,1,0,,200,1974,0,0,0,0,24
2022-01-17,United,N481XX,8413,SEA,CityName,State,JFK,CityName,State,0,0,-9,0,0,,311,2651,0,0,0,0,0
2022-01-17,Southwest,N613XX,660,DFW,CityName,State,SFO,CityName,State,0,0,-13,0,0,,104,1707,0,0,0,0,0
2022-01-17,American,N324XX,6314,JFK,CityName,State,MIA,CityName,State,0,0,8,0,0,,324,2685,0,0,0,0,0
2022-01-18,Southwest,N449XX,7266,SFO,CityName,State,ORD,CityName,State,45,1,52,1,0,,48,2618,0,0,0,0,52
2022-01-18,United,N933XX,5702,MIA,CityName,State,ATL,CityName,State,0,0,-14,0,0,,297,495,0,0,0,0,0
2022-01-18,Southwest,N100XX,8285,DFW,CityName,State,JFK,CityName,State,45,1,37,1,0,,321,996,0,0,37,0,0
2022-01-18,Southwest,N301XX,8534,MIA,CityName,State,DFW,CityName,State,15,1,2,0,0,,46,626,0,0,0,0,0
2022-01-18,United,N304XX,8216,ORD,CityName,State,LAX,CityName,State,0,0,6,0,0,,253,1652,0,0,0,0,0
2022-01-18,Delta,N975XX,7037,BOS,CityName,State,ATL,CityName,State,0,0,5,0,0,,270,1617,0,0,0,0,0
2022-01-18,Delta,N596XX,1519,MIA,CityName,State,ATL,CityName,State,0,0,-2,0,0,,333,228,0,0,0,0,0
2022-01-18,Delta,N945XX,9894,ATL,CityName,State,ORD,CityName,State,0,0,8,0,0,,298,1057,0,0,0,0,0
2022-01-18,Delta,N439XX,4806,SEA,CityName,State,ORD,CityName,State,30,1,37,1,0,,123,1569,0,0,37,0,0
2022-01-18,American,N413XX,1439,SEA,CityName,State,JFK,CityName,State,0,0,4,0,0,,262,1183,0,0,0,0,0
2022-01-18,Delta,N733XX,6153,JFK,CityName,State,JFK,CityName,State,0,0,4,0,0,,83,2911,0,0,0,0,0
2022-01-18,JetBlue,N931XX,862,BOS,CityName,State,MIA,CityName,State,0,0,-9,0,0,,75,2742,0,0,0,0,0
2022-01-19,JetBlue,N541XX,9705,SFO,CityName,State,LAX,CityName,State,15,1,3,0,0,,89,2441,0,0,0,0,0
2022-01-19,Delta,N413XX,3672,MIA,CityName,State,ATL,CityName,State,0,0,-6,0,0,,168,1967,0,0,0,0,0
2022-01-19,JetBlue,N696XX,3643,JFK,CityName,State,BOS,CityName,State,0,0,5,0,0,,300,1463,0,0,0,0,0
2022-01-19,United,N802XX,4947,SEA,CityName,State,ORD,CityName,State,0,0,-3,0,0,,342,1087,0,0,0,0,0
2022-01-20,United,N739XX,487,ORD,CityName,State,DFW,CityName,State,0,0,-10,0,0,,142,2097,0,0,0,0,0
2022-01-20,Delta,N534XX,2947,ORD,CityName,State,ATL,CityName,State,15,1,12,0,0,,199,2790,0,0,0,0,0
2022-01-20,United,N568XX,9364,MIA,CityName,State,ORD,CityName,State,0,0,1,0,0,,226,379,0,0,0,0,0
2022-01-20,Delta,N775XX,8547,MIA,CityName,State,DFW,CityName,State,0,0,0,0,0,,290,2571,0,0,0,0,0
2022-01-20,Southwest,N336XX,4497,MIA,CityName,State,DEN,CityName,State,0,0,-2,0,0,,80,1211,0,0,0,0,0
2022-01-20,JetBlue,N555XX,227,DEN,CityName,State,DFW,CityName,State,30,1,20,1,0,,291,2880,0,0,0,0,20
2022-01-20,Southwest,N866XX,3273,SEA,CityName,State,LAX,CityName,State,15,1,13,0,0,,343,588,0,0,0,0,0
2022-01-21,Delta,N349XX,3641,JFK,CityName,State,DEN,CityName,State,0,0,0,0,1,A,47,1800,0,0,0,0,0
2022-01-21,Delta,N957XX,2486,JFK,CityName,State,DFW,CityName,State,0,0,-13,0,0,,161,1987,0,0,0,0,0
2022-01-21,Southwest,N774XX,3266,ORD,CityName,State,SEA,CityName,State,0,0,0,0,1,A,178,2445,0,0,0,0,0
2022-01-21,American,N432XX,5375,DFW,CityName,State,DEN,CityName,State,0,0,3,0,0,,162,2685,0,0,0,0,0
2022-01-21,United,N367XX,2862,DEN,CityName,State,SEA,CityName,State,0,0,4,0,0,,188,472,0,0,0,0,0
2022-01-21,JetBlue,N666XX,9895,SEA,CityName,State,BOS,CityName,State,0,0,-4,0,0,,226,1980,0,0,0,0,0
2022-01-21,American,N547XX,2783,SEA,CityName,State,ORD,CityName,State,0,0,-3,0,0,,155,1687,0,0,0,0,0
2022-01-21,United,N905XX,8734,LAX,CityName,State,SEA,CityName,State,0,0,-8,0,0,,250,524,0,0,0,0,0
2022-01-21,American,N656XX,7313,ORD,CityName,State,DEN,CityName,State,0,0,-8,0,0,,77,981,0,0,0,0,0
2022-01-21,Delta,N490XX,9311,LAX,CityName,State,BOS,CityName,State,0,0,-14,0,0,,145,572,0,0,0,0,0
2022-01-21,Southwest,N589XX,1068,JFK,CityName,State,MIA,CityName,State,0,0,-6,0,0,,338,2833,0,0,0,0,0
2022-01-21,United,N522XX,8816,DFW,CityName,State,SFO,CityName,State,0,0,-1,0,0,,94,735,0,0,0,0,0
2022-01-22,American,N341XX,6951,MIA,CityName,State,DEN,CityName,State,30,1,40,1,0,,272,1804,40,0,0,0,0
2022-01-22,Southwest,N205XX,3143,SFO,CityName,State,JFK,CityName,State,30,1,19,1,0,,232,2438,19,0,0,0,0
2022-01-22,American,N136XX,7379,ORD,CityName,State,DFW,CityName,State,0,0,-3,0,0,,273,2157,0,0,0,0,0
2022-01-22,United,N387XX,6663,DFW,CityName,State,SFO,CityName,State,60,1,70,1,0,,134,2514,0,0,70,0,0
2022-01-22,JetBlue,N255XX,5356,DFW,CityName,State,ORD,CityName,State,0,0,1,0,0,,134,1105,0,0,0,0,0
2022-01-22,Delta,N176XX,8697,BOS,CityName,State,DFW,CityName,State,0,0,-9,0,0,,309,2562,0,0,0,0,0
2022-01-22,JetBlue,N757XX,4396,DEN,CityName,State,SFO,CityName,State,0,0,6,0,0,,115,1693,0,0,0,0,0
2022-01-22,Southwest,N329XX,9926,ATL,CityName,State,DEN,CityName,State,30,1,22,1,0,,48,2947,0,0,0,0,22
2022-01-22,Delta,N588XX,4948,BOS,CityName,State,JFK,CityName,State,0,0,5,0,0,,68,2926,0,0,0,0,0
2022-01-22,United,N219XX,5913,SFO,CityName,State,DEN,CityName,State,0,0,-10,0,0,,228,1362,0,0,0,0,0
2022-01-22,American,N717XX,3510,DFW,CityName,State,ORD,CityName,State,0,0,-6,0,0,,73,2710,0,0,0,0,0
2022-01-22,Delta,N970XX,676,DEN,CityName,State,SEA,CityName,State,0,0,-4,0,0,,308,1695,0,0,0,0,0
2022-01-23,JetBlue,N480XX,8809,SFO,CityName,State,ATL,CityName,State,0,0,-13,0,0,,338,1853,0,0,0,0,0
2022-01-23,Delta,N277XX,5462,SFO,CityName,State,JFK,CityName,State,0,0,7,0,0,,88,2699,0,0,0,0,0
2022-01-23,United,N782XX,5142,ATL,CityName,State,JFK,CityName,State,0,0,7,0,0,,308,1195,0,0,0,0,0
2022-01-23,Delta,N602XX,2562,DEN,CityName,State,MIA,CityName,State,0,0,-13,0,0,,358,1617,0,0,0,0,0
2022-01-23,Southwest,N500XX,4500,LAX,CityName,State,SFO,CityName,State,0,0,-10,0,0,,127,2043,0,0,0,0,0
2022-01-23,JetBlue,N119XX,2075,LAX,CityName,State,ATL,CityName,State,0,0,-3,0,0,,59,1862,0,0,0,0,0
2022-01-23,United,N965XX,763,LAX,CityName,State,ORD,CityName,State,0,0,-10,0,0,,319,350,0,0,0,0,0
2022-01-23,Delta,N978XX,9153,LAX,CityName,State,LAX,CityName,State,15,1,2,0,0,,338,2452,0,0,0,0,0
2022-01-23,JetBlue,N849XX,9184,DFW,CityName,State,SFO,CityName,State,15,1,10,0,0,,161,291,0,0,0,0,0
2022-01-23,American,N264XX,7570,LAX,CityName,State,DEN,CityName,State,0,0,5,0,0,,339,1001,0,0,0,0,0
2022-01-23,United,N334XX,2110,DEN,CityName,State,SFO,CityName,State,0,0,7,0,0,,273,166,0,0,0,0,0
2022-01-23,United,N611XX,640,DFW,CityName,State,LAX,CityName,State,0,0,-6,0,0,,225,2759,0,0,0,0,0
2022-01-23,Southwest,N582XX,762,SFO,CityName,State,LAX,CityName,State,0,0,0,0,0,,337,989,0,0,0,0,0
2022-01-24,JetBlue,N843XX,5149,MIA,CityName,State,MIA,CityName,State,0,0,-6,0,0,,53,310,0,0,0,0,0
2022-01-24,American,N113XX,2844,SFO,CityName,State,BOS,CityName,State,0,0,2,0,0,,198,466,0,0,0,0,0
2022-01-24,United,N767XX,782,ORD,CityName,State,DFW,CityName,State,30,1,17,1,0,,195,2629,0,17,0,0,0
2022-01-24,Delta,N633XX,8998,ORD,CityName,State,LAX,CityName,State,30,1,18,1,0,,54,2031,0,0,18,0,0
2022-01-24,Delta,N142XX,6562,LAX,CityName,State,BOS,CityName,State,0,0,-11,0,0,,318,293,0,0,0,0,0
2022-01-24,JetBlue,N177XX,9106,SEA,CityName,State,SFO,CityName,State,0,0,-3,0,0,,115,2072,0,0,0,0,0
2022-01-24,American,N750XX,8775,BOS,CityName,State,MIA,CityName,State,0,0,-14,0,0,,193,549,0,0,0,0,0
2022-01-24,United,N574XX,4714,BOS,CityName,State,JFK,CityName,State,30,1,22,1,0,,276,2871,22,0,0,0,0
2022-01-24,JetBlue,N306XX,7631,MIA,CityName,State,JFK,CityName,State,0,0,2,0,0,,337,1341,0,0,0,0,0
2022-01-24,American,N244XX,1045,LAX,CityName,State,ATL,CityName,State,0,0,-12,0,0,,131,793,0,0,0,0,0
2022-01-24,Delta,N452XX,6035,MIA,CityName,State,ORD,CityName,State,0,0,-13,0,0,,178,1886,0,0,0,0,0
2022-01-24,Delta,N704XX,703,LAX,CityName,State,SEA,CityName,State,0,0,-12,0,0,,176,2174,0,0,0,0,0
2022-01-24,United,N300XX,3328,DFW,CityName,State,DFW,CityName,State,0,0,-6,0,0,,54,207,0,0,0,0,0
2022-01-24,Delta,N144XX,7134,SFO,CityName,State,BOS,CityName,State,0,0,-1,0,0,,96,2710,0,0,0,0,0
2022-01-24,Delta,N284XX,9428,DFW,CityName,State,ORD,CityName,State,0,0,-7,0,0,,110,2420,0,0,0,0,0
2022-01-24,American,N143XX,7827,LAX,CityName,State,SFO,CityName,State,0,0,0,0,1,A,285,198,0,0,0,0,0
2022-01-24,JetBlue,N309XX,1413,ORD,CityName,State,MIA,CityName,State,0,0,-10,0,0,,327,569,0,0,0,0,0
2022-01-24,United,N667XX,424,ATL,CityName,State,MIA,CityName,State,0,0,-14,0,0,,355,2576,0,0,0,0,0
2022-01-25,American,N934XX,9661,JFK,CityName,State,ATL,CityName,State,0,0,-6,0,0,,154,2735,0,0,0,0,0
2022-01-25,Delta,N797XX,4658,JFK,CityName,State,LAX,CityName,State,0,0,-8,0,0,,186,1942,0,0,0,0,0
2022-01-25,Southwest,N342XX,352,DEN,CityName,State,ATL,CityName,State,0,0,8,0,0,,279,2407,0,0,0,0,0
2022-01-25,Delta,N954XX,7747,DFW,CityName,State,SEA,CityName,State,0,0,-6,0,0,,342,1026,0,0,0,0,0
2022-01-25,United,N875XX,9218,MIA,CityName,State,JFK,CityName,State,15,1,21,1,0,,203,791,0,0,21,0,0
2022-01-25,JetBlue,N430XX,7193,SEA,CityName,State,DEN,CityName,State,120,1,109,1,0,,100,1304,0,0,109,0,0
2022-01-25,Southwest,N347XX,4301,SFO,CityName,State,SEA,CityName,State,0,0,-2,0,0,,250,282,0,0,0,0,0
2022-01-25,Delta,N742XX,4455,SFO,CityName,State,SFO,CityName,State,0,0,-1,0,0,,254,558,0,0,0,0,0
2022-01-25,Southwest,N736XX,2477,BOS,CityName,State,DEN,CityName,State,0,0,-10,0,0,,336,1180,0,0,0,0,0
2022-01-25,Southwest,N116XX,4256,ATL,CityName,State,DEN,CityName,State,0,0,-14,0,0,,72,987,0,0,0,0,0
2022-01-25,Southwest,N652XX,9717,LAX,CityName,State,DFW,CityName,State,0,0,-6,0,0,,230,2995,0,0,0,0,0
2022-01-25,United,N303XX,5740,DEN,CityName,State,BOS,CityName,State,0,0,-1,0,0,,316,2064,0,0,0,0,0
2022-01-25,JetBlue,N201XX,7366,MIA,CityName,State,SFO,CityName,State,0,0,7,0,0,,156,259,0,0,0,0,0
2022-01-25,United,N439XX,9454,JFK,CityName,State,ATL,CityName,State,45,1,55,1,0,,344,2002,55,0,0,0,0
2022-01-25,Southwest,N238XX,4296,ATL,CityName,State,BOS,CityName,State,0,0,-9,0,0,,214,1720,0,0,0,0,0
2022-01-25,JetBlue,N238XX,8507,JFK,CityName,State,DEN,CityName,State,15,1,15,1,0,,157,2720,15,0,0,0,0
2022-01-26,JetBlue,N534XX,6180,LAX,CityName,State,DFW,CityName,State,0,0,9,0,0,,126,654,0,0,0,0,0
2022-01-26,American,N773XX,8900,LAX,CityName,State,JFK,CityName,State,0,0,-13,0,0,,177,2750,0,0,0,0,0
2022-01-26,Delta,N384XX,9328,LAX,CityName,State,ATL,CityName,State,0,0,-5,0,0,,72,345,0,0,0,0,0
2022-01-26,United,N137XX,111,DFW,CityName,State,SFO,CityName,State,0,0,-13,0,0,,303,159,0,0,0,0,0
2022-01-26,United,N799XX,9792,ATL,CityName,State,ATL,CityName,State,0,0,8,0,0,,311,2429,0,0,0,0,0
2022-01-26,Southwest,N845XX,9321,ORD,CityName,State,ORD,CityName,State,0,0,-8,0,0,,109,1573,0,0,0,0,0
2022-01-26,Delta,N156XX,5092,LAX,CityName,State,ORD,CityName,State,0,0,1,0,0,,329,458,0,0,0,0,0
2022-01-26,United,N411XX,6618,JFK,CityName,State,SEA,CityName,State,0,0,-12,0,0,,281,1240,0,0,0,0,0
2022-01-26,American,N751XX,8737,DFW,CityName,State,DFW,CityName,State,0,0,7,0,0,,303,2667,0,0,0,0,0
2022-01-26,JetBlue,N992XX,5807,BOS,CityName,State,DEN,CityName,State,30,1,19,1,0,,293,1374,0,0,19,0,0
2022-01-26,JetBlue,N802XX,4365,JFK,CityName,State,SEA,CityName,State,0,0,6,0,0,,201,2858,0,0,0,0,0
2022-01-26,Delta,N687XX,8918,DFW,CityName,State,DFW,CityName,State,0,0,-13,0,0,,61,2631,0,0,0,0,0
2022-01-26,Southwest,N179XX,5205,ORD,CityName,State,LAX,CityName,State,0,0,-8,0,0,,104,816,0,0,0,0,0
2022-01-26,American,N322XX,1830,LAX,CityName,State,DFW,CityName,State,15,1,17,1,0,,296,313,0,0,0,0,17
2022-01-26,JetBlue,N518XX,3036,DEN,CityName,State,DEN,CityName,State,0,0,-4,0,0,,346,2291,0,0,0,0,0
2022-01-26,JetBlue,N698XX,9825,SEA,CityName,State,BOS,CityName,State,0,0,5,0,0,,109,1860,0,0,0,0,0
2022-01-26,United,N461XX,5643,DEN,CityName,State,ORD,CityName,State,0,0,-5,0,0,,184,2716,0,0,0,0,0
2022-01-27,Delta,N816XX,3578,DEN,CityName,State,MIA,CityName,State,45,1,47,1,0,,92,1943,0,0,0,0,47
2022-01-27,American,N834XX,3860,LAX,CityName,State,SFO,CityName,State,0,0,-3,0,0,,144,1129,0,0,0,0,0
2022-01-27,American,N621XX,978,MIA,CityName,State,DEN,CityName,State,0,0,4,0,0,,122,2153,0,0,0,0,0
2022-01-27,Delta,N762XX,2120,LAX,CityName,State,JFK,CityName,State,30,1,39,1,0,,254,2329,39,0,0,0,0
2022-01-27,Southwest,N147XX,2550,BOS,CityName,State,LAX,CityName,State,0,0,-1,0,0,,162,2833,0,0,0,0,0
2022-01-27,Southwest,N279XX,6855,JFK,CityName,State,DEN,CityName,State,0,0,6,0,0,,331,2951,0,0,0,0,0
2022-01-27,United,N775XX,2498,DEN,CityName,State,DEN,CityName,State,0,0,-14,0,0,,255,1787,0,0,0,0,0
2022-01-27,Delta,N966XX,3627,JFK,CityName,State,BOS,CityName,State,30,1,28,1,0,,86,1018,0,28,0,0,0
2022-01-27,United,N299XX,5006,JFK,CityName,State,LAX,CityName,State,0,0,-11,0,0,,311,1327,0,0,0,0,0
2022-01-27,United,N857XX,1719,DFW,CityName,State,DFW,CityName,State,30,1,33,1,0,,226,430,0,0,33,0,0
2022-01-27,JetBlue,N140XX,6981,SFO,CityName,State,ORD,CityName,State,0,0,4,0,0,,197,1298,0,0,0,0,0
2022-01-27,Delta,N358XX,840,LAX,CityName,State,DFW,CityName,State,0,0,2,0,0,,253,579,0,0,0,0,0
2022-01-27,United,N863XX,7998,SFO,CityName,State,ORD,CityName,State,0,0,-8,0,0,,296,1165,0,0,0,0,0
2022-01-27,Southwest,N594XX,8340,SEA,CityName,State,MIA,CityName,State,0,0,1,0,0,,233,1145,0,0,0,0,0
2022-01-27,Southwest,N982XX,7591,BOS,CityName,State,DFW,CityName,State,0,0,10,0,0,,280,1361,0,0,0,0,0
2022-01-27,United,N873XX,6779,ATL,CityName,State,DFW,CityName,State,0,0,1,0,0,,345,2530,0,0,0,0,0
2022-01-27,Delta,N711XX,9543,SEA,CityName,State,SEA,CityName,State,0,0,-8,0,0,,251,2103,0,0,0,0,0
2022-01-27,American,N988XX,3132,LAX,CityName,State,DEN,CityName,State,0,0,-10,0,0,,65,2862,0,0,0,0,0
2022-01-27,Southwest,N564XX,5519,LAX,CityName,State,MIA,CityName,State,0,0,6,0,0,,88,2859,0,0,0,0,0
2022-01-27,American,N148XX,535,LAX,CityName,State,SEA,CityName,State,0,0,-9,0,0,,306,1441,0,0,0,0,0
2022-01-27,JetBlue,N162XX,642,SFO,CityName,State,ORD,CityName,State,15,1,7,0,0,,62,1793,0,0,0,0,0
2022-01-27,American,N311XX,4321,SEA,CityName,State,DFW,CityName,State,0,0,-1,0,0,,318,793,0,0,0,0,0
2022-01-28,United,N494XX,203,JFK,CityName,State,JFK,CityName,State,0,0,1,0,0,,178,1326,0,0,0,0,0
2022-01-28,American,N130XX,8716,LAX,CityName,State,ORD,CityName,State,15,1,24,1,0,,271,262,0,24,0,0,0
2022-01-28,Delta,N753XX,6514,MIA,CityName,State,DEN,CityName,State,45,1,33,1,0,,333,1905,0,0,0,0,33
2022-01-28,Delta,N108XX,6220,JFK,CityName,State,DFW,CityName,State,0,0,-5,0,0,,346,817,0,0,0,0,0
2022-01-28,United,N208XX,3177,DFW,CityName,State,JFK,CityName,State,0,0,10,0,0,,330,534,0,0,0,0,0
2022-01-28,Delta,N971XX,3981,SEA,CityName,State,SFO,CityName,State,30,1,25,1,0,,289,1631,25,0,0,0,0
2022-01-28,JetBlue,N460XX,9812,DFW,CityName,State,ORD,CityName,State,0,0,-7,0,0,,225,1524,0,0,0,0,0
2022-01-28,American,N743XX,1693,SFO,CityName,State,SFO,CityName,State,0,0,0,0,0,,350,1532,0,0,0,0,0
2022-01-28,United,N276XX,1216,DFW,CityName,State,DEN,CityName,State,0,0,0,0,0,,348,177,0,0,0,0,0
2022-01-28,JetBlue,N700XX,8880,DEN,CityName,State,LAX,CityName,State,0,0,-13,0,0,,154,1561,0,0,0,0,0
2022-01-28,American,N592XX,1788,LAX,CityName,State,MIA,CityName,State,0,0,6,0,0,,347,947,0,0,0,0,0
2022-01-28,Delta,N500XX,6686,JFK,CityName,State,ORD,CityName,State,0,0,-12,0,0,,243,2606,0,0,0,0,0
2022-01-28,United,N112XX,139,DFW,CityName,State,JFK,CityName,State,30,1,27,1,0,,254,255,0,0,0,0,27
2022-01-28,American,N846XX,1643,BOS,CityName,State,LAX,CityName,State,0,0,-12,0,0,,357,1885,0,0,0,0,0
2022-01-28,American,N631XX,573,SEA,CityName,State,SFO,CityName,State,0,0,8,0,0,,182,581,0,0,0,0,0
2022-01-28,Delta,N610XX,6462,MIA,CityName,State,MIA,CityName,State,0,0,-4,0,0,,56,1098,0,0,0,0,0
2022-01-29,American,N228XX,2469,LAX,CityName,State,BOS,CityName,State,0,0,-11,0,0,,149,601,0,0,0,0,0
2022-01-29,Delta,N127XX,1989,SEA,CityName,State,SEA,CityName,State,0,0,-7,0,0,,304,1520,0,0,0,0,0
2022-01-29,Southwest,N972XX,4700,ORD,CityName,State,BOS,CityName,State,0,0,7,0,0,,320,1175,0,0,0,0,0
2022-01-29,United,N500XX,242,MIA,CityName,State,DFW,CityName,State,0,0,-8,0,0,,204,717,0,0,0,0,0
2022-01-29,Southwest,N327XX,3825,ORD,CityName,State,BOS,CityName,State,0,0,0,0,0,,149,2037,0,0,0,0,0
2022-01-29,JetBlue,N597XX,6975,BOS,CityName,State,SEA,CityName,State,0,0,2,0,0,,312,2069,0,0,0,0,0
2022-01-29,JetBlue,N453XX,6588,BOS,CityName,State,ATL,CityName,State,0,0,-14,0,0,,186,2355,0,0,0,0,0
2022-01-29,Southwest,N223XX,504,MIA,CityName,State,MIA,CityName,State,45,1,34,1,0,,51,993,0,0,34,0,0
2022-01-29,Southwest,N542XX,7772,DEN,CityName,State,DFW,CityName,State,0,0,-11,0,0,,92,2510,0,0,0,0,0
2022-01-29,Delta,N446XX,2553,LAX,CityName,State,BOS,CityName,State,15,1,13,0,0,,114,778,0,0,0,0,0
2022-01-29,JetBlue,N624XX,152,JFK,CityName,State,JFK,CityName,State,0,0,-13,0,0,,332,2503,0,0,0,0,0
2022-01-29,JetBlue,N454XX,8498,DFW,CityName,State,LAX,CityName,State,0,0,0,0,1,A,74,1552,0,0,0,0,0
2022-01-29,Southwest,N411XX,8336,SFO,CityName,State,DEN,CityName,State,15,1,25,1,0,,79,1101,0,0,25,0,0
2022-01-30,United,N302XX,6478,ATL,CityName,State,DFW,CityName,State,120,1,119,1,0,,231,1628,0,0,119,0,0
2022-01-30,United,N501XX,5896,SEA,CityName,State,ATL,CityName,State,0,0,-12,0,0,,235,1731,0,0,0,0,0
2022-01-30,American,N229XX,7921,SFO,CityName,State,MIA,CityName,State,15,1,25,1,0,,300,1015,0,0,0,0,25
2022-01-30,Delta,N977XX,5007,JFK,CityName,State,SFO,CityName,State,0,0,-8,0,0,,116,763,0,0,0,0,0
2022-01-30,American,N657XX,7895,JFK,CityName,State,ORD,CityName,State,45,1,32,1,0,,248,684,32,0,0,0,0
2022-01-30,American,N265XX,2153,SFO,CityName,State,SFO,CityName,State,15,1,12,0,0,,348,1622,0,0,0,0,0
2022-01-30,American,N200XX,7184,JFK,CityName,State,LAX,CityName,State,0,0,10,0,0,,63,2098,0,0,0,0,0
2022-01-30,JetBlue,N273XX,6981,DEN,CityName,State,ORD,CityName,State,15,1,24,1,0,,228,2750,24,0,0,0,0
2022-01-30,Southwest,N562XX,4817,SEA,CityName,State,DEN,CityName,State,0,0,4,0,0,,202,1787,0,0,0,0,0
2022-01-30,Delta,N257XX,6960,DFW,CityName,State,SFO,CityName,State,15,1,16,1,0,,96,1951,0,0,16,0,0
2022-01-30,JetBlue,N414XX,3972,MIA,CityName,State,LAX,CityName,State,0,0,-12,0,0,,317,2440,0,0,0,0,0
2022-01-30,Delta,N135XX,5556,ATL,CityName,State,ATL,CityName,State,0,0,1,0,0,,325,2822,0,0,0,0,0
2022-01-30,JetBlue,N616XX,6932,LAX,CityName,State,ATL,CityName,State,0,0,-12,0,0,,58,467,0,0,0,0,0
2022-01-31,American,N682XX,2134,ORD,CityName,State,SEA,CityName,State,0,0,8,0,0,,153,2754,0,0,0,0,0
2022-01-31,Southwest,N366XX,4359,ORD,CityName,State,MIA,CityName,State,0,0,-5,0,0,,226,2582,0,0,0,0,0
2022-01-31,American,N303XX,2558,LAX,CityName,State,MIA,CityName,State,0,0,-1,0,0,,311,155,0,0,0,0,0
2022-01-31,Delta,N823XX,8721,DFW,CityName,State,BOS,CityName,State,15,1,15,1,0,,339,437,0,0,15,0,0
2022-01-31,Delta,N573XX,1374,SFO,CityName,State,LAX,CityName,State,0,0,-9,0,0,,264,1343,0,0,0,0,0
2022-01-31,Delta,N733XX,3659,SFO,CityName,State,BOS,CityName,State,0,0,2,0,0,,227,2451,0,0,0,0,0
2022-01-31,United,N836XX,6067,SFO,CityName,State,BOS,CityName,State,0,0,-7,0,0,,102,780,0,0,0,0,0
2022-01-31,Southwest,N677XX,9472,JFK,CityName,State,SEA,CityName,State,0,0,-12,0,0,,78,2542,0,0,0,0,0
2022-01-31,American,N579XX,8039,JFK,CityName,State,DEN,CityName,State,0,0,2,0,0,,305,1153,0,0,0,0,0
2022-01-31,Southwest,N757XX,1652,MIA,CityName,State,ORD,CityName,State,0,0,0,0,0,,288,2278,0,0,0,0,0
2022-01-31,Delta,N529XX,2669,ORD,CityName,State,LAX,CityName,State,0,0,-1,0,0,,175,721,0,0,0,0,0
2022-01-31,American,N199XX,5732,ORD,CityName,State,MIA,CityName,State,0,0,9,0,0,,248,2762,0,0,0,0,0
2022-02-01,Southwest,N174XX,1156,MIA,CityName,State,ATL,CityName,State,0,0,5,0,0,,100,2353,0,0,0,0,0
2022-02-01,Southwest,N494XX,2699,DEN,CityName,State,BOS,CityName,State,0,0,5,0,0,,162,1114,0,0,0,0,0
2022-02-01,Southwest,N666XX,6886,MIA,CityName,State,ORD,CityName,State,0,0,5,0,0,,205,2465,0,0,0,0,0
2022-02-01,JetBlue,N879XX,8026,SEA,CityName,State,DEN,CityName,State,0,0,-3,0,0,,53,2012,0,0,0,0,0
2022-02-01,Delta,N496XX,8494,DFW,CityName,State,MIA,CityName,State,240,1,237,1,0,,298,2899,0,0,237,0,0
2022-02-01,Southwest,N141XX,132,MIA,CityName,State,ATL,CityName,State,0,0,-8,0,0,,234,2829,0,0,0,0,0
2022-02-01,American,N103XX,4156,JFK,CityName,State,BOS,CityName,State,120,1,113,1,0,,269,335,113,0,0,0,0
2022-02-01,Delta,N646XX,9118,BOS,CityName,State,SEA,CityName,State,0,0,-7,0,0,,324,2436,0,0,0,0,0
2022-02-01,Delta,N143XX,4997,ORD,CityName,State,BOS,CityName,State,15,1,22,1,0,,306,2323,22,0,0,0,0
2022-02-01,Delta,N765XX,2318,SEA,CityName,State,SFO,CityName,State,0,0,-13,0,0,,184,1842,0,0,0,0,0
2022-02-02,JetBlue,N940XX,8788,DFW,CityName,State,LAX,CityName,State,15,1,15,1,0,,182,751,15,0,0,0,0
2022-02-02,United,N719XX,567,SFO,CityName,State,LAX,CityName,State,0,0,-8,0,0,,192,286,0,0,0,0,0
2022-02-02,Southwest,N541XX,8144,ORD,CityName,State,DFW,CityName,State,0,0,-8,0,0,,143,375,0,0,0,0,0
2022-02-02,American,N646XX,2027,LAX,CityName,State,SFO,CityName,State,0,0,-8,0,0,,204,266,0,0,0,0,0
2022-02-02,United,N748XX,8643,ATL,CityName,State,JFK,CityName,State,0,0,-2,0,0,,284,976,0,0,0,0,0
2022-02-02,JetBlue,N765XX,1793,LAX,CityName,State,BOS,CityName,State,0,0,2,0,0,,73,2570,0,0,0,0,0
2022-02-02,JetBlue,N685XX,8712,DEN,CityName,State,ORD,CityName,State,0,0,10,0,0,,343,2618,0,0,0,0,0
2022-02-02,United,N805XX,856,LAX,CityName,State,ATL,CityName,State,0,0,8,0,0,,93,1955,0,0,0,0,0
2022-02-02,American,N714XX,3412,LAX,CityName,State,MIA,CityName,State,0,0,0,0,1,A,62,2166,0,0,0,0,0
2022-02-02,American,N835XX,8171,DFW,CityName,State,LAX,CityName,State,45,1,36,1,0,,206,602,0,36,0,0,0
2022-02-02,United,N846XX,6635,SEA,CityName,State,SFO,CityName,State,0,0,-10,0,0,,144,536,0,0,0,0,0
2022-02-02,American,N304XX,5994,JFK,CityName,State,ATL,CityName,State,0,0,0,0,0,,144,1450,0,0,0,0,0
2022-02-02,American,N153XX,7824,BOS,CityName,State,BOS,CityName,State,0,0,6,0,0,,276,1942,0,0,0,0,0
2022-02-03,Delta,N680XX,7208,MIA,CityName,State,SFO,CityName,State,30,1,32,1,0,,181,656,0,0,0,0,32
2022-02-03,United,N300XX,6628,DEN,CityName,State,MIA,CityName,State,0,0,10,0,0,,268,1428,0,0,0,0,0
2022-02-03,Southwest,N482XX,5943,ATL,CityName,State,LAX,CityName,State,15,1,11,0,0,,200,2681,0,0,0,0,0
2022-02-03,JetBlue,N467XX,8869,SEA,CityName,State,LAX,CityName,State,45,1,47,1,0,,166,2894,0,0,47,0,0
2022-02-03,American,N984XX,7038,SFO,CityName,State,MIA,CityName,State,0,0,-6,0,0,,214,1935,0,0,0,0,0
2022-02-03,American,N359XX,5101,MIA,CityName,State,LAX,CityName,State,0,0,-14,0,0,,188,2428,0,0,0,0,0
2022-02-03,Delta,N694XX,7926,SFO,CityName,State,SFO,CityName,State,0,0,-5,0,0,,211,998,0,0,0,0,0
2022-02-03,Southwest,N716XX,230,ORD,CityName,State,JFK,CityName,State,0,0,-7,0,0,,237,2229,0,0,0,0,0
2022-02-03,JetBlue,N639XX,2574,LAX,CityName,State,SEA,CityName,State,0,0,6,0,0,,265,1908,0,0,0,0,0
2022-02-03,Delta,N380XX,7685,JFK,CityName,State,DEN,CityName,State,30,1,19,1,0,,255,931,0,0,0,0,19
2022-02-03,JetBlue,N849XX,1719,SFO,CityName,State,DEN,CityName,State,0,0,-8,0,0,,176,2647,0,0,0,0,0
2022-02-03,JetBlue,N233XX,7972,BOS,CityName,State,ATL,CityName,State,0,0,8,0,0,,339,1055,0,0,0,0,0
2022-02-04,United,N572XX,6810,SEA,CityName,State,SFO,CityName,State,0,0,-8,0,0,,89,2828,0,0,0,0,0
2022-02-04,Delta,N692XX,9564,ATL,CityName,State,BOS,CityName,State,0,0,-11,0,0,,251,453,0,0,0,0,0
2022-02-04,American,N218XX,1893,ORD,CityName,State,SEA,CityName,State,0,0,-14,0,0,,175,2083,0,0,0,0,0
2022-02-04,Delta,N285XX,659,BOS,CityName,State,DEN,CityName,State,15,1,3,0,0,,229,365,0,0,0,0,0
2022-02-04,Southwest,N254XX,9618,ATL,CityName,State,DEN,CityName,State,0,0,6,0,0,,315,2335,0,0,0,0,0
2022-02-04,American,N534XX,566,DFW,CityName,State,MIA,CityName,State,60,1,50,1,0,,188,2978,50,0,0,0,0
2022-02-04,American,N651XX,5553,BOS,CityName,State,BOS,CityName,State,0,0,6,0,0,,259,2628,0,0,0,0,0
2022-02-04,Southwest,N838XX,8145,DFW,CityName,State,SEA,CityName,State,0,0,9,0,0,,306,290,0,0,0,0,0
2022-02-04,Southwest,N758XX,4859,SEA,CityName,State,SEA,CityName,State,0,0,-10,0,0,,118,2706,0,0,0,0,0
2022-02-04,Southwest,N752XX,6846,BOS,CityName,State,SFO,CityName,State,0,0,-4,0,0,,349,1961,0,0,0,0,0
2022-02-04,Southwest,N512XX,3083,ORD,CityName,State,ORD,CityName,State,0,0,1,0,0,,350,1155,0,0,0,0,0
2022-02-04,United,N925XX,1892,ATL,CityName,State,JFK,CityName,State,15,1,1,0,0,,186,2258,0,0,0,0,0
2022-02-05,Southwest,N659XX,9228,ORD,CityName,State,SFO,CityName,State,0,0,-4,0,0,,63,1845,0,0,0,0,0
2022-02-05,American,N404XX,9441,MIA,CityName,State,ATL,CityName,State,0,0,-5,0,0,,244,996,0,0,0,0,0
2022-02-05,American,N121XX,6259,JFK,CityName,State,ORD,CityName,State,0,0,-6,0,0,,328,939,0,0,0,0,0
2022-02-05,Delta,N178XX,9451,JFK,CityName,State,SFO,CityName,State,0,0,-10,0,0,,201,2353,0,0,0,0,0
2022-02-05,Southwest,N329XX,347,ATL,CityName,State,DFW,CityName,State,0,0,-13,0,0,,218,345,0,0,0,0,0
2022-02-05,JetBlue,N738XX,1780,JFK,CityName,State,DFW,CityName,State,30,1,38,1,0,,130,1520,0,0,38,0,0
2022-02-05,JetBlue,N601XX,477,SFO,CityName,State,LAX,CityName,State,0,0,-5,0,0,,134,1920,0,0,0,0,0
2022-02-05,United,N300XX,4521,SEA,CityName,State,ATL,CityName,State,0,0,1,0,0,,121,975,0,0,0,0,0
2022-02-05,American,N502XX,9874,ORD,CityName,State,SEA,CityName,State,0,0,9,0,0,,214,510,0,0,0,0,0
2022-02-05,United,N178XX,8086,ORD,CityName,State,BOS,CityName,State,0,0,-8,0,0,,342,2469,0,0,0,0,0
2022-02-05,Southwest,N692XX,412,ORD,CityName,State,MIA,CityName,State,120,1,113,1,0,,237,534,0,113,0,0,0
2022-02-05,American,N177XX,6995,DEN,CityName,State,MIA,CityName,State,0,0,8,0,0,,214,1068,0,0,0,0,0
2022-02-05,Southwest,N678XX,3130,JFK,CityName,State,SFO,CityName,State,0,0,-6,0,0,,240,2472,0,0,0,0,0
2022-02-05,United,N153XX,5372,DEN,CityName,State,DEN,CityName,State,0,0,-10,0,0,,132,168,0,0,0,0,0
2022-02-05,Delta,N309XX,1988,DEN,CityName,State,JFK,CityName,State,0,0,-11,0,0,,334,2735,0,0,0,0,0
2022-02-05,Delta,N452XX,4749,BOS,CityName,State,DEN,CityName,State,0,0,3,0,0,,276,2156,0,0,0,0,0
2022-02-05,United,N926XX,9966,DEN,CityName,State,BOS,CityName,State,0,0,0,0,0,,291,2321,0,0,0,0,0
2022-02-05,Delta,N801XX,3650,ATL,CityName,State,ORD,CityName,State,0,0,-14,0,0,,269,293,0,0,0,0,0
2022-02-06,United,N323XX,2536,ORD,CityName,State,LAX,CityName,State,0,0,3,0,0,,189,2116,0,0,0,0,0
2022-02-06,Southwest,N321XX,5166,ORD,CityName,State,MIA,CityName,State,15,1,4,0,0,,71,164,0,0,0,0,0
2022-02-06,Southwest,N804XX,2380,DFW,CityName,State,MIA,CityName,State,0,0,-8,0,0,,298,2822,0,0,0,0,0
2022-02-06,United,N514XX,7985,LAX,CityName,State,DFW,CityName,State,0,0,-2,0,0,,154,1712,0,0,0,0,0
2022-02-06,American,N465XX,6778,LAX,CityName,State,ATL,CityName,State,0,0,-8,0,0,,344,747,0,0,0,0,0
2022-02-06,Delta,N421XX,6853,SFO,CityName,State,SEA,CityName,State,0,0,-13,0,0,,138,2737,0,0,0,0,0
2022-02-06,Delta,N484XX,8573,ORD,CityName,State,JFK,CityName,State,0,0,1,0,0,,51,1173,0,0,0,0,0
2022-02-06,United,N398XX,5999,ATL,CityName,State,LAX,CityName,State,0,0,9,0,0,,355,2117,0,0,0,0,0
2022-02-06,United,N985XX,495,JFK,CityName,State,BOS,CityName,State,15,1,17,1,0,,314,2929,0,17,0,0,0
2022-02-06,JetBlue,N814XX,5318,ORD,CityName,State,DFW,CityName,State,15,1,17,1,0,,340,424,17,0,0,0,0
2022-02-06,JetBlue,N459XX,7696,MIA,CityName,State,DEN,CityName,State,0,0,-13,0,0,,232,2014,0,0,0,0,0
2022-02-06,Delta,N853XX,460,SEA,CityName,State,BOS,CityName,State,0,0,4,0,0,,186,487,0,0,0,0,0
2022-02-06,Delta,N921XX,3033,MIA,CityName,State,MIA,CityName,State,0,0,0,0,0,,205,2834,0,0,0,0,0
2022-02-06,Delta,N216XX,5811,LAX,CityName,State,ORD,CityName,State,15,1,23,1,0,,156,1053,0,23,0,0,0
2022-02-06,Delta,N688XX,1187,SEA,CityName,State,BOS,CityName,State,0,0,-8,0,0,,152,2886,0,0,0,0,0
2022-02-07,American,N432XX,5610,ORD,CityName,State,ORD,CityName,State,0,0,-12,0,0,,193,1992,0,0,0,0,0
2022-02-07,Delta,N363XX,8814,SFO,CityName,State,SFO,CityName,State,0,0,-12,0,0,,310,2538,0,0,0,0,0
2022-02-07,United,N719XX,2514,BOS,CityName,State,SFO,CityName,State,0,0,-6,0,0,,336,809,0,0,0,0,0
2022-02-07,JetBlue,N610XX,6021,SEA,CityName,State,MIA,CityName,State,15,1,14,0,0,,56,2720,0,0,0,0,0
2022-02-07,JetBlue,N690XX,4171,SFO,CityName,State,ATL,CityName,State,0,0,5,0,0,,359,2675,0,0,0,0,0
2022-02-07,United,N413XX,5918,MIA,CityName,State,DFW,CityName,State,0,0,-11,0,0,,355,2718,0,0,0,0,0
2022-02-07,JetBlue,N760XX,9671,LAX,CityName,State,JFK,CityName,State,30,1,29,1,0,,310,1108,0,0,29,0,0
2022-02-07,Delta,N630XX,4097,ORD,CityName,State,DFW,CityName,State,0,0,8,0,0,,201,2825,0,0,0,0,0
2022-02-07,Delta,N935XX,6378,JFK,CityName,State,ORD,CityName,State,0,0,-14,0,0,,314,2697,0,0,0,0,0
2022-02-07,JetBlue,N307XX,4167,MIA,CityName,State,ORD,CityName,State,0,0,-9,0,0,,171,2230,0,0,0,0,0
2022-02-07,Delta,N256XX,468,ORD,CityName,State,MIA,CityName,State,0,0,7,0,0,,256,392,0,0,0,0,0
2022-02-07,United,N338XX,2850,LAX,CityName,State,SEA,CityName,State,0,0,0,0,0,,293,1408,0,0,0,0,0
2022-02-07,Southwest,N824XX,2905,DFW,CityName,State,MIA,CityName,State,0,0,9,0,0,,282,1483,0,0,0,0,0
2022-02-07,Southwest,N161XX,5747,LAX,CityName,State,ATL,CityName,State,0,0,4,0,0,,132,614,0,0,0,0,0
2022-02-07,American,N379XX,6194,SEA,CityName,State,SEA,CityName,State,0,0,8,0,0,,262,1816,0,0,0,0,0
2022-02-07,JetBlue,N868XX,6877,ORD,CityName,State,ORD,CityName,State,0,0,-13,0,0,,301,2308,0,0,0,0,0
2022-02-07,Delta,N214XX,1262,DFW,CityName,State,JFK,CityName,State,0,0,-13,0,0,,235,2052,0,0,0,0,0
2022-02-08,JetBlue,N278XX,1539,SEA,CityName,State,ATL,CityName,State,0,0,3,0,0,,271,2236,0,0,0,0,0
2022-02-08,JetBlue,N665XX,7142,ATL,CityName,State,ORD,CityName,State,0,0,4,0,0,,287,750,0,0,0,0,0
2022-02-08,United,N806XX,4458,MIA,CityName,State,SFO,CityName,State,0,0,-9,0,0,,326,2730,0,0,0,0,0
2022-02-08,Delta,N293XX,9834,DEN,CityName,State,ORD,CityName,State,0,0,-9,0,0,,217,2328,0,0,0,0,0
2022-02-08,JetBlue,N154XX,7033,LAX,CityName,State,JFK,CityName,State,0,0,5,0,0,,69,1294,0,0,0,0,0
2022-02-08,Delta,N208XX,5409,DEN,CityName,State,MIA,CityName,State,0,0,-6,0,0,,48,2389,0,0,0,0,0
2022-02-08,JetBlue,N664XX,2668,BOS,CityName,State,JFK,CityName,State,30,1,20,1,0,,352,2442,0,0,20,0,0
2022-02-09,JetBlue,N795XX,9378,DFW,CityName,State,BOS,CityName,State,0,0,-4,0,0,,256,1567,0,0,0,0,0
2022-02-09,United,N490XX,4235,MIA,CityName,State,DFW,CityName,State,0,0,-12,0,0,,209,1342,0,0,0,0,0
2022-02-09,JetBlue,N429XX,7059,SEA,CityName,State,JFK,CityName,State,0,0,4,0,0,,162,499,0,0,0,0,0
2022-02-09,Delta,N217XX,7856,JFK,CityName,State,ATL,CityName,State,45,1,40,1,0,,267,2467,40,0,0,0,0
2022-02-09,Southwest,N914XX,120,DEN,CityName,State,JFK,CityName,State,0,0,3,0,0,,339,2167,0,0,0,0,0
2022-02-09,United,N121XX,6215,LAX,CityName,State,ORD,CityName,State,0,0,7,0,0,,128,2630,0,0,0,0,0
2022-02-09,Delta,N350XX,1245,SEA,CityName,State,ORD,CityName,State,0,0,-14,0,0,,237,1301,0,0,0,0,0
2022-02-09,Delta,N682XX,5158,SEA,CityName,State,BOS,CityName,State,30,1,28,1,0,,215,163,28,0,0,0,0
2022-02-09,Southwest,N584XX,2291,ATL,CityName,State,JFK,CityName,State,15,1,12,0,0,,316,2334,0,0,0,0,0
2022-02-09,Southwest,N117XX,1192,LAX,CityName,State,LAX,CityName,State,0,0,-4,0,0,,182,1594,0,0,0,0,0
2022-02-09,Delta,N205XX,6432,SFO,CityName,State,ORD,CityName,State,0,0,10,0,0,,289,1268,0,0,0,0,0
2022-02-09,American,N278XX,9228,ATL,CityName,State,BOS,CityName,State,0,0,-3,0,0,,159,815,0,0,0,0,0
2022-02-09,United,N802XX,3737,BOS,CityName,State,MIA,CityName,State,0,0,-3,0,0,,127,1994,0,0,0,0,0
2022-02-09,Delta,N466XX,8967,LAX,CityName,State,DEN,CityName,State,15,1,19,1,0,,270,1025,0,0,0,0,19
2022-02-10,Delta,N395XX,7118,DFW,CityName,State,DFW,CityName,State,0,0,-13,0,0,,48,2195,0,0,0,0,0
2022-02-10,United,N958XX,6634,SFO,CityName,State,ATL,CityName,State,45,1,42,1,0,,170,1833,42,0,0,0,0
2022-02-10,Delta,N459XX,9392,DFW,CityName,State,SFO,CityName,State,0,0,-2,0,0,,148,1933,0,0,0,0,0
2022-02-10,Southwest,N830XX,4515,SEA,CityName,State,ATL,CityName,State,0,0,-12,0,0,,289,1207,0,0,0,0,0
2022-02-10,JetBlue,N329XX,6347,DFW,CityName,State,MIA,CityName,State,0,0,6,0,0,,356,1169,0,0,0,0,0
2022-02-10,American,N636XX,4712,BOS,CityName,State,MIA,CityName,State,30,1,39,1,0,,169,1344,39,0,0,0,0
2022-02-10,JetBlue,N800XX,767,MIA,CityName,State,SEA,CityName,State,0,0,-3,0,0,,204,1551,0,0,0,0,0
2022-02-10,United,N990XX,5476,JFK,CityName,State,JFK,CityName,State,240,1,235,1,0,,337,1230,0,0,235,0,0
2022-02-10,Delta,N422XX,1857,SFO,CityName,State,MIA,CityName,State,0,0,-11,0,0,,339,830,0,0,0,0,0
2022-02-11,United,N834XX,6598,DFW,CityName,State,LAX,CityName,State,0,0,-10,0,0,,343,984,0,0,0,0,0
2022-02-11,Delta,N620XX,7811,DEN,CityName,State,DEN,CityName,State,0,0,-6,0,0,,215,1002,0,0,0,0,0
2022-02-11,Southwest,N495XX,7359,DEN,CityName,State,MIA,CityName,State,0,0,7,0,0,,109,1209,0,0,0,0,0
2022-02-11,JetBlue,N524XX,5607,SFO,CityName,State,SEA,CityName,State,60,1,50,1,0,,244,1986,50,0,0,0,0
2022-02-11,Delta,N200XX,5043,DFW,CityName,State,LAX,CityName,State,0,0,-13,0,0,,84,2272,0,0,0,0,0
2022-02-11,Delta,N567XX,7180,DFW,CityName,State,DEN,CityName,State,0,0,-11,0,0,,95,199,0,0,0,0,0
2022-02-11,Southwest,N826XX,3095,SFO,CityName,State,ATL,CityName,State,0,0,-10,0,0,,103,369,0,0,0,0,0
2022-02-11,American,N967XX,2243,JFK,CityName,State,ORD,CityName,State,120,1,123,1,0,,336,1247,123,0,0,0,0
2022-02-11,Southwest,N375XX,661,SFO,CityName,State,ORD,CityName,State,0,0,0,0,0,,329,1181,0,0,0,0,0
2022-02-11,JetBlue,N710XX,5192,BOS,CityName,State,SEA,CityName,State,0,0,0,0,0,,277,489,0,0,0,0,0
2022-02-11,JetBlue,N255XX,5972,SEA,CityName,State,ATL,CityName,State,0,0,-3,0,0,,355,1967,0,0,0,0,0
2022-02-11,American,N412XX,6979,MIA,CityName,State,LAX,CityName,State,0,0,4,0,0,,143,852,0,0,0,0,0
2022-02-11,Southwest,N978XX,9391,SEA,CityName,State,MIA,CityName,State,0,0,10,0,0,,145,2407,0,0,0,0,0
2022-02-11,American,N872XX,2382,LAX,CityName,State,MIA,CityName,State,45,1,33,1,0,,116,2047,0,0,0,0,33
2022-02-11,American,N481XX,2383,LAX,CityName,State,DFW,CityName,State,30,1,38,1,0,,182,2831,0,0,0,0,38
2022-02-11,Southwest,N670XX,5108,SEA,CityName,State,ORD,CityName,State,0,0,-10,0,0,,61,1972,0,0,0,0,0
2022-02-11,American,N386XX,5707,SFO,CityName,State,BOS,CityName,State,0,0,-13,0,0,,304,1218,0,0,0,0,0
2022-02-12,JetBlue,N185XX,1250,DEN,CityName,State,LAX,CityName,State,0,0,-2,0,0,,303,2659,0,0,0,0,0
2022-02-12,United,N678XX,3383,SFO,CityName,State,JFK,CityName,State,0,0,-5,0,0,,175,2890,0,0,0,0,0
2022-02-12,Delta,N326XX,888,ORD,CityName,State,ORD,CityName,State,0,0,6,0,0,,275,559,0,0,0,0,0
2022-02-12,Southwest,N601XX,5069,ORD,CityName,State,MIA,CityName,State,0,0,-1,0,0,,136,1395,0,0,0,0,0
2022-02-12,American,N214XX,7586,ATL,CityName,State,SFO,CityName,State,0,0,-4,0,0,,107,849,0,0,0,0,0
2022-02-12,Southwest,N132XX,9406,DEN,CityName,State,ORD,CityName,State,0,0,8,0,0,,284,691,0,0,0,0,0
2022-02-12,United,N636XX,3579,DFW,CityName,State,DFW,CityName,State,0,0,-8,0,0,,243,225,0,0,0,0,0
2022-02-12,JetBlue,N950XX,1598,JFK,CityName,State,SFO,CityName,State,0,0,-3,0,0,,222,1694,0,0,0,0,0
2022-02-12,United,N822XX,8075,LAX,CityName,State,ATL,CityName,State,0,0,6,0,0,,247,733,0,0,0,0,0
2022-02-12,Delta,N728XX,3412,JFK,CityName,State,ORD,CityName,State,0,0,5,0,0,,178,2472,0,0,0,0,0
2022-02-12,JetBlue,N157XX,3672,JFK,CityName,State,BOS,CityName,State,0,0,5,0,0,,87,243,0,0,0,0,0
2022-02-12,Delta,N725XX,9962,LAX,CityName,State,JFK,CityName,State,0,0,-6,0,0,,333,2993,0,0,0,0,0
2022-02-12,Southwest,N644XX,6584,DFW,CityName,State,LAX,CityName,State,0,0,-10,0,0,,105,1411,0,0,0,0,0
2022-02-12,United,N613XX,5487,JFK,CityName,State,LAX,CityName,State,0,0,3,0,0,,236,2696,0,0,0,0,0
2022-02-12,Delta,N205XX,4103,SEA,CityName,State,BOS,CityName,State,0,0,-14,0,0,,296,2515,0,0,0,0,0
2022-02-12,Southwest,N934XX,8050,DFW,CityName,State,LAX,CityName,State,45,1,38,1,0,,330,666,0,0,38,0,0
2022-02-12,Southwest,N541XX,3978,SFO,CityName,State,DFW,CityName,State,0,0,10,0,0,,317,421,0,0,0,0,0
2022-02-13,Delta,N101XX,3183,SEA,CityName,State,DFW,CityName,State,45,1,33,1,0,,45,2623,0,0,33,0,0
2022-02-13,American,N895XX,1923,BOS,CityName,State,DEN,CityName,State,0,0,-13,0,0,,321,245,0,0,0,0,0
2022-02-13,American,N755XX,1121,BOS,CityName,State,DEN,CityName,State,0,0,5,0,0,,343,1406,0,0,0,0,0
2022-02-13,American,N516XX,5744,SEA,CityName,State,SFO,CityName,State,15,1,14,0,0,,116,2046,0,0,0,0,0
2022-02-13,JetBlue,N171XX,7420,LAX,CityName,State,JFK,CityName,State,0,0,-12,0,0,,110,1904,0,0,0,0,0
2022-02-13,United,N736XX,6069,BOS,CityName,State,MIA,CityName,State,15,1,12,0,0,,311,2276,0,0,0,0,0
2022-02-13,United,N953XX,3829,MIA,CityName,State,ORD,CityName,State,0,0,-13,0,0,,288,2275,0,0,0,0,0
2022-02-13,JetBlue,N355XX,3632,DEN,CityName,State,DFW,CityName,State,15,1,25,1,0,,261,2375,0,0,25,0,0
2022-02-13,American,N792XX,4146,SFO,CityName,State,DFW,CityName,State,120,1,120,1,0,,195,1365,0,0,120,0,0
2022-02-13,JetBlue,N325XX,6842,DEN,CityName,State,SEA,CityName,State,0,0,7,0,0,,135,1126,0,0,0,0,0
2022-02-14,United,N689XX,1862,ORD,CityName,State,MIA,CityName,State,0,0,7,0,0,,172,296,0,0,0,0,0
2022-02-14,American,N101XX,5242,BOS,CityName,State,ORD,CityName,State,0,0,0,0,1,A,231,1624,0,0,0,0,0
2022-02-14,JetBlue,N458XX,668,ATL,CityName,State,ORD,CityName,State,0,0,6,0,0,,158,2780,0,0,0,0,0
2022-02-14,Southwest,N185XX,2689,SEA,CityName,State,ORD,CityName,State,0,0,0,0,0,,190,2119,0,0,0,0,0
2022-02-14,JetBlue,N923XX,2875,SEA,CityName,State,MIA,CityName,State,60,1,65,1,0,,124,958,65,0,0,0,0
2022-02-14,United,N986XX,6131,SEA,CityName,State,ATL,CityName,State,0,0,3,0,0,,116,1786,0,0,0,0,0
2022-02-14,United,N155XX,962,SFO,CityName,State,DFW,CityName,State,0,0,7,0,0,,309,544,0,0,0,0,0
2022-02-14,JetBlue,N820XX,7476,DFW,CityName,State,SFO,CityName,State,0,0,9,0,0,,159,2829,0,0,0,0,0
2022-02-14,Southwest,N544XX,5240,ORD,CityName,State,MIA,CityName,State,30,1,26,1,0,,175,2342,0,0,26,0,0
2022-02-14,American,N898XX,6331,JFK,CityName,State,MIA,CityName,State,0,0,-14,0,0,,123,2279,0,0,0,0,0
2022-02-14,Southwest,N864XX,3625,DEN,CityName,State,ATL,CityName,State,0,0,-11,0,0,,151,1594,0,0,0,0,0
2022-02-14,JetBlue,N274XX,3332,DEN,CityName,State,SEA,CityName,State,0,0,-5,0,0,,86,2748,0,0,0,0,0
2022-02-15,American,N905XX,3097,DEN,CityName,State,DFW,CityName,State,0,0,4,0,0,,326,2729,0,0,0,0,0
2022-02-15,American,N664XX,9052,DEN,CityName,State,SFO,CityName,State,0,0,10,0,0,,184,1558,0,0,0,0,0
2022-02-15,Southwest,N802XX,5782,LAX,CityName,State,LAX,CityName,State,15,1,13,0,0,,154,2965,0,0,0,0,0
2022-02-15,Delta,N894XX,9512,DFW,CityName,State,ATL,CityName,State,0,0,7,0,0,,292,2906,0,0,0,0,0
2022-02-15,American,N280XX,6299,SEA,CityName,State,ATL,CityName,State,0,0,2,0,0,,260,2684,0,0,0,0,0
2022-02-15,Southwest,N132XX,1957,LAX,CityName,State,DEN,CityName,State,0,0,0,0,1,A,58,2937,0,0,0,0,0
2022-02-15,JetBlue,N284XX,3368,ATL,CityName,State,SEA,CityName,State,15,1,1,0,0,,283,482,0,0,0,0,0
2022-02-15,American,N277XX,9738,DFW,CityName,State,DEN,CityName,State,0,0,8,0,0,,279,1932,0,0,0,0,0
2022-02-15,Delta,N797XX,1941,SFO,CityName,State,MIA,CityName,State,0,0,-6,0,0,,346,1368,0,0,0,0,0
2022-02-15,Delta,N761XX,7437,ATL,CityName,State,DFW,CityName,State,0,0,-14,0,0,,204,1983,0,0,0,0,0
2022-02-15,American,N973XX,5681,MIA,CityName,State,ORD,CityName,State,0,0,5,0,0,,183,1811,0,0,0,0,0
2022-02-15,Delta,N294XX,6715,LAX,CityName,State,JFK,CityName,State,240,1,238,1,0,,192,553,238,0,0,0,0
2022-02-15,JetBlue,N888XX,9148,ATL,CityName,State,DFW,CityName,State,0,0,-11,0,0,,170,714,0,0,0,0,0
2022-02-15,United,N214XX,8280,ORD,CityName,State,ATL,CityName,State,0,0,-5,0,0,,135,2358,0,0,0,0,0
2022-02-16,Delta,N129XX,2197,ATL,CityName,State,DEN,CityName,State,0,0,6,0,0,,109,2303,0,0,0,0,0
2022-02-16,JetBlue,N665XX,8684,BOS,CityName,State,DFW,CityName,State,120,1,109,1,0,,325,2505,0,109,0,0,0
2022-02-16,Southwest,N498XX,3207,MIA,CityName,State,MIA,CityName,State,0,0,5,0,0,,115,973,0,0,0,0,0
2022-02-16,JetBlue,N407XX,7810,SEA,CityName,State,ORD,CityName,State,0,0,0,0,0,,335,522,0,0,0,0,0
2022-02-16,United,N990XX,4897,ORD,CityName,State,LAX,CityName,State,0,0,6,0,0,,227,548,0,0,0,0,0
2022-02-16,United,N558XX,3097,MIA,CityName,State,JFK,CityName,State,0,0,-12,0,0,,70,518,0,0,0,0,0
2022-02-16,United,N796XX,5115,MIA,CityName,State,SFO,CityName,State,0,0,-2,0,0,,356,1214,0,0,0,0,0
2022-02-16,Southwest,N422XX,8829,BOS,CityName,State,MIA,CityName,State,0,0,9,0,0,,249,2422,0,0,0,0,0
2022-02-16,Delta,N252XX,6375,ORD,CityName,State,DEN,CityName,State,0,0,-8,0,0,,154,627,0,0,0,0,0
2022-02-17,Delta,N233XX,2411,SFO,CityName,State,SFO,CityName,State,0,0,-14,0,0,,220,2337,0,0,0,0,0
2022-02-17,American,N713XX,321,BOS,CityName,State,MIA,CityName,State,0,0,4,0,0,,87,221,0,0,0,0,0
2022-02-17,American,N193XX,3593,LAX,CityName,State,SFO,CityName,State,0,0,-9,0,0,,102,1548,0,0,0,0,0
2022-02-17,United,N796XX,1439,SEA,CityName,State,SFO,CityName,State,0,0,1,0,0,,302,416,0,0,0,0,0
2022-02-17,JetBlue,N171XX,7852,DEN,CityName,State,DEN,CityName,State,0,0,-8,0,0,,45,965,0,0,0,0,0
2022-02-17,JetBlue,N501XX,9801,SEA,CityName,State,ORD,CityName,State,0,0,8,0,0,,212,2896,0,0,0,0,0
2022-02-17,Delta,N645XX,8420,ATL,CityName,State,SFO,CityName,State,0,0,3,0,0,,137,2608,0,0,0,0,0
2022-02-17,Southwest,N169XX,4817,SFO,CityName,State,MIA,CityName,State,0,0,-7,0,0,,280,631,0,0,0,0,0
2022-02-17,Delta,N916XX,3107,SEA,CityName,State,SFO,CityName,State,15,1,16,1,0,,172,2985,0,0,16,0,0
2022-02-17,United,N159XX,5763,SFO,CityName,State,DEN,CityName,State,0,0,-14,0,0,,319,768,0,0,0,0,0
2022-02-17,JetBlue,N870XX,4682,LAX,CityName,State,DEN,CityName,State,0,0,1,0,0,,110,1875,0,0,0,0,0
2022-02-17,JetBlue,N924XX,2350,BOS,CityName,State,ATL,CityName,State,0,0,-6,0,0,,172,347,0,0,0,0,0
2022-02-17,American,N148XX,5668,SFO,CityName,State,ORD,CityName,State,0,0,5,0,0,,86,2027,0,0,0,0,0
2022-02-17,American,N216XX,5304,JFK,CityName,State,DFW,CityName,State,0,0,8,0,0,,93,2469,0,0,0,0,0
2022-02-17,United,N790XX,4726,BOS,CityName,State,SEA,CityName,State,0,0,5,0,0,,183,1115,0,0,0,0,0
2022-02-17,JetBlue,N675XX,4678,MIA,CityName,State,BOS,CityName,State,30,1,20,1,0,,236,1844,0,0,0,0,20
2022-02-17,United,N138XX,6697,DEN,CityName,State,JFK,CityName,State,0,0,-9,0,0,,302,1982,0,0,0,0,0
2022-02-17,Delta,N959XX,2353,JFK,CityName,State,ATL,CityName,State,0,0,8,0,0,,251,1231,0,0,0,0,0
2022-02-17,Southwest,N348XX,9083,MIA,CityName,State,ATL,CityName,State,0,0,6,0,0,,73,2121,0,0,0,0,0
2022-02-18,Southwest,N459XX,6974,ATL,CityName,State,SEA,CityName,State,0,0,-14,0,0,,68,948,0,0,0,0,0
2022-02-18,Delta,N384XX,9785,ATL,CityName,State,DFW,CityName,State,0,0,-7,0,0,,294,1948,0,0,0,0,0
2022-02-18,United,N652XX,9213,MIA,CityName,State,SEA,CityName,State,0,0,0,0,1,A,206,867,0,0,0,0,0
2022-02-18,American,N900XX,3176,LAX,CityName,State,JFK,CityName,State,0,0,5,0,0,,90,2714,0,0,0,0,0
2022-02-18,Southwest,N646XX,1694,ATL,CityName,State,MIA,CityName,State,120,1,109,1,0,,226,2350,0,109,0,0,0
2022-02-18,United,N961XX,5179,ATL,CityName,State,DFW,CityName,State,0,0,-11,0,0,,226,2427,0,0,0,0,0
2022-02-18,American,N979XX,8531,DFW,CityName,State,DEN,CityName,State,0,0,3,0,0,,82,2549,0,0,0,0,0
2022-02-18,American,N233XX,7776,JFK,CityName,State,ATL,CityName,State,15,1,3,0,0,,249,2285,0,0,0,0,0
2022-02-18,American,N665XX,9727,SFO,CityName,State,MIA,CityName,State,0,0,-4,0,0,,54,777,0,0,0,0,0
2022-02-18,United,N787XX,5412,JFK,CityName,State,JFK,CityName,State,0,0,-9,0,0,,292,1387,0,0,0,0,0
2022-02-18,JetBlue,N392XX,8405,SEA,CityName,State,ATL,CityName,State,0,0,-3,0,0,,63,229,0,0,0,0,0
2022-02-18,Delta,N105XX,6106,ATL,CityName,State,SFO,CityName,State,0,0,-9,0,0,,211,1064,0,0,0,0,0
2022-02-18,United,N820XX,1531,DFW,CityName,State,ORD,CityName,State,0,0,0,0,0,,235,671,0,0,0,0,0
2022-02-18,United,N990XX,4732,DEN,CityName,State,JFK,CityName,State,0,0,-8,0,0,,298,2884,0,0,0,0,0
2022-02-19,JetBlue,N547XX,1296,SEA,CityName,State,SFO,CityName,State,0,0,-8,0,0,,78,2826,0,0,0,0,0
2022-02-19,Southwest,N760XX,4127,ATL,CityName,State,SFO,CityName,State,0,0,1,0,0,,144,2974,0,0,0,0,0
2022-02-19,American,N772XX,6204,DFW,CityName,State,SEA,CityName,State,0,0,6,0,0,,208,2721,0,0,0,0,0
2022-02-19,JetBlue,N510XX,5575,LAX,CityName,State,MIA,CityName,State,0,0,-11,0,0,,133,728,0,0,0,0,0
2022-02-19,JetBlue,N123XX,6369,SFO,CityName,State,ATL,CityName,State,0,0,-8,0,0,,173,2957,0,0,0,0,0
2022-02-19,Delta,N901XX,2373,SFO,CityName,State,JFK,CityName,State,15,1,14,0,0,,110,198,0,0,0,0,0
2022-02-20,United,N612XX,8976,DEN,CityName,State,ATL,CityName,State,15,1,7,0,0,,330,2716,0,0,0,0,0
2022-02-20,United,N967XX,870,ATL,CityName,State,ATL,CityName,State,0,0,5,0,0,,201,2977,0,0,0,0,0
2022-02-20,American,N829XX,3290,LAX,CityName,State,DEN,CityName,State,0,0,-3,0,0,,328,522,0,0,0,0,0
2022-02-20,American,N513XX,116,DEN,CityName,State,DFW,CityName,State,0,0,-4,0,0,,100,1129,0,0,0,0,0
2022-02-20,Delta,N152XX,2797,MIA,CityName,State,MIA,CityName,State,0,0,7,0,0,,157,802,0,0,0,0,0
2022-02-20,Delta,N481XX,1439,BOS,CityName,State,ATL,CityName,State,0,0,-14,0,0,,224,1622,0,0,0,0,0
2022-02-20,United,N478XX,6960,DEN,CityName,State,ORD,CityName,State,0,0,5,0,0,,304,850,0,0,0,0,0
2022-02-20,Delta,N921XX,1610,SFO,CityName,State,SEA,CityName,State,0,0,4,0,0,,307,1026,0,0,0,0,0
2022-02-20,American,N508XX,2916,DFW,CityName,State,MIA,CityName,State,0,0,-11,0,0,,273,1463,0,0,0,0,0
2022-02-20,American,N172XX,1149,BOS,CityName,State,ATL,CityName,State,15,1,2,0,0,,326,2945,0,0,0,0,0
2022-02-20,United,N800XX,6578,MIA,CityName,State,ATL,CityName,State,0,0,-9,0,0,,85,2735,0,0,0,0,0
2022-02-20,United,N738XX,2515,ATL,CityName,State,MIA,CityName,State,0,0,-3,0,0,,279,1916,0,0,0,0,0
2022-02-20,Southwest,N619XX,4735,BOS,CityName,State,BOS,CityName,State,0,0,-8,0,0,,293,2826,0,0,0,0,0
2022-02-20,JetBlue,N211XX,7646,JFK,CityName,State,JFK,CityName,State,0,0,-14,0,0,,236,1698,0,0,0,0,0
2022-02-20,JetBlue,N624XX,7847,BOS,CityName,State,SFO,CityName,State,0,0,0,0,1,A,318,808,0,0,0,0,0
2022-02-20,JetBlue,N657XX,5209,LAX,CityName,State,LAX,CityName,State,0,0,-8,0,0,,229,541,0,0,0,0,0
2022-02-20,United,N273XX,6418,SFO,CityName,State,SEA,CityName,State,0,0,-1,0,0,,137,436,0,0,0,0,0
2022-02-20,Southwest,N814XX,7072,DFW,CityName,State,SFO,CityName,State,0,0,-11,0,0,,154,2021,0,0,0,0,0
2022-02-20,Southwest,N944XX,2077,LAX,CityName,State,LAX,CityName,State,0,0,-2,0,0,,54,2844,0,0,0,0,0
2022-02-20,United,N213XX,4402,JFK,CityName,State,SFO,CityName,State,0,0,-14,0,0,,226,2659,0,0,0,0,0
2022-02-20,American,N651XX,1414,SFO,CityName,State,DEN,CityName,State,0,0,4,0,0,,115,2155,0,0,0,0,0
2022-02-20,JetBlue,N109XX,8862,LAX,CityName,State,DFW,CityName,State,60,1,47,1,0,,90,967,0,0,0,0,47
2022-02-21,Delta,N524XX,6907,JFK,CityName,State,LAX,CityName,State,0,0,2,0,0,,310,767,0,0,0,0,0
2022-02-21,JetBlue,N229XX,4978,SEA,CityName,State,ATL,CityName,State,0,0,-2,0,0,,160,826,0,0,0,0,0
2022-02-21,Delta,N981XX,3511,MIA,CityName,State,DFW,CityName,State,0,0,-8,0,0,,98,1722,0,0,0,0,0
2022-02-21,Delta,N725XX,8141,ATL,CityName,State,BOS,CityName,State,0,0,1,0,0,,100,2031,0,0,0,0,0
2022-02-21,United,N548XX,792,LAX,CityName,State,LAX,CityName,State,0,0,4,0,0,,285,874,0,0,0,0,0
2022-02-21,Delta,N482XX,6980,ATL,CityName,State,MIA,CityName,State,15,1,9,0,0,,337,2259,0,0,0,0,0
2022-02-21,JetBlue,N211XX,284,LAX,CityName,State,MIA,CityName,State,0,0,-3,0,0,,293,1698,0,0,0,0,0
2022-02-21,American,N523XX,5220,SEA,CityName,State,JFK,CityName,State,15,1,6,0,0,,348,1002,0,0,0,0,0
2022-02-21,Delta,N752XX,385,DEN,CityName,State,ATL,CityName,State,0,0,-4,0,0,,252,2837,0,0,0,0,0
2022-02-21,Delta,N257XX,9782,JFK,CityName,State,LAX,CityName,State,45,1,49,1,0,,259,385,0,0,49,0,0
2022-02-22,JetBlue,N593XX,6566,SEA,CityName,State,LAX,CityName,State,0,0,3,0,0,,70,1317,0,0,0,0,0
2022-02-22,Southwest,N986XX,7805,SEA,CityName,State,LAX,CityName,State,0,0,-8,0,0,,344,1645,0,0,0,0,0
2022-02-22,United,N732XX,1432,ORD,CityName,State,BOS,CityName,State,15,1,12,0,0,,254,188,0,0,0,0,0
2022-02-22,United,N392XX,7851,DFW,CityName,State,ORD,CityName,State,15,1,20,1,0,,177,1071,0,0,20,0,0
2022-02-22,United,N202XX,8255,LAX,CityName,State,MIA,CityName,State,0,0,2,0,0,,120,374,0,0,0,0,0
2022-02-22,United,N422XX,6347,SFO,CityName,State,JFK,CityName,State,120,1,126,1,0,,155,2385,126,0,0,0,0
2022-02-22,United,N653XX,9516,ATL,CityName,State,SFO,CityName,State,120,1,130,1,0,,241,1365,130,0,0,0,0
2022-02-22,Southwest,N560XX,4411,MIA,CityName,State,BOS,CityName,State,0,0,5,0,0,,174,1002,0,0,0,0,0
2022-02-22,JetBlue,N755XX,3003,SFO,CityName,State,MIA,CityName,State,0,0,-6,0,0,,226,1774,0,0,0,0,0
2022-02-22,Delta,N351XX,8832,ATL,CityName,State,ATL,CityName,State,0,0,-6,0,0,,218,1229,0,0,0,0,0
2022-02-22,Southwest,N313XX,5246,LAX,CityName,State,MIA,CityName,State,0,0,-2,0,0,,68,526,0,0,0,0,0
2022-02-22,United,N195XX,7983,BOS,CityName,State,BOS,CityName,State,0,0,1,0,0,,264,1334,0,0,0,0,0
2022-02-22,United,N203XX,7332,SFO,CityName,State,MIA,CityName,State,0,0,8,0,0,,207,1752,0,0,0,0,0
2022-02-22,American,N803XX,8677,LAX,CityName,State,LAX,CityName,State,0,0,10,0,0,,352,2923,0,0,0,0,0
2022-02-22,American,N463XX,5237,JFK,CityName,State,MIA,CityName,State,15,1,3,0,0,,311,1056,0,0,0,0,0
2022-02-22,American,N276XX,6628,MIA,CityName,State,DFW,CityName,State,0,0,8,0,0,,252,1093,0,0,0,0,0
2022-02-22,American,N225XX,7574,DFW,CityName,State,ATL,CityName,State,0,0,-14,0,0,,346,1824,0,0,0,0,0
2022-02-22,American,N834XX,3098,ORD,CityName,State,DEN,CityName,State,0,0,-11,0,0,,341,465,0,0,0,0,0
2022-02-22,Southwest,N510XX,1644,JFK,CityName,State,ORD,CityName,State,0,0,-4,0,0,,75,714,0,0,0,0,0
2022-02-22,Southwest,N461XX,264,ATL,CityName,State,BOS,CityName,State,0,0,-11,0,0,,343,1356,0,0,0,0,0
2022-02-22,American,N765XX,3364,LAX,CityName,State,SEA,CityName,State,0,0,6,0,0,,133,884,0,0,0,0,0
2022-02-22,JetBlue,N352XX,4976,ORD,CityName,State,DEN,CityName,State,0,0,3,0,0,,151,746,0,0,0,0,0
2022-02-22,Southwest,N809XX,238,ORD,CityName,State,JFK,CityName,State,0,0,-2,0,0,,105,1729,0,0,0,0,0
2022-02-22,United,N425XX,7969,BOS,CityName,State,SEA,CityName,State,0,0,-2,0,0,,297,2743,0,0,0,0,0
2022-02-23,Southwest,N623XX,2603,ATL,CityName,State,DFW,CityName,State,0,0,-4,0,0,,197,1210,0,0,0,0,0
2022-02-23,Southwest,N251XX,6195,SFO,CityName,State,MIA,CityName,State,15,1,8,0,0,,234,2956,0,0,0,0,0
2022-02-23,American,N239XX,5405,ORD,CityName,State,JFK,CityName,State,240,1,235,1,0,,107,163,235,0,0,0,0
2022-02-23,Delta,N779XX,5084,SEA,CityName,State,LAX,CityName,State,0,0,-9,0,0,,179,2367,0,0,0,0,0
2022-02-23,JetBlue,N775XX,8028,DFW,CityName,State,SEA,CityName,State,0,0,8,0,0,,317,2401,0,0,0,0,0
2022-02-23,American,N931XX,6220,DEN,CityName,State,SEA,CityName,State,30,1,27,1,0,,244,1971,0,0,0,0,27
2022-02-23,American,N755XX,1750,SEA,CityName,State,BOS,CityName,State,30,1,40,1,0,,85,623,0,0,40,0,0
2022-02-23,Southwest,N658XX,494,MIA,CityName,State,DEN,CityName,State,0,0,-11,0,0,,293,2802,0,0,0,0,0
2022-02-23,American,N795XX,8132,ATL,CityName,State,BOS,CityName,State,0,0,-7,0,0,,254,375,0,0,0,0,0
2022-02-23,Southwest,N873XX,8594,ATL,CityName,State,LAX,CityName,State,0,0,6,0,0,,61,2554,0,0,0,0,0
2022-02-23,American,N850XX,5064,BOS,CityName,State,ORD,CityName,State,60,1,58,1,0,,323,162,58,0,0,0,0
2022-02-24,American,N514XX,2475,MIA,CityName,State,BOS,CityName,State,0,0,-11,0,0,,63,2993,0,0,0,0,0
2022-02-24,Delta,N849XX,8581,SFO,CityName,State,ORD,CityName,State,0,0,-14,0,0,,47,1270,0,0,0,0,0
2022-02-24,American,N775XX,9732,SEA,CityName,State,DFW,CityName,State,0,0,1,0,0,,356,1733,0,0,0,0,0
2022-02-24,JetBlue,N544XX,1778,JFK,CityName,State,SFO,CityName,State,0,0,-5,0,0,,73,1236,0,0,0,0,0
2022-02-24,Southwest,N178XX,5049,JFK,CityName,State,BOS,CityName,State,0,0,-11,0,0,,186,1897,0,0,0,0,0
2022-02-24,Southwest,N603XX,7463,MIA,CityName,State,JFK,CityName,State,0,0,-4,0,0,,217,1790,0,0,0,0,0
2022-02-24,Delta,N196XX,1625,DFW,CityName,State,LAX,CityName,State,0,0,-4,0,0,,141,1410,0,0,0,0,0
2022-02-24,Delta,N406XX,8292,JFK,CityName,State,ATL,CityName,State,0,0,-6,0,0,,276,740,0,0,0,0,0
2022-02-25,Southwest,N239XX,9025,LAX,CityName,State,ORD,CityName,State,0,0,-6,0,0,,185,1943,0,0,0,0,0
2022-02-25,United,N166XX,7396,DFW,CityName,State,ATL,CityName,State,0,0,-12,0,0,,357,2072,0,0,0,0,0
2022-02-25,JetBlue,N267XX,7967,SEA,CityName,State,DEN,CityName,State,15,1,19,1,0,,352,1684,0,0,0,0,19
2022-02-25,American,N419XX,8286,ORD,CityName,State,JFK,CityName,State,0,0,10,0,0,,253,237,0,0,0,0,0
2022-02-25,American,N724XX,7637,MIA,CityName,State,LAX,CityName,State,0,0,-14,0,0,,95,1696,0,0,0,0,0
2022-02-25,American,N614XX,684,JFK,CityName,State,SEA,CityName,State,0,0,0,0,0,,293,476,0,0,0,0,0
2022-02-25,Delta,N758XX,7588,MIA,CityName,State,SEA,CityName,State,0,0,-11,0,0,,276,163,0,0,0,0,0
2022-02-25,Delta,N908XX,9731,MIA,CityName,State,SFO,CityName,State,0,0,2,0,0,,133,1594,0,0,0,0,0
2022-02-25,United,N412XX,4423,LAX,CityName,State,JFK,CityName,State,0,0,-14,0,0,,61,2410,0,0,0,0,0
2022-02-25,United,N798XX,1635,BOS,CityName,State,DFW,CityName,State,15,1,16,1,0,,127,342,16,0,0,0,0
2022-02-25,JetBlue,N707XX,5703,ORD,CityName,State,LAX,CityName,State,0,0,8,0,0,,137,2262,0,0,0,0,0
2022-02-25,United,N895XX,435,DEN,CityName,State,JFK,CityName,State,0,0,-13,0,0,,332,636,0,0,0,0,0
2022-02-25,United,N210XX,2697,DFW,CityName,State,BOS,CityName,State,0,0,0,0,1,A,222,1071,0,0,0,0,0
2022-02-25,United,N342XX,6772,LAX,CityName,State,ATL,CityName,State,30,1,31,1,0,,319,2538,31,0,0,0,0
2022-02-25,Southwest,N363XX,7737,LAX,CityName,State,ATL,CityName,State,45,1,47,1,0,,326,2949,0,0,47,0,0
2022-02-25,American,N265XX,5586,LAX,CityName,State,SFO,CityName,State,0,0,-3,0,0,,188,475,0,0,0,0,0
2022-02-26,United,N679XX,3320,SEA,CityName,State,LAX,CityName,State,15,1,14,0,0,,277,750,0,0,0,0,0
2022-02-26,Delta,N707XX,3635,MIA,CityName,State,JFK,CityName,State,0,0,-5,0,0,,321,2827,0,0,0,0,0
2022-02-26,American,N278XX,5024,DFW,CityName,State,ATL,CityName,State,0,0,-12,0,0,,69,2113,0,0,0,0,0
2022-02-26,JetBlue,N731XX,6692,SEA,CityName,State,ORD,CityName,State,0,0,-11,0,0,,357,2130,0,0,0,0,0
2022-02-26,JetBlue,N924XX,7358,DFW,CityName,State,MIA,CityName,State,0,0,2,0,0,,76,583,0,0,0,0,0
2022-02-26,JetBlue,N667XX,9653,JFK,CityName,State,SFO,CityName,State,30,1,22,1,0,,329,1108,0,0,22,0,0
2022-02-26,JetBlue,N891XX,3731,ORD,CityName,State,ATL,CityName,State,0,0,-4,0,0,,254,1987,0,0,0,0,0
2022-02-26,United,N873XX,5040,SFO,CityName,State,JFK,CityName,State,15,1,24,1,0,,300,1567,24,0,0,0,0
2022-02-26,Southwest,N502XX,353,BOS,CityName,State,JFK,CityName,State,15,1,10,0,0,,206,1049,0,0,0,0,0
2022-02-26,United,N742XX,5767,BOS,CityName,State,SFO,CityName,State,0,0,-1,0,0,,107,2386,0,0,0,0,0
2022-02-26,JetBlue,N429XX,9809,DFW,CityName,State,JFK,CityName,State,0,0,1,0,0,,298,1008,0,0,0,0,0
2022-02-26,JetBlue,N488XX,2212,ORD,CityName,State,JFK,CityName,State,0,0,-14,0,0,,209,760,0,0,0,0,0
2022-02-26,American,N975XX,429,DEN,CityName,State,DEN,CityName,State,15,1,1,0,0,,169,873,0,0,0,0,0
2022-02-27,Southwest,N510XX,3702,LAX,CityName,State,BOS,CityName,State,30,1,39,1,0,,198,940,39,0,0,0,0
2022-02-27,JetBlue,N869XX,1643,ATL,CityName,State,DFW,CityName,State,15,1,14,0,0,,127,2399,0,0,0,0,0
2022-02-27,United,N694XX,1705,DFW,CityName,State,ATL,CityName,State,0,0,-10,0,0,,80,473,0,0,0,0,0
2022-02-27,JetBlue,N882XX,731,MIA,CityName,State,SEA,CityName,State,0,0,-1,0,0,,333,651,0,0,0,0,0
2022-02-27,JetBlue,N580XX,275,MIA,CityName,State,LAX,CityName,State,15,1,21,1,0,,105,2897,0,0,0,0,21
2022-02-27,Delta,N616XX,1701,SEA,CityName,State,SEA,CityName,State,15,1,6,0,0,,216,2759,0,0,0,0,0
2022-02-27,Southwest,N735XX,6319,ORD,CityName,State,JFK,CityName,State,0,0,-6,0,0,,314,1646,0,0,0,0,0
2022-02-27,JetBlue,N723XX,3629,LAX,CityName,State,ATL,CityName,State,0,0,4,0,0,,296,2965,0,0,0,0,0
2022-02-27,United,N637XX,2071,ATL,CityName,State,BOS,CityName,State,0,0,-1,0,0,,352,861,0,0,0,0,0
2022-02-27,American,N755XX,6050,DFW,CityName,State,DEN,CityName,State,0,0,8,0,0,,185,2992,0,0,0,0,0
2022-02-27,United,N436XX,6286,BOS,CityName,State,DFW,CityName,State,0,0,-2,0,0,,359,2486,0,0,0,0,0
2022-02-27,JetBlue,N907XX,8142,ATL,CityName,State,MIA,CityName,State,0,0,2,0,0,,203,2398,0,0,0,0,0
2022-02-27,United,N516XX,5199,ATL,CityName,State,JFK,CityName,State,0,0,-2,0,0,,238,1376,0,0,0,0,0
2022-02-27,Delta,N129XX,8552,JFK,CityName,State,DFW,CityName,State,60,1,63,1,0,,205,377,63,0,0,0,0
2022-02-28,Southwest,N551XX,9157,SEA,CityName,State,MIA,CityName,State,0,0,-5,0,0,,80,2868,0,0,0,0,0
2022-02-28,United,N514XX,207,ORD,CityName,State,BOS,CityName,State,0,0,0,0,0,,348,2223,0,0,0,0,0
2022-02-28,American,N483XX,6902,ATL,CityName,State,MIA,CityName,State,15,1,12,0,0,,345,1809,0,0,0,0,0
2022-02-28,JetBlue,N455XX,2147,LAX,CityName,State,SFO,CityName,State,15,1,21,1,0,,296,2982,21,0,0,0,0
2022-02-28,American,N359XX,9641,LAX,CityName,State,BOS,CityName,State,240,1,0,0,1,A,212,2254,0,0,0,0,0
2022-02-28,JetBlue,N373XX,6461,SEA,CityName,State,BOS,CityName,State,120,1,123,1,0,,251,479,123,0,0,0,0
2022-02-28,American,N209XX,9706,BOS,CityName,State,ATL,CityName,State,0,0,-4,0,0,,194,1213,0,0,0,0,0
2022-02-28,JetBlue,N372XX,9307,SFO,CityName,State,SFO,CityName,State,0,0,-1,0,0,,302,2320,0,0,0,0,0
2022-02-28,American,N742XX,8491,ORD,CityName,State,LAX,CityName,State,30,1,33,1,0,,57,577,33,0,0,0,0
2022-02-28,American,N101XX,9129,SEA,CityName,State,ATL,CityName,State,120,1,115,1,0,,256,291,0,115,0,0,0
2022-02-28,Southwest,N121XX,2985,BOS,CityName,State,DFW,CityName,State,0,0,-1,0,0,,55,2085,0,0,0,0,0
2022-02-28,Delta,N517XX,7804,MIA,CityName,State,SFO,CityName,State,30,1,24,1,0,,336,818,24,0,0,0,0
2022-02-28,JetBlue,N967XX,4772,MIA,CityName,State,SEA,CityName,State,0,0,-7,0,0,,227,2328,0,0,0,0,0
2022-02-28,United,N609XX,6406,DFW,CityName,State,ORD,CityName,State,120,1,108,1,0,,254,940,0,0,108,0,0
2022-02-28,Delta,N691XX,4826,MIA,CityName,State,DEN,CityName,State,0,0,-5,0,0,,140,1726,0,0,0,0,0
2022-02-28,American,N263XX,1841,BOS,CityName,State,SFO,CityName,State,15,1,13,0,0,,133,2966,0,0,0,0,0
2022-02-28,United,N700XX,451,DFW,CityName,State,LAX,CityName,State,15,1,12,0,0,,97,2795,0,0,0,0,0
2022-03-01,American,N749XX,4935,ORD,CityName,State,ORD,CityName,State,0,0,6,0,0,,135,2178,0,0,0,0,0
2022-03-01,Southwest,N714XX,213,DEN,CityName,State,DFW,CityName,State,0,0,-13,0,0,,58,1891,0,0,0,0,0
2022-03-01,Southwest,N298XX,2800,DFW,CityName,State,SFO,CityName,State,0,0,-9,0,0,,72,1243,0,0,0,0,0
2022-03-01,United,N804XX,9216,ATL,CityName,State,LAX,CityName,State,0,0,-9,0,0,,338,2605,0,0,0,0,0
2022-03-01,Southwest,N549XX,6054,ATL,CityName,State,ORD,CityName,State,0,0,-12,0,0,,82,2536,0,0,0,0,0
2022-03-01,Southwest,N664XX,3936,SEA,CityName,State,SFO,CityName,State,0,0,-6,0,0,,297,1835,0,0,0,0,0
2022-03-01,Southwest,N529XX,1757,ATL,CityName,State,DEN,CityName,State,0,0,-9,0,0,,207,2621,0,0,0,0,0
2022-03-01,American,N112XX,2136,BOS,CityName,State,MIA,CityName,State,0,0,-5,0,0,,308,193,0,0,0,0,0
2022-03-01,Southwest,N574XX,142,LAX,CityName,State,SFO,CityName,State,0,0,-3,0,0,,189,807,0,0,0,0,0
2022-03-01,Southwest,N362XX,9650,BOS,CityName,State,DEN,CityName,State,0,0,-10,0,0,,357,791,0,0,0,0,0
2022-03-01,JetBlue,N216XX,5837,DFW,CityName,State,DFW,CityName,State,0,0,9,0,0,,51,1395,0,0,0,0,0
2022-03-01,Southwest,N409XX,172,DEN,CityName,State,JFK,CityName,State,0,0,5,0,0,,226,2373,0,0,0,0,0
2022-03-01,American,N150XX,5416,SFO,CityName,State,BOS,CityName,State,15,1,14,0,0,,353,2791,0,0,0,0,0
2022-03-01,Southwest,N402XX,6795,SFO,CityName,State,JFK,CityName,State,30,1,33,1,0,,58,1604,0,0,33,0,0
2022-03-02,JetBlue,N156XX,4347,DFW,CityName,State,MIA,CityName,State,0,0,-9,0,0,,335,646,0,0,0,0,0
2022-03-02,United,N329XX,6730,MIA,CityName,State,LAX,CityName,State,0,0,-8,0,0,,69,2915,0,0,0,0,0
2022-03-02,United,N267XX,7234,DEN,CityName,State,DFW,CityName,State,0,0,-7,0,0,,91,1596,0,0,0,0,0
2022-03-02,Delta,N728XX,2278,DFW,CityName,State,BOS,CityName,State,0,0,6,0,0,,172,2861,0,0,0,0,0
2022-03-02,United,N869XX,1822,ATL,CityName,State,SFO,CityName,State,0,0,-12,0,0,,225,1583,0,0,0,0,0
2022-03-02,Southwest,N373XX,2257,ORD,CityName,State,SEA,CityName,State,0,0,1,0,0,,207,299,0,0,0,0,0
2022-03-02,United,N789XX,5749,SEA,CityName,State,ATL,CityName,State,0,0,0,0,0,,266,2758,0,0,0,0,0
2022-03-02,JetBlue,N954XX,2778,ORD,CityName,State,BOS,CityName,State,0,0,-1,0,0,,345,586,0,0,0,0,0
2022-03-02,American,N548XX,1362,LAX,CityName,State,LAX,CityName,State,0,0,0,0,1,A,182,2557,0,0,0,0,0
2022-03-02,Delta,N566XX,4502,JFK,CityName,State,ATL,CityName,State,0,0,-6,0,0,,246,2963,0,0,0,0,0
2022-03-02,Delta,N117XX,2374,DEN,CityName,State,MIA,CityName,State,0,0,-11,0,0,,277,2875,0,0,0,0,0
2022-03-02,JetBlue,N359XX,5901,MIA,CityName,State,ATL,CityName,State,0,0,8,0,0,,309,572,0,0,0,0,0
2022-03-02,JetBlue,N469XX,8327,ATL,CityName,State,MIA,CityName,State,0,0,0,0,0,,273,1969,0,0,0,0,0
2022-03-02,United,N888XX,1984,DFW,CityName,State,BOS,CityName,State,0,0,-6,0,0,,82,2576,0,0,0,0,0
2022-03-03,United,N688XX,2977,MIA,CityName,State,DFW,CityName,State,0,0,-7,0,0,,353,2944,0,0,0,0,0
2022-03-03,Southwest,N108XX,4052,ORD,CityName,State,LAX,CityName,State,15,1,23,1,0,,184,222,23,0,0,0,0
2022-03-03,JetBlue,N820XX,3522,ORD,CityName,State,JFK,CityName,State,0,0,-4,0,0,,123,454,0,0,0,0,0
2022-03-03,JetBlue,N507XX,641,DEN,CityName,State,DEN,CityName,State,120,1,120,1,0,,193,490,120,0,0,0,0
2022-03-03,United,N550XX,7911,LAX,CityName,State,ATL,CityName,State,0,0,-14,0,0,,55,670,0,0,0,0,0
2022-03-03,JetBlue,N183XX,6803,BOS,CityName,State,DFW,CityName,State,15,1,13,0,0,,185,588,0,0,0,0,0
2022-03-03,American,N531XX,7471,SFO,CityName,State,MIA,CityName,State,30,1,19,1,0,,209,2048,0,0,19,0,0
2022-03-03,American,N436XX,6556,ATL,CityName,State,LAX,CityName,State,0,0,-8,0,0,,130,2988,0,0,0,0,0
2022-03-03,JetBlue,N524XX,4531,DFW,CityName,State,DFW,CityName,State,0,0,3,0,0,,102,2129,0,0,0,0,0
2022-03-03,American,N669XX,6545,MIA,CityName,State,DEN,CityName,State,0,0,-2,0,0,,190,2350,0,0,0,0,0
2022-03-04,American,N429XX,2911,BOS,CityName,State,SFO,CityName,State,60,1,58,1,0,,278,559,0,58,0,0,0
2022-03-04,Delta,N498XX,7855,DEN,CityName,State,SEA,CityName,State,0,0,-9,0,0,,59,2871,0,0,0,0,0
2022-03-04,Delta,N564XX,6845,SFO,CityName,State,DFW,CityName,State,0,0,5,0,0,,197,712,0,0,0,0,0
2022-03-04,American,N213XX,1573,SEA,CityName,State,ATL,CityName,State,120,1,122,1,0,,152,1638,122,0,0,0,0
2022-03-04,United,N539XX,6882,SFO,CityName,State,SFO,CityName,State,30,1,39,1,0,,142,1486,0,39,0,0,0
2022-03-04,Delta,N533XX,5006,DFW,CityName,State,ATL,CityName,State,0,0,10,0,0,,345,1178,0,0,0,0,0
2022-03-04,JetBlue,N599XX,558,DEN,CityName,State,SFO,CityName,State,0,0,10,0,0,,294,827,0,0,0,0,0
2022-03-04,JetBlue,N202XX,8347,SEA,CityName,State,ATL,CityName,State,0,0,8,0,0,,53,2325,0,0,0,0,0
2022-03-04,United,N343XX,7074,ATL,CityName,State,BOS,CityName,State,0,0,-6,0,0,,175,333,0,0,0,0,0
2022-03-05,United,N594XX,7187,DEN,CityName,State,DEN,CityName,State,15,1,1,0,0,,96,1353,0,0,0,0,0
2022-03-05,American,N449XX,6536,JFK,CityName,State,DFW,CityName,State,30,1,32,1,0,,260,1636,32,0,0,0,0
2022-03-05,Southwest,N714XX,1463,SEA,CityName,State,LAX,CityName,State,0,0,10,0,0,,274,673,0,0,0,0,0
2022-03-05,American,N426XX,2362,SFO,CityName,State,JFK,CityName,State,0,0,-14,0,0,,183,1748,0,0,0,0,0
2022-03-05,JetBlue,N891XX,3931,ORD,CityName,State,BOS,CityName,State,0,0,-3,0,0,,237,2366,0,0,0,0,0
2022-03-05,Delta,N260XX,8000,ATL,CityName,State,JFK,CityName,State,0,0,5,0,0,,168,2623,0,0,0,0,0
2022-03-05,JetBlue,N492XX,7244,DEN,CityName,State,DFW,CityName,State,0,0,-3,0,0,,150,2597,0,0,0,0,0
2022-03-05,JetBlue,N527XX,2729,DEN,CityName,State,MIA,CityName,State,30,1,21,1,0,,93,1152,0,0,0,0,21
2022-03-05,United,N899XX,5087,SFO,CityName,State,SEA,CityName,State,240,1,243,1,0,,185,2668,0,0,243,0,0
2022-03-06,United,N631XX,8679,ATL,CityName,State,DFW,CityName,State,0,0,-14,0,0,,354,1613,0,0,0,0,0
2022-03-06,JetBlue,N668XX,5355,SEA,CityName,State,ORD,CityName,State,15,1,18,1,0,,64,2792,0,0,0,0,18
2022-03-06,American,N794XX,4033,JFK,CityName,State,BOS,CityName,State,45,1,33,1,0,,50,517,33,0,0,0,0
2022-03-06,American,N627XX,7908,LAX,CityName,State,JFK,CityName,State,0,0,1,0,0,,286,1706,0,0,0,0,0
2022-03-06,JetBlue,N260XX,7254,SEA,CityName,State,LAX,CityName,State,15,1,2,0,0,,160,732,0,0,0,0,0
2022-03-06,JetBlue,N870XX,5260,LAX,CityName,State,LAX,CityName,State,240,1,241,1,0,,134,1849,0,0,0,0,241
2022-03-06,JetBlue,N881XX,2001,DEN,CityName,State,SFO,CityName,State,0,0,5,0,0,,50,2018,0,0,0,0,0
2022-03-06,United,N975XX,2110,SFO,CityName,State,BOS,CityName,State,0,0,-11,0,0,,120,2367,0,0,0,0,0
2022-03-06,American,N332XX,1173,DEN,CityName,State,ATL,CityName,State,15,1,8,0,0,,223,1533,0,0,0,0,0
2022-03-06,Delta,N477XX,3982,BOS,CityName,State,SEA,CityName,State,0,0,-12,0,0,,138,1598,0,0,0,0,0
2022-03-06,JetBlue,N111XX,2362,ORD,CityName,State,DEN,CityName,State,0,0,-7,0,0,,127,2805,0,0,0,0,0
2022-03-06,Southwest,N596XX,8897,SEA,CityName,State,SFO,CityName,State,0,0,-6,0,0,,83,1811,0,0,0,0,0
2022-03-06,JetBlue,N450XX,3007,BOS,CityName,State,MIA,CityName,State,15,1,9,0,0,,190,1480,0,0,0,0,0
2022-03-06,JetBlue,N107XX,6134,SFO,CityName,State,SFO,CityName,State,0,0,6,0,0,,183,2296,0,0,0,0,0
2022-03-06,JetBlue,N266XX,5508,MIA,CityName,State,JFK,CityName,State,0,0,-5,0,0,,327,2435,0,0,0,0,0
2022-03-06,American,N502XX,1431,DFW,CityName,State,LAX,CityName,State,0,0,-6,0,0,,277,1136,0,0,0,0,0
2022-03-06,United,N199XX,6038,DFW,CityName,State,DFW,CityName,State,45,1,31,1,0,,295,1088,0,0,31,0,0
2022-03-06,United,N721XX,140,ATL,CityName,State,SFO,CityName,State,0,0,-7,0,0,,144,2569,0,0,0,0,0
2022-03-06,United,N908XX,1390,ORD,CityName,State,DFW,CityName,State,0,0,-2,0,0,,79,2965,0,0,0,0,0
2022-03-06,United,N512XX,9649,ATL,CityName,State,DFW,CityName,State,0,0,10,0,0,,219,2918,0,0,0,0,0
2022-03-06,American,N735XX,294,DEN,CityName,State,DFW,CityName,State,0,0,3,0,0,,352,2625,0,0,0,0,0
2022-03-06,JetBlue,N948XX,9982,SFO,CityName,State,MIA,CityName,State,0,0,-9,0,0,,239,1739,0,0,0,0,0
2022-03-06,JetBlue,N412XX,2686,ATL,CityName,State,DEN,CityName,State,0,0,8,0,0,,245,1737,0,0,0,0,0
2022-03-06,United,N408XX,2216,MIA,CityName,State,LAX,CityName,State,0,0,-11,0,0,,198,2676,0,0,0,0,0
2022-03-07,Southwest,N489XX,3943,DEN,CityName,State,SFO,CityName,State,0,0,-6,0,0,,67,1711,0,0,0,0,0
2022-03-07,Delta,N134XX,9229,JFK,CityName,State,BOS,CityName,State,0,0,0,0,1,A,160,1957,0,0,0,0,0
2022-03-07,JetBlue,N756XX,1839,SEA,CityName,State,ORD,CityName,State,0,0,9,0,0,,251,876,0,0,0,0,0
2022-03-07,American,N982XX,4010,SFO,CityName,State,SFO,CityName,State,0,0,-6,0,0,,220,2944,0,0,0,0,0
2022-03-07,United,N917XX,5729,SEA,CityName,State,MIA,CityName,State,0,0,0,0,0,,57,2396,0,0,0,0,0
2022-03-07,JetBlue,N248XX,3909,BOS,CityName,State,BOS,CityName,State,0,0,3,0,0,,321,1816,0,0,0,0,0
2022-03-07,Southwest,N747XX,2666,ATL,CityName,State,SFO,CityName,State,0,0,-4,0,0,,194,2514,0,0,0,0,0
2022-03-08,United,N976XX,8670,JFK,CityName,State,ATL,CityName,State,0,0,-9,0,0,,163,2605,0,0,0,0,0
2022-03-08,JetBlue,N232XX,3781,DFW,CityName,State,JFK,CityName,State,0,0,2,0,0,,176,2081,0,0,0,0,0
2022-03-08,JetBlue,N985XX,5988,JFK,CityName,State,ORD,CityName,State,0,0,-14,0,0,,145,1889,0,0,0,0,0
2022-03-08,JetBlue,N731XX,276,DFW,CityName,State,LAX,CityName,State,0,0,-14,0,0,,335,1612,0,0,0,0,0
2022-03-08,Southwest,N539XX,6237,MIA,CityName,State,LAX,CityName,State,0,0,-4,0,0,,312,1743,0,0,0,0,0
2022-03-08,Delta,N226XX,4514,MIA,CityName,State,BOS,CityName,State,0,0,7,0,0,,178,1338,0,0,0,0,0
2022-03-08,JetBlue,N526XX,4581,ORD,CityName,State,SEA,CityName,State,0,0,-11,0,0,,289,2800,0,0,0,0,0
2022-03-08,American,N494XX,7752,SEA,CityName,State,DEN,CityName,State,0,0,7,0,0,,284,2789,0,0,0,0,0
2022-03-08,Southwest,N958XX,822,MIA,CityName,State,SEA,CityName,State,0,0,2,0,0,,258,250,0,0,0,0,0
2022-03-08,Southwest,N873XX,1398,DFW,CityName,State,BOS,CityName,State,30,1,22,1,0,,160,2651,22,0,0,0,0
2022-03-08,Delta,N174XX,5917,BOS,CityName,State,LAX,CityName,State,0,0,1,0,0,,135,2748,0,0,0,0,0
2022-03-08,United,N302XX,6674,MIA,CityName,State,DFW,CityName,State,0,0,4,0,0,,152,428,0,0,0,0,0
2022-03-08,American,N483XX,4001,DFW,CityName,State,SEA,CityName,State,15,1,16,1,0,,92,2867,0,0,16,0,0
2022-03-08,JetBlue,N519XX,1472,ATL,CityName,State,ATL,CityName,State,0,0,0,0,0,,154,1078,0,0,0,0,0
2022-03-08,JetBlue,N318XX,1258,ATL,CityName,State,ORD,CityName,State,0,0,-1,0,0,,257,1943,0,0,0,0,0
2022-03-09,Delta,N254XX,2346,MIA,CityName,State,DEN,CityName,State,0,0,-13,0,0,,344,1582,0,0,0,0,0
2022-03-09,United,N574XX,3215,JFK,CityName,State,SEA,CityName,State,60,1,57,1,0,,226,655,57,0,0,0,0
2022-03-09,American,N187XX,4022,JFK,CityName,State,DEN,CityName,State,30,1,19,1,0,,353,2468,0,19,0,0,0
2022-03-09,American,N122XX,1387,JFK,CityName,State,SEA,CityName,State,120,1,117,1,0,,262,1686,0,117,0,0,0
2022-03-09,JetBlue,N619XX,9283,DEN,CityName,State,SFO,CityName,State,45,1,41,1,0,,70,211,0,0,41,0,0
2022-03-09,JetBlue,N471XX,6325,ORD,CityName,State,ORD,CityName,State,0,0,-5,0,0,,349,2465,0,0,0,0,0
2022-03-09,American,N832XX,3389,ATL,CityName,State,JFK,CityName,State,45,1,54,1,0,,145,1221,0,0,0,0,54
2022-03-09,Delta,N322XX,8901,ORD,CityName,State,ORD,CityName,State,15,1,2,0,0,,268,1879,0,0,0,0,0
2022-03-09,American,N123XX,1565,MIA,CityName,State,MIA,CityName,State,30,1,30,1,0,,271,1672,30,0,0,0,0
2022-03-09,JetBlue,N561XX,8257,SEA,CityName,State,SFO,CityName,State,45,1,36,1,0,,118,1252,0,36,0,0,0
2022-03-09,Southwest,N472XX,617,ATL,CityName,State,JFK,CityName,State,0,0,6,0,0,,217,1501,0,0,0,0,0
2022-03-09,Delta,N669XX,2187,BOS,CityName,State,ATL,CityName,State,0,0,-11,0,0,,305,1613,0,0,0,0,0
2022-03-09,American,N352XX,7421,SEA,CityName,State,SEA,CityName,State,0,0,-7,0,0,,319,2563,0,0,0,0,0
2022-03-09,Delta,N876XX,7643,SEA,CityName,State,BOS,CityName,State,0,0,-2,0,0,,60,2704,0,0,0,0,0
2022-03-09,United,N814XX,9300,LAX,CityName,State,DFW,CityName,State,0,0,-6,0,0,,118,322,0,0,0,0,0
2022-03-10,JetBlue,N778XX,1776,SEA,CityName,State,LAX,CityName,State,0,0,1,0,0,,125,809,0,0,0,0,0
2022-03-10,JetBlue,N449XX,3330,ORD,CityName,State,LAX,CityName,State,0,0,-6,0,0,,104,538,0,0,0,0,0
2022-03-10,United,N254XX,8066,LAX,CityName,State,ATL,CityName,State,0,0,-5,0,0,,248,1661,0,0,0,0,0
2022-03-10,Southwest,N822XX,3286,LAX,CityName,State,LAX,CityName,State,0,0,-14,0,0,,328,273,0,0,0,0,0
2022-03-10,Delta,N345XX,4130,DEN,CityName,State,DFW,CityName,State,0,0,-14,0,0,,140,2493,0,0,0,0,0
2022-03-10,JetBlue,N390XX,2083,LAX,CityName,State,LAX,CityName,State,0,0,-2,0,0,,355,664,0,0,0,0,0
2022-03-10,Delta,N751XX,6010,SEA,CityName,State,ORD,CityName,State,0,0,2,0,0,,189,2341,0,0,0,0,0
2022-03-10,JetBlue,N985XX,9008,SEA,CityName,State,SFO,CityName,State,0,0,-3,0,0,,257,2322,0,0,0,0,0
2022-03-10,Delta,N858XX,3489,LAX,CityName,State,ORD,CityName,State,0,0,5,0,0,,184,1747,0,0,0,0,0
2022-03-10,American,N705XX,3740,DFW,CityName,State,BOS,CityName,State,0,0,-13,0,0,,248,335,0,0,0,0,0
2022-03-10,Delta,N787XX,9322,MIA,CityName,State,ORD,CityName,State,0,0,-8,0,0,,155,1521,0,0,0,0,0
2022-03-10,Delta,N136XX,5169,DFW,CityName,State,DFW,CityName,State,0,0,-1,0,0,,219,2879,0,0,0,0,0
2022-03-10,American,N521XX,8363,MIA,CityName,State,SEA,CityName,State,0,0,8,0,0,,205,2494,0,0,0,0,0
2022-03-10,American,N940XX,6623,BOS,CityName,State,DFW,CityName,State,0,0,9,0,0,,200,2512,0,0,0,0,0
2022-03-10,Southwest,N864XX,6890,SFO,CityName,State,LAX,CityName,State,15,1,18,1,0,,327,1325,0,0,0,0,18
2022-03-10,Southwest,N292XX,6678,DFW,CityName,State,LAX,CityName,State,0,0,0,0,1,A,309,513,0,0,0,0,0
2022-03-10,JetBlue,N860XX,441,SEA,CityName,State,JFK,CityName,State,0,0,6,0,0,,185,1817,0,0,0,0,0
2022-03-11,Delta,N734XX,8114,JFK,CityName,State,ORD,CityName,State,0,0,-1,0,0,,58,2134,0,0,0,0,0
2022-03-11,United,N301XX,512,MIA,CityName,State,SFO,CityName,State,60,1,61,1,0,,224,1920,0,0,0,0,61
2022-03-11,Southwest,N540XX,6476,DFW,CityName,State,SEA,CityName,State,0,0,-4,0,0,,359,2839,0,0,0,0,0
2022-03-11,American,N532XX,440,MIA,CityName,State,BOS,CityName,State,15,1,22,1,0,,304,843,0,22,0,0,0
2022-03-11,Southwest,N436XX,381,SEA,CityName,State,ATL,CityName,State,0,0,-6,0,0,,240,2845,0,0,0,0,0
2022-03-11,Delta,N788XX,1678,ATL,CityName,State,ORD,CityName,State,0,0,-5,0,0,,122,2485,0,0,0,0,0
2022-03-11,United,N456XX,1230,ORD,CityName,State,SEA,CityName,State,0,0,-7,0,0,,125,1116,0,0,0,0,0
2022-03-11,United,N202XX,2855,ATL,CityName,State,ORD,CityName,State,0,0,4,0,0,,256,516,0,0,0,0,0
2022-03-11,American,N822XX,8217,ORD,CityName,State,MIA,CityName,State,0,0,8,0,0,,280,1408,0,0,0,0,0
2022-03-11,Delta,N796XX,8167,LAX,CityName,State,JFK,CityName,State,0,0,-8,0,0,,296,1438,0,0,0,0,0
2022-03-11,Southwest,N726XX,8474,BOS,CityName,State,JFK,CityName,State,0,0,-12,0,0,,268,1485,0,0,0,0,0
2022-03-11,United,N768XX,3641,LAX,CityName,State,BOS,CityName,State,45,1,39,1,0,,253,2555,39,0,0,0,0
2022-03-11,Southwest,N465XX,6794,LAX,CityName,State,DFW,CityName,State,0,0,9,0,0,,119,223,0,0,0,0,0
2022-03-11,American,N696XX,5860,DEN,CityName,State,SEA,CityName,State,0,0,-5,0,0,,136,2887,0,0,0,0,0
2022-03-11,Delta,N942XX,2917,DFW,CityName,State,ORD,CityName,State,0,0,7,0,0,,322,2339,0,0,0,0,0
2022-03-11,United,N752XX,2354,ATL,CityName,State,BOS,CityName,State,0,0,-6,0,0,,77,1726,0,0,0,0,0
2022-03-12,Southwest,N720XX,4533,LAX,CityName,State,LAX,CityName,State,0,0,9,0,0,,300,2530,0,0,0,0,0
2022-03-12,United,N269XX,458,DFW,CityName,State,LAX,CityName,State,0,0,-5,0,0,,294,416,0,0,0,0,0
2022-03-12,Delta,N469XX,5742,SFO,CityName,State,DFW,CityName,State,0,0,-7,0,0,,48,906,0,0,0,0,0
2022-03-12,United,N353XX,5147,ORD,CityName,State,SFO,CityName,State,0,0,-11,0,0,,70,2305,0,0,0,0,0
2022-03-12,American,N322XX,7832,LAX,CityName,State,ATL,CityName,State,0,0,2,0,0,,248,569,0,0,0,0,0
2022-03-12,United,N663XX,1033,MIA,CityName,State,LAX,CityName,State,30,1,35,1,0,,207,1122,35,0,0,0,0
2022-03-12,American,N654XX,2238,SFO,CityName,State,MIA,CityName,State,120,1,118,1,0,,152,1684,118,0,0,0,0
2022-03-12,United,N911XX,5947,SEA,CityName,State,ORD,CityName,State,0,0,10,0,0,,358,1198,0,0,0,0,0
2022-03-12,JetBlue,N521XX,4680,DFW,CityName,State,ATL,CityName,State,0,0,4,0,0,,267,1982,0,0,0,0,0
2022-03-12,United,N914XX,5164,LAX,CityName,State,SEA,CityName,State,0,0,8,0,0,,164,1131,0,0,0,0,0
2022-03-12,American,N559XX,8479,JFK,CityName,State,DFW,CityName,State,0,0,3,0,0,,359,2068,0,0,0,0,0
2022-03-12,Southwest,N221XX,3223,JFK,CityName,State,ORD,CityName,State,30,1,30,1,0,,75,855,30,0,0,0,0
2022-03-12,JetBlue,N560XX,2246,DEN,CityName,State,DEN,CityName,State,0,0,8,0,0,,223,1966,0,0,0,0,0
2022-03-12,American,N831XX,4310,ATL,CityName,State,ORD,CityName,State,0,0,5,0,0,,317,1260,0,0,0,0,0
2022-03-12,JetBlue,N103XX,5949,JFK,CityName,State,SFO,CityName,State,30,1,24,1,0,,270,408,0,24,0,0,0
2022-03-12,United,N278XX,5411,JFK,CityName,State,JFK,CityName,State,0,0,-3,0,0,,137,1392,0,0,0,0,0
2022-03-12,JetBlue,N825XX,1850,JFK,CityName,State,SFO,CityName,State,15,1,21,1,0,,150,2074,21,0,0,0,0
2022-03-13,United,N991XX,2721,SFO,CityName,State,SEA,CityName,State,0,0,7,0,0,,97,1706,0,0,0,0,0
2022-03-13,Southwest,N102XX,6901,ORD,CityName,State,SFO,CityName,State,15,1,2,0,0,,183,830,0,0,0,0,0
2022-03-13,Delta,N974XX,3542,DEN,CityName,State,SFO,CityName,State,0,0,9,0,0,,175,1759,0,0,0,0,0
2022-03-13,Delta,N565XX,9321,SEA,CityName,State,SEA,CityName,State,60,1,68,1,0,,45,1535,0,0,0,0,68
2022-03-13,JetBlue,N714XX,3944,MIA,CityName,State,ATL,CityName,State,15,1,12,0,0,,332,1769,0,0,0,0,0
2022-03-13,American,N953XX,3292,LAX,CityName,State,JFK,CityName,State,0,0,0,0,0,,184,1246,0,0,0,0,0
2022-03-13,Southwest,N865XX,9723,JFK,CityName,State,MIA,CityName,State,0,0,8,0,0,,196,2942,0,0,0,0,0
2022-03-13,United,N967XX,1283,BOS,CityName,State,MIA,CityName,State,0,0,-5,0,0,,76,553,0,0,0,0,0
2022-03-13,Southwest,N546XX,741,ORD,CityName,State,DEN,CityName,State,0,0,7,0,0,,182,536,0,0,0,0,0
2022-03-13,American,N500XX,2319,MIA,CityName,State,DEN,CityName,State,0,0,-14,0,0,,76,404,0,0,0,0,0
2022-03-13,United,N164XX,8641,BOS,CityName,State,SEA,CityName,State,15,1,19,1,0,,337,1300,0,0,19,0,0
2022-03-14,JetBlue,N430XX,6513,ATL,CityName,State,DEN,CityName,State,0,0,6,0,0,,241,1904,0,0,0,0,0
2022-03-14,United,N313XX,9179,DEN,CityName,State,ORD,CityName,State,120,1,112,1,0,,75,1447,0,0,0,0,112
2022-03-14,Southwest,N737XX,4504,DEN,CityName,State,SFO,CityName,State,0,0,-2,0,0,,84,638,0,0,0,0,0
2022-03-14,American,N831XX,4413,DFW,CityName,State,MIA,CityName,State,0,0,-3,0,0,,207,969,0,0,0,0,0
2022-03-14,United,N877XX,9267,SEA,CityName,State,ATL,CityName,State,0,0,10,0,0,,124,1814,0,0,0,0,0
2022-03-14,American,N480XX,8670,ATL,CityName,State,SEA,CityName,State,0,0,-1,0,0,,177,1337,0,0,0,0,0
2022-03-14,Delta,N605XX,863,LAX,CityName,State,ATL,CityName,State,45,1,37,1,0,,130,2710,0,37,0,0,0
2022-03-15,JetBlue,N789XX,2066,JFK,CityName,State,JFK,CityName,State,0,0,-11,0,0,,209,251,0,0,0,0,0
2022-03-15,United,N590XX,6683,LAX,CityName,State,DFW,CityName,State,0,0,-12,0,0,,244,2903,0,0,0,0,0
2022-03-15,Delta,N972XX,4199,ORD,CityName,State,SEA,CityName,State,0,0,3,0,0,,143,2111,0,0,0,0,0
2022-03-15,Delta,N706XX,731,BOS,CityName,State,SFO,CityName,State,0,0,-4,0,0,,66,2708,0,0,0,0,0
2022-03-15,Southwest,N508XX,2719,JFK,CityName,State,JFK,CityName,State,0,0,9,0,0,,349,1043,0,0,0,0,0
2022-03-15,JetBlue,N515XX,1177,DEN,CityName,State,SFO,CityName,State,0,0,-12,0,0,,99,1459,0,0,0,0,0
2022-03-15,Delta,N958XX,4196,SFO,CityName,State,DEN,CityName,State,0,0,2,0,0,,158,384,0,0,0,0,0
2022-03-15,Delta,N618XX,8619,JFK,CityName,State,DEN,CityName,State,0,0,-3,0,0,,152,2684,0,0,0,0,0
2022-03-15,American,N775XX,8285,ORD,CityName,State,ATL,CityName,State,120,1,106,1,0,,98,764,0,0,106,0,0
2022-03-15,Southwest,N288XX,8184,ATL,CityName,State,LAX,CityName,State,0,0,-2,0,0,,213,331,0,0,0,0,0
2022-03-15,Delta,N748XX,8481,JFK,CityName,State,ORD,CityName,State,240,1,230,1,0,,219,2301,0,0,230,0,0
2022-03-15,Southwest,N706XX,8899,SEA,CityName,State,SFO,CityName,State,0,0,0,0,0,,265,1113,0,0,0,0,0
2022-03-15,American,N741XX,5280,DFW,CityName,State,SFO,CityName,State,0,0,6,0,0,,161,941,0,0,0,0,0
2022-03-15,Delta,N207XX,5642,MIA,CityName,State,SFO,CityName,State,0,0,10,0,0,,83,2735,0,0,0,0,0
2022-03-15,Southwest,N764XX,5977,ORD,CityName,State,SEA,CityName,State,0,0,-10,0,0,,61,254,0,0,0,0,0
2022-03-16,Delta,N696XX,7282,ORD,CityName,State,LAX,CityName,State,0,0,-2,0,0,,242,2232,0,0,0,0,0
2022-03-16,Southwest,N356XX,3927,SFO,CityName,State,MIA,CityName,State,0,0,-3,0,0,,259,2647,0,0,0,0,0
2022-03-16,Southwest,N311XX,7810,JFK,CityName,State,DFW,CityName,State,0,0,-11,0,0,,261,700,0,0,0,0,0
2022-03-16,United,N283XX,585,DFW,CityName,State,JFK,CityName,State,60,1,61,1,0,,282,171,0,0,61,0,0
2022-03-16,JetBlue,N161XX,8511,LAX,CityName,State,DFW,CityName,State,0,0,1,0,0,,126,1714,0,0,0,0,0
2022-03-16,American,N794XX,9212,DFW,CityName,State,MIA,CityName,State,0,0,-2,0,0,,355,864,0,0,0,0,0
2022-03-16,Delta,N871XX,5736,DEN,CityName,State,LAX,CityName,State,15,1,19,1,0,,208,922,0,0,0,0,19
2022-03-16,Delta,N830XX,1077,JFK,CityName,State,ORD,CityName,State,0,0,-12,0,0,,254,629,0,0,0,0,0
2022-03-16,United,N137XX,7698,BOS,CityName,State,DEN,CityName,State,0,0,-4,0,0,,185,2399,0,0,0,0,0
2022-03-16,JetBlue,N683XX,148,BOS,CityName,State,ORD,CityName,State,0,0,-11,0,0,,286,332,0,0,0,0,0
2022-03-16,JetBlue,N972XX,5274,LAX,CityName,State,BOS,CityName,State,240,1,238,1,0,,352,2815,0,0,238,0,0
2022-03-16,JetBlue,N246XX,6613,ORD,CityName,State,LAX,CityName,State,0,0,-8,0,0,,345,969,0,0,0,0,0
2022-03-16,American,N407XX,4122,SFO,CityName,State,MIA,CityName,State,0,0,-8,0,0,,65,271,0,0,0,0,0
2022-03-16,Southwest,N414XX,4939,LAX,CityName,State,BOS,CityName,State,0,0,-14,0,0,,195,1171,0,0,0,0,0
2022-03-16,American,N207XX,536,ORD,CityName,State,JFK,CityName,State,0,0,-5,0,0,,291,2507,0,0,0,0,0
2022-03-16,American,N772XX,3188,DEN,CityName,State,LAX,CityName,State,15,1,24,1,0,,90,932,24,0,0,0,0
2022-03-16,American,N725XX,1263,SFO,CityName,State,SEA,CityName,State,30,1,32,1,0,,104,2058,0,32,0,0,0
2022-03-17,JetBlue,N905XX,8107,DEN,CityName,State,DFW,CityName,State,30,1,16,1,0,,119,1430,16,0,0,0,0
2022-03-17,American,N824XX,2348,SEA,CityName,State,DEN,CityName,State,0,0,0,0,0,,359,151,0,0,0,0,0
2022-03-17,Delta,N262XX,1731,BOS,CityName,State,LAX,CityName,State,0,0,-13,0,0,,322,2078,0,0,0,0,0
2022-03-17,American,N593XX,5171,SEA,CityName,State,LAX,CityName,State,0,0,-9,0,0,,196,2710,0,0,0,0,0
2022-03-17,American,N192XX,6280,SFO,CityName,State,ATL,CityName,State,0,0,5,0,0,,173,1847,0,0,0,0,0
2022-03-17,United,N913XX,551,SEA,CityName,State,LAX,CityName,State,0,0,-6,0,0,,272,521,0,0,0,0,0
2022-03-17,Delta,N877XX,4145,JFK,CityName,State,DEN,CityName,State,0,0,-13,0,0,,292,1099,0,0,0,0,0
2022-03-17,American,N523XX,6748,ATL,CityName,State,JFK,CityName,State,0,0,6,0,0,,45,1131,0,0,0,0,0
2022-03-17,JetBlue,N903XX,5137,DEN,CityName,State,DEN,CityName,State,0,0,-12,0,0,,111,1229,0,0,0,0,0
2022-03-17,Delta,N298XX,9374,SFO,CityName,State,LAX,CityName,State,0,0,9,0,0,,290,2458,0,0,0,0,0
2022-03-17,United,N421XX,6639,DEN,CityName,State,BOS,CityName,State,60,1,63,1,0,,255,2637,63,0,0,0,0
2022-03-17,United,N607XX,5506,BOS,CityName,State,MIA,CityName,State,0,0,7,0,0,,146,1063,0,0,0,0,0
2022-03-18,Southwest,N410XX,7248,LAX,CityName,State,DEN,CityName,State,15,1,4,0,0,,312,407,0,0,0,0,0
2022-03-18,Southwest,N784XX,4952,MIA,CityName,State,MIA,CityName,State,0,0,-10,0,0,,124,2838,0,0,0,0,0
2022-03-18,Southwest,N768XX,5767,BOS,CityName,State,SFO,CityName,State,0,0,-11,0,0,,310,807,0,0,0,0,0
2022-03-18,JetBlue,N417XX,6659,ATL,CityName,State,SFO,CityName,State,0,0,9,0,0,,312,2965,0,0,0,0,0
2022-03-18,American,N431XX,3996,DFW,CityName,State,DEN,CityName,State,0,0,-5,0,0,,289,771,0,0,0,0,0
2022-03-18,American,N947XX,7101,MIA,CityName,State,ORD,CityName,State,45,1,45,1,0,,71,1656,0,0,45,0,0
2022-03-18,JetBlue,N182XX,4451,DEN,CityName,State,SEA,CityName,State,60,1,54,1,0,,358,2074,0,0,0,0,54
2022-03-18,United,N429XX,6369,MIA,CityName,State,BOS,CityName,State,15,1,10,0,0,,227,453,0,0,0,0,0
2022-03-18,JetBlue,N777XX,267,ATL,CityName,State,LAX,CityName,State,0,0,7,0,0,,187,2798,0,0,0,0,0
2022-03-18,Southwest,N571XX,1321,SFO,CityName,State,BOS,CityName,State,0,0,-4,0,0,,325,2930,0,0,0,0,0
2022-03-18,American,N216XX,8310,DFW,CityName,State,ATL,CityName,State,0,0,4,0,0,,290,1663,0,0,0,0,0
2022-03-18,United,N548XX,2462,DEN,CityName,State,BOS,CityName,State,0,0,4,0,0,,81,1968,0,0,0,0,0
2022-03-18,United,N463XX,4054,SEA,CityName,State,LAX,CityName,State,0,0,-5,0,0,,328,1729,0,0,0,0,0
2022-03-18,United,N519XX,9529,JFK,CityName,State,BOS,CityName,State,0,0,-10,0,0,,128,446,0,0,0,0,0
2022-03-18,Delta,N799XX,3058,ATL,CityName,State,DEN,CityName,State,15,1,19,1,0,,324,630,0,19,0,0,0
2022-03-18,JetBlue,N981XX,3844,ORD,CityName,State,BOS,CityName,State,0,0,-7,0,0,,227,426,0,0,0,0,0
2022-03-19,American,N858XX,2037,SFO,CityName,State,SEA,CityName,State,0,0,-8,0,0,,328,634,0,0,0,0,0
2022-03-19,JetBlue,N568XX,5257,SEA,CityName,State,ATL,CityName,State,0,0,-5,0,0,,256,703,0,0,0,0,0
2022-03-19,American,N860XX,5663,DEN,CityName,State,DEN,CityName,State,15,1,10,0,0,,192,496,0,0,0,0,0
2022-03-19,United,N202XX,6978,DFW,CityName,State,BOS,CityName,State,0,0,-10,0,0,,287,1757,0,0,0,0,0
2022-03-19,American,N276XX,7547,DEN,CityName,State,BOS,CityName,State,0,0,-1,0,0,,166,2141,0,0,0,0,0
2022-03-19,Southwest,N559XX,1697,SEA,CityName,State,LAX,CityName,State,0,0,-10,0,0,,358,710,0,0,0,0,0
2022-03-19,Southwest,N907XX,4744,SFO,CityName,State,MIA,CityName,State,15,1,18,1,0,,283,2384,18,0,0,0,0
2022-03-19,Southwest,N677XX,9743,MIA,CityName,State,DEN,CityName,State,0,0,6,0,0,,243,2687,0,0,0,0,0
2022-03-19,Southwest,N135XX,5500,BOS,CityName,State,SFO,CityName,State,60,1,55,1,0,,209,2890,0,0,55,0,0
2022-03-19,JetBlue,N387XX,4828,ATL,CityName,State,MIA,CityName,State,15,1,2,0,0,,231,533,0,0,0,0,0
2022-03-19,United,N694XX,8346,JFK,CityName,State,SFO,CityName,State,0,0,-6,0,0,,137,1344,0,0,0,0,0
2022-03-19,JetBlue,N413XX,4021,ORD,CityName,State,DFW,CityName,State,60,1,53,1,0,,353,2036,53,0,0,0,0
2022-03-19,American,N221XX,9041,ORD,CityName,State,ATL,CityName,State,0,0,4,0,0,,91,1931,0,0,0,0,0
2022-03-19,American,N325XX,6089,SEA,CityName,State,DEN,CityName,State,0,0,2,0,0,,164,1071,0,0,0,0,0
2022-03-19,American,N523XX,223,SFO,CityName,State,JFK,CityName,State,0,0,-7,0,0,,237,2085,0,0,0,0,0
2022-03-20,American,N536XX,3474,ATL,CityName,State,DFW,CityName,State,0,0,10,0,0,,161,1766,0,0,0,0,0
2022-03-20,Southwest,N785XX,5703,BOS,CityName,State,MIA,CityName,State,0,0,0,0,0,,332,951,0,0,0,0,0
2022-03-20,Southwest,N944XX,3893,BOS,CityName,State,SEA,CityName,State,0,0,-1,0,0,,260,2176,0,0,0,0,0
2022-03-20,Delta,N684XX,2217,LAX,CityName,State,ATL,CityName,State,0,0,-10,0,0,,332,807,0,0,0,0,0
2022-03-20,United,N735XX,5742,DEN,CityName,State,SFO,CityName,State,0,0,-14,0,0,,74,2545,0,0,0,0,0
2022-03-20,Delta,N239XX,4167,LAX,CityName,State,ORD,CityName,State,0,0,7,0,0,,178,2777,0,0,0,0,0
2022-03-20,Southwest,N247XX,8202,MIA,CityName,State,SEA,CityName,State,0,0,-10,0,0,,319,901,0,0,0,0,0
2022-03-20,Southwest,N325XX,6623,LAX,CityName,State,JFK,CityName,State,0,0,2,0,0,,149,1340,0,0,0,0,0
2022-03-20,Delta,N386XX,2185,DEN,CityName,State,LAX,CityName,State,0,0,4,0,0,,76,702,0,0,0,0,0
2022-03-20,JetBlue,N580XX,455,ORD,CityName,State,LAX,CityName,State,0,0,-12,0,0,,80,2398,0,0,0,0,0
2022-03-20,Delta,N460XX,4076,BOS,CityName,State,ORD,CityName,State,120,1,123,1,0,,106,1330,0,0,123,0,0
2022-03-21,American,N505XX,5407,BOS,CityName,State,DEN,CityName,State,0,0,-11,0,0,,94,1448,0,0,0,0,0
2022-03-21,United,N609XX,9049,ATL,CityName,State,MIA,CityName,State,0,0,10,0,0,,109,2816,0,0,0,0,0
2022-03-21,JetBlue,N163XX,6440,ORD,CityName,State,ATL,CityName,State,45,1,54,1,0,,284,1783,0,0,0,0,54
2022-03-21,Southwest,N249XX,3188,DFW,CityName,State,JFK,CityName,State,0,0,-10,0,0,,231,1298,0,0,0,0,0
2022-03-21,United,N149XX,2501,ORD,CityName,State,JFK,CityName,State,0,0,-13,0,0,,232,1824,0,0,0,0,0
2022-03-21,Southwest,N496XX,4131,SEA,CityName,State,ORD,CityName,State,0,0,-3,0,0,,224,1010,0,0,0,0,0
2022-03-21,Southwest,N125XX,7813,MIA,CityName,State,SFO,CityName,State,0,0,8,0,0,,123,673,0,0,0,0,0
2022-03-21,JetBlue,N916XX,5736,DFW,CityName,State,DFW,CityName,State,15,1,7,0,0,,254,2604,0,0,0,0,0
2022-03-21,United,N224XX,7372,ORD,CityName,State,SFO,CityName,State,0,0,0,0,0,,117,1411,0,0,0,0,0
2022-03-21,Delta,N202XX,7350,ORD,CityName,State,DFW,CityName,State,0,0,-4,0,0,,249,1028,0,0,0,0,0
2022-03-21,Southwest,N891XX,6504,JFK,CityName,State,BOS,CityName,State,0,0,2,0,0,,298,2799,0,0,0,0,0
2022-03-21,Delta,N712XX,3854,DFW,CityName,State,LAX,CityName,State,15,1,24,1,0,,251,288,0,0,0,0,24
2022-03-21,United,N515XX,1294,MIA,CityName,State,BOS,CityName,State,0,0,4,0,0,,79,459,0,0,0,0,0
2022-03-21,JetBlue,N708XX,1347,DEN,CityName,State,DFW,CityName,State,0,0,-13,0,0,,67,2638,0,0,0,0,0
2022-03-22,Delta,N483XX,683,MIA,CityName,State,MIA,CityName,State,0,0,-7,0,0,,352,692,0,0,0,0,0
2022-03-22,Southwest,N124XX,3696,MIA,CityName,State,SEA,CityName,State,0,0,-5,0,0,,257,1942,0,0,0,0,0
2022-03-22,Southwest,N543XX,7024,MIA,CityName,State,DFW,CityName,State,0,0,-12,0,0,,325,675,0,0,0,0,0
2022-03-22,Southwest,N104XX,7203,ORD,CityName,State,LAX,CityName,State,15,1,5,0,0,,153,1309,0,0,0,0,0
2022-03-22,JetBlue,N610XX,3046,BOS,CityName,State,ATL,CityName,State,0,0,0,0,0,,279,427,0,0,0,0,0
2022-03-22,Southwest,N712XX,9282,ORD,CityName,State,SFO,CityName,State,0,0,-2,0,0,,109,2766,0,0,0,0,0
2022-03-22,Delta,N440XX,3871,BOS,CityName,State,LAX,CityName,State,0,0,-6,0,0,,165,1659,0,0,0,0,0
2022-03-22,JetBlue,N401XX,4685,JFK,CityName,State,LAX,CityName,State,0,0,-7,0,0,,359,328,0,0,0,0,0
2022-03-22,American,N376XX,9914,LAX,CityName,State,ORD,CityName,State,0,0,10,0,0,,68,1003,0,0,0,0,0
2022-03-22,United,N501XX,8125,SEA,CityName,State,DFW,CityName,State,0,0,-6,0,0,,313,2387,0,0,0,0,0
2022-03-22,JetBlue,N631XX,2603,BOS,CityName,State,JFK,CityName,State,45,1,32,1,0,,135,2940,0,0,32,0,0
2022-03-22,Delta,N918XX,6579,JFK,CityName,State,ATL,CityName,State,15,1,17,1,0,,194,2150,0,0,0,0,17
2022-03-22,American,N702XX,7985,SEA,CityName,State,DEN,CityName,State,0,0,3,0,0,,198,2522,0,0,0,0,0
2022-03-22,American,N827XX,2620,LAX,CityName,State,SEA,CityName,State,0,0,-7,0,0,,210,1999,0,0,0,0,0
2022-03-22,Delta,N643XX,1452,JFK,CityName,State,JFK,CityName,State,30,1,40,1,0,,153,2994,40,0,0,0,0
2022-03-22,American,N428XX,126,ATL,CityName,State,JFK,CityName,State,0,0,-11,0,0,,245,1822,0,0,0,0,0
2022-03-22,JetBlue,N356XX,6575,BOS,CityName,State,DEN,CityName,State,0,0,-10,0,0,,167,1225,0,0,0,0,0
2022-03-22,Southwest,N139XX,9689,BOS,CityName,State,ORD,CityName,State,0,0,4,0,0,,226,823,0,0,0,0,0
2022-03-23,American,N601XX,2446,BOS,CityName,State,ORD,CityName,State,0,0,5,0,0,,170,739,0,0,0,0,0
2022-03-23,American,N791XX,2013,BOS,CityName,State,SFO,CityName,State,30,1,38,1,0,,207,489,0,38,0,0,0
2022-03-23,Southwest,N225XX,4147,DEN,CityName,State,DFW,CityName,State,240,1,246,1,0,,261,186,246,0,0,0,0
2022-03-23,American,N187XX,1549,SFO,CityName,State,SEA,CityName,State,0,0,1,0,0,,105,806,0,0,0,0,0
2022-03-23,JetBlue,N774XX,4415,ATL,CityName,State,LAX,CityName,State,15,1,9,0,0,,77,1242,0,0,0,0,0
2022-03-23,American,N906XX,7115,ORD,CityName,State,JFK,CityName,State,45,1,50,1,0,,65,361,50,0,0,0,0
2022-03-23,United,N743XX,3398,SFO,CityName,State,BOS,CityName,State,0,0,10,0,0,,144,1576,0,0,0,0,0
2022-03-23,Delta,N141XX,9508,SFO,CityName,State,SEA,CityName,State,15,1,15,1,0,,179,2322,0,0,15,0,0
2022-03-23,United,N320XX,8040,ORD,CityName,State,LAX,CityName,State,0,0,7,0,0,,126,732,0,0,0,0,0
2022-03-23,Delta,N627XX,8403,ATL,CityName,State,ORD,CityName,State,0,0,4,0,0,,280,1139,0,0,0,0,0
2022-03-23,United,N776XX,3819,JFK,CityName,State,SEA,CityName,State,0,0,7,0,0,,251,482,0,0,0,0,0
2022-03-24,Southwest,N584XX,5982,MIA,CityName,State,LAX,CityName,State,0,0,-10,0,0,,207,1772,0,0,0,0,0
2022-03-24,Southwest,N199XX,9570,ORD,CityName,State,ORD,CityName,State,0,0,-2,0,0,,337,2748,0,0,0,0,0
2022-03-24,Delta,N684XX,3531,ATL,CityName,State,SFO,CityName,State,0,0,-5,0,0,,283,1471,0,0,0,0,0
2022-03-24,JetBlue,N111XX,6073,DEN,CityName,State,MIA,CityName,State,60,1,55,1,0,,74,1384,0,0,0,0,55
2022-03-24,JetBlue,N533XX,702,JFK,CityName,State,ATL,CityName,State,0,0,-13,0,0,,164,1993,0,0,0,0,0
2022-03-24,Delta,N913XX,9739,MIA,CityName,State,LAX,CityName,State,0,0,6,0,0,,131,2624,0,0,0,0,0
2022-03-24,JetBlue,N196XX,9680,DEN,CityName,State,DFW,CityName,State,0,0,8,0,0,,282,2107,0,0,0,0,0
2022-03-24,American,N151XX,2171,MIA,CityName,State,DEN,CityName,State,0,0,1,0,0,,80,2941,0,0,0,0,0
2022-03-24,Delta,N344XX,4293,MIA,CityName,State,MIA,CityName,State,0,0,-5,0,0,,333,2274,0,0,0,0,0
2022-03-24,Southwest,N937XX,7473,LAX,CityName,State,DEN,CityName,State,0,0,8,0,0,,334,2326,0,0,0,0,0
2022-03-24,United,N864XX,924,LAX,CityName,State,BOS,CityName,State,0,0,-7,0,0,,92,1519,0,0,0,0,0
2022-03-24,United,N615XX,1382,SFO,CityName,State,DFW,CityName,State,0,0,-2,0,0,,356,611,0,0,0,0,0
2022-03-24,Delta,N202XX,4579,BOS,CityName,State,JFK,CityName,State,0,0,-6,0,0,,298,2026,0,0,0,0,0
2022-03-24,Southwest,N969XX,7909,SFO,CityName,State,JFK,CityName,State,0,0,-3,0,0,,336,2340,0,0,0,0,0
2022-03-25,Delta,N545XX,950,DEN,CityName,State,MIA,CityName,State,0,0,-12,0,0,,152,1584,0,0,0,0,0
2022-03-25,JetBlue,N455XX,3561,ATL,CityName,State,SEA,CityName,State,0,0,-10,0,0,,309,941,0,0,0,0,0
2022-03-25,United,N834XX,2399,ORD,CityName,State,DFW,CityName,State,15,1,16,1,0,,318,1941,0,0,16,0,0
2022-03-25,Southwest,N246XX,6880,ATL,CityName,State,MIA,CityName,State,0,0,7,0,0,,106,2544,0,0,0,0,0
2022-03-25,American,N612XX,9470,JFK,CityName,State,ORD,CityName,State,0,0,-8,0,0,,52,1766,0,0,0,0,0
2022-03-25,Southwest,N655XX,6726,JFK,CityName,State,JFK,CityName,State,15,1,7,0,0,,111,365,0,0,0,0,0
2022-03-25,United,N859XX,6441,DEN,CityName,State,SFO,CityName,State,0,0,1,0,0,,276,2990,0,0,0,0,0
2022-03-25,United,N706XX,3292,ORD,CityName,State,DEN,CityName,State,0,0,-9,0,0,,140,2830,0,0,0,0,0
2022-03-25,Southwest,N711XX,891,ATL,CityName,State,SEA,CityName,State,0,0,-13,0,0,,196,2690,0,0,0,0,0
2022-03-25,JetBlue,N582XX,8042,DFW,CityName,State,DEN,CityName,State,0,0,4,0,0,,305,624,0,0,0,0,0
2022-03-25,Southwest,N872XX,6162,SFO,CityName,State,JFK,CityName,State,0,0,-8,0,0,,111,437,0,0,0,0,0
2022-03-25,United,N517XX,7411,LAX,CityName,State,LAX,CityName,State,0,0,9,0,0,,245,2096,0,0,0,0,0
2022-03-25,JetBlue,N440XX,5212,BOS,CityName,State,ATL,CityName,State,0,0,-7,0,0,,154,216,0,0,0,0,0
2022-03-25,United,N552XX,8187,DFW,CityName,State,ATL,CityName,State,0,0,-6,0,0,,150,1227,0,0,0,0,0
2022-03-25,JetBlue,N835XX,7104,SEA,CityName,State,MIA,CityName,State,0,0,10,0,0,,85,2879,0,0,0,0,0
2022-03-25,United,N547XX,9343,DFW,CityName,State,LAX,CityName,State,240,1,239,1,0,,131,253,0,0,239,0,0
2022-03-25,United,N208XX,5257,ORD,CityName,State,SEA,CityName,State,0,0,2,0,0,,118,1615,0,0,0,0,0
2022-03-26,Southwest,N442XX,4844,JFK,CityName,State,DFW,CityName,State,0,0,-7,0,0,,169,1608,0,0,0,0,0
2022-03-26,American,N267XX,9585,LAX,CityName,State,MIA,CityName,State,0,0,-12,0,0,,178,1315,0,0,0,0,0
2022-03-26,United,N881XX,7973,ATL,CityName,State,MIA,CityName,State,0,0,7,0,0,,219,268,0,0,0,0,0
2022-03-26,Southwest,N396XX,7088,JFK,CityName,State,BOS,CityName,State,0,0,-12,0,0,,165,2001,0,0,0,0,0
2022-03-26,Southwest,N674XX,1718,JFK,CityName,State,SFO,CityName,State,0,0,5,0,0,,167,530,0,0,0,0,0
2022-03-26,Delta,N168XX,2927,ORD,CityName,State,DFW,CityName,State,0,0,6,0,0,,185,1750,0,0,0,0,0
2022-03-26,Delta,N799XX,8987,BOS,CityName,State,MIA,CityName,State,0,0,-14,0,0,,173,351,0,0,0,0,0
2022-03-26,American,N772XX,4285,ORD,CityName,State,ORD,CityName,State,0,0,-12,0,0,,279,540,0,0,0,0,0
2022-03-26,American,N684XX,3472,BOS,CityName,State,DFW,CityName,State,45,1,45,1,0,,193,1805,45,0,0,0,0
2022-03-26,American,N223XX,3274,JFK,CityName,State,MIA,CityName,State,0,0,-9,0,0,,70,2825,0,0,0,0,0
2022-03-26,Delta,N702XX,609,BOS,CityName,State,SEA,CityName,State,0,0,-3,0,0,,295,2577,0,0,0,0,0
2022-03-26,Southwest,N889XX,2085,DEN,CityName,State,SFO,CityName,State,0,0,-9,0,0,,250,2311,0,0,0,0,0
2022-03-26,American,N898XX,2622,ATL,CityName,State,BOS,CityName,State,15,1,4,0,0,,336,2976,0,0,0,0,0
2022-03-26,Delta,N105XX,943,LAX,CityName,State,MIA,CityName,State,0,0,1,0,0,,326,2218,0,0,0,0,0
2022-03-26,United,N540XX,7366,SEA,CityName,State,SEA,CityName,State,0,0,-7,0,0,,101,1222,0,0,0,0,0
2022-03-27,American,N233XX,4395,BOS,CityName,State,DEN,CityName,State,0,0,-8,0,0,,242,1663,0,0,0,0,0
2022-03-27,American,N757XX,5192,MIA,CityName,State,JFK,CityName,State,0,0,-1,0,0,,64,964,0,0,0,0,0
2022-03-27,Southwest,N175XX,3530,LAX,CityName,State,DFW,CityName,State,0,0,-4,0,0,,221,552,0,0,0,0,0
2022-03-27,Delta,N968XX,6552,DEN,CityName,State,ATL,CityName,State,0,0,-1,0,0,,290,695,0,0,0,0,0
2022-03-27,JetBlue,N950XX,2375,JFK,CityName,State,MIA,CityName,State,0,0,-14,0,0,,98,2949,0,0,0,0,0
2022-03-27,American,N297XX,233,DEN,CityName,State,SFO,CityName,State,0,0,6,0,0,,340,1752,0,0,0,0,0
2022-03-27,United,N800XX,3510,ORD,CityName,State,DEN,CityName,State,0,0,-6,0,0,,113,2597,0,0,0,0,0
2022-03-27,American,N720XX,7042,DFW,CityName,State,ATL,CityName,State,0,0,1,0,0,,249,2254,0,0,0,0,0
2022-03-27,Southwest,N842XX,2098,SFO,CityName,State,BOS,CityName,State,0,0,-3,0,0,,192,2809,0,0,0,0,0
2022-03-27,JetBlue,N704XX,766,JFK,CityName,State,LAX,CityName,State,30,1,31,1,0,,270,1150,0,0,31,0,0
2022-03-27,United,N370XX,9864,SEA,CityName,State,SEA,CityName,State,0,0,7,0,0,,166,2040,0,0,0,0,0
2022-03-27,Delta,N573XX,5563,SEA,CityName,State,DFW,CityName,State,240,1,241,1,0,,263,409,0,0,241,0,0
2022-03-27,American,N894XX,7555,ORD,CityName,State,JFK,CityName,State,120,1,118,1,0,,154,1223,0,0,118,0,0
2022-03-27,JetBlue,N666XX,4608,ORD,CityName,State,BOS,CityName,State,0,0,-1,0,0,,58,1384,0,0,0,0,0
2022-03-27,American,N900XX,9977,BOS,CityName,State,MIA,CityName,State,0,0,1,0,0,,87,2322,0,0,0,0,0
2022-03-27,JetBlue,N861XX,9889,BOS,CityName,State,SEA,CityName,State,0,0,6,0,0,,172,1763,0,0,0,0,0
2022-03-27,Delta,N803XX,9399,LAX,CityName,State,DEN,CityName,State,15,1,23,1,0,,110,342,0,0,23,0,0
2022-03-27,Delta,N792XX,3438,ATL,CityName,State,SFO,CityName,State,0,0,-8,0,0,,145,2158,0,0,0,0,0
2022-03-27,United,N549XX,1265,JFK,CityName,State,SFO,CityName,State,0,0,-14,0,0,,159,150,0,0,0,0,0
2022-03-28,Delta,N139XX,312,JFK,CityName,State,BOS,CityName,State,0,0,-12,0,0,,349,1516,0,0,0,0,0
2022-03-28,Southwest,N455XX,9360,DFW,CityName,State,ORD,CityName,State,0,0,-14,0,0,,188,1580,0,0,0,0,0
2022-03-28,Delta,N647XX,259,MIA,CityName,State,LAX,CityName,State,0,0,-9,0,0,,283,1957,0,0,0,0,0
2022-03-28,American,N172XX,1334,BOS,CityName,State,MIA,CityName,State,0,0,0,0,1,A,270,1447,0,0,0,0,0
2022-03-28,Delta,N838XX,812,SFO,CityName,State,JFK,CityName,State,0,0,2,0,0,,210,2883,0,0,0,0,0
2022-03-28,American,N248XX,2090,ORD,CityName,State,LAX,CityName,State,15,1,10,0,0,,184,2162,0,0,0,0,0
2022-03-28,Southwest,N986XX,592,LAX,CityName,State,ATL,CityName,State,0,0,6,0,0,,299,328,0,0,0,0,0
2022-03-28,Delta,N818XX,4723,MIA,CityName,State,LAX,CityName,State,60,1,66,1,0,,118,1631,66,0,0,0,0
2022-03-28,Delta,N888XX,2378,DFW,CityName,State,MIA,CityName,State,15,1,21,1,0,,193,980,0,0,21,0,0
2022-03-28,Delta,N681XX,7901,SEA,CityName,State,ORD,CityName,State,0,0,-5,0,0,,222,1366,0,0,0,0,0
2022-03-28,American,N198XX,4988,BOS,CityName,State,LAX,CityName,State,0,0,-13,0,0,,136,2287,0,0,0,0,0
2022-03-28,Southwest,N578XX,879,BOS,CityName,State,MIA,CityName,State,120,1,112,1,0,,347,450,0,0,112,0,0
2022-03-28,American,N637XX,2782,SFO,CityName,State,SEA,CityName,State,0,0,2,0,0,,45,2841,0,0,0,0,0
2022-03-28,American,N751XX,1328,SEA,CityName,State,LAX,CityName,State,0,0,6,0,0,,305,1264,0,0,0,0,0
2022-03-28,Delta,N874XX,1873,ORD,CityName,State,JFK,CityName,State,0,0,-12,0,0,,302,1145,0,0,0,0,0
2022-03-28,JetBlue,N648XX,2921,SFO,CityName,State,MIA,CityName,State,0,0,1,0,0,,220,905,0,0,0,0,0
2022-03-28,American,N960XX,1288,DEN,CityName,State,BOS,CityName,State,15,1,8,0,0,,153,1981,0,0,0,0,0
2022-03-28,United,N623XX,5229,ORD,CityName,State,ATL,CityName,State,30,1,36,1,0,,172,1282,36,0,0,0,0
2022-03-29,United,N502XX,1213,ATL,CityName,State,MIA,CityName,State,0,0,9,0,0,,282,2692,0,0,0,0,0
2022-03-29,American,N512XX,9660,ATL,CityName,State,MIA,CityName,State,0,0,-7,0,0,,223,2473,0,0,0,0,0
2022-03-29,United,N619XX,5589,DFW,CityName,State,BOS,CityName,State,15,1,7,0,0,,78,2021,0,0,0,0,0
2022-03-29,American,N786XX,4290,BOS,CityName,State,JFK,CityName,State,0,0,-6,0,0,,349,2083,0,0,0,0,0
2022-03-29,Delta,N217XX,8075,LAX,CityName,State,DFW,CityName,State,15,1,2,0,0,,196,159,0,0,0,0,0
2022-03-29,JetBlue,N702XX,4890,MIA,CityName,State,JFK,CityName,State,30,1,19,1,0,,119,1623,0,0,19,0,0
2022-03-29,Delta,N299XX,4434,LAX,CityName,State,ATL,CityName,State,0,0,-2,0,0,,83,2621,0,0,0,0,0
2022-03-29,Southwest,N586XX,1253,ORD,CityName,State,ATL,CityName,State,0,0,5,0,0,,284,1909,0,0,0,0,0
2022-03-29,American,N755XX,7534,ORD,CityName,State,SEA,CityName,State,60,1,64,1,0,,179,311,64,0,0,0,0
2022-03-29,JetBlue,N293XX,1257,SFO,CityName,State,JFK,CityName,State,0,0,-14,0,0,,151,1680,0,0,0,0,0
2022-03-29,United,N454XX,5693,MIA,CityName,State,BOS,CityName,State,0,0,-5,0,0,,135,2736,0,0,0,0,0
2022-03-30,Delta,N954XX,8765,JFK,CityName,State,SEA,CityName,State,0,0,-2,0,0,,196,2083,0,0,0,0,0
2022-03-30,Southwest,N968XX,2922,LAX,CityName,State,DFW,CityName,State,240,1,243,1,0,,156,966,0,243,0,0,0
2022-03-30,American,N409XX,2947,ATL,CityName,State,DEN,CityName,State,0,0,2,0,0,,179,2414,0,0,0,0,0
2022-03-30,Southwest,N591XX,3049,ORD,CityName,State,JFK,CityName,State,0,0,2,0,0,,140,2823,0,0,0,0,0
2022-03-30,Southwest,N549XX,6798,ORD,CityName,State,MIA,CityName,State,0,0,4,0,0,,253,2673,0,0,0,0,0
2022-03-30,Southwest,N792XX,3459,ATL,CityName,State,MIA,CityName,State,0,0,-1,0,0,,128,2318,0,0,0,0,0
2022-03-30,American,N927XX,8467,DFW,CityName,State,SEA,CityName,State,0,0,10,0,0,,337,521,0,0,0,0,0
2022-03-30,United,N767XX,276,SFO,CityName,State,SFO,CityName,State,15,1,3,0,0,,127,175,0,0,0,0,0
2022-03-30,American,N723XX,5317,SEA,CityName,State,JFK,CityName,State,0,0,-14,0,0,,162,2236,0,0,0,0,0
2022-03-30,Delta,N236XX,7908,SFO,CityName,State,MIA,CityName,State,0,0,1,0,0,,216,1373,0,0,0,0,0
2022-03-30,Southwest,N798XX,2740,ATL,CityName,State,MIA,CityName,State,0,0,-13,0,0,,94,2169,0,0,0,0,0
2022-03-30,American,N690XX,9750,LAX,CityName,State,DFW,CityName,State,0,0,8,0,0,,321,2581,0,0,0,0,0
2022-03-30,United,N243XX,9242,DEN,CityName,State,BOS,CityName,State,0,0,-7,0,0,,299,791,0,0,0,0,0
2022-03-30,JetBlue,N235XX,9180,SEA,CityName,State,JFK,CityName,State,0,0,-7,0,0,,51,1123,0,0,0,0,0
2022-03-30,Delta,N165XX,3167,ORD,CityName,State,BOS,CityName,State,0,0,-12,0,0,,338,937,0,0,0,0,0
2022-03-31,United,N882XX,9427,BOS,CityName,State,ORD,CityName,State,0,0,-2,0,0,,219,728,0,0,0,0,0
2022-03-31,United,N373XX,7958,DEN,CityName,State,ATL,CityName,State,0,0,-8,0,0,,268,215,0,0,0,0,0
2022-03-31,United,N740XX,542,JFK,CityName,State,DEN,CityName,State,60,1,0,0,1,A,296,2924,0,0,0,0,0
2022-03-31,JetBlue,N827XX,6184,DFW,CityName,State,BOS,CityName,State,60,1,56,1,0,,350,2016,56,0,0,0,0
2022-03-31,United,N414XX,7724,ORD,CityName,State,SFO,CityName,State,0,0,7,0,0,,283,1666,0,0,0,0,0
2022-03-31,Delta,N309XX,3928,DFW,CityName,State,MIA,CityName,State,0,0,-9,0,0,,75,1190,0,0,0,0,0
2022-03-31,Southwest,N456XX,345,SEA,CityName,State,BOS,CityName,State,0,0,-12,0,0,,267,2161,0,0,0,0,0
2022-03-31,Southwest,N888XX,5688,SFO,CityName,State,ATL,CityName,State,0,0,-8,0,0,,142,2289,0,0,0,0,0
2022-03-31,JetBlue,N504XX,9076,MIA,CityName,State,ORD,CityName,State,45,1,44,1,0,,49,699,44,0,0,0,0
2022-03-31,Delta,N884XX,6053,SFO,CityName,State,ATL,CityName,State,0,0,0,0,0,,299,2531,0,0,0,0,0
2022-03-31,Delta,N802XX,559,SFO,CityName,State,ORD,CityName,State,0,0,-2,0,0,,281,818,0,0,0,0,0
2022-03-31,Delta,N492XX,2762,ORD,CityName,State,BOS,CityName,State,120,1,123,1,0,,343,1086,123,0,0,0,0
2022-03-31,United,N612XX,5481,SEA,CityName,State,ATL,CityName,State,120,1,124,1,0,,227,2292,0,0,0,0,124
2022-03-31,Southwest,N333XX,7708,ATL,CityName,State,DEN,CityName,State,0,0,6,0,0,,203,1298,0,0,0,0,0
2022-03-31,United,N510XX,6836,BOS,CityName,State,SFO,CityName,State,120,1,129,1,0,,93,1647,129,0,0,0,0
2022-04-01,Southwest,N856XX,9022,ATL,CityName,State,SEA,CityName,State,0,0,1,0,0,,146,2403,0,0,0,0,0
2022-04-01,JetBlue,N882XX,3184,LAX,CityName,State,MIA,CityName,State,0,0,-13,0,0,,52,1656,0,0,0,0,0
2022-04-01,Delta,N792XX,2449,BOS,CityName,State,SFO,CityName,State,0,0,2,0,0,,311,1847,0,0,0,0,0
2022-04-01,American,N173XX,2666,DEN,CityName,State,SEA,CityName,State,0,0,1,0,0,,315,1684,0,0,0,0,0
2022-04-01,United,N321XX,2029,ATL,CityName,State,SEA,CityName,State,0,0,9,0,0,,279,1074,0,0,0,0,0
2022-04-01,United,N724XX,8522,MIA,CityName,State,JFK,CityName,State,0,0,-9,0,0,,208,1734,0,0,0,0,0
2022-04-01,JetBlue,N802XX,707,MIA,CityName,State,DFW,CityName,State,15,1,14,0,0,,200,899,0,0,0,0,0
2022-04-01,American,N917XX,1138,ATL,CityName,State,JFK,CityName,State,0,0,7,0,0,,126,2638,0,0,0,0,0
2022-04-01,United,N861XX,979,SFO,CityName,State,DFW,CityName,State,0,0,-14,0,0,,115,2922,0,0,0,0,0
2022-04-01,JetBlue,N761XX,6507,ORD,CityName,State,DEN,CityName,State,0,0,-10,0,0,,89,2325,0,0,0,0,0
2022-04-01,JetBlue,N737XX,7409,SFO,CityName,State,LAX,CityName,State,30,1,22,1,0,,93,2535,0,22,0,0,0
2022-04-01,United,N413XX,2096,SEA,CityName,State,SEA,CityName,State,0,0,-7,0,0,,226,1932,0,0,0,0,0
2022-04-01,Southwest,N583XX,4234,SFO,CityName,State,SEA,CityName,State,0,0,-8,0,0,,218,2926,0,0,0,0,0
2022-04-01,American,N215XX,8844,BOS,CityName,State,ORD,CityName,State,120,1,108,1,0,,58,1695,108,0,0,0,0
2022-04-02,Delta,N416XX,7977,ATL,CityName,State,ORD,CityName,State,0,0,3,0,0,,158,363,0,0,0,0,0
2022-04-02,United,N646XX,2916,ATL,CityName,State,LAX,CityName,State,0,0,-4,0,0,,219,690,0,0,0,0,0
2022-04-02,Delta,N671XX,4183,DEN,CityName,State,ORD,CityName,State,0,0,-4,0,0,,357,2956,0,0,0,0,0
2022-04-02,Delta,N168XX,1333,LAX,CityName,State,DEN,CityName,State,0,0,1,0,0,,188,523,0,0,0,0,0
2022-04-02,American,N321XX,2872,ORD,CityName,State,JFK,CityName,State,15,1,2,0,0,,67,2800,0,0,0,0,0
2022-04-02,JetBlue,N153XX,887,SEA,CityName,State,LAX,CityName,State,0,0,9,0,0,,89,854,0,0,0,0,0
2022-04-02,United,N161XX,903,DEN,CityName,State,MIA,CityName,State,0,0,5,0,0,,233,1254,0,0,0,0,0
2022-04-02,United,N310XX,2355,DEN,CityName,State,DFW,CityName,State,0,0,-6,0,0,,105,459,0,0,0,0,0
2022-04-02,American,N396XX,8007,SEA,CityName,State,DEN,CityName,State,0,0,-8,0,0,,327,186,0,0,0,0,0
2022-04-02,United,N714XX,6622,JFK,CityName,State,MIA,CityName,State,0,0,-8,0,0,,68,549,0,0,0,0,0
2022-04-02,American,N823XX,9977,BOS,CityName,State,BOS,CityName,State,0,0,-12,0,0,,101,1882,0,0,0,0,0
2022-04-02,Southwest,N794XX,2383,SEA,CityName,State,DEN,CityName,State,0,0,4,0,0,,173,1511,0,0,0,0,0
2022-04-02,Southwest,N875XX,2578,JFK,CityName,State,LAX,CityName,State,0,0,5,0,0,,102,457,0,0,0,0,0
2022-04-02,Delta,N330XX,8259,MIA,CityName,State,MIA,CityName,State,30,1,33,1,0,,225,2359,33,0,0,0,0
2022-04-02,American,N362XX,7723,LAX,CityName,State,JFK,CityName,State,60,1,59,1,0,,92,372,0,59,0,0,0
2022-04-02,JetBlue,N772XX,4118,MIA,CityName,State,SEA,CityName,State,0,0,1,0,0,,309,2758,0,0,0,0,0
2022-04-02,Southwest,N133XX,8598,DEN,CityName,State,SEA,CityName,State,0,0,4,0,0,,65,1708,0,0,0,0,0
2022-04-02,Delta,N111XX,2462,MIA,CityName,State,DFW,CityName,State,0,0,6,0,0,,263,2173,0,0,0,0,0
2022-04-02,United,N891XX,670,SEA,CityName,State,ORD,CityName,State,0,0,0,0,0,,212,892,0,0,0,0,0
2022-04-02,Southwest,N159XX,9887,ATL,CityName,State,DFW,CityName,State,0,0,10,0,0,,317,2715,0,0,0,0,0
2022-04-02,JetBlue,N102XX,5469,MIA,CityName,State,ATL,CityName,State,0,0,-8,0,0,,268,1898,0,0,0,0,0
2022-04-03,Southwest,N926XX,6946,SFO,CityName,State,ATL,CityName,State,0,0,2,0,0,,239,1190,0,0,0,0,0
2022-04-03,American,N344XX,9872,JFK,CityName,State,SEA,CityName,State,120,1,127,1,0,,273,1774,127,0,0,0,0
2022-04-03,Southwest,N655XX,6996,SEA,CityName,State,MIA,CityName,State,15,1,23,1,0,,265,2427,23,0,0,0,0
2022-04-03,American,N748XX,209,SFO,CityName,State,SFO,CityName,State,0,0,3,0,0,,305,1286,0,0,0,0,0
2022-04-03,United,N100XX,4109,BOS,CityName,State,LAX,CityName,State,0,0,-10,0,0,,118,407,0,0,0,0,0
2022-04-03,United,N112XX,6012,ORD,CityName,State,ORD,CityName,State,0,0,10,0,0,,312,497,0,0,0,0,0
2022-04-03,Southwest,N150XX,5577,SFO,CityName,State,ORD,CityName,State,0,0,6,0,0,,326,460,0,0,0,0,0
2022-04-03,Southwest,N241XX,5563,JFK,CityName,State,ATL,CityName,State,30,1,0,0,1,A,84,1484,0,0,0,0,0
2022-04-03,JetBlue,N649XX,7038,SFO,CityName,State,ORD,CityName,State,0,0,-9,0,0,,65,294,0,0,0,0,0
2022-04-03,JetBlue,N380XX,9588,DFW,CityName,State,DFW,CityName,State,0,0,-3,0,0,,149,1984,0,0,0,0,0
2022-04-03,American,N692XX,8911,ORD,CityName,State,LAX,CityName,State,15,1,4,0,0,,90,334,0,0,0,0,0
2022-04-03,Southwest,N907XX,3722,MIA,CityName,State,DEN,CityName,State,0,0,-13,0,0,,152,2237,0,0,0,0,0
2022-04-03,United,N308XX,356,BOS,CityName,State,SFO,CityName,State,0,0,-3,0,0,,220,991,0,0,0,0,0
2022-04-03,JetBlue,N165XX,7515,ATL,CityName,State,DEN,CityName,State,0,0,5,0,0,,103,2666,0,0,0,0,0
2022-04-03,Southwest,N340XX,8730,JFK,CityName,State,LAX,CityName,State,0,0,-2,0,0,,133,1129,0,0,0,0,0
2022-04-03,American,N820XX,1117,ATL,CityName,State,LAX,CityName,State,0,0,3,0,0,,102,2866,0,0,0,0,0
2022-04-03,American,N799XX,3145,DEN,CityName,State,MIA,CityName,State,0,0,7,0,0,,154,198,0,0,0,0,0
2022-04-04,United,N597XX,9879,SFO,CityName,State,BOS,CityName,State,0,0,-11,0,0,,153,1521,0,0,0,0,0
2022-04-04,American,N924XX,4455,BOS,CityName,State,ORD,CityName,State,0,0,1,0,0,,207,1216,0,0,0,0,0
2022-04-04,Delta,N923XX,9603,DFW,CityName,State,LAX,CityName,State,0,0,-5,0,0,,297,1083,0,0,0,0,0
2022-04-04,JetBlue,N880XX,705,LAX,CityName,State,ATL,CityName,State,0,0,-10,0,0,,222,1383,0,0,0,0,0
2022-04-04,Southwest,N894XX,7291,SEA,CityName,State,SFO,CityName,State,0,0,2,0,0,,356,855,0,0,0,0,0
2022-04-04,Southwest,N755XX,1677,ATL,CityName,State,ORD,CityName,State,0,0,-7,0,0,,156,2884,0,0,0,0,0
2022-04-04,American,N688XX,8268,BOS,CityName,State,DFW,CityName,State,0,0,-3,0,0,,347,920,0,0,0,0,0
2022-04-04,Southwest,N168XX,1502,DEN,CityName,State,DEN,CityName,State,0,0,10,0,0,,240,2189,0,0,0,0,0
2022-04-04,United,N769XX,9481,ATL,CityName,State,LAX,CityName,State,15,1,23,1,0,,87,1600,23,0,0,0,0
2022-04-04,American,N400XX,2791,MIA,CityName,State,MIA,CityName,State,0,0,-2,0,0,,179,209,0,0,0,0,0
2022-04-04,Southwest,N911XX,2261,ORD,CityName,State,MIA,CityName,State,0,0,-14,0,0,,59,2281,0,0,0,0,0
2022-04-05,United,N333XX,1455,SFO,CityName,State,DEN,CityName,State,240,1,248,1,0,,154,493,0,0,0,0,248
2022-04-05,American,N909XX,1003,LAX,CityName,State,BOS,CityName,State,0,0,-1,0,0,,258,178,0,0,0,0,0
2022-04-05,United,N772XX,1916,MIA,CityName,State,DEN,CityName,State,0,0,0,0,1,A,144,2166,0,0,0,0,0
2022-04-05,Delta,N802XX,3654,LAX,CityName,State,DFW,CityName,State,15,1,5,0,0,,180,1707,0,0,0,0,0
2022-04-05,JetBlue,N390XX,3830,SEA,CityName,State,SFO,CityName,State,0,0,10,0,0,,212,1534,0,0,0,0,0
2022-04-05,Southwest,N433XX,2528,SEA,CityName,State,ORD,CityName,State,0,0,1,0,0,,263,1622,0,0,0,0,0
2022-04-05,Southwest,N642XX,8665,SEA,CityName,State,SFO,CityName,State,0,0,-1,0,0,,59,2601,0,0,0,0,0
2022-04-05,Southwest,N571XX,5428,MIA,CityName,State,LAX,CityName,State,0,0,0,0,0,,216,1697,0,0,0,0,0
2022-04-05,American,N141XX,5730,SFO,CityName,State,MIA,CityName,State,0,0,5,0,0,,332,537,0,0,0,0,0
2022-04-05,American,N554XX,8979,JFK,CityName,State,SEA,CityName,State,0,0,8,0,0,,336,1203,0,0,0,0,0
2022-04-05,JetBlue,N646XX,4227,BOS,CityName,State,ATL,CityName,State,0,0,2,0,0,,206,1348,0,0,0,0,0
2022-04-05,Delta,N436XX,7419,ATL,CityName,State,SFO,CityName,State,0,0,-14,0,0,,163,1434,0,0,0,0,0
2022-04-05,JetBlue,N977XX,7161,LAX,CityName,State,SEA,CityName,State,30,1,40,1,0,,254,478,0,0,40,0,0
2022-04-05,JetBlue,N667XX,9715,SEA,CityName,State,SFO,CityName,State,0,0,-8,0,0,,319,2441,0,0,0,0,0
2022-04-05,Delta,N506XX,3925,ORD,CityName,State,ATL,CityName,State,30,1,26,1,0,,124,1927,26,0,0,0,0
2022-04-05,American,N850XX,1775,ORD,CityName,State,LAX,CityName,State,15,1,15,1,0,,242,1125,15,0,0,0,0
2022-04-05,United,N135XX,5468,BOS,CityName,State,SEA,CityName,State,0,0,7,0,0,,93,1053,0,0,0,0,0
2022-04-06,United,N168XX,7781,DFW,CityName,State,JFK,CityName,State,0,0,-3,0,0,,139,1636,0,0,0,0,0
2022-04-06,American,N585XX,7503,LAX,CityName,State,LAX,CityName,State,0,0,-2,0,0,,353,2287,0,0,0,0,0
2022-04-06,Southwest,N883XX,7202,LAX,CityName,State,SEA,CityName,State,0,0,-14,0,0,,355,574,0,0,0,0,0
2022-04-06,JetBlue,N248XX,5860,BOS,CityName,State,ORD,CityName,State,0,0,6,0,0,,134,730,0,0,0,0,0
2022-04-06,United,N829XX,3266,LAX,CityName,State,BOS,CityName,State,0,0,-2,0,0,,344,798,0,0,0,0,0
2022-04-06,JetBlue,N227XX,4544,SEA,CityName,State,ATL,CityName,State,0,0,-3,0,0,,213,886,0,0,0,0,0
2022-04-06,United,N786XX,5555,ATL,CityName,State,LAX,CityName,State,30,1,33,1,0,,180,2168,0,0,0,0,33
2022-04-06,JetBlue,N911XX,3323,JFK,CityName,State,ATL,CityName,State,0,0,2,0,0,,155,712,0,0,0,0,0
2022-04-06,United,N431XX,3723,JFK,CityName,State,MIA,CityName,State,30,1,23,1,0,,341,2356,0,0,23,0,0
2022-04-06,American,N903XX,3615,DFW,CityName,State,ATL,CityName,State,0,0,-11,0,0,,190,2366,0,0,0,0,0
2022-04-06,Southwest,N933XX,9528,SFO,CityName,State,SFO,CityName,State,0,0,-4,0,0,,314,984,0,0,0,0,0
2022-04-06,JetBlue,N639XX,176,BOS,CityName,State,SFO,CityName,State,45,1,39,1,0,,75,2825,39,0,0,0,0
2022-04-07,United,N955XX,9111,BOS,CityName,State,DFW,CityName,State,15,1,6,0,0,,193,2916,0,0,0,0,0
2022-04-07,American,N764XX,5671,DFW,CityName,State,BOS,CityName,State,0,0,-13,0,0,,76,502,0,0,0,0,0
2022-04-07,Southwest,N735XX,797,ORD,CityName,State,MIA,CityName,State,0,0,-3,0,0,,290,556,0,0,0,0,0
2022-04-07,Delta,N300XX,5668,SEA,CityName,State,DEN,CityName,State,0,0,9,0,0,,318,2459,0,0,0,0,0
2022-04-07,JetBlue,N522XX,7449,ATL,CityName,State,DFW,CityName,State,0,0,-11,0,0,,171,1369,0,0,0,0,0
2022-04-07,JetBlue,N504XX,806,ORD,CityName,State,BOS,CityName,State,0,0,-3,0,0,,179,1761,0,0,0,0,0
2022-04-07,Delta,N596XX,389,SEA,CityName,State,JFK,CityName,State,0,0,5,0,0,,153,1955,0,0,0,0,0
2022-04-07,JetBlue,N404XX,6259,ATL,CityName,State,SFO,CityName,State,0,0,1,0,0,,146,1529,0,0,0,0,0
2022-04-07,JetBlue,N950XX,8080,JFK,CityName,State,DFW,CityName,State,45,1,34,1,0,,318,1179,0,0,34,0,0
2022-04-08,American,N386XX,9263,DFW,CityName,State,SEA,CityName,State,0,0,-11,0,0,,68,973,0,0,0,0,0
2022-04-08,Delta,N128XX,1717,SFO,CityName,State,LAX,CityName,State,0,0,8,0,0,,340,2322,0,0,0,0,0
2022-04-08,Southwest,N834XX,7742,JFK,CityName,State,JFK,CityName,State,0,0,-13,0,0,,264,2817,0,0,0,0,0
2022-04-08,JetBlue,N459XX,3234,DEN,CityName,State,DEN,CityName,State,0,0,9,0,0,,287,2633,0,0,0,0,0
2022-04-08,Southwest,N753XX,3084,JFK,CityName,State,SFO,CityName,State,0,0,5,0,0,,79,1287,0,0,0,0,0
2022-04-08,JetBlue,N153XX,1222,MIA,CityName,State,ATL,CityName,State,0,0,4,0,0,,231,1594,0,0,0,0,0
2022-04-08,Southwest,N495XX,5928,SEA,CityName,State,MIA,CityName,State,0,0,-14,0,0,,331,1233,0,0,0,0,0
2022-04-08,United,N244XX,2504,JFK,CityName,State,SEA,CityName,State,0,0,-14,0,0,,180,2198,0,0,0,0,0
2022-04-09,Southwest,N480XX,2192,DEN,CityName,State,LAX,CityName,State,0,0,-3,0,0,,238,2897,0,0,0,0,0
2022-04-09,Delta,N579XX,6349,MIA,CityName,State,ORD,CityName,State,0,0,-6,0,0,,128,1274,0,0,0,0,0
2022-04-09,American,N280XX,6182,JFK,CityName,State,ATL,CityName,State,0,0,6,0,0,,261,2891,0,0,0,0,0
2022-04-09,United,N244XX,8010,LAX,CityName,State,ORD,CityName,State,0,0,-3,0,0,,200,958,0,0,0,0,0
2022-04-09,Delta,N503XX,3386,ATL,CityName,State,ORD,CityName,State,0,0,8,0,0,,324,971,0,0,0,0,0
2022-04-09,Delta,N840XX,7408,JFK,CityName,State,ATL,CityName,State,15,1,13,0,0,,187,532,0,0,0,0,0
2022-04-09,American,N712XX,2698,JFK,CityName,State,SEA,CityName,State,0,0,-11,0,0,,88,1258,0,0,0,0,0
2022-04-09,Delta,N275XX,2560,SEA,CityName,State,DFW,CityName,State,0,0,10,0,0,,319,947,0,0,0,0,0
2022-04-09,United,N570XX,7553,SFO,CityName,State,DFW,CityName,State,15,1,2,0,0,,105,2923,0,0,0,0,0
2022-04-09,United,N626XX,6556,DEN,CityName,State,DFW,CityName,State,0,0,-9,0,0,,336,2607,0,0,0,0,0
2022-04-10,American,N840XX,6449,ORD,CityName,State,DFW,CityName,State,15,1,25,1,0,,251,862,0,0,0,0,25
2022-04-10,United,N110XX,5552,ORD,CityName,State,BOS,CityName,State,0,0,9,0,0,,331,391,0,0,0,0,0
2022-04-10,Southwest,N405XX,3268,BOS,CityName,State,ATL,CityName,State,0,0,9,0,0,,94,413,0,0,0,0,0
2022-04-10,American,N455XX,5901,DEN,CityName,State,JFK,CityName,State,0,0,-4,0,0,,303,1855,0,0,0,0,0
2022-04-10,Southwest,N306XX,2804,ORD,CityName,State,DFW,CityName,State,0,0,-3,0,0,,141,372,0,0,0,0,0
2022-04-10,United,N621XX,5618,JFK,CityName,State,ORD,CityName,State,120,1,127,1,0,,295,761,127,0,0,0,0
2022-04-10,United,N585XX,9888,ATL,CityName,State,ATL,CityName,State,0,0,2,0,0,,137,2886,0,0,0,0,0
2022-04-10,Delta,N906XX,5857,DEN,CityName,State,JFK,CityName,State,0,0,-2,0,0,,346,1007,0,0,0,0,0
2022-04-10,Southwest,N857XX,3468,LAX,CityName,State,DFW,CityName,State,0,0,9,0,0,,141,2607,0,0,0,0,0
2022-04-10,JetBlue,N797XX,1237,DFW,CityName,State,SEA,CityName,State,0,0,-11,0,0,,162,1847,0,0,0,0,0
2022-04-10,American,N408XX,7899,DEN,CityName,State,SFO,CityName,State,0,0,0,0,0,,222,2474,0,0,0,0,0
2022-04-10,American,N650XX,8140,SEA,CityName,State,DFW,CityName,State,15,1,13,0,0,,233,2166,0,0,0,0,0
2022-04-10,United,N663XX,6348,LAX,CityName,State,DFW,CityName,State,0,0,-3,0,0,,185,251,0,0,0,0,0
2022-04-10,Southwest,N738XX,6439,LAX,CityName,State,SFO,CityName,State,0,0,9,0,0,,283,2334,0,0,0,0,0
2022-04-10,Delta,N799XX,6150,LAX,CityName,State,DEN,CityName,State,0,0,-11,0,0,,245,2474,0,0,0,0,0
2022-04-10,United,N957XX,5940,SEA,CityName,State,DEN,CityName,State,0,0,1,0,0,,296,325,0,0,0,0,0
2022-04-10,American,N891XX,1913,MIA,CityName,State,ATL,CityName,State,45,1,37,1,0,,218,1024,0,37,0,0,0
2022-04-10,Southwest,N399XX,4205,ORD,CityName,State,DFW,CityName,State,0,0,9,0,0,,150,1356,0,0,0,0,0
2022-04-10,Delta,N886XX,4502,JFK,CityName,State,ORD,CityName,State,0,0,-8,0,0,,62,2060,0,0,0,0,0
2022-04-11,United,N723XX,401,DFW,CityName,State,SFO,CityName,State,30,1,40,1,0,,305,2210,40,0,0,0,0
2022-04-11,Southwest,N783XX,7052,DFW,CityName,State,BOS,CityName,State,0,0,7,0,0,,61,682,0,0,0,0,0
2022-04-11,United,N841XX,8510,ATL,CityName,State,DEN,CityName,State,0,0,-2,0,0,,168,2522,0,0,0,0,0
2022-04-11,Southwest,N860XX,3241,MIA,CityName,State,MIA,CityName,State,15,1,10,0,0,,231,1570,0,0,0,0,0
2022-04-11,Delta,N430XX,6856,JFK,CityName,State,JFK,CityName,State,0,0,0,0,0,,211,2617,0,0,0,0,0
2022-04-11,Southwest,N887XX,8154,SFO,CityName,State,DFW,CityName,State,0,0,-2,0,0,,148,639,0,0,0,0,0
2022-04-11,JetBlue,N981XX,2468,DFW,CityName,State,ATL,CityName,State,15,1,22,1,0,,157,437,22,0,0,0,0
2022-04-11,United,N571XX,8384,BOS,CityName,State,ORD,CityName,State,0,0,9,0,0,,86,2284,0,0,0,0,0
2022-04-11,Southwest,N860XX,7782,MIA,CityName,State,LAX,CityName,State,15,1,2,0,0,,290,1420,0,0,0,0,0
2022-04-11,Delta,N354XX,3774,ATL,CityName,State,ORD,CityName,State,0,0,2,0,0,,347,2954,0,0,0,0,0
2022-04-11,JetBlue,N106XX,3732,ORD,CityName,State,DFW,CityName,State,0,0,-13,0,0,,338,782,0,0,0,0,0
2022-04-12,JetBlue,N451XX,1288,SEA,CityName,State,SFO,CityName,State,0,0,8,0,0,,144,2093,0,0,0,0,0
2022-04-12,Southwest,N529XX,4796,LAX,CityName,State,SEA,CityName,State,0,0,-4,0,0,,139,2500,0,0,0,0,0
2022-04-12,American,N588XX,2774,SFO,CityName,State,MIA,CityName,State,0,0,-11,0,0,,129,1405,0,0,0,0,0
2022-04-12,Delta,N118XX,2568,ORD,CityName,State,ATL,CityName,State,0,0,2,0,0,,351,924,0,0,0,0,0
2022-04-12,Delta,N104XX,7119,SFO,CityName,State,ORD,CityName,State,30,1,19,1,0,,296,1969,19,0,0,0,0
2022-04-12,Southwest,N921XX,4158,LAX,CityName,State,BOS,CityName,State,0,0,-13,0,0,,291,2053,0,0,0,0,0
2022-04-12,Southwest,N736XX,4777,ORD,CityName,State,BOS,CityName,State,0,0,3,0,0,,251,2671,0,0,0,0,0
2022-04-12,Southwest,N351XX,881,SFO,CityName,State,JFK,CityName,State,0,0,1,0,0,,162,2678,0,0,0,0,0
2022-04-13,JetBlue,N719XX,9232,JFK,CityName,State,BOS,CityName,State,0,0,2,0,0,,54,1229,0,0,0,0,0
2022-04-13,Delta,N656XX,5454,BOS,CityName,State,SFO,CityName,State,0,0,-8,0,0,,138,2598,0,0,0,0,0
2022-04-13,American,N850XX,4770,SEA,CityName,State,DEN,CityName,State,0,0,9,0,0,,56,2626,0,0,0,0,0
2022-04-13,American,N625XX,4104,MIA,CityName,State,DEN,CityName,State,0,0,10,0,0,,259,362,0,0,0,0,0
2022-04-13,Delta,N236XX,2002,DEN,CityName,State,JFK,CityName,State,0,0,7,0,0,,188,1548,0,0,0,0,0
2022-04-13,American,N388XX,1397,SFO,CityName,State,DFW,CityName,State,120,1,115,1,0,,320,1067,0,115,0,0,0
2022-04-13,American,N895XX,1144,JFK,CityName,State,MIA,CityName,State,0,0,3,0,0,,158,279,0,0,0,0,0
2022-04-13,American,N852XX,5813,MIA,CityName,State,BOS,CityName,State,0,0,-1,0,0,,128,2792,0,0,0,0,0
2022-04-13,American,N392XX,7560,SFO,CityName,State,DEN,CityName,State,15,1,3,0,0,,200,362,0,0,0,0,0
2022-04-13,Delta,N293XX,1926,BOS,CityName,State,LAX,CityName,State,15,1,17,1,0,,88,512,0,0,17,0,0
2022-04-13,Southwest,N680XX,6736,SFO,CityName,State,ORD,CityName,State,30,1,30,1,0,,194,2649,30,0,0,0,0
2022-04-13,Delta,N693XX,5081,JFK,CityName,State,DFW,CityName,State,0,0,-4,0,0,,355,457,0,0,0,0,0
2022-04-13,Southwest,N882XX,4490,ORD,CityName,State,SFO,CityName,State,0,0,-10,0,0,,121,2279,0,0,0,0,0
2022-04-13,Southwest,N140XX,1391,ATL,CityName,State,LAX,CityName,State,0,0,-4,0,0,,98,214,0,0,0,0,0
2022-04-13,Delta,N319XX,1199,BOS,CityName,State,SEA,CityName,State,0,0,-8,0,0,,306,547,0,0,0,0,0
2022-04-13,Southwest,N910XX,4059,DFW,CityName,State,DFW,CityName,State,0,0,-13,0,0,,164,2135,0,0,0,0,0
2022-04-13,Delta,N576XX,6522,BOS,CityName,State,ORD,CityName,State,0,0,-11,0,0,,209,1747,0,0,0,0,0
2022-04-14,United,N109XX,3706,DEN,CityName,State,DFW,CityName,State,0,0,7,0,0,,323,2078,0,0,0,0,0
2022-04-14,United,N928XX,5368,MIA,CityName,State,DEN,CityName,State,0,0,-8,0,0,,187,385,0,0,0,0,0
2022-04-14,JetBlue,N467XX,9987,LAX,CityName,State,JFK,CityName,State,45,1,49,1,0,,86,573,0,0,49,0,0
2022-04-14,Southwest,N269XX,2677,DFW,CityName,State,ATL,CityName,State,45,1,33,1,0,,215,217,0,33,0,0,0
2022-04-14,American,N943XX,8142,DEN,CityName,State,BOS,CityName,State,0,0,7,0,0,,54,2046,0,0,0,0,0
2022-04-14,Southwest,N905XX,142,ATL,CityName,State,DFW,CityName,State,0,0,3,0,0,,109,2611,0,0,0,0,0
2022-04-14,United,N206XX,1852,ORD,CityName,State,ATL,CityName,State,0,0,0,0,1,A,89,1381,0,0,0,0,0
2022-04-14,United,N950XX,7495,ATL,CityName,State,ATL,CityName,State,15,1,2,0,0,,272,1220,0,0,0,0,0
2022-04-14,Delta,N593XX,9193,ATL,CityName,State,SFO,CityName,State,0,0,5,0,0,,290,2018,0,0,0,0,0
2022-04-14,Delta,N690XX,6227,DEN,CityName,State,MIA,CityName,State,0,0,-8,0,0,,48,983,0,0,0,0,0
2022-04-14,American,N308XX,224,JFK,CityName,State,SFO,CityName,State,240,1,230,1,0,,135,2925,230,0,0,0,0
2022-04-15,Southwest,N728XX,2202,SFO,CityName,State,ATL,CityName,State,0,0,-10,0,0,,87,316,0,0,0,0,0
2022-04-15,JetBlue,N354XX,5084,ORD,CityName,State,LAX,CityName,State,15,1,21,1,0,,78,1322,0,0,21,0,0
2022-04-15,JetBlue,N993XX,402,MIA,CityName,State,MIA,CityName,State,45,1,47,1,0,,280,1076,0,0,47,0,0
2022-04-15,Delta,N961XX,2654,DFW,CityName,State,SFO,CityName,State,0,0,9,0,0,,310,1674,0,0,0,0,0
2022-04-15,United,N473XX,8967,MIA,CityName,State,LAX,CityName,State,0,0,0,0,0,,69,1265,0,0,0,0,0
2022-04-15,United,N393XX,9815,SFO,CityName,State,DFW,CityName,State,0,0,8,0,0,,286,1513,0,0,0,0,0
2022-04-15,Delta,N296XX,9227,DEN,CityName,State,ATL,CityName,State,0,0,4,0,0,,261,1417,0,0,0,0,0
2022-04-15,United,N348XX,4153,ORD,CityName,State,ATL,CityName,State,30,1,36,1,0,,299,2725,0,36,0,0,0
2022-04-15,American,N507XX,1109,SFO,CityName,State,SEA,CityName,State,15,1,13,0,0,,224,2289,0,0,0,0,0
2022-04-15,JetBlue,N303XX,3335,JFK,CityName,State,ATL,CityName,State,0,0,-4,0,0,,71,2192,0,0,0,0,0
2022-04-16,United,N403XX,3448,DEN,CityName,State,DFW,CityName,State,0,0,-8,0,0,,168,506,0,0,0,0,0
2022-04-16,Delta,N315XX,369,ATL,CityName,State,SFO,CityName,State,0,0,7,0,0,,349,680,0,0,0,0,0
2022-04-16,Delta,N230XX,504,ATL,CityName,State,LAX,CityName,State,0,0,9,0,0,,314,1550,0,0,0,0,0
2022-04-16,American,N988XX,2800,SFO,CityName,State,LAX,CityName,State,0,0,9,0,0,,128,1012,0,0,0,0,0
2022-04-16,American,N944XX,8074,LAX,CityName,State,ORD,CityName,State,0,0,5,0,0,,177,1206,0,0,0,0,0
2022-04-16,JetBlue,N667XX,6861,MIA,CityName,State,ATL,CityName,State,15,1,6,0,0,,336,1265,0,0,0,0,0
2022-04-16,Delta,N755XX,3785,MIA,CityName,State,JFK,CityName,State,0,0,3,0,0,,93,2707,0,0,0,0,0
2022-04-16,United,N380XX,2705,JFK,CityName,State,ORD,CityName,State,30,1,23,1,0,,282,1971,23,0,0,0,0
2022-04-16,Southwest,N599XX,7145,SEA,CityName,State,JFK,CityName,State,0,0,-4,0,0,,107,995,0,0,0,0,0
2022-04-16,American,N275XX,6800,JFK,CityName,State,ORD,CityName,State,0,0,-12,0,0,,155,2571,0,0,0,0,0
2022-04-16,Southwest,N596XX,542,DFW,CityName,State,DEN,CityName,State,45,1,39,1,0,,316,2649,39,0,0,0,0
2022-04-16,United,N890XX,528,ORD,CityName,State,LAX,CityName,State,0,0,-9,0,0,,275,2320,0,0,0,0,0
2022-04-16,American,N851XX,9696,LAX,CityName,State,MIA,CityName,State,0,0,10,0,0,,138,2622,0,0,0,0,0
2022-04-16,JetBlue,N265XX,1780,ATL,CityName,State,LAX,CityName,State,0,0,-8,0,0,,47,207,0,0,0,0,0
2022-04-16,Delta,N222XX,8642,BOS,CityName,State,DFW,CityName,State,15,1,7,0,0,,241,2488,0,0,0,0,0
2022-04-16,American,N822XX,4521,ATL,CityName,State,LAX,CityName,State,0,0,8,0,0,,131,1747,0,0,0,0,0
2022-04-16,Southwest,N225XX,4050,ATL,CityName,State,ORD,CityName,State,0,0,-6,0,0,,174,945,0,0,0,0,0
2022-04-17,JetBlue,N307XX,4547,SEA,CityName,State,ATL,CityName,State,15,1,17,1,0,,93,2587,17,0,0,0,0
2022-04-17,United,N540XX,7642,DEN,CityName,State,SEA,CityName,State,15,1,15,1,0,,126,2661,0,0,15,0,0
2022-04-17,United,N311XX,9787,JFK,CityName,State,SFO,CityName,State,0,0,0,0,0,,69,1548,0,0,0,0,0
2022-04-17,American,N734XX,7167,DFW,CityName,State,JFK,CityName,State,0,0,-6,0,0,,221,1291,0,0,0,0,0
2022-04-17,Delta,N698XX,8258,DEN,CityName,State,SEA,CityName,State,0,0,-5,0,0,,267,1422,0,0,0,0,0
2022-04-17,Delta,N535XX,3988,ORD,CityName,State,ORD,CityName,State,15,1,11,0,0,,130,1431,0,0,0,0,0
2022-04-17,JetBlue,N504XX,3793,SFO,CityName,State,ORD,CityName,State,0,0,0,0,0,,237,1429,0,0,0,0,0
2022-04-17,Southwest,N373XX,4389,BOS,CityName,State,SFO,CityName,State,0,0,-2,0,0,,213,2110,0,0,0,0,0
2022-04-17,Delta,N353XX,4452,DEN,CityName,State,DEN,CityName,State,0,0,-11,0,0,,148,924,0,0,0,0,0
2022-04-17,United,N409XX,1693,ORD,CityName,State,SEA,CityName,State,15,1,9,0,0,,272,745,0,0,0,0,0
2022-04-17,Southwest,N436XX,303,LAX,CityName,State,JFK,CityName,State,0,0,-12,0,0,,76,1846,0,0,0,0,0
2022-04-17,Southwest,N955XX,3809,SFO,CityName,State,SFO,CityName,State,0,0,-2,0,0,,72,835,0,0,0,0,0
2022-04-17,United,N248XX,5719,ATL,CityName,State,DEN,CityName,State,0,0,-8,0,0,,333,1360,0,0,0,0,0
2022-04-17,Southwest,N589XX,2503,DFW,CityName,State,SEA,CityName,State,0,0,-6,0,0,,308,721,0,0,0,0,0
2022-04-17,Delta,N424XX,3995,DEN,CityName,State,BOS,CityName,State,0,0,-7,0,0,,322,1347,0,0,0,0,0
2022-04-17,United,N823XX,3056,SEA,CityName,State,ORD,CityName,State,15,1,16,1,0,,168,2839,0,0,0,0,16
2022-04-18,Southwest,N886XX,1888,ATL,CityName,State,BOS,CityName,State,0,0,3,0,0,,232,2226,0,0,0,0,0
2022-04-18,Southwest,N223XX,6305,JFK,CityName,State,MIA,CityName,State,0,0,3,0,0,,345,635,0,0,0,0,0
2022-04-18,Delta,N762XX,8580,DEN,CityName,State,SFO,CityName,State,0,0,8,0,0,,330,548,0,0,0,0,0
2022-04-18,Southwest,N240XX,5094,SEA,CityName,State,JFK,CityName,State,0,0,-13,0,0,,278,2257,0,0,0,0,0
2022-04-18,United,N842XX,7734,BOS,CityName,State,LAX,CityName,State,0,0,3,0,0,,141,2189,0,0,0,0,0
2022-04-18,United,N124XX,9246,ORD,CityName,State,SFO,CityName,State,0,0,6,0,0,,54,2484,0,0,0,0,0
2022-04-18,Southwest,N751XX,4527,ORD,CityName,State,BOS,CityName,State,0,0,8,0,0,,188,2912,0,0,0,0,0
2022-04-18,United,N683XX,505,SEA,CityName,State,BOS,CityName,State,0,0,-1,0,0,,65,2878,0,0,0,0,0
2022-04-18,United,N862XX,7949,BOS,CityName,State,MIA,CityName,State,0,0,8,0,0,,251,1115,0,0,0,0,0
2022-04-18,American,N257XX,698,SEA,CityName,State,JFK,CityName,State,0,0,9,0,0,,85,2591,0,0,0,0,0
2022-04-18,JetBlue,N704XX,7417,LAX,CityName,State,ORD,CityName,State,0,0,-7,0,0,,269,1957,0,0,0,0,0
2022-04-18,United,N759XX,3375,SEA,CityName,State,SFO,CityName,State,240,1,226,1,0,,303,2891,0,0,226,0,0
2022-04-18,Southwest,N310XX,1069,JFK,CityName,State,SEA,CityName,State,15,1,8,0,0,,254,1249,0,0,0,0,0
2022-04-18,Delta,N653XX,7641,JFK,CityName,State,SEA,CityName,State,0,0,-4,0,0,,264,1838,0,0,0,0,0
2022-04-18,JetBlue,N717XX,7540,ORD,CityName,State,BOS,CityName,State,60,1,69,1,0,,65,2262,0,69,0,0,0
2022-04-19,American,N168XX,1851,LAX,CityName,State,ATL,CityName,State,45,1,33,1,0,,62,2688,0,0,0,0,33
2022-04-19,JetBlue,N864XX,7355,SEA,CityName,State,LAX,CityName,State,0,0,9,0,0,,270,1392,0,0,0,0,0
2022-04-19,JetBlue,N410XX,1090,ORD,CityName,State,SFO,CityName,State,60,1,54,1,0,,222,2454,54,0,0,0,0
2022-04-19,Southwest,N864XX,7458,DEN,CityName,State,DFW,CityName,State,0,0,-5,0,0,,133,2691,0,0,0,0,0
2022-04-19,JetBlue,N794XX,8422,MIA,CityName,State,JFK,CityName,State,0,0,9,0,0,,211,422,0,0,0,0,0
2022-04-19,United,N643XX,2543,DEN,CityName,State,ORD,CityName,State,0,0,0,0,0,,96,1972,0,0,0,0,0
2022-04-19,Delta,N464XX,957,SFO,CityName,State,MIA,CityName,State,0,0,-4,0,0,,161,228,0,0,0,0,0
2022-04-19,Delta,N270XX,1372,LAX,CityName,State,LAX,CityName,State,0,0,-5,0,0,,123,2829,0,0,0,0,0
2022-04-19,American,N740XX,7552,SFO,CityName,State,DFW,CityName,State,0,0,-2,0,0,,270,1176,0,0,0,0,0
2022-04-19,Delta,N183XX,6958,ATL,CityName,State,MIA,CityName,State,0,0,4,0,0,,297,1210,0,0,0,0,0
2022-04-20,Delta,N807XX,5914,JFK,CityName,State,DEN,CityName,State,0,0,1,0,0,,351,2419,0,0,0,0,0
2022-04-20,American,N720XX,8763,ATL,CityName,State,LAX,CityName,State,0,0,-7,0,0,,346,1223,0,0,0,0,0
2022-04-20,Delta,N779XX,261,LAX,CityName,State,ATL,CityName,State,0,0,-12,0,0,,312,471,0,0,0,0,0
2022-04-20,American,N909XX,1149,ORD,CityName,State,ATL,CityName,State,30,1,40,1,0,,265,663,0,40,0,0,0
2022-04-20,Delta,N598XX,4388,DEN,CityName,State,ATL,CityName,State,0,0,-13,0,0,,228,986,0,0,0,0,0
2022-04-20,Delta,N141XX,2961,MIA,CityName,State,SFO,CityName,State,0,0,-4,0,0,,331,1722,0,0,0,0,0
2022-04-20,JetBlue,N686XX,4544,SEA,CityName,State,LAX,CityName,State,60,1,59,1,0,,342,2889,59,0,0,0,0
2022-04-20,American,N221XX,7247,LAX,CityName,State,BOS,CityName,State,0,0,-5,0,0,,187,1948,0,0,0,0,0
2022-04-20,United,N601XX,1481,ORD,CityName,State,SEA,CityName,State,15,1,15,1,0,,71,1419,0,0,0,0,15
2022-04-20,JetBlue,N319XX,1245,BOS,CityName,State,SFO,CityName,State,0,0,10,0,0,,147,892,0,0,0,0,0
2022-04-20,Southwest,N895XX,7550,ORD,CityName,State,MIA,CityName,State,0,0,8,0,0,,314,2853,0,0,0,0,0
2022-04-20,JetBlue,N323XX,8444,MIA,CityName,State,JFK,CityName,State,0,0,-12,0,0,,112,2387,0,0,0,0,0
2022-04-20,JetBlue,N884XX,9601,SEA,CityName,State,BOS,CityName,State,0,0,-8,0,0,,294,1742,0,0,0,0,0
2022-04-20,Delta,N112XX,5474,SEA,CityName,State,BOS,CityName,State,60,1,54,1,0,,113,1740,0,0,0,0,54
2022-04-21,United,N683XX,6344,JFK,CityName,State,BOS,CityName,State,0,0,0,0,0,,197,263,0,0,0,0,0
2022-04-21,American,N564XX,3735,MIA,CityName,State,ATL,CityName,State,0,0,9,0,0,,156,2332,0,0,0,0,0
2022-04-21,JetBlue,N732XX,1567,ORD,CityName,State,MIA,CityName,State,0,0,5,0,0,,98,275,0,0,0,0,0
2022-04-21,United,N113XX,6820,SEA,CityName,State,MIA,CityName,State,15,1,6,0,0,,114,1135,0,0,0,0,0
2022-04-21,United,N481XX,409,JFK,CityName,State,MIA,CityName,State,15,1,12,0,0,,178,1665,0,0,0,0,0
2022-04-21,American,N171XX,4940,ATL,CityName,State,SFO,CityName,State,0,0,1,0,0,,208,572,0,0,0,0,0
2022-04-21,JetBlue,N657XX,8624,BOS,CityName,State,SEA,CityName,State,0,0,-5,0,0,,124,280,0,0,0,0,0
2022-04-21,United,N984XX,5687,LAX,CityName,State,JFK,CityName,State,0,0,-10,0,0,,99,2962,0,0,0,0,0
2022-04-21,Delta,N349XX,9666,DFW,CityName,State,SFO,CityName,State,0,0,10,0,0,,316,2580,0,0,0,0,0
2022-04-21,Delta,N923XX,936,DEN,CityName,State,ORD,CityName,State,0,0,7,0,0,,323,331,0,0,0,0,0
2022-04-21,Southwest,N859XX,3156,ORD,CityName,State,JFK,CityName,State,120,1,121,1,0,,282,2344,121,0,0,0,0
2022-04-21,Southwest,N168XX,1733,MIA,CityName,State,DFW,CityName,State,0,0,-4,0,0,,263,819,0,0,0,0,0
2022-04-21,Delta,N567XX,7834,DEN,CityName,State,ORD,CityName,State,0,0,0,0,0,,104,2123,0,0,0,0,0
2022-04-22,American,N422XX,1522,ATL,CityName,State,MIA,CityName,State,0,0,-9,0,0,,291,1427,0,0,0,0,0
2022-04-22,United,N917XX,278,JFK,CityName,State,SFO,CityName,State,0,0,-8,0,0,,105,304,0,0,0,0,0
2022-04-22,United,N379XX,1199,DFW,CityName,State,ATL,CityName,State,0,0,-10,0,0,,116,2071,0,0,0,0,0
2022-04-22,JetBlue,N970XX,7222,ORD,CityName,State,LAX,CityName,State,0,0,10,0,0,,186,707,0,0,0,0,0
2022-04-22,United,N350XX,4858,SEA,CityName,State,ORD,CityName,State,45,1,45,1,0,,104,333,0,0,45,0,0
2022-04-22,Delta,N429XX,3865,JFK,CityName,State,SFO,CityName,State,0,0,-10,0,0,,288,554,0,0,0,0,0
2022-04-22,Delta,N512XX,2881,BOS,CityName,State,DEN,CityName,State,0,0,-10,0,0,,127,1513,0,0,0,0,0
2022-04-22,JetBlue,N384XX,8574,LAX,CityName,State,DFW,CityName,State,0,0,-10,0,0,,170,852,0,0,0,0,0
2022-04-22,Southwest,N235XX,188,BOS,CityName,State,ATL,CityName,State,0,0,10,0,0,,50,2296,0,0,0,0,0
2022-04-22,American,N955XX,4946,ATL,CityName,State,LAX,CityName,State,0,0,10,0,0,,345,616,0,0,0,0,0
2022-04-22,Southwest,N167XX,9657,LAX,CityName,State,DFW,CityName,State,30,1,19,1,0,,151,2268,0,0,19,0,0
2022-04-22,American,N193XX,6361,JFK,CityName,State,BOS,CityName,State,15,1,17,1,0,,263,274,17,0,0,0,0
2022-04-22,JetBlue,N564XX,9722,SEA,CityName,State,ATL,CityName,State,30,1,38,1,0,,315,1552,0,0,38,0,0
2022-04-22,Delta,N275XX,8530,BOS,CityName,State,JFK,CityName,State,45,1,52,1,0,,73,2327,52,0,0,0,0
2022-04-22,Southwest,N558XX,2243,ATL,CityName,State,JFK,CityName,State,0,0,-3,0,0,,278,1387,0,0,0,0,0
2022-04-23,Southwest,N445XX,8823,BOS,CityName,State,SEA,CityName,State,0,0,-5,0,0,,338,2437,0,0,0,0,0
2022-04-23,Delta,N671XX,5473,DFW,CityName,State,DEN,CityName,State,0,0,10,0,0,,311,2369,0,0,0,0,0
2022-04-23,Delta,N358XX,2448,BOS,CityName,State,SFO,CityName,State,0,0,7,0,0,,158,452,0,0,0,0,0
2022-04-23,American,N662XX,3421,MIA,CityName,State,BOS,CityName,State,0,0,-14,0,0,,239,1985,0,0,0,0,0
2022-04-23,American,N523XX,4447,ATL,CityName,State,ORD,CityName,State,30,1,24,1,0,,138,273,0,0,24,0,0
2022-04-23,JetBlue,N716XX,619,DEN,CityName,State,JFK,CityName,State,0,0,-5,0,0,,66,1452,0,0,0,0,0
2022-04-23,Southwest,N458XX,9239,ORD,CityName,State,ORD,CityName,State,0,0,-1,0,0,,156,2552,0,0,0,0,0
2022-04-23,Southwest,N670XX,4879,ATL,CityName,State,SFO,CityName,State,0,0,4,0,0,,205,1387,0,0,0,0,0
2022-04-23,United,N297XX,9988,JFK,CityName,State,JFK,CityName,State,0,0,1,0,0,,155,1407,0,0,0,0,0
2022-04-23,Delta,N886XX,9976,LAX,CityName,State,ATL,CityName,State,0,0,-3,0,0,,326,2614,0,0,0,0,0
2022-04-23,Southwest,N326XX,6003,DEN,CityName,State,SFO,CityName,State,0,0,4,0,0,,188,606,0,0,0,0,0
2022-04-23,Delta,N727XX,6200,ORD,CityName,State,DEN,CityName,State,0,0,10,0,0,,215,816,0,0,0,0,0
2022-04-23,United,N279XX,6010,BOS,CityName,State,LAX,CityName,State,120,1,107,1,0,,292,2756,0,0,0,0,107
2022-04-23,Delta,N592XX,7697,LAX,CityName,State,SEA,CityName,State,0,0,7,0,0,,314,485,0,0,0,0,0
2022-04-23,United,N187XX,6399,ORD,CityName,State,DFW,CityName,State,0,0,6,0,0,,72,390,0,0,0,0,0
2022-04-23,American,N465XX,6630,MIA,CityName,State,LAX,CityName,State,15,1,6,0,0,,126,2022,0,0,0,0,0
2022-04-24,United,N199XX,9458,BOS,CityName,State,LAX,CityName,State,0,0,-6,0,0,,274,2714,0,0,0,0,0
2022-04-24,United,N486XX,442,SEA,CityName,State,BOS,CityName,State,0,0,-7,0,0,,171,728,0,0,0,0,0
2022-04-24,American,N165XX,6531,JFK,CityName,State,BOS,CityName,State,0,0,6,0,0,,241,2339,0,0,0,0,0
2022-04-24,United,N188XX,3896,SFO,CityName,State,LAX,CityName,State,0,0,0,0,1,A,68,1922,0,0,0,0,0
2022-04-24,Delta,N137XX,6868,JFK,CityName,State,ATL,CityName,State,30,1,18,1,0,,256,2903,18,0,0,0,0
2022-04-24,United,N836XX,382,SEA,CityName,State,SEA,CityName,State,0,0,0,0,1,A,286,1300,0,0,0,0,0
2022-04-24,Delta,N444XX,2454,SEA,CityName,State,DFW,CityName,State,45,1,37,1,0,,322,1948,0,37,0,0,0
2022-04-24,United,N888XX,4668,ATL,CityName,State,ATL,CityName,State,0,0,7,0,0,,92,919,0,0,0,0,0
2022-04-24,Southwest,N300XX,6070,ORD,CityName,State,DEN,CityName,State,0,0,-9,0,0,,82,2388,0,0,0,0,0
2022-04-24,United,N737XX,2168,ORD,CityName,State,JFK,CityName,State,0,0,4,0,0,,260,1458,0,0,0,0,0
2022-04-24,American,N839XX,3531,SEA,CityName,State,DEN,CityName,State,0,0,-2,0,0,,136,771,0,0,0,0,0
2022-04-24,JetBlue,N894XX,6383,BOS,CityName,State,ATL,CityName,State,0,0,-6,0,0,,312,1973,0,0,0,0,0
2022-04-24,Southwest,N588XX,9997,ATL,CityName,State,DFW,CityName,State,0,0,7,0,0,,115,725,0,0,0,0,0
2022-04-24,Southwest,N303XX,2746,ATL,CityName,State,MIA,CityName,State,0,0,10,0,0,,204,1264,0,0,0,0,0
2022-04-24,Delta,N262XX,8444,DEN,CityName,State,ORD,CityName,State,0,0,-6,0,0,,72,790,0,0,0,0,0
2022-04-24,JetBlue,N862XX,799,DEN,CityName,State,DEN,CityName,State,0,0,-3,0,0,,168,2453,0,0,0,0,0
2022-04-24,American,N684XX,8244,BOS,CityName,State,JFK,CityName,State,0,0,-3,0,0,,314,2539,0,0,0,0,0
2022-04-24,American,N151XX,2751,DEN,CityName,State,BOS,CityName,State,0,0,2,0,0,,240,1776,0,0,0,0,0
2022-04-25,Delta,N295XX,3397,SFO,CityName,State,SFO,CityName,State,0,0,9,0,0,,299,962,0,0,0,0,0
2022-04-25,United,N157XX,7110,SEA,CityName,State,DEN,CityName,State,15,1,2,0,0,,245,227,0,0,0,0,0
2022-04-25,Southwest,N428XX,1408,SFO,CityName,State,BOS,CityName,State,0,0,-1,0,0,,61,2074,0,0,0,0,0
2022-04-25,Delta,N596XX,3983,MIA,CityName,State,BOS,CityName,State,0,0,-6,0,0,,145,964,0,0,0,0,0
2022-04-25,American,N572XX,8478,DEN,CityName,State,ATL,CityName,State,0,0,5,0,0,,356,741,0,0,0,0,0
2022-04-25,United,N328XX,2643,DFW,CityName,State,DEN,CityName,State,0,0,0,0,0,,113,2772,0,0,0,0,0
2022-04-25,JetBlue,N723XX,5047,MIA,CityName,State,SEA,CityName,State,0,0,-12,0,0,,252,228,0,0,0,0,0
2022-04-25,American,N809XX,3884,ORD,CityName,State,MIA,CityName,State,15,1,21,1,0,,310,1828,21,0,0,0,0
2022-04-25,Southwest,N633XX,5400,ATL,CityName,State,DEN,CityName,State,0,0,9,0,0,,74,2194,0,0,0,0,0
2022-04-25,American,N303XX,9816,BOS,CityName,State,BOS,CityName,State,0,0,-2,0,0,,182,2340,0,0,0,0,0
2022-04-25,Southwest,N837XX,937,SFO,CityName,State,SFO,CityName,State,0,0,-5,0,0,,48,1296,0,0,0,0,0
2022-04-25,American,N684XX,6081,DFW,CityName,State,LAX,CityName,State,0,0,-7,0,0,,277,1820,0,0,0,0,0
2022-04-25,Southwest,N418XX,8481,BOS,CityName,State,MIA,CityName,State,0,0,-11,0,0,,156,467,0,0,0,0,0
2022-04-25,American,N722XX,5189,JFK,CityName,State,ORD,CityName,State,0,0,-6,0,0,,239,1443,0,0,0,0,0
2022-04-26,American,N325XX,3120,BOS,CityName,State,MIA,CityName,State,30,1,27,1,0,,279,2961,0,27,0,0,0
2022-04-26,Southwest,N725XX,4982,BOS,CityName,State,LAX,CityName,State,45,1,49,1,0,,206,2349,0,49,0,0,0
2022-04-26,United,N450XX,9463,SFO,CityName,State,ATL,CityName,State,0,0,10,0,0,,185,2692,0,0,0,0,0
2022-04-26,Delta,N194XX,8102,JFK,CityName,State,JFK,CityName,State,0,0,-9,0,0,,217,1526,0,0,0,0,0
2022-04-26,Southwest,N617XX,5667,JFK,CityName,State,ATL,CityName,State,0,0,-10,0,0,,316,1517,0,0,0,0,0
2022-04-26,JetBlue,N353XX,8690,SFO,CityName,State,JFK,CityName,State,0,0,-7,0,0,,265,877,0,0,0,0,0
2022-04-26,JetBlue,N651XX,2266,SFO,CityName,State,ATL,CityName,State,0,0,5,0,0,,163,2020,0,0,0,0,0
2022-04-26,American,N412XX,1035,ORD,CityName,State,BOS,CityName,State,0,0,5,0,0,,341,400,0,0,0,0,0
2022-04-26,JetBlue,N919XX,2919,MIA,CityName,State,ORD,CityName,State,0,0,3,0,0,,180,1515,0,0,0,0,0
2022-04-26,United,N967XX,8764,ATL,CityName,State,SFO,CityName,State,0,0,7,0,0,,296,2885,0,0,0,0,0
2022-04-26,United,N988XX,9936,ATL,CityName,State,LAX,CityName,State,0,0,0,0,1,A,264,754,0,0,0,0,0
2022-04-26,JetBlue,N494XX,3187,JFK,CityName,State,DEN,CityName,State,60,1,54,1,0,,237,1545,54,0,0,0,0
2022-04-26,United,N577XX,9405,JFK,CityName,State,DFW,CityName,State,0,0,-14,0,0,,51,1748,0,0,0,0,0
2022-04-26,Delta,N908XX,7354,JFK,CityName,State,ORD,CityName,State,120,1,113,1,0,,296,1758,0,113,0,0,0
2022-04-26,Delta,N634XX,2748,DEN,CityName,State,SEA,CityName,State,0,0,10,0,0,,113,1738,0,0,0,0,0
2022-04-26,Southwest,N430XX,391,DFW,CityName,State,LAX,CityName,State,0,0,7,0,0,,54,2462,0,0,0,0,0
2022-04-26,Delta,N901XX,1809,DEN,CityName,State,BOS,CityName,State,0,0,-8,0,0,,168,2187,0,0,0,0,0
2022-04-26,United,N164XX,9596,JFK,CityName,State,DFW,CityName,State,0,0,-7,0,0,,257,2454,0,0,0,0,0
2022-04-27,Delta,N311XX,227,SFO,CityName,State,JFK,CityName,State,0,0,8,0,0,,252,489,0,0,0,0,0
2022-04-27,United,N808XX,9760,DEN,CityName,State,LAX,CityName,State,30,1,27,1,0,,97,719,0,27,0,0,0
2022-04-27,American,N976XX,8528,ATL,CityName,State,ORD,CityName,State,45,1,52,1,0,,193,1431,0,0,52,0,0
2022-04-27,American,N130XX,6560,DEN,CityName,State,DFW,CityName,State,0,0,10,0,0,,226,2884,0,0,0,0,0
2022-04-27,United,N419XX,2052,DEN,CityName,State,JFK,CityName,State,0,0,-12,0,0,,153,2611,0,0,0,0,0
2022-04-27,American,N825XX,4821,LAX,CityName,State,SFO,CityName,State,0,0,-2,0,0,,225,508,0,0,0,0,0
2022-04-27,JetBlue,N252XX,7649,DEN,CityName,State,LAX,CityName,State,120,1,115,1,0,,164,246,0,0,0,0,115
2022-04-27,Delta,N472XX,9584,LAX,CityName,State,DFW,CityName,State,0,0,8,0,0,,65,420,0,0,0,0,0
2022-04-27,Delta,N144XX,2504,ORD,CityName,State,JFK,CityName,State,0,0,0,0,0,,188,967,0,0,0,0,0
2022-04-27,Delta,N194XX,5660,MIA,CityName,State,ATL,CityName,State,0,0,-8,0,0,,264,803,0,0,0,0,0
2022-04-27,American,N419XX,7881,JFK,CityName,State,DEN,CityName,State,0,0,4,0,0,,321,2882,0,0,0,0,0
2022-04-27,American,N442XX,5433,MIA,CityName,State,BOS,CityName,State,0,0,-6,0,0,,209,1362,0,0,0,0,0
2022-04-27,Delta,N653XX,7047,BOS,CityName,State,DFW,CityName,State,0,0,4,0,0,,45,893,0,0,0,0,0
2022-04-27,United,N267XX,6917,JFK,CityName,State,SFO,CityName,State,0,0,5,0,0,,136,595,0,0,0,0,0
2022-04-27,JetBlue,N811XX,6826,ATL,CityName,State,SFO,CityName,State,15,1,25,1,0,,263,2833,0,0,25,0,0
2022-04-27,United,N680XX,3393,JFK,CityName,State,SFO,CityName,State,120,1,109,1,0,,66,1112,109,0,0,0,0
2022-04-28,United,N397XX,6424,LAX,CityName,State,MIA,CityName,State,0,0,9,0,0,,305,1528,0,0,0,0,0
2022-04-28,American,N230XX,5876,SFO,CityName,State,ORD,CityName,State,0,0,7,0,0,,327,2763,0,0,0,0,0
2022-04-28,JetBlue,N275XX,2961,ATL,CityName,State,ATL,CityName,State,30,1,40,1,0,,325,657,0,40,0,0,0
2022-04-28,JetBlue,N500XX,5011,ORD,CityName,State,SEA,CityName,State,0,0,6,0,0,,343,1489,0,0,0,0,0
2022-04-28,Southwest,N615XX,1610,MIA,CityName,State,MIA,CityName,State,120,1,116,1,0,,45,2069,116,0,0,0,0
2022-04-28,American,N313XX,2974,LAX,CityName,State,DEN,CityName,State,0,0,2,0,0,,315,1856,0,0,0,0,0
2022-04-28,Delta,N291XX,7770,DEN,CityName,State,ORD,CityName,State,0,0,5,0,0,,263,2883,0,0,0,0,0
2022-04-28,JetBlue,N815XX,3927,LAX,CityName,State,DEN,CityName,State,0,0,5,0,0,,202,2769,0,0,0,0,0
2022-04-28,JetBlue,N673XX,5509,DFW,CityName,State,ATL,CityName,State,0,0,6,0,0,,274,964,0,0,0,0,0
2022-04-28,American,N889XX,9375,DEN,CityName,State,BOS,CityName,State,0,0,2,0,0,,84,2477,0,0,0,0,0
2022-04-28,American,N904XX,716,ORD,CityName,State,DFW,CityName,State,45,1,49,1,0,,230,2035,0,0,0,0,49
2022-04-28,American,N758XX,7240,BOS,CityName,State,LAX,CityName,State,0,0,-7,0,0,,220,2168,0,0,0,0,0
2022-04-28,Delta,N888XX,7311,ATL,CityName,State,SEA,CityName,State,15,1,1,0,0,,48,1143,0,0,0,0,0
2022-04-28,American,N348XX,4642,DEN,CityName,State,ORD,CityName,State,0,0,-6,0,0,,201,1916,0,0,0,0,0
2022-04-28,American,N243XX,7899,ATL,CityName,State,MIA,CityName,State,30,1,32,1,0,,203,2434,0,0,0,0,32
2022-04-29,Southwest,N110XX,6729,SEA,CityName,State,JFK,CityName,State,0,0,5,0,0,,186,379,0,0,0,0,0
2022-04-29,American,N994XX,9415,LAX,CityName,State,ORD,CityName,State,0,0,-6,0,0,,50,1689,0,0,0,0,0
2022-04-29,JetBlue,N995XX,900,MIA,CityName,State,DFW,CityName,State,0,0,-7,0,0,,308,1667,0,0,0,0,0
2022-04-29,Southwest,N437XX,7470,SEA,CityName,State,DEN,CityName,State,45,1,37,1,0,,191,975,37,0,0,0,0
2022-04-29,American,N794XX,4521,JFK,CityName,State,MIA,CityName,State,0,0,-13,0,0,,234,681,0,0,0,0,0
2022-04-29,United,N541XX,295,ORD,CityName,State,LAX,CityName,State,15,1,11,0,0,,165,2257,0,0,0,0,0
2022-04-29,United,N694XX,6808,ATL,CityName,State,ATL,CityName,State,0,0,-13,0,0,,263,415,0,0,0,0,0
2022-04-29,United,N861XX,1801,ORD,CityName,State,ATL,CityName,State,0,0,5,0,0,,192,1920,0,0,0,0,0
2022-04-29,JetBlue,N841XX,7076,JFK,CityName,State,SEA,CityName,State,0,0,-4,0,0,,111,2841,0,0,0,0,0
2022-04-29,JetBlue,N715XX,6583,ORD,CityName,State,MIA,CityName,State,0,0,-1,0,0,,172,1427,0,0,0,0,0
2022-04-29,Southwest,N223XX,913,BOS,CityName,State,LAX,CityName,State,0,0,-7,0,0,,74,245,0,0,0,0,0
2022-04-29,United,N172XX,8491,SFO,CityName,State,DFW,CityName,State,0,0,3,0,0,,59,2736,0,0,0,0,0
2022-04-30,JetBlue,N567XX,1440,SFO,CityName,State,DEN,CityName,State,30,1,18,1,0,,173,554,0,0,18,0,0
2022-04-30,American,N351XX,7910,MIA,CityName,State,SEA,CityName,State,0,0,8,0,0,,83,280,0,0,0,0,0
2022-04-30,United,N459XX,6683,MIA,CityName,State,ATL,CityName,State,0,0,1,0,0,,83,1620,0,0,0,0,0
2022-04-30,Southwest,N670XX,7116,SFO,CityName,State,DFW,CityName,State,0,0,5,0,0,,100,839,0,0,0,0,0
2022-04-30,Southwest,N341XX,1271,JFK,CityName,State,SFO,CityName,State,0,0,-8,0,0,,140,886,0,0,0,0,0
2022-04-30,Delta,N723XX,1674,LAX,CityName,State,DEN,CityName,State,15,1,23,1,0,,268,764,23,0,0,0,0
2022-04-30,Delta,N335XX,3185,DFW,CityName,State,DEN,CityName,State,0,0,-6,0,0,,255,2970,0,0,0,0,0
2022-04-30,Delta,N292XX,3914,LAX,CityName,State,DEN,CityName,State,0,0,-9,0,0,,54,153,0,0,0,0,0
2022-04-30,Southwest,N804XX,5008,ORD,CityName,State,ATL,CityName,State,30,1,24,1,0,,173,1318,24,0,0,0,0
2022-04-30,United,N794XX,6705,MIA,CityName,State,BOS,CityName,State,0,0,9,0,0,,245,1591,0,0,0,0,0
2022-04-30,Southwest,N325XX,2092,ORD,CityName,State,ATL,CityName,State,0,0,7,0,0,,102,1961,0,0,0,0,0
2022-04-30,American,N799XX,7242,SFO,CityName,State,LAX,CityName,State,120,1,109,1,0,,327,471,109,0,0,0,0
2022-04-30,Southwest,N622XX,8666,DEN,CityName,State,ORD,CityName,State,0,0,-10,0,0,,263,1469,0,0,0,0,0
2022-04-30,United,N454XX,6966,DEN,CityName,State,SFO,CityName,State,15,1,20,1,0,,196,656,0,0,0,0,20
2022-04-30,American,N280XX,4425,JFK,CityName,State,SEA,CityName,State,0,0,8,0,0,,131,1776,0,0,0,0,0
2022-05-01,Delta,N427XX,9181,ORD,CityName,State,SFO,CityName,State,0,0,-7,0,0,,168,253,0,0,0,0,0
2022-05-01,United,N954XX,4866,ATL,CityName,State,DEN,CityName,State,0,0,0,0,0,,110,2600,0,0,0,0,0
2022-05-01,Southwest,N498XX,525,JFK,CityName,State,LAX,CityName,State,0,0,-2,0,0,,273,499,0,0,0,0,0
2022-05-01,JetBlue,N612XX,6372,DEN,CityName,State,DFW,CityName,State,0,0,-10,0,0,,337,1625,0,0,0,0,0
2022-05-01,Delta,N738XX,4056,LAX,CityName,State,ATL,CityName,State,0,0,8,0,0,,332,296,0,0,0,0,0
2022-05-01,Delta,N749XX,7541,ATL,CityName,State,JFK,CityName,State,0,0,-10,0,0,,71,2515,0,0,0,0,0
2022-05-01,American,N175XX,3095,JFK,CityName,State,ORD,CityName,State,0,0,-4,0,0,,126,1446,0,0,0,0,0
2022-05-01,United,N553XX,8015,SEA,CityName,State,LAX,CityName,State,0,0,-10,0,0,,56,1081,0,0,0,0,0
2022-05-01,JetBlue,N655XX,5951,SEA,CityName,State,LAX,CityName,State,0,0,-2,0,0,,52,1069,0,0,0,0,0
2022-05-01,JetBlue,N305XX,7014,BOS,CityName,State,LAX,CityName,State,0,0,10,0,0,,247,1826,0,0,0,0,0
2022-05-01,Southwest,N511XX,5944,DFW,CityName,State,DEN,CityName,State,0,0,1,0,0,,200,924,0,0,0,0,0
2022-05-01,United,N156XX,5800,ATL,CityName,State,ATL,CityName,State,0,0,-4,0,0,,231,660,0,0,0,0,0
2022-05-01,Southwest,N496XX,9396,JFK,CityName,State,BOS,CityName,State,240,1,244,1,0,,217,1688,244,0,0,0,0
2022-05-01,Southwest,N263XX,8778,SEA,CityName,State,BOS,CityName,State,30,1,17,1,0,,47,865,0,17,0,0,0
2022-05-02,American,N614XX,2652,SFO,CityName,State,ATL,CityName,State,0,0,4,0,0,,343,561,0,0,0,0,0
2022-05-02,Southwest,N320XX,9174,JFK,CityName,State,MIA,CityName,State,0,0,4,0,0,,342,338,0,0,0,0,0
2022-05-02,JetBlue,N897XX,8360,ORD,CityName,State,DEN,CityName,State,0,0,-12,0,0,,254,2362,0,0,0,0,0
2022-05-02,United,N273XX,2586,MIA,CityName,State,DFW,CityName,State,0,0,3,0,0,,159,1732,0,0,0,0,0
2022-05-02,JetBlue,N343XX,5492,SFO,CityName,State,DFW,CityName,State,0,0,-11,0,0,,278,2048,0,0,0,0,0
2022-05-02,JetBlue,N466XX,4792,DFW,CityName,State,ORD,CityName,State,0,0,8,0,0,,150,291,0,0,0,0,0
2022-05-02,United,N444XX,8889,ATL,CityName,State,MIA,CityName,State,0,0,7,0,0,,172,197,0,0,0,0,0
2022-05-02,JetBlue,N155XX,1759,SEA,CityName,State,LAX,CityName,State,0,0,5,0,0,,148,2893,0,0,0,0,0
2022-05-02,United,N726XX,3870,LAX,CityName,State,ORD,CityName,State,0,0,8,0,0,,254,1917,0,0,0,0,0
2022-05-02,United,N241XX,6386,DEN,CityName,State,DFW,CityName,State,0,0,-12,0,0,,100,1458,0,0,0,0,0
2022-05-02,Southwest,N277XX,6879,DEN,CityName,State,DFW,CityName,State,0,0,-10,0,0,,104,2661,0,0,0,0,0
2022-05-03,American,N705XX,5630,MIA,CityName,State,LAX,CityName,State,15,1,3,0,0,,123,1410,0,0,0,0,0
2022-05-03,United,N761XX,7400,DEN,CityName,State,DFW,CityName,State,0,0,-14,0,0,,214,332,0,0,0,0,0
2022-05-03,JetBlue,N365XX,9032,ORD,CityName,State,DFW,CityName,State,0,0,8,0,0,,50,2389,0,0,0,0,0
2022-05-03,JetBlue,N444XX,3143,JFK,CityName,State,BOS,CityName,State,0,0,2,0,0,,277,2561,0,0,0,0,0
2022-05-03,American,N174XX,9662,DEN,CityName,State,LAX,CityName,State,0,0,-5,0,0,,204,2189,0,0,0,0,0
2022-05-03,United,N558XX,8653,ATL,CityName,State,DEN,CityName,State,0,0,-10,0,0,,250,1479,0,0,0,0,0
2022-05-03,Delta,N349XX,9930,DFW,CityName,State,BOS,CityName,State,15,1,21,1,0,,332,633,0,21,0,0,0
2022-05-03,United,N889XX,8952,LAX,CityName,State,BOS,CityName,State,0,0,-3,0,0,,83,792,0,0,0,0,0
2022-05-03,JetBlue,N181XX,3907,SFO,CityName,State,BOS,CityName,State,0,0,-12,0,0,,147,1905,0,0,0,0,0
2022-05-03,Delta,N174XX,5792,BOS,CityName,State,MIA,CityName,State,0,0,5,0,0,,190,2360,0,0,0,0,0
2022-05-03,United,N773XX,7812,ATL,CityName,State,MIA,CityName,State,0,0,7,0,0,,119,2594,0,0,0,0,0
2022-05-04,Southwest,N309XX,7579,SFO,CityName,State,LAX,CityName,State,0,0,6,0,0,,295,752,0,0,0,0,0
2022-05-04,United,N875XX,3598,SFO,CityName,State,ATL,CityName,State,0,0,-13,0,0,,265,765,0,0,0,0,0
2022-05-04,JetBlue,N396XX,9775,JFK,CityName,State,BOS,CityName,State,0,0,9,0,0,,67,2507,0,0,0,0,0
2022-05-04,Southwest,N124XX,2828,SFO,CityName,State,MIA,CityName,State,0,0,-7,0,0,,169,1053,0,0,0,0,0
2022-05-04,Southwest,N477XX,4761,DFW,CityName,State,DEN,CityName,State,15,1,2,0,0,,347,2658,0,0,0,0,0
2022-05-04,JetBlue,N820XX,7666,LAX,CityName,State,ATL,CityName,State,15,1,20,1,0,,236,2388,20,0,0,0,0
2022-05-04,Southwest,N398XX,1137,DFW,CityName,State,MIA,CityName,State,0,0,8,0,0,,336,1094,0,0,0,0,0
2022-05-04,Southwest,N678XX,8213,BOS,CityName,State,DFW,CityName,State,0,0,8,0,0,,192,2816,0,0,0,0,0
2022-05-04,United,N569XX,1270,SFO,CityName,State,BOS,CityName,State,0,0,-13,0,0,,176,2269,0,0,0,0,0
2022-05-04,United,N796XX,3303,DEN,CityName,State,ATL,CityName,State,0,0,-9,0,0,,207,1062,0,0,0,0,0
2022-05-04,JetBlue,N564XX,9398,SFO,CityName,State,JFK,CityName,State,0,0,-3,0,0,,320,850,0,0,0,0,0
2022-05-04,United,N790XX,9618,SEA,CityName,State,JFK,CityName,State,120,1,118,1,0,,234,479,118,0,0,0,0
2022-05-04,Delta,N327XX,3129,JFK,CityName,State,DFW,CityName,State,15,1,23,1,0,,80,308,0,0,0,0,23
2022-05-04,United,N426XX,7406,JFK,CityName,State,DEN,CityName,State,0,0,-1,0,0,,246,2136,0,0,0,0,0
2022-05-04,Southwest,N954XX,8007,ATL,CityName,State,ATL,CityName,State,0,0,0,0,0,,331,1630,0,0,0,0,0
2022-05-04,Southwest,N134XX,1101,JFK,CityName,State,DEN,CityName,State,0,0,-5,0,0,,339,1185,0,0,0,0,0
2022-05-04,United,N267XX,7941,DEN,CityName,State,BOS,CityName,State,0,0,-10,0,0,,278,2362,0,0,0,0,0
2022-05-05,JetBlue,N651XX,2368,BOS,CityName,State,DFW,CityName,State,0,0,0,0,0,,173,2356,0,0,0,0,0
2022-05-05,Delta,N638XX,3744,ORD,CityName,State,JFK,CityName,State,0,0,-9,0,0,,83,2277,0,0,0,0,0
2022-05-05,United,N268XX,5041,LAX,CityName,State,DFW,CityName,State,0,0,-3,0,0,,200,1292,0,0,0,0,0
2022-05-05,JetBlue,N913XX,3014,JFK,CityName,State,DFW,CityName,State,15,1,8,0,0,,79,469,0,0,0,0,0
2022-05-05,United,N910XX,1257,ATL,CityName,State,MIA,CityName,State,0,0,2,0,0,,280,222,0,0,0,0,0
2022-05-05,American,N793XX,2812,ORD,CityName,State,ATL,CityName,State,15,1,2,0,0,,230,1153,0,0,0,0,0
2022-05-05,Delta,N236XX,4237,SFO,CityName,State,ATL,CityName,State,0,0,-2,0,0,,152,2467,0,0,0,0,0
2022-05-05,United,N770XX,6942,DFW,CityName,State,JFK,CityName,State,15,1,24,1,0,,240,1514,0,24,0,0,0
2022-05-05,United,N671XX,1180,DFW,CityName,State,ORD,CityName,State,15,1,17,1,0,,172,1952,0,17,0,0,0
2022-05-05,Southwest,N785XX,5721,BOS,CityName,State,BOS,CityName,State,0,0,0,0,1,A,357,1858,0,0,0,0,0
2022-05-05,Delta,N423XX,6612,SFO,CityName,State,DFW,CityName,State,0,0,-1,0,0,,243,2661,0,0,0,0,0
2022-05-06,American,N639XX,3512,ORD,CityName,State,JFK,CityName,State,0,0,-6,0,0,,58,1816,0,0,0,0,0
2022-05-06,United,N282XX,2725,LAX,CityName,State,BOS,CityName,State,0,0,-9,0,0,,358,2722,0,0,0,0,0
2022-05-06,JetBlue,N486XX,2693,BOS,CityName,State,ATL,CityName,State,0,0,-3,0,0,,191,1751,0,0,0,0,0
2022-05-06,JetBlue,N818XX,7845,DEN,CityName,State,ATL,CityName,State,30,1,20,1,0,,110,1982,0,0,20,0,0
2022-05-06,Southwest,N627XX,9155,ATL,CityName,State,SFO,CityName,State,60,1,53,1,0,,290,1081,0,0,53,0,0
2022-05-06,American,N435XX,4835,BOS,CityName,State,MIA,CityName,State,0,0,-13,0,0,,157,1992,0,0,0,0,0
2022-05-06,United,N898XX,5254,SFO,CityName,State,LAX,CityName,State,0,0,3,0,0,,236,931,0,0,0,0,0
2022-05-06,Delta,N977XX,5613,JFK,CityName,State,LAX,CityName,State,0,0,3,0,0,,192,723,0,0,0,0,0
2022-05-06,JetBlue,N699XX,655,DFW,CityName,State,ATL,CityName,State,0,0,-14,0,0,,124,1405,0,0,0,0,0
2022-05-06,Southwest,N196XX,3041,DEN,CityName,State,SEA,CityName,State,15,1,18,1,0,,196,1076,18,0,0,0,0
2022-05-06,Delta,N724XX,5914,ORD,CityName,State,ORD,CityName,State,0,0,6,0,0,,335,2721,0,0,0,0,0
2022-05-06,American,N205XX,8053,ATL,CityName,State,ATL,CityName,State,0,0,-2,0,0,,112,2528,0,0,0,0,0
2022-05-06,Delta,N900XX,189,SFO,CityName,State,LAX,CityName,State,0,0,-7,0,0,,47,2936,0,0,0,0,0
2022-05-06,Delta,N976XX,2016,BOS,CityName,State,ORD,CityName,State,0,0,3,0,0,,353,378,0,0,0,0,0
2022-05-06,JetBlue,N158XX,301,SFO,CityName,State,JFK,CityName,State,0,0,-13,0,0,,329,275,0,0,0,0,0
2022-05-06,American,N202XX,7314,MIA,CityName,State,BOS,CityName,State,0,0,3,0,0,,87,2709,0,0,0,0,0
2022-05-07,Southwest,N539XX,625,MIA,CityName,State,ATL,CityName,State,0,0,6,0,0,,130,1523,0,0,0,0,0
2022-05-07,American,N751XX,1430,ATL,CityName,State,JFK,CityName,State,0,0,-3,0,0,,157,1225,0,0,0,0,0
2022-05-07,Southwest,N572XX,6463,DFW,CityName,State,JFK,CityName,State,0,0,6,0,0,,146,2118,0,0,0,0,0
2022-05-07,Delta,N465XX,8241,MIA,CityName,State,ATL,CityName,State,0,0,1,0,0,,60,1778,0,0,0,0,0
2022-05-07,American,N336XX,6205,ATL,CityName,State,ATL,CityName,State,0,0,3,0,0,,208,1399,0,0,0,0,0
2022-05-07,United,N541XX,1918,ATL,CityName,State,ATL,CityName,State,0,0,-5,0,0,,141,2166,0,0,0,0,0
2022-05-07,JetBlue,N575XX,1313,SFO,CityName,State,JFK,CityName,State,0,0,-13,0,0,,224,508,0,0,0,0,0
2022-05-07,United,N830XX,7334,SEA,CityName,State,ATL,CityName,State,30,1,30,1,0,,246,1478,0,0,0,0,30
2022-05-07,American,N590XX,963,DEN,CityName,State,JFK,CityName,State,0,0,4,0,0,,257,787,0,0,0,0,0
2022-05-07,JetBlue,N722XX,780,SFO,CityName,State,SEA,CityName,State,0,0,-7,0,0,,145,2130,0,0,0,0,0
2022-05-07,United,N797XX,5924,DFW,CityName,State,LAX,CityName,State,0,0,-9,0,0,,123,1031,0,0,0,0,0
2022-05-07,United,N110XX,5748,JFK,CityName,State,ORD,CityName,State,0,0,-6,0,0,,233,2477,0,0,0,0,0
2022-05-08,United,N494XX,4212,SEA,CityName,State,SFO,CityName,State,0,0,5,0,0,,169,2859,0,0,0,0,0
2022-05-08,United,N890XX,1572,SFO,CityName,State,DFW,CityName,State,0,0,-10,0,0,,97,2137,0,0,0,0,0
2022-05-08,Delta,N383XX,4950,DEN,CityName,State,JFK,CityName,State,0,0,-2,0,0,,205,984,0,0,0,0,0
2022-05-08,United,N203XX,6810,DEN,CityName,State,ATL,CityName,State,0,0,-3,0,0,,269,1119,0,0,0,0,0
2022-05-08,American,N886XX,7038,JFK,CityName,State,BOS,CityName,State,120,1,116,1,0,,108,1717,0,0,0,0,116
2022-05-08,Southwest,N733XX,9753,BOS,CityName,State,DFW,CityName,State,0,0,-4,0,0,,183,2243,0,0,0,0,0
2022-05-08,Southwest,N613XX,5062,JFK,CityName,State,JFK,CityName,State,0,0,-4,0,0,,316,470,0,0,0,0,0
2022-05-08,Southwest,N826XX,8219,DEN,CityName,State,SEA,CityName,State,0,0,8,0,0,,320,998,0,0,0,0,0
2022-05-08,JetBlue,N996XX,5393,DFW,CityName,State,JFK,CityName,State,0,0,-6,0,0,,205,2878,0,0,0,0,0
2022-05-08,JetBlue,N190XX,7467,DFW,CityName,State,DEN,CityName,State,30,1,39,1,0,,303,2006,0,39,0,0,0
2022-05-08,Delta,N305XX,5817,JFK,CityName,State,JFK,CityName,State,0,0,10,0,0,,124,411,0,0,0,0,0
2022-05-09,Delta,N285XX,1894,ORD,CityName,State,ORD,CityName,State,0,0,-12,0,0,,108,2746,0,0,0,0,0
2022-05-09,American,N413XX,225,JFK,CityName,State,DEN,CityName,State,0,0,-14,0,0,,137,2373,0,0,0,0,0
2022-05-09,American,N155XX,9192,DEN,CityName,State,MIA,CityName,State,0,0,-5,0,0,,285,360,0,0,0,0,0
2022-05-09,Southwest,N667XX,2907,ORD,CityName,State,DFW,CityName,State,0,0,-13,0,0,,221,463,0,0,0,0,0
2022-05-09,Southwest,N851XX,5252,SEA,CityName,State,DFW,CityName,State,0,0,-12,0,0,,131,1636,0,0,0,0,0
2022-05-09,Southwest,N960XX,8452,ATL,CityName,State,SEA,CityName,State,0,0,-11,0,0,,135,2321,0,0,0,0,0
2022-05-09,Southwest,N678XX,3148,ORD,CityName,State,MIA,CityName,State,0,0,10,0,0,,60,1945,0,0,0,0,0
2022-05-09,JetBlue,N504XX,4345,BOS,CityName,State,DEN,CityName,State,0,0,-8,0,0,,350,2271,0,0,0,0,0
2022-05-09,Southwest,N324XX,7515,BOS,CityName,State,DFW,CityName,State,0,0,3,0,0,,102,734,0,0,0,0,0
2022-05-09,Delta,N802XX,4138,ATL,CityName,State,DFW,CityName,State,15,1,19,1,0,,346,1951,19,0,0,0,0
2022-05-09,Delta,N382XX,1292,SFO,CityName,State,DFW,CityName,State,0,0,-3,0,0,,169,854,0,0,0,0,0
2022-05-09,United,N971XX,8653,JFK,CityName,State,DEN,CityName,State,0,0,3,0,0,,262,1613,0,0,0,0,0
2022-05-09,Delta,N289XX,5646,LAX,CityName,State,JFK,CityName,State,0,0,-12,0,0,,234,639,0,0,0,0,0
2022-05-09,Southwest,N773XX,4496,DFW,CityName,State,JFK,CityName,State,0,0,6,0,0,,270,2767,0,0,0,0,0
2022-05-10,Delta,N967XX,3656,MIA,CityName,State,BOS,CityName,State,0,0,-4,0,0,,271,2265,0,0,0,0,0
2022-05-10,JetBlue,N133XX,7037,DFW,CityName,State,BOS,CityName,State,0,0,-2,0,0,,340,654,0,0,0,0,0
2022-05-10,American,N676XX,6903,DFW,CityName,State,SFO,CityName,State,0,0,-3,0,0,,288,667,0,0,0,0,0
2022-05-10,JetBlue,N505XX,1215,MIA,CityName,State,DFW,CityName,State,0,0,-14,0,0,,309,1542,0,0,0,0,0
2022-05-10,Delta,N921XX,5273,SEA,CityName,State,ORD,CityName,State,0,0,-11,0,0,,280,2774,0,0,0,0,0
2022-05-10,Delta,N690XX,9229,JFK,CityName,State,ATL,CityName,State,15,1,25,1,0,,79,1407,25,0,0,0,0
2022-05-10,Southwest,N124XX,7808,JFK,CityName,State,DFW,CityName,State,0,0,-10,0,0,,292,677,0,0,0,0,0
2022-05-10,JetBlue,N321XX,8150,BOS,CityName,State,MIA,CityName,State,15,1,2,0,0,,203,925,0,0,0,0,0
2022-05-10,Delta,N868XX,3715,MIA,CityName,State,SEA,CityName,State,60,1,52,1,0,,232,1370,0,52,0,0,0
2022-05-10,Southwest,N883XX,4293,ATL,CityName,State,DFW,CityName,State,0,0,2,0,0,,53,230,0,0,0,0,0
2022-05-10,Southwest,N468XX,8689,ATL,CityName,State,ATL,CityName,State,0,0,5,0,0,,161,622,0,0,0,0,0
2022-05-10,Delta,N681XX,1394,SEA,CityName,State,ORD,CityName,State,0,0,1,0,0,,186,1745,0,0,0,0,0
2022-05-11,American,N163XX,2328,MIA,CityName,State,LAX,CityName,State,0,0,4,0,0,,333,923,0,0,0,0,0
2022-05-11,American,N939XX,6351,SFO,CityName,State,SEA,CityName,State,0,0,-10,0,0,,253,1144,0,0,0,0,0
2022-05-11,Southwest,N991XX,7863,SFO,CityName,State,MIA,CityName,State,0,0,-8,0,0,,127,685,0,0,0,0,0
2022-05-11,American,N859XX,2348,ORD,CityName,State,ORD,CityName,State,45,1,40,1,0,,229,2074,0,0,40,0,0
2022-05-11,Delta,N977XX,393,LAX,CityName,State,LAX,CityName,State,0,0,6,0,0,,139,2186,0,0,0,0,0
2022-05-11,Southwest,N189XX,8742,DEN,CityName,State,ATL,CityName,State,0,0,-11,0,0,,308,782,0,0,0,0,0
2022-05-11,JetBlue,N506XX,9793,DFW,CityName,State,ORD,CityName,State,0,0,-14,0,0,,280,2633,0,0,0,0,0
2022-05-11,JetBlue,N722XX,5391,ORD,CityName,State,ORD,CityName,State,0,0,-11,0,0,,272,1386,0,0,0,0,0
2022-05-11,American,N745XX,3569,LAX,CityName,State,JFK,CityName,State,0,0,0,0,0,,262,472,0,0,0,0,0
2022-05-11,United,N595XX,1895,ATL,CityName,State,ATL,CityName,State,15,1,7,0,0,,73,2987,0,0,0,0,0
2022-05-11,United,N577XX,3944,ORD,CityName,State,BOS,CityName,State,0,0,10,0,0,,146,1400,0,0,0,0,0
2022-05-12,Southwest,N787XX,2274,LAX,CityName,State,MIA,CityName,State,0,0,-10,0,0,,113,968,0,0,0,0,0
2022-05-12,United,N290XX,7683,DEN,CityName,State,MIA,CityName,State,0,0,-10,0,0,,227,1954,0,0,0,0,0
2022-05-12,United,N167XX,8516,DEN,CityName,State,DFW,CityName,State,0,0,-1,0,0,,218,1699,0,0,0,0,0
2022-05-12,United,N507XX,7139,ORD,CityName,State,ATL,CityName,State,0,0,-1,0,0,,264,2185,0,0,0,0,0
2022-05-12,United,N225XX,5362,SFO,CityName,State,DEN,CityName,State,15,1,13,0,0,,281,1086,0,0,0,0,0
2022-05-12,American,N378XX,4582,JFK,CityName,State,BOS,CityName,State,0,0,-3,0,0,,121,403,0,0,0,0,0
2022-05-12,United,N241XX,2596,DFW,CityName,State,DFW,CityName,State,0,0,9,0,0,,293,1324,0,0,0,0,0
2022-05-12,Southwest,N529XX,1678,BOS,CityName,State,ATL,CityName,State,0,0,0,0,0,,105,2610,0,0,0,0,0
2022-05-12,JetBlue,N303XX,4144,SEA,CityName,State,JFK,CityName,State,0,0,-14,0,0,,269,1278,0,0,0,0,0
2022-05-12,JetBlue,N391XX,5147,SFO,CityName,State,ATL,CityName,State,0,0,-5,0,0,,195,1149,0,0,0,0,0
2022-05-12,Southwest,N167XX,7365,SEA,CityName,State,ATL,CityName,State,60,1,51,1,0,,170,2828,51,0,0,0,0
2022-05-13,Delta,N546XX,2938,SEA,CityName,State,SFO,CityName,State,0,0,-10,0,0,,78,367,0,0,0,0,0
2022-05-13,Delta,N234XX,9388,MIA,CityName,State,DEN,CityName,State,45,1,49,1,0,,346,827,49,0,0,0,0
2022-05-13,United,N866XX,7899,LAX,CityName,State,SEA,CityName,State,15,1,16,1,0,,272,1967,16,0,0,0,0
2022-05-13,JetBlue,N837XX,2487,LAX,CityName,State,SEA,CityName,State,0,0,-2,0,0,,198,1896,0,0,0,0,0
2022-05-13,American,N165XX,4467,SFO,CityName,State,SFO,CityName,State,15,1,1,0,0,,236,1820,0,0,0,0,0
2022-05-13,Southwest,N317XX,6043,JFK,CityName,State,SFO,CityName,State,0,0,-11,0,0,,46,2829,0,0,0,0,0
2022-05-13,United,N543XX,9778,SEA,CityName,State,DEN,CityName,State,15,1,7,0,0,,182,1051,0,0,0,0,0
2022-05-13,American,N578XX,1535,SEA,CityName,State,MIA,CityName,State,0,0,-8,0,0,,237,2269,0,0,0,0,0
2022-05-13,Southwest,N598XX,8005,SFO,CityName,State,LAX,CityName,State,0,0,-11,0,0,,271,955,0,0,0,0,0
2022-05-13,JetBlue,N250XX,4810,SFO,CityName,State,LAX,CityName,State,120,1,115,1,0,,93,2600,0,0,115,0,0
2022-05-13,JetBlue,N212XX,431,ORD,CityName,State,SFO,CityName,State,15,1,12,0,0,,334,2839,0,0,0,0,0
2022-05-13,United,N908XX,9706,BOS,CityName,State,MIA,CityName,State,0,0,-6,0,0,,235,2061,0,0,0,0,0
2022-05-13,JetBlue,N274XX,4994,ATL,CityName,State,DEN,CityName,State,0,0,-11,0,0,,76,2443,0,0,0,0,0
2022-05-13,JetBlue,N352XX,5106,SFO,CityName,State,ATL,CityName,State,0,0,-14,0,0,,279,841,0,0,0,0,0
2022-05-13,JetBlue,N806XX,7579,ORD,CityName,State,DFW,CityName,State,45,1,37,1,0,,174,2129,0,0,37,0,0
2022-05-14,JetBlue,N788XX,5121,ATL,CityName,State,JFK,CityName,State,0,0,0,0,0,,121,2619,0,0,0,0,0
2022-05-14,United,N171XX,7848,MIA,CityName,State,SEA,CityName,State,0,0,-8,0,0,,357,2227,0,0,0,0,0
2022-05-14,American,N334XX,4907,MIA,CityName,State,SFO,CityName,State,0,0,1,0,0,,87,1202,0,0,0,0,0
2022-05-14,United,N905XX,3240,DEN,CityName,State,ORD,CityName,State,0,0,-4,0,0,,349,727,0,0,0,0,0
2022-05-14,United,N464XX,7972,SEA,CityName,State,LAX,CityName,State,0,0,-10,0,0,,116,1244,0,0,0,0,0
2022-05-14,JetBlue,N632XX,1373,DEN,CityName,State,SEA,CityName,State,30,1,21,1,0,,149,1603,0,21,0,0,0
2022-05-14,American,N337XX,8758,SEA,CityName,State,LAX,CityName,State,0,0,6,0,0,,245,1574,0,0,0,0,0
2022-05-14,American,N397XX,8879,SEA,CityName,State,SFO,CityName,State,0,0,0,0,1,A,211,1372,0,0,0,0,0
2022-05-14,United,N826XX,484,SFO,CityName,State,SFO,CityName,State,0,0,-14,0,0,,177,1310,0,0,0,0,0
2022-05-14,JetBlue,N800XX,572,DFW,CityName,State,BOS,CityName,State,0,0,9,0,0,,167,933,0,0,0,0,0
2022-05-14,Delta,N949XX,6908,SFO,CityName,State,LAX,CityName,State,0,0,-4,0,0,,254,2594,0,0,0,0,0
2022-05-14,JetBlue,N103XX,8329,BOS,CityName,State,LAX,CityName,State,0,0,-3,0,0,,283,691,0,0,0,0,0
2022-05-14,Delta,N608XX,4483,DEN,CityName,State,JFK,CityName,State,0,0,-10,0,0,,188,2333,0,0,0,0,0
2022-05-14,American,N196XX,2748,DEN,CityName,State,BOS,CityName,State,30,1,22,1,0,,243,1793,22,0,0,0,0
2022-05-14,American,N467XX,6199,MIA,CityName,State,ORD,CityName,State,0,0,-4,0,0,,114,1969,0,0,0,0,0
2022-05-14,Delta,N514XX,1090,ORD,CityName,State,SFO,CityName,State,60,1,54,1,0,,148,343,54,0,0,0,0
2022-05-14,JetBlue,N243XX,8946,DEN,CityName,State,DFW,CityName,State,0,0,-9,0,0,,254,1790,0,0,0,0,0
2022-05-14,Southwest,N659XX,6088,SFO,CityName,State,LAX,CityName,State,0,0,-7,0,0,,260,1532,0,0,0,0,0
2022-05-14,Southwest,N935XX,7523,ORD,CityName,State,DEN,CityName,State,15,1,7,0,0,,252,338,0,0,0,0,0
2022-05-14,Delta,N153XX,7719,DEN,CityName,State,JFK,CityName,State,0,0,-9,0,0,,143,1059,0,0,0,0,0
2022-05-14,American,N133XX,118,DEN,CityName,State,SEA,CityName,State,0,0,0,0,1,A,262,2471,0,0,0,0,0
2022-05-14,United,N760XX,4054,JFK,CityName,State,BOS,CityName,State,0,0,10,0,0,,136,1835,0,0,0,0,0
2022-05-15,American,N340XX,5219,BOS,CityName,State,LAX,CityName,State,15,1,25,1,0,,70,408,0,0,0,0,25
2022-05-15,Delta,N521XX,7409,SFO,CityName,State,ATL,CityName,State,0,0,-13,0,0,,56,2106,0,0,0,0,0
2022-05-15,American,N368XX,9030,MIA,CityName,State,BOS,CityName,State,0,0,-10,0,0,,296,2070,0,0,0,0,0
2022-05-15,Southwest,N820XX,9309,BOS,CityName,State,MIA,CityName,State,0,0,-9,0,0,,296,2441,0,0,0,0,0
2022-05-15,Delta,N206XX,4323,BOS,CityName,State,SFO,CityName,State,0,0,2,0,0,,303,1756,0,0,0,0,0
2022-05-15,JetBlue,N620XX,8367,SEA,CityName,State,BOS,CityName,State,0,0,5,0,0,,294,2201,0,0,0,0,0
2022-05-15,Southwest,N942XX,773,SEA,CityName,State,BOS,CityName,State,0,0,0,0,0,,94,1696,0,0,0,0,0
2022-05-15,American,N385XX,7298,SFO,CityName,State,JFK,CityName,State,15,1,17,1,0,,289,1752,17,0,0,0,0
2022-05-15,JetBlue,N697XX,2324,LAX,CityName,State,BOS,CityName,State,0,0,10,0,0,,74,577,0,0,0,0,0
2022-05-15,JetBlue,N642XX,1281,MIA,CityName,State,SEA,CityName,State,120,1,109,1,0,,342,1851,109,0,0,0,0
2022-05-15,Delta,N463XX,5748,SEA,CityName,State,LAX,CityName,State,0,0,10,0,0,,65,532,0,0,0,0,0
2022-05-15,Southwest,N913XX,144,DEN,CityName,State,MIA,CityName,State,0,0,1,0,0,,120,1606,0,0,0,0,0
2022-05-15,United,N464XX,9218,SEA,CityName,State,DFW,CityName,State,0,0,1,0,0,,172,425,0,0,0,0,0
2022-05-15,United,N353XX,1772,MIA,CityName,State,ATL,CityName,State,0,0,7,0,0,,299,1764,0,0,0,0,0
2022-05-15,American,N558XX,6602,LAX,CityName,State,DEN,CityName,State,0,0,1,0,0,,72,1225,0,0,0,0,0
2022-05-15,JetBlue,N265XX,7120,ORD,CityName,State,DEN,CityName,State,0,0,1,0,0,,206,2877,0,0,0,0,0
2022-05-15,Delta,N327XX,2799,JFK,CityName,State,JFK,CityName,State,0,0,-13,0,0,,73,1996,0,0,0,0,0
2022-05-16,Delta,N428XX,6458,BOS,CityName,State,SEA,CityName,State,0,0,-14,0,0,,174,571,0,0,0,0,0
2022-05-16,Southwest,N894XX,998,DEN,CityName,State,ATL,CityName,State,0,0,-4,0,0,,243,2893,0,0,0,0,0
2022-05-16,JetBlue,N221XX,6212,SFO,CityName,State,DFW,CityName,State,0,0,5,0,0,,287,2097,0,0,0,0,0
2022-05-16,Southwest,N611XX,4315,SFO,CityName,State,MIA,CityName,State,0,0,-14,0,0,,273,667,0,0,0,0,0
2022-05-16,American,N677XX,3227,LAX,CityName,State,JFK,CityName,State,0,0,8,0,0,,334,252,0,0,0,0,0
2022-05-16,United,N701XX,3599,JFK,CityName,State,ORD,CityName,State,0,0,2,0,0,,235,656,0,0,0,0,0
2022-05-16,Southwest,N614XX,7206,JFK,CityName,State,BOS,CityName,State,45,1,54,1,0,,227,2093,54,0,0,0,0
2022-05-16,United,N926XX,9220,SEA,CityName,State,JFK,CityName,State,0,0,-2,0,0,,291,937,0,0,0,0,0
2022-05-16,United,N694XX,8019,DFW,CityName,State,JFK,CityName,State,0,0,-6,0,0,,114,2329,0,0,0,0,0
2022-05-16,American,N375XX,2484,SFO,CityName,State,SEA,CityName,State,60,1,63,1,0,,335,154,0,63,0,0,0
2022-05-16,JetBlue,N422XX,8214,JFK,CityName,State,BOS,CityName,State,0,0,-13,0,0,,214,2752,0,0,0,0,0
2022-05-16,Southwest,N567XX,1986,ATL,CityName,State,SEA,CityName,State,0,0,-4,0,0,,287,1570,0,0,0,0,0
2022-05-16,JetBlue,N689XX,5089,DFW,CityName,State,DFW,CityName,State,0,0,-1,0,0,,158,1443,0,0,0,0,0
2022-05-16,Delta,N273XX,5298,DEN,CityName,State,ATL,CityName,State,0,0,2,0,0,,203,530,0,0,0,0,0
2022-05-16,Delta,N419XX,4655,SFO,CityName,State,SEA,CityName,State,120,1,125,1,0,,101,2215,0,125,0,0,0
2022-05-16,United,N628XX,2112,DEN,CityName,State,DEN,CityName,State,0,0,0,0,0,,96,1192,0,0,0,0,0
2022-05-16,JetBlue,N287XX,117,SEA,CityName,State,JFK,CityName,State,0,0,3,0,0,,264,1960,0,0,0,0,0
2022-05-16,United,N378XX,148,SEA,CityName,State,SEA,CityName,State,0,0,-9,0,0,,332,427,0,0,0,0,0
2022-05-16,Southwest,N617XX,9626,DFW,CityName,State,DEN,CityName,State,0,0,3,0,0,,178,847,0,0,0,0,0
2022-05-17,Delta,N663XX,5652,ORD,CityName,State,SEA,CityName,State,0,0,7,0,0,,185,213,0,0,0,0,0
2022-05-17,Southwest,N741XX,328,ATL,CityName,State,MIA,CityName,State,0,0,-1,0,0,,176,803,0,0,0,0,0
2022-05-17,Southwest,N779XX,402,JFK,CityName,State,JFK,CityName,State,0,0,-7,0,0,,345,1377,0,0,0,0,0
2022-05-17,Southwest,N502XX,2837,DFW,CityName,State,JFK,CityName,State,0,0,-9,0,0,,296,2881,0,0,0,0,0
2022-05-17,Delta,N410XX,5297,SEA,CityName,State,DFW,CityName,State,0,0,-10,0,0,,262,1221,0,0,0,0,0
2022-05-17,JetBlue,N377XX,8194,BOS,CityName,State,LAX,CityName,State,0,0,-2,0,0,,186,982,0,0,0,0,0
2022-05-17,JetBlue,N810XX,3946,JFK,CityName,State,BOS,CityName,State,0,0,9,0,0,,150,2624,0,0,0,0,0
2022-05-17,Southwest,N233XX,4783,ATL,CityName,State,LAX,CityName,State,60,1,0,0,1,A,298,2815,0,0,0,0,0
2022-05-17,American,N505XX,4750,LAX,CityName,State,SFO,CityName,State,60,1,69,1,0,,238,1393,0,69,0,0,0
2022-05-17,JetBlue,N773XX,1437,DFW,CityName,State,SFO,CityName,State,0,0,-6,0,0,,109,2596,0,0,0,0,0
2022-05-17,United,N334XX,8644,ATL,CityName,State,SEA,CityName,State,0,0,6,0,0,,101,585,0,0,0,0,0
2022-05-17,Southwest,N672XX,333,JFK,CityName,State,ORD,CityName,State,0,0,8,0,0,,69,606,0,0,0,0,0
2022-05-17,Southwest,N981XX,7804,DEN,CityName,State,ORD,CityName,State,0,0,-5,0,0,,46,1521,0,0,0,0,0
2022-05-17,Southwest,N542XX,9614,DEN,CityName,State,SEA,CityName,State,0,0,-11,0,0,,238,1294,0,0,0,0,0
2022-05-17,American,N223XX,8348,MIA,CityName,State,SEA,CityName,State,0,0,5,0,0,,348,2409,0,0,0,0,0
2022-05-17,American,N469XX,9688,JFK,CityName,State,SFO,CityName,State,0,0,-2,0,0,,324,357,0,0,0,0,0
2022-05-17,JetBlue,N352XX,6037,DFW,CityName,State,DFW,CityName,State,0,0,-1,0,0,,189,202,0,0,0,0,0
2022-05-17,American,N313XX,7008,DFW,CityName,State,ATL,CityName,State,0,0,-10,0,0,,221,2862,0,0,0,0,0
2022-05-17,Southwest,N117XX,1124,DFW,CityName,State,MIA,CityName,State,0,0,-4,0,0,,88,1445,0,0,0,0,0
2022-05-18,Southwest,N830XX,6751,MIA,CityName,State,SEA,CityName,State,0,0,0,0,1,A,90,1642,0,0,0,0,0
2022-05-18,Delta,N641XX,8049,LAX,CityName,State,LAX,CityName,State,0,0,-4,0,0,,236,2284,0,0,0,0,0
2022-05-18,American,N206XX,953,LAX,CityName,State,MIA,CityName,State,30,1,20,1,0,,126,746,20,0,0,0,0
2022-05-18,Southwest,N451XX,3438,ATL,CityName,State,SFO,CityName,State,0,0,1,0,0,,159,1812,0,0,0,0,0
2022-05-18,Southwest,N522XX,5334,DFW,CityName,State,JFK,CityName,State,0,0,4,0,0,,201,1967,0,0,0,0,0
2022-05-18,JetBlue,N821XX,2197,MIA,CityName,State,DFW,CityName,State,30,1,25,1,0,,280,1376,25,0,0,0,0
2022-05-18,American,N900XX,6739,SFO,CityName,State,ATL,CityName,State,60,1,51,1,0,,105,2586,51,0,0,0,0
2022-05-18,Southwest,N108XX,6216,MIA,CityName,State,MIA,CityName,State,0,0,-12,0,0,,86,1924,0,0,0,0,0
2022-05-18,Southwest,N741XX,8622,LAX,CityName,State,ATL,CityName,State,0,0,6,0,0,,151,2546,0,0,0,0,0
2022-05-18,Delta,N660XX,8035,DFW,CityName,State,JFK,CityName,State,0,0,6,0,0,,107,902,0,0,0,0,0
2022-05-18,American,N941XX,5043,DFW,CityName,State,ATL,CityName,State,0,0,4,0,0,,336,2875,0,0,0,0,0
2022-05-18,Southwest,N128XX,9133,SEA,CityName,State,BOS,CityName,State,0,0,-4,0,0,,99,1012,0,0,0,0,0
2022-05-18,United,N235XX,1118,BOS,CityName,State,LAX,CityName,State,0,0,3,0,0,,252,591,0,0,0,0,0
2022-05-18,American,N247XX,8046,SEA,CityName,State,ORD,CityName,State,0,0,2,0,0,,134,150,0,0,0,0,0
2022-05-18,United,N133XX,999,DEN,CityName,State,MIA,CityName,State,0,0,8,0,0,,46,2603,0,0,0,0,0
2022-05-18,Delta,N453XX,8343,DEN,CityName,State,SEA,CityName,State,0,0,-2,0,0,,168,1733,0,0,0,0,0
2022-05-19,American,N919XX,7820,DFW,CityName,State,SEA,CityName,State,30,1,39,1,0,,58,569,0,0,39,0,0
2022-05-19,Delta,N404XX,5723,MIA,CityName,State,SEA,CityName,State,0,0,-2,0,0,,228,896,0,0,0,0,0
2022-05-19,American,N700XX,954,BOS,CityName,State,DFW,CityName,State,15,1,1,0,0,,275,2596,0,0,0,0,0
2022-05-19,United,N640XX,6241,LAX,CityName,State,SFO,CityName,State,60,1,67,1,0,,177,2748,0,0,0,0,67
2022-05-19,United,N133XX,2596,MIA,CityName,State,SFO,CityName,State,0,0,3,0,0,,323,2347,0,0,0,0,0
2022-05-19,Southwest,N300XX,6845,DEN,CityName,State,DEN,CityName,State,0,0,-5,0,0,,331,1717,0,0,0,0,0
2022-05-19,Southwest,N762XX,580,ORD,CityName,State,LAX,CityName,State,0,0,6,0,0,,210,593,0,0,0,0,0
2022-05-19,Southwest,N151XX,4555,ORD,CityName,State,LAX,CityName,State,15,1,22,1,0,,325,2190,0,22,0,0,0
2022-05-19,American,N730XX,8210,LAX,CityName,State,ATL,CityName,State,0,0,-8,0,0,,133,1967,0,0,0,0,0
2022-05-19,Delta,N892XX,5156,ORD,CityName,State,LAX,CityName,State,0,0,-7,0,0,,284,1620,0,0,0,0,0
2022-05-19,American,N562XX,3137,DEN,CityName,State,ATL,CityName,State,0,0,3,0,0,,157,859,0,0,0,0,0
2022-05-19,United,N284XX,6673,MIA,CityName,State,BOS,CityName,State,0,0,-1,0,0,,60,828,0,0,0,0,0
2022-05-19,Delta,N797XX,9452,DFW,CityName,State,DFW,CityName,State,15,1,4,0,0,,150,357,0,0,0,0,0
2022-05-19,United,N267XX,8919,DFW,CityName,State,DEN,CityName,State,0,0,6,0,0,,314,1234,0,0,0,0,0
2022-05-19,American,N439XX,9516,SFO,CityName,State,SEA,CityName,State,45,1,53,1,0,,242,244,53,0,0,0,0
2022-05-20,American,N385XX,8020,SFO,CityName,State,DEN,CityName,State,0,0,-11,0,0,,128,1010,0,0,0,0,0
2022-05-20,JetBlue,N109XX,351,JFK,CityName,State,SFO,CityName,State,30,1,22,1,0,,318,2464,0,0,0,0,22
2022-05-20,Southwest,N268XX,8165,DFW,CityName,State,ATL,CityName,State,0,0,-3,0,0,,158,914,0,0,0,0,0
2022-05-20,Southwest,N981XX,9756,DFW,CityName,State,ORD,CityName,State,15,1,9,0,0,,108,813,0,0,0,0,0
2022-05-20,Southwest,N538XX,8484,ATL,CityName,State,LAX,CityName,State,0,0,-3,0,0,,220,2739,0,0,0,0,0
2022-05-20,United,N823XX,9159,BOS,CityName,State,BOS,CityName,State,15,1,23,1,0,,255,1724,0,0,0,0,23
2022-05-20,Southwest,N100XX,1380,BOS,CityName,State,LAX,CityName,State,0,0,-12,0,0,,243,2812,0,0,0,0,0
2022-05-20,United,N929XX,3785,LAX,CityName,State,MIA,CityName,State,0,0,2,0,0,,122,1707,0,0,0,0,0
2022-05-20,Southwest,N967XX,9627,DEN,CityName,State,BOS,CityName,State,0,0,-7,0,0,,151,1075,0,0,0,0,0
2022-05-20,JetBlue,N742XX,7133,ORD,CityName,State,DEN,CityName,State,0,0,-7,0,0,,50,2233,0,0,0,0,0
2022-05-20,American,N627XX,8875,ORD,CityName,State,SEA,CityName,State,0,0,9,0,0,,219,2824,0,0,0,0,0
2022-05-20,American,N290XX,3814,ORD,CityName,State,SFO,CityName,State,30,1,37,1,0,,195,288,0,0,0,0,37
2022-05-20,JetBlue,N758XX,7566,SFO,CityName,State,ORD,CityName,State,0,0,-7,0,0,,245,2156,0,0,0,0,0
2022-05-21,United,N524XX,9722,SEA,CityName,State,SEA,CityName,State,0,0,7,0,0,,88,2336,0,0,0,0,0
2022-05-21,JetBlue,N869XX,3577,DFW,CityName,State,ATL,CityName,State,0,0,3,0,0,,87,369,0,0,0,0,0
2022-05-21,Delta,N280XX,7201,JFK,CityName,State,SFO,CityName,State,0,0,0,0,0,,75,426,0,0,0,0,0
2022-05-21,United,N432XX,3047,ATL,CityName,State,JFK,CityName,State,0,0,-3,0,0,,65,437,0,0,0,0,0
2022-05-21,JetBlue,N146XX,5619,SEA,CityName,State,ATL,CityName,State,0,0,-14,0,0,,115,371,0,0,0,0,0
2022-05-21,American,N528XX,1720,SEA,CityName,State,DEN,CityName,State,0,0,7,0,0,,147,2082,0,0,0,0,0
2022-05-21,Delta,N362XX,5152,LAX,CityName,State,MIA,CityName,State,0,0,4,0,0,,359,1067,0,0,0,0,0
2022-05-21,United,N285XX,9332,DFW,CityName,State,MIA,CityName,State,15,1,11,0,0,,129,1162,0,0,0,0,0
2022-05-21,Southwest,N896XX,9196,DFW,CityName,State,ATL,CityName,State,0,0,-9,0,0,,54,1611,0,0,0,0,0
2022-05-21,Delta,N532XX,2176,ATL,CityName,State,SEA,CityName,State,30,1,22,1,0,,57,2454,0,22,0,0,0
2022-05-21,JetBlue,N389XX,4275,JFK,CityName,State,BOS,CityName,State,0,0,2,0,0,,96,2772,0,0,0,0,0
2022-05-21,Delta,N451XX,647,SFO,CityName,State,ORD,CityName,State,0,0,3,0,0,,324,2428,0,0,0,0,0
2022-05-21,Southwest,N421XX,6986,MIA,CityName,State,SFO,CityName,State,0,0,0,0,0,,261,2406,0,0,0,0,0
2022-05-21,Delta,N395XX,1713,DEN,CityName,State,JFK,CityName,State,15,1,15,1,0,,289,2995,15,0,0,0,0
2022-05-21,JetBlue,N567XX,1506,BOS,CityName,State,DFW,CityName,State,0,0,-1,0,0,,179,587,0,0,0,0,0
2022-05-21,American,N187XX,1079,SFO,CityName,State,ATL,CityName,State,0,0,-2,0,0,,122,373,0,0,0,0,0
2022-05-21,United,N110XX,1005,ORD,CityName,State,BOS,CityName,State,0,0,9,0,0,,68,2164,0,0,0,0,0
2022-05-21,Southwest,N192XX,5765,DFW,CityName,State,ORD,CityName,State,0,0,8,0,0,,348,184,0,0,0,0,0
2022-05-22,Southwest,N552XX,2627,ATL,CityName,State,BOS,CityName,State,15,1,5,0,0,,141,829,0,0,0,0,0
2022-05-22,Southwest,N430XX,1738,SEA,CityName,State,DFW,CityName,State,30,1,17,1,0,,356,1921,0,17,0,0,0
2022-05-22,United,N622XX,1324,SFO,CityName,State,ORD,CityName,State,0,0,-14,0,0,,94,2851,0,0,0,0,0
2022-05-22,United,N595XX,2069,SFO,CityName,State,JFK,CityName,State,0,0,-3,0,0,,151,1265,0,0,0,0,0
2022-05-22,JetBlue,N692XX,7472,SEA,CityName,State,LAX,CityName,State,0,0,-1,0,0,,325,1051,0,0,0,0,0
2022-05-22,JetBlue,N538XX,6840,MIA,CityName,State,BOS,CityName,State,0,0,-11,0,0,,91,1272,0,0,0,0,0
2022-05-22,Southwest,N144XX,9972,LAX,CityName,State,JFK,CityName,State,0,0,6,0,0,,167,162,0,0,0,0,0
2022-05-22,United,N610XX,6824,MIA,CityName,State,BOS,CityName,State,0,0,-8,0,0,,243,2742,0,0,0,0,0
2022-05-22,Delta,N852XX,1620,DEN,CityName,State,SEA,CityName,State,0,0,-14,0,0,,77,720,0,0,0,0,0
2022-05-22,JetBlue,N200XX,4819,DEN,CityName,State,ATL,CityName,State,0,0,-11,0,0,,151,1567,0,0,0,0,0
2022-05-22,United,N134XX,9230,ORD,CityName,State,BOS,CityName,State,0,0,-6,0,0,,101,1879,0,0,0,0,0
2022-05-22,JetBlue,N748XX,5044,DEN,CityName,State,DEN,CityName,State,15,1,23,1,0,,104,1349,0,0,23,0,0
2022-05-22,American,N324XX,7597,DFW,CityName,State,JFK,CityName,State,0,0,-1,0,0,,338,945,0,0,0,0,0
2022-05-22,JetBlue,N778XX,3005,DEN,CityName,State,LAX,CityName,State,0,0,-9,0,0,,70,2400,0,0,0,0,0
2022-05-22,JetBlue,N954XX,6787,ORD,CityName,State,ORD,CityName,State,0,0,6,0,0,,96,2932,0,0,0,0,0
2022-05-22,Southwest,N152XX,4716,LAX,CityName,State,BOS,CityName,State,60,1,46,1,0,,219,2886,46,0,0,0,0
2022-05-22,American,N706XX,697,DEN,CityName,State,ATL,CityName,State,0,0,8,0,0,,71,981,0,0,0,0,0
2022-05-22,United,N588XX,1858,BOS,CityName,State,BOS,CityName,State,15,1,13,0,0,,341,1195,0,0,0,0,0
2022-05-22,Southwest,N414XX,9128,BOS,CityName,State,ATL,CityName,State,0,0,6,0,0,,173,1138,0,0,0,0,0
2022-05-22,American,N651XX,9622,ORD,CityName,State,SFO,CityName,State,0,0,4,0,0,,153,240,0,0,0,0,0
2022-05-22,JetBlue,N796XX,538,BOS,CityName,State,SFO,CityName,State,0,0,0,0,1,A,175,1981,0,0,0,0,0
2022-05-22,JetBlue,N737XX,8534,LAX,CityName,State,SFO,CityName,State,120,1,112,1,0,,283,1492,112,0,0,0,0
2022-05-22,United,N108XX,291,MIA,CityName,State,ORD,CityName,State,0,0,3,0,0,,62,2340,0,0,0,0,0
2022-05-23,American,N131XX,5189,BOS,CityName,State,DEN,CityName,State,30,1,26,1,0,,236,1880,26,0,0,0,0
2022-05-23,American,N529XX,2778,SFO,CityName,State,LAX,CityName,State,0,0,-14,0,0,,288,263,0,0,0,0,0
2022-05-23,United,N326XX,1103,ORD,CityName,State,BOS,CityName,State,30,1,20,1,0,,339,1351,0,0,20,0,0
2022-05-23,Southwest,N134XX,647,ATL,CityName,State,ORD,CityName,State,0,0,-11,0,0,,84,1694,0,0,0,0,0
2022-05-23,American,N140XX,8292,DEN,CityName,State,DFW,CityName,State,0,0,-12,0,0,,205,1222,0,0,0,0,0
2022-05-23,JetBlue,N267XX,9179,MIA,CityName,State,SFO,CityName,State,0,0,-11,0,0,,304,2906,0,0,0,0,0
2022-05-23,Southwest,N900XX,2531,SFO,CityName,State,ORD,CityName,State,0,0,-4,0,0,,109,930,0,0,0,0,0
2022-05-23,Southwest,N540XX,4717,DEN,CityName,State,JFK,CityName,State,0,0,-2,0,0,,215,2809,0,0,0,0,0
2022-05-23,Southwest,N637XX,3761,BOS,CityName,State,SEA,CityName,State,0,0,-4,0,0,,198,1572,0,0,0,0,0
2022-05-23,Southwest,N307XX,9715,DEN,CityName,State,LAX,CityName,State,0,0,-2,0,0,,138,1161,0,0,0,0,0
2022-05-23,JetBlue,N399XX,4350,MIA,CityName,State,SEA,CityName,State,0,0,3,0,0,,287,400,0,0,0,0,0
2022-05-23,JetBlue,N852XX,4193,LAX,CityName,State,BOS,CityName,State,15,1,11,0,0,,335,1831,0,0,0,0,0
2022-05-23,United,N244XX,4122,JFK,CityName,State,MIA,CityName,State,0,0,6,0,0,,133,615,0,0,0,0,0
2022-05-23,American,N931XX,3768,SFO,CityName,State,MIA,CityName,State,0,0,-4,0,0,,190,2131,0,0,0,0,0
2022-05-23,JetBlue,N797XX,1983,LAX,CityName,State,BOS,CityName,State,0,0,-8,0,0,,230,2525,0,0,0,0,0
2022-05-24,American,N819XX,8680,BOS,CityName,State,ORD,CityName,State,0,0,6,0,0,,54,1234,0,0,0,0,0
2022-05-24,American,N608XX,2195,BOS,CityName,State,DEN,CityName,State,0,0,5,0,0,,322,819,0,0,0,0,0
2022-05-24,JetBlue,N595XX,7502,SEA,CityName,State,SFO,CityName,State,0,0,7,0,0,,345,1485,0,0,0,0,0
2022-05-24,United,N843XX,7870,BOS,CityName,State,JFK,CityName,State,15,1,4,0,0,,261,974,0,0,0,0,0
2022-05-24,American,N410XX,2268,SEA,CityName,State,DFW,CityName,State,0,0,-14,0,0,,131,476,0,0,0,0,0
2022-05-24,United,N331XX,8189,BOS,CityName,State,ATL,CityName,State,15,1,15,1,0,,324,2604,0,0,15,0,0
2022-05-24,Delta,N948XX,8793,DFW,CityName,State,DFW,CityName,State,0,0,-10,0,0,,323,2882,0,0,0,0,0
2022-05-24,Delta,N901XX,3103,DEN,CityName,State,ORD,CityName,State,0,0,7,0,0,,294,1560,0,0,0,0,0
2022-05-24,Southwest,N243XX,369,ATL,CityName,State,LAX,CityName,State,0,0,3,0,0,,59,1893,0,0,0,0,0
2022-05-24,Delta,N755XX,509,SEA,CityName,State,DFW,CityName,State,0,0,-13,0,0,,247,1767,0,0,0,0,0
2022-05-24,Southwest,N252XX,811,DEN,CityName,State,SEA,CityName,State,0,0,-14,0,0,,94,1701,0,0,0,0,0
2022-05-24,JetBlue,N199XX,5995,MIA,CityName,State,MIA,CityName,State,0,0,-12,0,0,,212,603,0,0,0,0,0
2022-05-24,JetBlue,N335XX,5843,BOS,CityName,State,SFO,CityName,State,0,0,-3,0,0,,172,2158,0,0,0,0,0
2022-05-25,JetBlue,N676XX,3621,DFW,CityName,State,ORD,CityName,State,0,0,2,0,0,,71,2350,0,0,0,0,0
2022-05-25,JetBlue,N506XX,3731,SFO,CityName,State,ATL,CityName,State,0,0,4,0,0,,136,1777,0,0,0,0,0
2022-05-25,American,N588XX,3222,JFK,CityName,State,BOS,CityName,State,0,0,3,0,0,,110,715,0,0,0,0,0
2022-05-25,Southwest,N200XX,2817,DFW,CityName,State,DEN,CityName,State,15,1,7,0,0,,333,2583,0,0,0,0,0
2022-05-25,JetBlue,N512XX,9933,DEN,CityName,State,JFK,CityName,State,0,0,10,0,0,,263,1152,0,0,0,0,0
2022-05-25,JetBlue,N784XX,1725,LAX,CityName,State,ATL,CityName,State,15,1,20,1,0,,120,897,20,0,0,0,0
2022-05-25,JetBlue,N722XX,1616,DEN,CityName,State,SFO,CityName,State,0,0,6,0,0,,161,202,0,0,0,0,0
2022-05-25,United,N218XX,5140,ATL,CityName,State,ORD,CityName,State,0,0,8,0,0,,181,977,0,0,0,0,0
2022-05-25,United,N418XX,8687,SEA,CityName,State,DEN,CityName,State,0,0,0,0,0,,322,2841,0,0,0,0,0
2022-05-25,American,N481XX,1117,DEN,CityName,State,DEN,CityName,State,0,0,-7,0,0,,332,1658,0,0,0,0,0
2022-05-25,JetBlue,N505XX,1536,DFW,CityName,State,DEN,CityName,State,0,0,-9,0,0,,239,397,0,0,0,0,0
2022-05-25,JetBlue,N435XX,7661,SFO,CityName,State,DEN,CityName,State,0,0,-2,0,0,,221,2410,0,0,0,0,0
2022-05-25,United,N493XX,2249,DEN,CityName,State,ATL,CityName,State,0,0,-12,0,0,,267,805,0,0,0,0,0
2022-05-25,Delta,N410XX,8279,MIA,CityName,State,ORD,CityName,State,0,0,-14,0,0,,130,1399,0,0,0,0,0
2022-05-25,United,N535XX,371,SFO,CityName,State,ATL,CityName,State,0,0,-6,0,0,,239,300,0,0,0,0,0
2022-05-25,Southwest,N394XX,2469,BOS,CityName,State,MIA,CityName,State,0,0,2,0,0,,315,781,0,0,0,0,0
2022-05-25,JetBlue,N284XX,9322,ATL,CityName,State,LAX,CityName,State,30,1,34,1,0,,237,231,34,0,0,0,0
2022-05-26,American,N287XX,2385,SEA,CityName,State,ATL,CityName,State,0,0,-10,0,0,,280,365,0,0,0,0,0
2022-05-26,Delta,N519XX,4897,DFW,CityName,State,MIA,CityName,State,0,0,9,0,0,,270,1622,0,0,0,0,0
2022-05-26,Delta,N449XX,1893,BOS,CityName,State,BOS,CityName,State,0,0,-14,0,0,,68,2859,0,0,0,0,0
2022-05-26,JetBlue,N120XX,7242,JFK,CityName,State,DFW,CityName,State,60,1,67,1,0,,57,2763,67,0,0,0,0
2022-05-26,Southwest,N231XX,9063,ORD,CityName,State,BOS,CityName,State,0,0,4,0,0,,210,2009,0,0,0,0,0
2022-05-26,United,N747XX,2669,ORD,CityName,State,DFW,CityName,State,0,0,-14,0,0,,51,1294,0,0,0,0,0
2022-05-26,American,N261XX,1379,JFK,CityName,State,ATL,CityName,State,0,0,-13,0,0,,87,2251,0,0,0,0,0
2022-05-26,American,N897XX,6418,ORD,CityName,State,DFW,CityName,State,60,1,67,1,0,,237,197,0,0,67,0,0
2022-05-26,JetBlue,N456XX,3775,SFO,CityName,State,SEA,CityName,State,0,0,6,0,0,,288,2457,0,0,0,0,0
2022-05-26,United,N317XX,8360,ATL,CityName,State,SFO,CityName,State,0,0,0,0,0,,122,2621,0,0,0,0,0
2022-05-26,American,N920XX,7292,SEA,CityName,State,ORD,CityName,State,0,0,10,0,0,,178,1851,0,0,0,0,0
2022-05-27,Southwest,N323XX,9961,ORD,CityName,State,DEN,CityName,State,0,0,8,0,0,,162,2585,0,0,0,0,0
2022-05-27,American,N121XX,7916,DFW,CityName,State,JFK,CityName,State,30,1,18,1,0,,193,2084,0,0,0,0,18
2022-05-27,Delta,N763XX,3496,ORD,CityName,State,ATL,CityName,State,0,0,-14,0,0,,358,1475,0,0,0,0,0
2022-05-27,Southwest,N643XX,1710,DFW,CityName,State,SEA,CityName,State,120,1,122,1,0,,308,1630,122,0,0,0,0
2022-05-27,JetBlue,N651XX,9449,DFW,CityName,State,SFO,CityName,State,0,0,-7,0,0,,235,2362,0,0,0,0,0
2022-05-27,JetBlue,N857XX,5088,DEN,CityName,State,DEN,CityName,State,0,0,9,0,0,,99,902,0,0,0,0,0
2022-05-27,United,N858XX,8370,JFK,CityName,State,ORD,CityName,State,0,0,-8,0,0,,66,2631,0,0,0,0,0
2022-05-27,JetBlue,N958XX,1237,LAX,CityName,State,SEA,CityName,State,0,0,1,0,0,,335,2644,0,0,0,0,0
2022-05-27,JetBlue,N583XX,8276,DFW,CityName,State,SEA,CityName,State,0,0,-10,0,0,,324,1642,0,0,0,0,0
2022-05-27,JetBlue,N141XX,3820,SFO,CityName,State,MIA,CityName,State,0,0,-4,0,0,,267,1038,0,0,0,0,0
2022-05-27,Southwest,N812XX,9087,SEA,CityName,State,JFK,CityName,State,15,1,6,0,0,,69,2257,0,0,0,0,0
2022-05-27,American,N417XX,8688,MIA,CityName,State,SEA,CityName,State,0,0,-9,0,0,,264,795,0,0,0,0,0
2022-05-28,JetBlue,N182XX,2371,MIA,CityName,State,ORD,CityName,State,15,1,4,0,0,,121,933,0,0,0,0,0
2022-05-28,Delta,N284XX,2712,ATL,CityName,State,LAX,CityName,State,0,0,-9,0,0,,306,1635,0,0,0,0,0
2022-05-28,American,N648XX,4581,SFO,CityName,State,LAX,CityName,State,0,0,2,0,0,,257,620,0,0,0,0,0
2022-05-28,American,N846XX,2440,DFW,CityName,State,SEA,CityName,State,0,0,-8,0,0,,300,1460,0,0,0,0,0
2022-05-28,Delta,N453XX,3600,DEN,CityName,State,LAX,CityName,State,0,0,-6,0,0,,244,2791,0,0,0,0,0
2022-05-28,Delta,N422XX,2704,MIA,CityName,State,SFO,CityName,State,0,0,-7,0,0,,253,396,0,0,0,0,0
2022-05-28,United,N654XX,9646,SFO,CityName,State,ATL,CityName,State,0,0,-3,0,0,,291,2237,0,0,0,0,0
2022-05-28,Southwest,N972XX,7348,SEA,CityName,State,LAX,CityName,State,0,0,-4,0,0,,52,967,0,0,0,0,0
2022-05-28,Delta,N296XX,6543,ORD,CityName,State,MIA,CityName,State,30,1,24,1,0,,260,1044,0,0,24,0,0
2022-05-28,JetBlue,N899XX,6952,SFO,CityName,State,DFW,CityName,State,0,0,-2,0,0,,207,1837,0,0,0,0,0
2022-05-28,Delta,N688XX,184,SFO,CityName,State,SEA,CityName,State,0,0,-5,0,0,,306,1754,0,0,0,0,0
2022-05-28,United,N625XX,7837,MIA,CityName,State,LAX,CityName,State,0,0,3,0,0,,65,731,0,0,0,0,0
2022-05-28,Delta,N426XX,7976,DFW,CityName,State,ATL,CityName,State,0,0,-7,0,0,,267,1541,0,0,0,0,0
2022-05-28,Delta,N188XX,321,JFK,CityName,State,DFW,CityName,State,0,0,6,0,0,,51,1067,0,0,0,0,0
2022-05-29,Southwest,N226XX,9685,LAX,CityName,State,ORD,CityName,State,0,0,5,0,0,,308,602,0,0,0,0,0
2022-05-29,American,N675XX,954,BOS,CityName,State,SFO,CityName,State,0,0,-4,0,0,,285,1022,0,0,0,0,0
2022-05-29,United,N778XX,7970,LAX,CityName,State,DFW,CityName,State,0,0,5,0,0,,349,2440,0,0,0,0,0
2022-05-29,JetBlue,N682XX,3218,ATL,CityName,State,MIA,CityName,State,0,0,-5,0,0,,65,2852,0,0,0,0,0
2022-05-29,JetBlue,N587XX,8243,JFK,CityName,State,DFW,CityName,State,0,0,-2,0,0,,72,2780,0,0,0,0,0
2022-05-29,Southwest,N619XX,4599,MIA,CityName,State,JFK,CityName,State,0,0,-1,0,0,,165,1867,0,0,0,0,0
2022-05-29,Southwest,N299XX,577,ORD,CityName,State,SFO,CityName,State,0,0,5,0,0,,129,2589,0,0,0,0,0
2022-05-29,Delta,N663XX,4889,SFO,CityName,State,DEN,CityName,State,15,1,1,0,0,,348,971,0,0,0,0,0
2022-05-29,Southwest,N765XX,7070,SEA,CityName,State,SEA,CityName,State,0,0,-12,0,0,,53,2997,0,0,0,0,0
2022-05-29,American,N619XX,2929,LAX,CityName,State,LAX,CityName,State,0,0,-1,0,0,,297,1892,0,0,0,0,0
2022-05-29,American,N472XX,4817,SEA,CityName,State,JFK,CityName,State,15,1,4,0,0,,47,2217,0,0,0,0,0
2022-05-29,Delta,N466XX,8182,SEA,CityName,State,SFO,CityName,State,120,1,114,1,0,,269,1591,0,114,0,0,0
2022-05-29,United,N203XX,9541,ORD,CityName,State,JFK,CityName,State,45,1,47,1,0,,208,2191,0,0,47,0,0
2022-05-29,United,N752XX,6925,ATL,CityName,State,DFW,CityName,State,0,0,8,0,0,,260,2188,0,0,0,0,0
2022-05-29,Southwest,N447XX,7152,LAX,CityName,State,LAX,CityName,State,0,0,0,0,1,A,71,2788,0,0,0,0,0
2022-05-29,Delta,N466XX,9120,DFW,CityName,State,SFO,CityName,State,0,0,-8,0,0,,254,1851,0,0,0,0,0
2022-05-29,JetBlue,N748XX,7137,MIA,CityName,State,SEA,CityName,State,0,0,-2,0,0,,316,280,0,0,0,0,0
2022-05-29,Southwest,N423XX,4120,LAX,CityName,State,ATL,CityName,State,0,0,-11,0,0,,257,2896,0,0,0,0,0
2022-05-30,Southwest,N909XX,9823,SEA,CityName,State,MIA,CityName,State,30,1,34,1,0,,279,2745,0,0,34,0,0
2022-05-30,JetBlue,N115XX,3793,MIA,CityName,State,SEA,CityName,State,0,0,-1,0,0,,306,1802,0,0,0,0,0
2022-05-30,JetBlue,N588XX,9707,DFW,CityName,State,DEN,CityName,State,60,1,59,1,0,,274,831,0,0,59,0,0
2022-05-30,Delta,N815XX,3534,MIA,CityName,State,SFO,CityName,State,15,1,12,0,0,,293,220,0,0,0,0,0
2022-05-30,JetBlue,N154XX,7936,MIA,CityName,State,SEA,CityName,State,0,0,-5,0,0,,117,266,0,0,0,0,0
2022-05-30,Delta,N561XX,7618,LAX,CityName,State,SFO,CityName,State,30,1,36,1,0,,147,1961,0,0,36,0,0
2022-05-30,JetBlue,N170XX,8484,DFW,CityName,State,BOS,CityName,State,0,0,10,0,0,,326,1295,0,0,0,0,0
2022-05-30,JetBlue,N993XX,5906,BOS,CityName,State,SFO,CityName,State,0,0,-13,0,0,,72,2681,0,0,0,0,0
2022-05-31,American,N406XX,392,JFK,CityName,State,LAX,CityName,State,0,0,-1,0,0,,192,548,0,0,0,0,0
2022-05-31,Delta,N901XX,167,LAX,CityName,State,JFK,CityName,State,0,0,-1,0,0,,234,2856,0,0,0,0,0
2022-05-31,JetBlue,N802XX,1261,DFW,CityName,State,LAX,CityName,State,0,0,2,0,0,,264,1204,0,0,0,0,0
2022-05-31,United,N401XX,6802,JFK,CityName,State,SFO,CityName,State,0,0,-7,0,0,,287,367,0,0,0,0,0
2022-05-31,United,N691XX,3921,LAX,CityName,State,LAX,CityName,State,15,1,22,1,0,,304,1598,0,0,0,0,22
2022-05-31,Delta,N761XX,5364,JFK,CityName,State,SEA,CityName,State,0,0,10,0,0,,171,1029,0,0,0,0,0
2022-05-31,American,N135XX,3066,LAX,CityName,State,ORD,CityName,State,45,1,35,1,0,,162,2009,0,0,0,0,35
2022-05-31,Delta,N626XX,879,DEN,CityName,State,LAX,CityName,State,0,0,6,0,0,,50,2861,0,0,0,0,0
2022-05-31,Southwest,N318XX,4776,DFW,CityName,State,DFW,CityName,State,0,0,-14,0,0,,342,1129,0,0,0,0,0
2022-05-31,American,N139XX,7053,DFW,CityName,State,LAX,CityName,State,0,0,3,0,0,,53,374,0,0,0,0,0
2022-05-31,American,N878XX,2076,SEA,CityName,State,DEN,CityName,State,0,0,0,0,1,A,192,1735,0,0,0,0,0
2022-05-31,Delta,N126XX,4667,ATL,CityName,State,ORD,CityName,State,0,0,-5,0,0,,305,735,0,0,0,0,0
2022-05-31,JetBlue,N938XX,136,ORD,CityName,State,ATL,CityName,State,15,1,20,1,0,,265,500,20,0,0,0,0
2022-05-31,United,N740XX,1615,LAX,CityName,State,ORD,CityName,State,0,0,4,0,0,,312,2869,0,0,0,0,0
2022-05-31,American,N829XX,7191,BOS,CityName,State,JFK,CityName,State,60,1,48,1,0,,289,2684,48,0,0,0,0
2022-05-31,Delta,N922XX,1078,DFW,CityName,State,JFK,CityName,State,0,0,6,0,0,,300,2502,0,0,0,0,0
2022-05-31,JetBlue,N211XX,935,JFK,CityName,State,BOS,CityName,State,0,0,-13,0,0,,324,2978,0,0,0,0,0
2022-05-31,United,N224XX,5622,JFK,CityName,State,JFK,CityName,State,15,1,16,1,0,,225,2784,16,0,0,0,0
2022-06-01,American,N513XX,5549,JFK,CityName,State,ATL,CityName,State,0,0,0,0,0,,167,1809,0,0,0,0,0
2022-06-01,American,N742XX,9324,LAX,CityName,State,BOS,CityName,State,0,0,1,0,0,,135,2666,0,0,0,0,0
2022-06-01,Delta,N595XX,4947,JFK,CityName,State,DEN,CityName,State,0,0,-9,0,0,,333,1714,0,0,0,0,0
2022-06-01,Delta,N568XX,4132,BOS,CityName,State,MIA,CityName,State,15,1,8,0,0,,169,2061,0,0,0,0,0
2022-06-01,Delta,N405XX,858,SFO,CityName,State,BOS,CityName,State,0,0,-14,0,0,,128,2782,0,0,0,0,0
2022-06-01,United,N514XX,8203,DFW,CityName,State,LAX,CityName,State,0,0,-10,0,0,,173,2958,0,0,0,0,0
2022-06-01,American,N808XX,6626,MIA,CityName,State,ORD,CityName,State,0,0,3,0,0,,137,1795,0,0,0,0,0
2022-06-01,Delta,N879XX,7271,ATL,CityName,State,ORD,CityName,State,60,1,66,1,0,,187,1178,66,0,0,0,0
2022-06-01,United,N343XX,6938,BOS,CityName,State,BOS,CityName,State,30,1,38,1,0,,351,590,0,0,38,0,0
2022-06-01,JetBlue,N355XX,3086,DFW,CityName,State,ORD,CityName,State,0,0,0,0,1,A,315,821,0,0,0,0,0
2022-06-01,JetBlue,N263XX,757,DEN,CityName,State,SFO,CityName,State,0,0,-11,0,0,,150,2046,0,0,0,0,0
2022-06-01,Delta,N865XX,4091,LAX,CityName,State,BOS,CityName,State,0,0,-10,0,0,,355,2822,0,0,0,0,0
2022-06-01,American,N866XX,2951,SFO,CityName,State,DEN,CityName,State,15,1,16,1,0,,73,2168,0,0,0,0,16
2022-06-01,United,N785XX,5882,SFO,CityName,State,ATL,CityName,State,0,0,-13,0,0,,210,949,0,0,0,0,0
2022-06-02,United,N570XX,6846,MIA,CityName,State,JFK,CityName,State,0,0,3,0,0,,266,1997,0,0,0,0,0
2022-06-02,Delta,N620XX,4840,DEN,CityName,State,BOS,CityName,State,0,0,3,0,0,,349,1712,0,0,0,0,0
2022-06-02,Southwest,N362XX,6070,ATL,CityName,State,SFO,CityName,State,0,0,-5,0,0,,107,1641,0,0,0,0,0
2022-06-02,Southwest,N576XX,7869,DEN,CityName,State,SEA,CityName,State,0,0,9,0,0,,305,366,0,0,0,0,0
2022-06-02,Delta,N178XX,2947,LAX,CityName,State,ATL,CityName,State,45,1,51,1,0,,188,2333,51,0,0,0,0
2022-06-02,JetBlue,N141XX,5624,BOS,CityName,State,ORD,CityName,State,15,1,17,1,0,,176,2068,0,0,0,0,17
2022-06-02,Delta,N199XX,4296,ORD,CityName,State,LAX,CityName,State,0,0,1,0,0,,253,2341,0,0,0,0,0
2022-06-02,Southwest,N135XX,9991,ATL,CityName,State,ATL,CityName,State,0,0,-3,0,0,,63,1868,0,0,0,0,0
2022-06-03,JetBlue,N164XX,9705,DEN,CityName,State,BOS,CityName,State,0,0,-3,0,0,,228,2238,0,0,0,0,0
2022-06-03,Delta,N355XX,5491,DEN,CityName,State,SEA,CityName,State,0,0,-8,0,0,,258,2498,0,0,0,0,0
2022-06-03,Southwest,N901XX,4611,SFO,CityName,State,ORD,CityName,State,0,0,3,0,0,,212,845,0,0,0,0,0
2022-06-03,United,N517XX,8562,SEA,CityName,State,ORD,CityName,State,120,1,113,1,0,,224,1705,0,0,113,0,0
2022-06-03,Southwest,N351XX,9791,SEA,CityName,State,BOS,CityName,State,0,0,1,0,0,,155,2464,0,0,0,0,0
2022-06-03,Delta,N437XX,9605,MIA,CityName,State,MIA,CityName,State,0,0,5,0,0,,164,1361,0,0,0,0,0
2022-06-03,JetBlue,N334XX,6371,SEA,CityName,State,MIA,CityName,State,45,1,41,1,0,,352,329,41,0,0,0,0
2022-06-03,Southwest,N529XX,5862,JFK,CityName,State,JFK,CityName,State,0,0,0,0,1,A,145,2498,0,0,0,0,0
2022-06-03,United,N202XX,6491,ATL,CityName,State,LAX,CityName,State,0,0,0,0,0,,337,684,0,0,0,0,0
2022-06-03,United,N766XX,2748,LAX,CityName,State,SFO,CityName,State,0,0,6,0,0,,206,433,0,0,0,0,0
2022-06-03,Delta,N216XX,1769,LAX,CityName,State,LAX,CityName,State,0,0,-8,0,0,,101,2016,0,0,0,0,0
2022-06-04,American,N199XX,8558,ORD,CityName,State,ORD,CityName,State,0,0,6,0,0,,156,777,0,0,0,0,0
2022-06-04,American,N367XX,8986,MIA,CityName,State,ORD,CityName,State,0,0,-7,0,0,,60,450,0,0,0,0,0
2022-06-04,Delta,N527XX,7911,LAX,CityName,State,BOS,CityName,State,45,1,38,1,0,,301,2522,0,38,0,0,0
2022-06-04,Southwest,N544XX,1091,BOS,CityName,State,DEN,CityName,State,0,0,4,0,0,,186,1131,0,0,0,0,0
2022-06-04,Southwest,N826XX,5364,ATL,CityName,State,DEN,CityName,State,60,1,67,1,0,,74,939,0,0,0,0,67
2022-06-04,JetBlue,N226XX,3538,ATL,CityName,State,DFW,CityName,State,30,1,22,1,0,,230,2439,0,0,0,0,22
2022-06-04,American,N821XX,9639,ORD,CityName,State,ATL,CityName,State,0,0,-4,0,0,,283,2031,0,0,0,0,0
2022-06-04,United,N864XX,6010,BOS,CityName,State,SEA,CityName,State,0,0,3,0,0,,290,1060,0,0,0,0,0
2022-06-04,United,N544XX,7506,BOS,CityName,State,BOS,CityName,State,0,0,2,0,0,,57,515,0,0,0,0,0
2022-06-04,United,N972XX,1257,MIA,CityName,State,BOS,CityName,State,30,1,26,1,0,,83,2061,0,0,0,0,26
2022-06-04,United,N336XX,6976,DEN,CityName,State,JFK,CityName,State,0,0,-12,0,0,,229,2614,0,0,0,0,0
2022-06-04,Southwest,N202XX,2163,DFW,CityName,State,BOS,CityName,State,0,0,3,0,0,,153,1343,0,0,0,0,0
2022-06-04,Southwest,N557XX,1990,ATL,CityName,State,DEN,CityName,State,0,0,-1,0,0,,161,792,0,0,0,0,0
2022-06-04,Delta,N111XX,914,LAX,CityName,State,DFW,CityName,State,45,1,41,1,0,,239,2144,0,0,0,0,41
2022-06-04,JetBlue,N608XX,7783,LAX,CityName,State,DEN,CityName,State,0,0,-8,0,0,,46,263,0,0,0,0,0
2022-06-04,United,N438XX,2354,JFK,CityName,State,ATL,CityName,State,15,1,24,1,0,,288,2564,0,24,0,0,0
2022-06-04,Delta,N221XX,5906,SEA,CityName,State,SFO,CityName,State,45,1,39,1,0,,191,1987,0,0,39,0,0
2022-06-04,Delta,N715XX,5539,SFO,CityName,State,ATL,CityName,State,0,0,6,0,0,,281,2992,0,0,0,0,0
2022-06-04,JetBlue,N948XX,9208,MIA,CityName,State,LAX,CityName,State,0,0,1,0,0,,165,1143,0,0,0,0,0
2022-06-04,United,N399XX,3751,JFK,CityName,State,ATL,CityName,State,45,1,53,1,0,,90,989,0,0,53,0,0
2022-06-04,JetBlue,N676XX,1537,DFW,CityName,State,DFW,CityName,State,0,0,-9,0,0,,64,431,0,0,0,0,0
2022-06-04,Southwest,N313XX,1308,BOS,CityName,State,SEA,CityName,State,240,1,241,1,0,,130,2657,0,0,0,0,241
2022-06-04,United,N405XX,3289,MIA,CityName,State,DFW,CityName,State,0,0,-10,0,0,,111,1950,0,0,0,0,0
2022-06-05,United,N670XX,5475,BOS,CityName,State,BOS,CityName,State,0,0,6,0,0,,276,2967,0,0,0,0,0
2022-06-05,JetBlue,N195XX,5583,LAX,CityName,State,ORD,CityName,State,0,0,-9,0,0,,71,728,0,0,0,0,0
2022-06-05,United,N133XX,7117,SFO,CityName,State,LAX,CityName,State,0,0,-8,0,0,,283,378,0,0,0,0,0
2022-06-05,Southwest,N722XX,6394,SFO,CityName,State,BOS,CityName,State,0,0,7,0,0,,277,1100,0,0,0,0,0
2022-06-05,Southwest,N556XX,4107,SFO,CityName,State,ORD,CityName,State,0,0,8,0,0,,181,2603,0,0,0,0,0
2022-06-05,American,N431XX,8838,LAX,CityName,State,BOS,CityName,State,0,0,7,0,0,,230,808,0,0,0,0,0
2022-06-05,American,N810XX,6806,MIA,CityName,State,DFW,CityName,State,0,0,5,0,0,,243,2654,0,0,0,0,0
2022-06-05,Delta,N836XX,4170,MIA,CityName,State,JFK,CityName,State,0,0,-7,0,0,,92,2587,0,0,0,0,0
2022-06-06,Southwest,N482XX,8390,MIA,CityName,State,DEN,CityName,State,0,0,9,0,0,,340,553,0,0,0,0,0
2022-06-06,Southwest,N860XX,6479,SEA,CityName,State,SFO,CityName,State,15,1,5,0,0,,131,2728,0,0,0,0,0
2022-06-06,JetBlue,N357XX,8139,MIA,CityName,State,SEA,CityName,State,0,0,-12,0,0,,296,2476,0,0,0,0,0
2022-06-06,JetBlue,N875XX,3773,ORD,CityName,State,SEA,CityName,State,0,0,7,0,0,,183,1958,0,0,0,0,0
2022-06-06,United,N191XX,255,LAX,CityName,State,BOS,CityName,State,0,0,9,0,0,,147,2507,0,0,0,0,0
2022-06-06,JetBlue,N394XX,1325,ORD,CityName,State,DEN,CityName,State,30,1,40,1,0,,270,1953,0,0,40,0,0
2022-06-06,American,N643XX,2074,ORD,CityName,State,LAX,CityName,State,0,0,9,0,0,,138,656,0,0,0,0,0
2022-06-06,Delta,N277XX,5131,SEA,CityName,State,BOS,CityName,State,30,1,22,1,0,,127,2104,0,0,22,0,0
2022-06-06,Southwest,N811XX,1779,DEN,CityName,State,ORD,CityName,State,15,1,4,0,0,,255,2006,0,0,0,0,0
2022-06-06,Delta,N926XX,3290,DEN,CityName,State,MIA,CityName,State,0,0,0,0,0,,276,2177,0,0,0,0,0
2022-06-06,American,N198XX,699,ATL,CityName,State,LAX,CityName,State,0,0,-11,0,0,,251,2487,0,0,0,0,0
2022-06-06,Delta,N955XX,3740,ATL,CityName,State,SEA,CityName,State,0,0,10,0,0,,288,1794,0,0,0,0,0
2022-06-06,JetBlue,N634XX,4567,ATL,CityName,State,SFO,CityName,State,0,0,-1,0,0,,183,522,0,0,0,0,0
2022-06-07,Southwest,N297XX,6566,ATL,CityName,State,LAX,CityName,State,30,1,21,1,0,,351,292,21,0,0,0,0
2022-06-07,American,N908XX,3768,BOS,CityName,State,BOS,CityName,State,0,0,7,0,0,,113,805,0,0,0,0,0
2022-06-07,Southwest,N164XX,439,BOS,CityName,State,BOS,CityName,State,0,0,-9,0,0,,209,2802,0,0,0,0,0
2022-06-07,American,N448XX,5149,DFW,CityName,State,SFO,CityName,State,0,0,0,0,1,A,246,1314,0,0,0,0,0
2022-06-07,American,N242XX,3206,JFK,CityName,State,LAX,CityName,State,0,0,-11,0,0,,115,2960,0,0,0,0,0
2022-06-07,JetBlue,N187XX,2226,BOS,CityName,State,DEN,CityName,State,0,0,3,0,0,,197,2127,0,0,0,0,0
2022-06-07,American,N790XX,9372,MIA,CityName,State,ATL,CityName,State,0,0,7,0,0,,193,2762,0,0,0,0,0
2022-06-07,United,N266XX,1565,DEN,CityName,State,ATL,CityName,State,0,0,-11,0,0,,121,2734,0,0,0,0,0
2022-06-07,United,N538XX,3124,DFW,CityName,State,DFW,CityName,State,0,0,-12,0,0,,229,1317,0,0,0,0,0
2022-06-07,United,N163XX,6302,MIA,CityName,State,MIA,CityName,State,0,0,8,0,0,,291,2237,0,0,0,0,0
2022-06-07,Delta,N996XX,4897,DEN,CityName,State,MIA,CityName,State,15,1,12,0,0,,85,1977,0,0,0,0,0
2022-06-07,United,N293XX,1175,ATL,CityName,State,DFW,CityName,State,45,1,52,1,0,,355,1185,0,0,52,0,0
2022-06-07,United,N345XX,668,ORD,CityName,State,ORD,CityName,State,15,1,2,0,0,,70,683,0,0,0,0,0
2022-06-07,American,N555XX,4914,BOS,CityName,State,LAX,CityName,State,0,0,-4,0,0,,166,1080,0,0,0,0,0
2022-06-07,Delta,N226XX,5208,MIA,CityName,State,ATL,CityName,State,0,0,-12,0,0,,336,834,0,0,0,0,0
2022-06-07,Southwest,N876XX,5153,DFW,CityName,State,ATL,CityName,State,0,0,-3,0,0,,233,2087,0,0,0,0,0
2022-06-07,Southwest,N735XX,620,SFO,CityName,State,ORD,CityName,State,15,1,14,0,0,,203,1725,0,0,0,0,0
2022-06-07,American,N981XX,8193,ATL,CityName,State,MIA,CityName,State,0,0,-4,0,0,,103,968,0,0,0,0,0
2022-06-07,American,N864XX,3264,SEA,CityName,State,MIA,CityName,State,0,0,9,0,0,,272,1523,0,0,0,0,0
2022-06-07,Southwest,N715XX,890,ATL,CityName,State,ORD,CityName,State,30,1,38,1,0,,105,2073,38,0,0,0,0
2022-06-07,Delta,N655XX,9127,JFK,CityName,State,ORD,CityName,State,0,0,2,0,0,,293,2232,0,0,0,0,0
2022-06-07,Southwest,N844XX,6114,SFO,CityName,State,JFK,CityName,State,0,0,0,0,1,A,257,731,0,0,0,0,0
2022-06-07,American,N235XX,6868,ATL,CityName,State,SEA,CityName,State,0,0,-7,0,0,,140,2237,0,0,0,0,0
2022-06-08,American,N759XX,346,JFK,CityName,State,MIA,CityName,State,0,0,-10,0,0,,292,2593,0,0,0,0,0
2022-06-08,United,N266XX,6249,ORD,CityName,State,DFW,CityName,State,0,0,4,0,0,,295,805,0,0,0,0,0
2022-06-08,JetBlue,N403XX,9733,DEN,CityName,State,MIA,CityName,State,45,1,36,1,0,,293,1585,36,0,0,0,0
2022-06-08,United,N887XX,9507,BOS,CityName,State,SFO,CityName,State,0,0,-11,0,0,,129,554,0,0,0,0,0
2022-06-08,JetBlue,N795XX,3826,BOS,CityName,State,SEA,CityName,State,0,0,2,0,0,,209,1929,0,0,0,0,0
2022-06-08,JetBlue,N703XX,4840,BOS,CityName,State,DFW,CityName,State,0,0,7,0,0,,160,2125,0,0,0,0,0
2022-06-08,Delta,N705XX,6099,JFK,CityName,State,ATL,CityName,State,15,1,4,0,0,,121,839,0,0,0,0,0
2022-06-08,JetBlue,N960XX,4174,MIA,CityName,State,SEA,CityName,State,0,0,-4,0,0,,155,1228,0,0,0,0,0
2022-06-08,JetBlue,N809XX,9144,JFK,CityName,State,SFO,CityName,State,45,1,53,1,0,,274,2648,0,0,0,0,53
2022-06-08,Delta,N847XX,8692,LAX,CityName,State,ORD,CityName,State,15,1,21,1,0,,77,1510,0,21,0,0,0
2022-06-08,Southwest,N259XX,1952,DEN,CityName,State,DFW,CityName,State,45,1,37,1,0,,88,2930,0,0,0,0,37
2022-06-08,American,N551XX,8577,SFO,CityName,State,DFW,CityName,State,0,0,2,0,0,,45,2812,0,0,0,0,0
2022-06-08,Delta,N393XX,1489,SEA,CityName,State,MIA,CityName,State,0,0,10,0,0,,119,153,0,0,0,0,0
2022-06-08,United,N800XX,3281,DFW,CityName,State,ORD,CityName,State,15,1,14,0,0,,97,1159,0,0,0,0,0
2022-06-08,JetBlue,N314XX,1422,MIA,CityName,State,SFO,CityName,State,0,0,-14,0,0,,212,577,0,0,0,0,0
2022-06-09,Southwest,N238XX,6377,JFK,CityName,State,ORD,CityName,State,0,0,-10,0,0,,56,925,0,0,0,0,0
2022-06-09,JetBlue,N973XX,6760,SFO,CityName,State,ATL,CityName,State,0,0,-9,0,0,,243,2802,0,0,0,0,0
2022-06-09,United,N143XX,5975,ATL,CityName,State,MIA,CityName,State,0,0,-11,0,0,,75,507,0,0,0,0,0
2022-06-09,United,N534XX,4744,JFK,CityName,State,DEN,CityName,State,0,0,10,0,0,,352,989,0,0,0,0,0
2022-06-09,United,N323XX,4578,DFW,CityName,State,ORD,CityName,State,0,0,-6,0,0,,270,1395,0,0,0,0,0
2022-06-09,JetBlue,N880XX,7683,SFO,CityName,State,SFO,CityName,State,30,1,29,1,0,,274,1515,29,0,0,0,0
2022-06-09,American,N173XX,565,ORD,CityName,State,ORD,CityName,State,0,0,-4,0,0,,306,2464,0,0,0,0,0
2022-06-09,American,N603XX,4438,DFW,CityName,State,MIA,CityName,State,0,0,-7,0,0,,246,2993,0,0,0,0,0
2022-06-09,American,N425XX,5949,DEN,CityName,State,SEA,CityName,State,120,1,108,1,0,,226,162,0,0,108,0,0
2022-06-09,American,N708XX,2759,MIA,CityName,State,ORD,CityName,State,0,0,-4,0,0,,108,1392,0,0,0,0,0
2022-06-09,United,N255XX,8168,JFK,CityName,State,ATL,CityName,State,0,0,1,0,0,,202,1039,0,0,0,0,0
2022-06-09,Delta,N384XX,3557,DEN,CityName,State,MIA,CityName,State,0,0,1,0,0,,299,1921,0,0,0,0,0
2022-06-10,Southwest,N665XX,4036,LAX,CityName,State,BOS,CityName,State,0,0,-10,0,0,,122,2126,0,0,0,0,0
2022-06-10,Southwest,N150XX,7879,JFK,CityName,State,LAX,CityName,State,0,0,10,0,0,,319,611,0,0,0,0,0
2022-06-10,United,N906XX,4352,ATL,CityName,State,DEN,CityName,State,0,0,-6,0,0,,106,1453,0,0,0,0,0
2022-06-10,American,N286XX,3759,DEN,CityName,State,LAX,CityName,State,30,1,22,1,0,,270,1139,0,0,22,0,0
2022-06-10,Southwest,N387XX,2580,DEN,CityName,State,DEN,CityName,State,0,0,-7,0,0,,274,1641,0,0,0,0,0
2022-06-10,Southwest,N813XX,4979,ATL,CityName,State,ATL,CityName,State,0,0,-9,0,0,,253,1127,0,0,0,0,0
2022-06-10,United,N712XX,1692,ORD,CityName,State,SFO,CityName,State,0,0,-13,0,0,,297,554,0,0,0,0,0
2022-06-10,United,N717XX,5568,JFK,CityName,State,ORD,CityName,State,0,0,-9,0,0,,121,1748,0,0,0,0,0
2022-06-10,Delta,N495XX,4783,DEN,CityName,State,ATL,CityName,State,0,0,-5,0,0,,141,1872,0,0,0,0,0
2022-06-10,Southwest,N429XX,4426,SFO,CityName,State,LAX,CityName,State,15,1,2,0,0,,49,350,0,0,0,0,0
2022-06-10,JetBlue,N697XX,1700,LAX,CityName,State,DEN,CityName,State,0,0,-10,0,0,,227,1026,0,0,0,0,0
2022-06-10,American,N380XX,1245,DFW,CityName,State,DFW,CityName,State,0,0,-11,0,0,,162,540,0,0,0,0,0
2022-06-11,Delta,N363XX,818,ORD,CityName,State,SEA,CityName,State,0,0,1,0,0,,166,1073,0,0,0,0,0
2022-06-11,Southwest,N134XX,8859,ORD,CityName,State,MIA,CityName,State,0,0,-2,0,0,,99,1598,0,0,0,0,0
2022-06-11,JetBlue,N313XX,9174,JFK,CityName,State,BOS,CityName,State,0,0,0,0,0,,208,1087,0,0,0,0,0
2022-06-11,Delta,N276XX,3778,DFW,CityName,State,ATL,CityName,State,0,0,-7,0,0,,167,2201,0,0,0,0,0
2022-06-11,United,N210XX,1411,DEN,CityName,State,ATL,CityName,State,45,1,48,1,0,,153,1123,48,0,0,0,0
2022-06-11,Delta,N828XX,9923,SEA,CityName,State,ORD,CityName,State,0,0,8,0,0,,174,233,0,0,0,0,0
2022-06-11,American,N991XX,2817,ORD,CityName,State,MIA,CityName,State,0,0,3,0,0,,188,1753,0,0,0,0,0
2022-06-11,American,N565XX,7742,JFK,CityName,State,SFO,CityName,State,0,0,2,0,0,,144,2924,0,0,0,0,0
2022-06-11,Delta,N936XX,7993,SEA,CityName,State,JFK,CityName,State,15,1,20,1,0,,221,2821,20,0,0,0,0
2022-06-11,Southwest,N809XX,6266,DFW,CityName,State,LAX,CityName,State,0,0,0,0,1,A,294,1613,0,0,0,0,0
2022-06-11,Delta,N488XX,9793,LAX,CityName,State,SEA,CityName,State,0,0,-8,0,0,,316,703,0,0,0,0,0
2022-06-11,Southwest,N856XX,8093,SFO,CityName,State,DEN,CityName,State,0,0,-3,0,0,,311,1989,0,0,0,0,0
2022-06-11,Delta,N773XX,4064,LAX,CityName,State,ORD,CityName,State,0,0,2,0,0,,82,1054,0,0,0,0,0
2022-06-11,American,N889XX,243,DFW,CityName,State,DFW,CityName,State,15,1,1,0,0,,108,1842,0,0,0,0,0
2022-06-12,Southwest,N158XX,2809,LAX,CityName,State,LAX,CityName,State,15,1,10,0,0,,352,2145,0,0,0,0,0
2022-06-12,JetBlue,N328XX,6561,DEN,CityName,State,LAX,CityName,State,0,0,-3,0,0,,107,912,0,0,0,0,0
2022-06-12,Southwest,N288XX,131,MIA,CityName,State,JFK,CityName,State,0,0,-4,0,0,,107,1915,0,0,0,0,0
2022-06-12,United,N166XX,7765,ATL,CityName,State,SEA,CityName,State,30,1,25,1,0,,170,1059,0,0,0,0,25
2022-06-12,American,N248XX,3904,LAX,CityName,State,LAX,CityName,State,0,0,0,0,1,A,199,2319,0,0,0,0,0
2022-06-12,Southwest,N599XX,5072,MIA,CityName,State,SEA,CityName,State,0,0,3,0,0,,135,1734,0,0,0,0,0
2022-06-12,United,N301XX,2282,DEN,CityName,State,LAX,CityName,State,0,0,-3,0,0,,267,1188,0,0,0,0,0
2022-06-12,Southwest,N986XX,2772,DFW,CityName,State,JFK,CityName,State,30,1,36,1,0,,55,1889,36,0,0,0,0
2022-06-12,Southwest,N820XX,5747,MIA,CityName,State,ORD,CityName,State,60,1,57,1,0,,132,1292,57,0,0,0,0
2022-06-12,Southwest,N495XX,3360,MIA,CityName,State,BOS,CityName,State,0,0,-2,0,0,,248,612,0,0,0,0,0
2022-06-12,Southwest,N469XX,9417,ATL,CityName,State,BOS,CityName,State,0,0,-1,0,0,,183,851,0,0,0,0,0
2022-06-12,Delta,N382XX,4763,ATL,CityName,State,SEA,CityName,State,0,0,8,0,0,,53,1591,0,0,0,0,0
2022-06-12,United,N775XX,8748,LAX,CityName,State,BOS,CityName,State,0,0,2,0,0,,294,1222,0,0,0,0,0
2022-06-12,American,N867XX,739,LAX,CityName,State,DFW,CityName,State,0,0,-13,0,0,,238,388,0,0,0,0,0
2022-06-12,Delta,N467XX,4087,ORD,CityName,State,DFW,CityName,State,0,0,6,0,0,,187,1372,0,0,0,0,0
2022-06-12,American,N413XX,4286,DFW,CityName,State,LAX,CityName,State,0,0,-14,0,0,,284,1930,0,0,0,0,0
2022-06-13,Delta,N890XX,9574,DFW,CityName,State,SEA,CityName,State,0,0,10,0,0,,203,431,0,0,0,0,0
2022-06-13,Delta,N347XX,2658,SFO,CityName,State,SFO,CityName,State,0,0,6,0,0,,282,1305,0,0,0,0,0
2022-06-13,American,N978XX,642,BOS,CityName,State,SEA,CityName,State,0,0,0,0,0,,225,1103,0,0,0,0,0
2022-06-13,JetBlue,N474XX,6281,BOS,CityName,State,BOS,CityName,State,0,0,-10,0,0,,191,953,0,0,0,0,0
2022-06-13,Delta,N505XX,7425,ORD,CityName,State,DEN,CityName,State,120,1,107,1,0,,252,1913,107,0,0,0,0
2022-06-13,JetBlue,N951XX,1572,DEN,CityName,State,SFO,CityName,State,0,0,-4,0,0,,312,2078,0,0,0,0,0
2022-06-13,Delta,N604XX,6455,ORD,CityName,State,DFW,CityName,State,0,0,-2,0,0,,196,1953,0,0,0,0,0
2022-06-13,Delta,N722XX,2051,ATL,CityName,State,ORD,CityName,State,30,1,19,1,0,,51,238,0,0,19,0,0
2022-06-13,United,N895XX,7340,JFK,CityName,State,DEN,CityName,State,0,0,3,0,0,,77,2173,0,0,0,0,0
2022-06-13,Southwest,N224XX,5718,LAX,CityName,State,DFW,CityName,State,30,1,26,1,0,,137,2130,26,0,0,0,0
2022-06-13,Delta,N138XX,5803,DEN,CityName,State,LAX,CityName,State,0,0,3,0,0,,270,545,0,0,0,0,0
2022-06-13,American,N662XX,5139,JFK,CityName,State,DEN,CityName,State,15,1,16,1,0,,82,1979,0,0,0,0,16
2022-06-13,Delta,N789XX,5135,MIA,CityName,State,DEN,CityName,State,0,0,-14,0,0,,125,2076,0,0,0,0,0
2022-06-13,American,N333XX,4915,ORD,CityName,State,SFO,CityName,State,0,0,0,0,0,,331,2916,0,0,0,0,0
2022-06-14,United,N980XX,2784,SEA,CityName,State,BOS,CityName,State,15,1,16,1,0,,272,2231,0,0,0,0,16
2022-06-14,JetBlue,N209XX,7809,ORD,CityName,State,SEA,CityName,State,15,1,19,1,0,,334,1992,0,19,0,0,0
2022-06-14,United,N248XX,1724,ORD,CityName,State,BOS,CityName,State,15,1,9,0,0,,151,2968,0,0,0,0,0
2022-06-14,JetBlue,N914XX,5150,JFK,CityName,State,ORD,CityName,State,0,0,6,0,0,,57,216,0,0,0,0,0
2022-06-14,Delta,N682XX,3608,LAX,CityName,State,DFW,CityName,State,0,0,5,0,0,,203,2332,0,0,0,0,0
2022-06-14,Delta,N452XX,3358,ORD,CityName,State,JFK,CityName,State,0,0,-13,0,0,,320,1396,0,0,0,0,0
2022-06-14,Southwest,N908XX,4741,LAX,CityName,State,ATL,CityName,State,15,1,21,1,0,,339,2394,0,0,0,0,21
2022-06-15,Southwest,N224XX,9793,DEN,CityName,State,ORD,CityName,State,0,0,-12,0,0,,298,2988,0,0,0,0,0
2022-06-15,Southwest,N146XX,8568,JFK,CityName,State,LAX,CityName,State,0,0,10,0,0,,120,732,0,0,0,0,0
2022-06-15,United,N629XX,5384,DEN,CityName,State,JFK,CityName,State,0,0,7,0,0,,49,1689,0,0,0,0,0
2022-06-15,Delta,N959XX,3651,JFK,CityName,State,BOS,CityName,State,30,1,30,1,0,,217,1442,0,0,30,0,0
2022-06-15,Southwest,N985XX,1346,LAX,CityName,State,ATL,CityName,State,0,0,-7,0,0,,238,2516,0,0,0,0,0
2022-06-15,JetBlue,N112XX,558,ORD,CityName,State,SFO,CityName,State,0,0,-8,0,0,,80,2864,0,0,0,0,0
2022-06-15,American,N389XX,3157,ORD,CityName,State,LAX,CityName,State,45,1,35,1,0,,229,1421,35,0,0,0,0
2022-06-15,JetBlue,N629XX,3902,DFW,CityName,State,MIA,CityName,State,0,0,-1,0,0,,355,238,0,0,0,0,0
2022-06-15,JetBlue,N581XX,1055,LAX,CityName,State,DFW,CityName,State,120,1,110,1,0,,297,2785,0,0,110,0,0
2022-06-15,JetBlue,N783XX,2336,MIA,CityName,State,SEA,CityName,State,0,0,5,0,0,,78,226,0,0,0,0,0
2022-06-15,JetBlue,N940XX,3771,ATL,CityName,State,SFO,CityName,State,0,0,-11,0,0,,99,2697,0,0,0,0,0
2022-06-15,Delta,N651XX,8830,MIA,CityName,State,BOS,CityName,State,0,0,-4,0,0,,113,683,0,0,0,0,0
2022-06-15,United,N400XX,2823,SEA,CityName,State,BOS,CityName,State,30,1,25,1,0,,319,1529,0,25,0,0,0
2022-06-15,JetBlue,N710XX,9825,JFK,CityName,State,BOS,CityName,State,0,0,-8,0,0,,244,947,0,0,0,0,0
2022-06-15,Delta,N687XX,7903,ATL,CityName,State,ORD,CityName,State,0,0,5,0,0,,161,349,0,0,0,0,0
2022-06-15,Delta,N780XX,4758,DEN,CityName,State,MIA,CityName,State,15,1,11,0,0,,223,217,0,0,0,0,0
2022-06-15,United,N547XX,8813,DEN,CityName,State,LAX,CityName,State,0,0,9,0,0,,294,1624,0,0,0,0,0
2022-06-15,American,N219XX,2255,LAX,CityName,State,DEN,CityName,State,0,0,10,0,0,,271,578,0,0,0,0,0
2022-06-16,American,N614XX,5812,ORD,CityName,State,SEA,CityName,State,30,1,17,1,0,,298,2157,17,0,0,0,0
2022-06-16,American,N415XX,3845,SEA,CityName,State,ATL,CityName,State,15,1,9,0,0,,230,2490,0,0,0,0,0
2022-06-16,Southwest,N551XX,2299,LAX,CityName,State,DEN,CityName,State,0,0,5,0,0,,142,2588,0,0,0,0,0
2022-06-16,JetBlue,N349XX,8035,JFK,CityName,State,DFW,CityName,State,0,0,-4,0,0,,176,2858,0,0,0,0,0
2022-06-16,Southwest,N967XX,4811,ATL,CityName,State,SFO,CityName,State,0,0,-9,0,0,,46,2949,0,0,0,0,0
2022-06-16,JetBlue,N594XX,2447,JFK,CityName,State,ATL,CityName,State,30,1,18,1,0,,241,2713,0,0,0,0,18
2022-06-16,Delta,N734XX,2758,DFW,CityName,State,ATL,CityName,State,15,1,25,1,0,,176,2523,25,0,0,0,0
2022-06-16,Delta,N214XX,3802,DFW,CityName,State,DFW,CityName,State,0,0,5,0,0,,125,1198,0,0,0,0,0
2022-06-16,Delta,N852XX,5032,DEN,CityName,State,ATL,CityName,State,0,0,-2,0,0,,289,616,0,0,0,0,0
2022-06-16,American,N627XX,2005,ORD,CityName,State,ORD,CityName,State,0,0,-11,0,0,,139,1608,0,0,0,0,0
2022-06-17,Delta,N691XX,3808,SFO,CityName,State,DEN,CityName,State,0,0,-1,0,0,,57,2323,0,0,0,0,0
2022-06-17,Southwest,N665XX,5582,JFK,CityName,State,ATL,CityName,State,0,0,3,0,0,,75,2519,0,0,0,0,0
2022-06-17,American,N395XX,1553,DFW,CityName,State,SEA,CityName,State,0,0,-12,0,0,,315,1542,0,0,0,0,0
2022-06-17,American,N244XX,5276,ORD,CityName,State,JFK,CityName,State,0,0,-14,0,0,,286,1496,0,0,0,0,0
2022-06-17,Delta,N414XX,7499,DEN,CityName,State,SFO,CityName,State,0,0,-8,0,0,,155,1820,0,0,0,0,0
2022-06-17,Southwest,N783XX,9705,JFK,CityName,State,DEN,CityName,State,0,0,-4,0,0,,337,1962,0,0,0,0,0
2022-06-17,American,N493XX,5301,SEA,CityName,State,SEA,CityName,State,0,0,-6,0,0,,358,2230,0,0,0,0,0
2022-06-17,United,N517XX,5341,BOS,CityName,State,ATL,CityName,State,0,0,-10,0,0,,247,307,0,0,0,0,0
2022-06-17,United,N117XX,9614,DEN,CityName,State,SFO,CityName,State,0,0,-5,0,0,,282,640,0,0,0,0,0
2022-06-17,JetBlue,N898XX,1925,DEN,CityName,State,SFO,CityName,State,0,0,2,0,0,,255,965,0,0,0,0,0
2022-06-17,United,N967XX,8844,SEA,CityName,State,ATL,CityName,State,0,0,9,0,0,,358,1826,0,0,0,0,0
2022-06-18,Southwest,N766XX,8294,JFK,CityName,State,ATL,CityName,State,60,1,55,1,0,,168,2137,0,55,0,0,0
2022-06-18,American,N372XX,6042,ATL,CityName,State,SEA,CityName,State,0,0,7,0,0,,152,797,0,0,0,0,0
2022-06-18,American,N859XX,140,SEA,CityName,State,DEN,CityName,State,0,0,-1,0,0,,111,995,0,0,0,0,0
2022-06-18,Southwest,N189XX,9605,SEA,CityName,State,BOS,CityName,State,0,0,-12,0,0,,233,511,0,0,0,0,0
2022-06-18,Southwest,N671XX,3687,ATL,CityName,State,BOS,CityName,State,0,0,-7,0,0,,184,707,0,0,0,0,0
2022-06-18,United,N444XX,8696,DFW,CityName,State,BOS,CityName,State,0,0,-12,0,0,,292,2413,0,0,0,0,0
2022-06-18,JetBlue,N590XX,8400,SEA,CityName,State,ATL,CityName,State,0,0,-14,0,0,,269,2709,0,0,0,0,0
2022-06-18,JetBlue,N398XX,7940,SEA,CityName,State,MIA,CityName,State,0,0,5,0,0,,340,1403,0,0,0,0,0
2022-06-18,Delta,N510XX,6478,ATL,CityName,State,SFO,CityName,State,0,0,-7,0,0,,128,1718,0,0,0,0,0
2022-06-18,United,N394XX,8549,DFW,CityName,State,SEA,CityName,State,0,0,1,0,0,,135,1410,0,0,0,0,0
2022-06-18,Southwest,N237XX,7617,DFW,CityName,State,BOS,CityName,State,0,0,1,0,0,,218,2954,0,0,0,0,0
2022-06-19,Southwest,N972XX,8724,BOS,CityName,State,BOS,CityName,State,0,0,-14,0,0,,352,990,0,0,0,0,0
2022-06-19,Delta,N676XX,6788,LAX,CityName,State,MIA,CityName,State,0,0,-8,0,0,,224,1169,0,0,0,0,0
2022-06-19,Southwest,N751XX,6198,SEA,CityName,State,SEA,CityName,State,0,0,-13,0,0,,151,1241,0,0,0,0,0
2022-06-19,Delta,N126XX,7088,DFW,CityName,State,DFW,CityName,State,45,1,45,1,0,,106,1420,0,0,45,0,0
2022-06-19,United,N701XX,6107,SFO,CityName,State,MIA,CityName,State,0,0,-10,0,0,,85,1349,0,0,0,0,0
2022-06-19,United,N704XX,3966,DFW,CityName,State,JFK,CityName,State,0,0,3,0,0,,271,400,0,0,0,0,0
2022-06-19,United,N562XX,572,LAX,CityName,State,LAX,CityName,State,0,0,-10,0,0,,228,489,0,0,0,0,0
2022-06-19,Delta,N592XX,4834,DFW,CityName,State,MIA,CityName,State,15,1,7,0,0,,237,219,0,0,0,0,0
2022-06-19,JetBlue,N270XX,1436,ORD,CityName,State,DFW,CityName,State,0,0,-9,0,0,,106,1851,0,0,0,0,0
2022-06-19,Delta,N450XX,1315,SFO,CityName,State,SEA,CityName,State,45,1,41,1,0,,51,1618,41,0,0,0,0
2022-06-19,Delta,N240XX,4143,SFO,CityName,State,SFO,CityName,State,0,0,6,0,0,,347,595,0,0,0,0,0
2022-06-19,JetBlue,N703XX,4057,MIA,CityName,State,SFO,CityName,State,0,0,-9,0,0,,208,1022,0,0,0,0,0
2022-06-19,JetBlue,N334XX,4215,BOS,CityName,State,ORD,CityName,State,0,0,3,0,0,,68,2588,0,0,0,0,0
2022-06-19,United,N529XX,3835,SEA,CityName,State,MIA,CityName,State,45,1,41,1,0,,193,2105,0,0,41,0,0
2022-06-20,Delta,N430XX,5363,DEN,CityName,State,DEN,CityName,State,0,0,6,0,0,,178,232,0,0,0,0,0
2022-06-20,United,N886XX,7286,DFW,CityName,State,ATL,CityName,State,0,0,-13,0,0,,253,281,0,0,0,0,0
2022-06-20,Southwest,N867XX,7690,SFO,CityName,State,DFW,CityName,State,0,0,-2,0,0,,148,2975,0,0,0,0,0
2022-06-20,JetBlue,N670XX,6467,ORD,CityName,State,MIA,CityName,State,120,1,120,1,0,,206,2668,0,0,120,0,0
2022-06-20,Delta,N263XX,3525,ATL,CityName,State,ATL,CityName,State,0,0,-10,0,0,,65,357,0,0,0,0,0
2022-06-20,Southwest,N478XX,7847,DEN,CityName,State,MIA,CityName,State,60,1,51,1,0,,330,1197,0,0,51,0,0
2022-06-20,American,N251XX,6685,MIA,CityName,State,MIA,CityName,State,0,0,-12,0,0,,79,2839,0,0,0,0,0
2022-06-20,JetBlue,N896XX,3548,MIA,CityName,State,BOS,CityName,State,15,1,20,1,0,,318,760,0,20,0,0,0
2022-06-20,United,N166XX,4853,DEN,CityName,State,BOS,CityName,State,15,1,12,0,0,,189,744,0,0,0,0,0
2022-06-20,JetBlue,N941XX,6978,JFK,CityName,State,MIA,CityName,State,0,0,8,0,0,,96,921,0,0,0,0,0
2022-06-21,Delta,N585XX,4155,LAX,CityName,State,DFW,CityName,State,0,0,4,0,0,,130,2008,0,0,0,0,0
2022-06-21,American,N180XX,5214,SFO,CityName,State,ATL,CityName,State,0,0,3,0,0,,308,2913,0,0,0,0,0
2022-06-21,American,N552XX,4425,BOS,CityName,State,BOS,CityName,State,0,0,-11,0,0,,321,2904,0,0,0,0,0
2022-06-21,Southwest,N604XX,2351,LAX,CityName,State,MIA,CityName,State,120,1,110,1,0,,225,163,0,110,0,0,0
2022-06-21,American,N355XX,3240,ATL,CityName,State,DFW,CityName,State,0,0,10,0,0,,50,837,0,0,0,0,0
2022-06-21,Southwest,N994XX,7953,BOS,CityName,State,DEN,CityName,State,15,1,23,1,0,,134,325,0,0,23,0,0
2022-06-21,Southwest,N889XX,2499,SEA,CityName,State,MIA,CityName,State,0,0,4,0,0,,354,1313,0,0,0,0,0
2022-06-21,Delta,N481XX,3652,DEN,CityName,State,SFO,CityName,State,0,0,4,0,0,,185,1593,0,0,0,0,0
2022-06-21,United,N712XX,5263,SEA,CityName,State,ORD,CityName,State,0,0,-14,0,0,,228,2203,0,0,0,0,0
2022-06-21,American,N583XX,2173,LAX,CityName,State,SEA,CityName,State,0,0,9,0,0,,214,503,0,0,0,0,0
2022-06-21,Delta,N492XX,8139,SFO,CityName,State,LAX,CityName,State,0,0,8,0,0,,239,2577,0,0,0,0,0
2022-06-21,Southwest,N131XX,6044,JFK,CityName,State,DFW,CityName,State,0,0,5,0,0,,66,1282,0,0,0,0,0
2022-06-21,American,N270XX,1293,SEA,CityName,State,DEN,CityName,State,0,0,-10,0,0,,175,1113,0,0,0,0,0
2022-06-21,Delta,N932XX,9787,BOS,CityName,State,ORD,CityName,State,0,0,8,0,0,,231,2479,0,0,0,0,0
2022-06-21,Delta,N943XX,3183,ORD,CityName,State,MIA,CityName,State,60,1,65,1,0,,179,842,65,0,0,0,0
2022-06-22,JetBlue,N379XX,109,MIA,CityName,State,JFK,CityName,State,0,0,3,0,0,,255,684,0,0,0,0,0
2022-06-22,Southwest,N426XX,5382,MIA,CityName,State,LAX,CityName,State,0,0,7,0,0,,45,2115,0,0,0,0,0
2022-06-22,Southwest,N466XX,1619,BOS,CityName,State,ORD,CityName,State,15,1,18,1,0,,314,324,18,0,0,0,0
2022-06-22,Delta,N530XX,273,JFK,CityName,State,ATL,CityName,State,0,0,7,0,0,,285,2298,0,0,0,0,0
2022-06-22,Delta,N342XX,5117,DFW,CityName,State,ORD,CityName,State,0,0,-4,0,0,,322,988,0,0,0,0,0
2022-06-22,JetBlue,N314XX,2561,JFK,CityName,State,MIA,CityName,State,0,0,-8,0,0,,200,2932,0,0,0,0,0
2022-06-22,Delta,N693XX,1135,BOS,CityName,State,ORD,CityName,State,0,0,-3,0,0,,351,826,0,0,0,0,0
2022-06-22,JetBlue,N981XX,3262,ORD,CityName,State,BOS,CityName,State,0,0,-2,0,0,,165,2141,0,0,0,0,0
2022-06-23,Southwest,N332XX,9695,MIA,CityName,State,DFW,CityName,State,15,1,14,0,0,,340,808,0,0,0,0,0
2022-06-23,JetBlue,N564XX,8370,ATL,CityName,State,LAX,CityName,State,0,0,-11,0,0,,76,851,0,0,0,0,0
2022-06-23,JetBlue,N770XX,347,DEN,CityName,State,SEA,CityName,State,0,0,3,0,0,,330,437,0,0,0,0,0
2022-06-23,United,N317XX,7387,DEN,CityName,State,ORD,CityName,State,0,0,0,0,1,A,72,2295,0,0,0,0,0
2022-06-23,American,N962XX,921,ATL,CityName,State,DEN,CityName,State,0,0,4,0,0,,189,556,0,0,0,0,0
2022-06-23,JetBlue,N378XX,1973,BOS,CityName,State,SFO,CityName,State,0,0,8,0,0,,354,2032,0,0,0,0,0
2022-06-23,JetBlue,N170XX,645,DFW,CityName,State,ORD,CityName,State,0,0,-3,0,0,,267,979,0,0,0,0,0
2022-06-23,Southwest,N327XX,8212,DFW,CityName,State,SFO,CityName,State,0,0,-7,0,0,,148,1398,0,0,0,0,0
2022-06-23,American,N557XX,8279,BOS,CityName,State,ATL,CityName,State,0,0,-7,0,0,,352,897,0,0,0,0,0
2022-06-23,JetBlue,N301XX,6231,SFO,CityName,State,BOS,CityName,State,0,0,4,0,0,,118,1138,0,0,0,0,0
2022-06-23,United,N236XX,8430,MIA,CityName,State,SEA,CityName,State,45,1,53,1,0,,183,815,53,0,0,0,0
2022-06-23,Southwest,N274XX,7891,BOS,CityName,State,JFK,CityName,State,0,0,-12,0,0,,355,2806,0,0,0,0,0
2022-06-23,Delta,N755XX,7792,LAX,CityName,State,DFW,CityName,State,0,0,6,0,0,,325,2851,0,0,0,0,0
2022-06-23,JetBlue,N464XX,2804,ORD,CityName,State,LAX,CityName,State,15,1,16,1,0,,293,2426,16,0,0,0,0
2022-06-23,United,N150XX,5830,SEA,CityName,State,DEN,CityName,State,0,0,7,0,0,,227,2571,0,0,0,0,0
2022-06-23,American,N100XX,716,SFO,CityName,State,SFO,CityName,State,0,0,3,0,0,,112,1678,0,0,0,0,0
2022-06-23,Southwest,N548XX,3382,DEN,CityName,State,DFW,CityName,State,0,0,-3,0,0,,286,506,0,0,0,0,0
2022-06-24,Delta,N263XX,4852,ORD,CityName,State,JFK,CityName,State,45,1,52,1,0,,353,369,0,0,52,0,0
2022-06-24,Southwest,N624XX,7393,JFK,CityName,State,JFK,CityName,State,0,0,3,0,0,,179,1020,0,0,0,0,0
2022-06-24,JetBlue,N152XX,7980,LAX,CityName,State,SFO,CityName,State,0,0,7,0,0,,147,672,0,0,0,0,0
2022-06-24,Southwest,N280XX,5501,LAX,CityName,State,SEA,CityName,State,45,1,42,1,0,,294,1538,0,42,0,0,0
2022-06-24,Delta,N464XX,7671,DFW,CityName,State,JFK,CityName,State,0,0,7,0,0,,247,2590,0,0,0,0,0
2022-06-24,Southwest,N223XX,804,ORD,CityName,State,DEN,CityName,State,0,0,-11,0,0,,65,790,0,0,0,0,0
2022-06-24,United,N205XX,1148,DFW,CityName,State,MIA,CityName,State,0,0,10,0,0,,56,699,0,0,0,0,0
2022-06-24,Delta,N482XX,8757,MIA,CityName,State,SEA,CityName,State,0,0,1,0,0,,144,667,0,0,0,0,0
2022-06-24,JetBlue,N276XX,6350,ORD,CityName,State,LAX,CityName,State,0,0,7,0,0,,56,2763,0,0,0,0,0
2022-06-24,American,N664XX,2508,SEA,CityName,State,SEA,CityName,State,0,0,-3,0,0,,51,2595,0,0,0,0,0
2022-06-24,Southwest,N561XX,9179,SFO,CityName,State,SEA,CityName,State,0,0,4,0,0,,99,1192,0,0,0,0,0
2022-06-24,United,N922XX,9396,SEA,CityName,State,LAX,CityName,State,0,0,-14,0,0,,134,1363,0,0,0,0,0
2022-06-24,Southwest,N237XX,9271,SEA,CityName,State,ORD,CityName,State,15,1,2,0,0,,349,2943,0,0,0,0,0
2022-06-24,Southwest,N273XX,679,BOS,CityName,State,ATL,CityName,State,0,0,-14,0,0,,216,2037,0,0,0,0,0
2022-06-24,Delta,N594XX,939,SFO,CityName,State,LAX,CityName,State,0,0,2,0,0,,330,2314,0,0,0,0,0
2022-06-24,American,N256XX,5135,BOS,CityName,State,SFO,CityName,State,0,0,8,0,0,,124,2627,0,0,0,0,0
2022-06-24,United,N327XX,7901,JFK,CityName,State,DFW,CityName,State,0,0,10,0,0,,83,338,0,0,0,0,0
2022-06-24,Delta,N507XX,6750,JFK,CityName,State,LAX,CityName,State,120,1,106,1,0,,251,2034,0,0,106,0,0
2022-06-24,Delta,N589XX,5002,JFK,CityName,State,MIA,CityName,State,0,0,-13,0,0,,241,742,0,0,0,0,0
2022-06-24,Southwest,N808XX,8661,SFO,CityName,State,DEN,CityName,State,0,0,-14,0,0,,75,735,0,0,0,0,0
2022-06-25,Delta,N143XX,1292,ORD,CityName,State,LAX,CityName,State,0,0,0,0,0,,141,2751,0,0,0,0,0
2022-06-25,Southwest,N575XX,3465,LAX,CityName,State,DFW,CityName,State,0,0,6,0,0,,187,2321,0,0,0,0,0
2022-06-25,United,N496XX,1840,SFO,CityName,State,BOS,CityName,State,15,1,3,0,0,,198,1532,0,0,0,0,0
2022-06-25,United,N540XX,2154,JFK,CityName,State,SFO,CityName,State,0,0,-13,0,0,,51,1481,0,0,0,0,0
2022-06-25,Delta,N472XX,8365,JFK,CityName,State,SEA,CityName,State,0,0,3,0,0,,62,353,0,0,0,0,0
2022-06-25,Delta,N227XX,620,DFW,CityName,State,ATL,CityName,State,0,0,9,0,0,,235,579,0,0,0,0,0
2022-06-25,United,N903XX,3329,SEA,CityName,State,BOS,CityName,State,45,1,35,1,0,,225,2087,35,0,0,0,0
2022-06-25,Delta,N705XX,9724,JFK,CityName,State,LAX,CityName,State,0,0,8,0,0,,316,1912,0,0,0,0,0
2022-06-26,JetBlue,N887XX,9960,ORD,CityName,State,LAX,CityName,State,0,0,-7,0,0,,197,2013,0,0,0,0,0
2022-06-26,Southwest,N936XX,353,MIA,CityName,State,SEA,CityName,State,15,1,23,1,0,,324,1709,0,0,23,0,0
2022-06-26,Southwest,N595XX,8596,JFK,CityName,State,LAX,CityName,State,240,1,248,1,0,,321,906,248,0,0,0,0
2022-06-26,Delta,N906XX,6555,JFK,CityName,State,ATL,CityName,State,0,0,-11,0,0,,181,1906,0,0,0,0,0
2022-06-26,Delta,N264XX,1333,ORD,CityName,State,ATL,CityName,State,120,1,124,1,0,,344,515,0,0,124,0,0
2022-06-26,Southwest,N362XX,8138,DFW,CityName,State,JFK,CityName,State,0,0,2,0,0,,75,2127,0,0,0,0,0
2022-06-26,Southwest,N728XX,4954,ATL,CityName,State,SEA,CityName,State,0,0,0,0,0,,289,1013,0,0,0,0,0
2022-06-26,United,N890XX,9001,JFK,CityName,State,SEA,CityName,State,0,0,5,0,0,,260,516,0,0,0,0,0
2022-06-26,JetBlue,N990XX,7789,JFK,CityName,State,JFK,CityName,State,0,0,-4,0,0,,134,692,0,0,0,0,0
2022-06-26,American,N974XX,5658,MIA,CityName,State,DFW,CityName,State,0,0,9,0,0,,291,2290,0,0,0,0,0
2022-06-26,United,N239XX,9339,LAX,CityName,State,MIA,CityName,State,0,0,-9,0,0,,254,789,0,0,0,0,0
2022-06-26,Delta,N849XX,8583,ATL,CityName,State,SEA,CityName,State,0,0,9,0,0,,290,613,0,0,0,0,0
2022-06-26,Delta,N215XX,4194,SEA,CityName,State,ORD,CityName,State,0,0,-11,0,0,,154,475,0,0,0,0,0
2022-06-26,Delta,N428XX,2271,LAX,CityName,State,BOS,CityName,State,0,0,-7,0,0,,352,630,0,0,0,0,0
2022-06-27,Southwest,N566XX,5615,ATL,CityName,State,ATL,CityName,State,15,1,21,1,0,,115,381,21,0,0,0,0
2022-06-27,Southwest,N179XX,5492,SEA,CityName,State,DEN,CityName,State,0,0,8,0,0,,197,1667,0,0,0,0,0
2022-06-27,JetBlue,N561XX,1321,SFO,CityName,State,JFK,CityName,State,0,0,10,0,0,,349,2578,0,0,0,0,0
2022-06-27,American,N877XX,8751,SFO,CityName,State,DEN,CityName,State,0,0,-13,0,0,,263,2732,0,0,0,0,0
2022-06-27,United,N210XX,1789,LAX,CityName,State,ATL,CityName,State,0,0,-10,0,0,,115,1803,0,0,0,0,0
2022-06-27,Delta,N983XX,3629,ORD,CityName,State,MIA,CityName,State,0,0,6,0,0,,46,2254,0,0,0,0,0
2022-06-27,Southwest,N396XX,7069,JFK,CityName,State,SEA,CityName,State,0,0,-9,0,0,,215,2194,0,0,0,0,0
2022-06-27,Delta,N223XX,148,JFK,CityName,State,ORD,CityName,State,0,0,0,0,0,,274,1441,0,0,0,0,0
2022-06-27,JetBlue,N820XX,8047,ORD,CityName,State,BOS,CityName,State,0,0,-14,0,0,,144,2268,0,0,0,0,0
2022-06-27,United,N887XX,530,ORD,CityName,State,LAX,CityName,State,0,0,9,0,0,,230,1499,0,0,0,0,0
2022-06-27,United,N632XX,6861,ORD,CityName,State,MIA,CityName,State,0,0,0,0,0,,287,2084,0,0,0,0,0
2022-06-27,United,N772XX,4526,MIA,CityName,State,DEN,CityName,State,15,1,13,0,0,,125,276,0,0,0,0,0
2022-06-27,Delta,N920XX,7165,LAX,CityName,State,DEN,CityName,State,0,0,3,0,0,,171,375,0,0,0,0,0
2022-06-27,Delta,N439XX,2013,MIA,CityName,State,MIA,CityName,State,0,0,8,0,0,,291,1057,0,0,0,0,0
2022-06-27,Southwest,N538XX,5626,LAX,CityName,State,SFO,CityName,State,0,0,5,0,0,,275,2942,0,0,0,0,0
2022-06-27,United,N855XX,5197,SFO,CityName,State,SFO,CityName,State,0,0,-5,0,0,,357,953,0,0,0,0,0
2022-06-27,American,N525XX,6563,ORD,CityName,State,SEA,CityName,State,0,0,-2,0,0,,208,1351,0,0,0,0,0
2022-06-27,United,N979XX,9978,ATL,CityName,State,SEA,CityName,State,0,0,-3,0,0,,64,2133,0,0,0,0,0
2022-06-28,Southwest,N933XX,4618,DEN,CityName,State,ATL,CityName,State,0,0,5,0,0,,182,1906,0,0,0,0,0
2022-06-28,Southwest,N371XX,495,SFO,CityName,State,DFW,CityName,State,0,0,-10,0,0,,204,1884,0,0,0,0,0
2022-06-28,United,N745XX,664,DFW,CityName,State,JFK,CityName,State,0,0,-13,0,0,,338,1397,0,0,0,0,0
2022-06-28,American,N662XX,1536,ATL,CityName,State,JFK,CityName,State,0,0,-14,0,0,,211,1688,0,0,0,0,0
2022-06-28,Delta,N210XX,5014,DEN,CityName,State,LAX,CityName,State,30,1,40,1,0,,288,1508,0,0,0,0,40
2022-06-28,JetBlue,N170XX,386,ORD,CityName,State,BOS,CityName,State,0,0,0,0,0,,358,2227,0,0,0,0,0
2022-06-28,United,N448XX,5996,MIA,CityName,State,SFO,CityName,State,0,0,4,0,0,,201,549,0,0,0,0,0
2022-06-28,Southwest,N702XX,2042,BOS,CityName,State,LAX,CityName,State,0,0,4,0,0,,271,641,0,0,0,0,0
2022-06-28,Delta,N410XX,8990,MIA,CityName,State,DFW,CityName,State,0,0,-5,0,0,,311,356,0,0,0,0,0
2022-06-28,United,N173XX,3432,BOS,CityName,State,ORD,CityName,State,45,1,32,1,0,,46,1181,32,0,0,0,0
2022-06-28,Southwest,N907XX,897,BOS,CityName,State,ORD,CityName,State,15,1,22,1,0,,241,1189,0,0,22,0,0
2022-06-28,Delta,N523XX,2072,ATL,CityName,State,SFO,CityName,State,0,0,5,0,0,,320,844,0,0,0,0,0
2022-06-29,JetBlue,N845XX,5450,LAX,CityName,State,BOS,CityName,State,0,0,0,0,0,,147,1532,0,0,0,0,0
2022-06-29,JetBlue,N948XX,9811,DFW,CityName,State,JFK,CityName,State,0,0,9,0,0,,309,1029,0,0,0,0,0
2022-06-29,American,N592XX,9436,LAX,CityName,State,LAX,CityName,State,120,1,127,1,0,,110,836,0,0,0,0,127
2022-06-29,American,N585XX,3761,MIA,CityName,State,DEN,CityName,State,60,1,68,1,0,,121,2589,68,0,0,0,0
2022-06-29,United,N842XX,1386,ATL,CityName,State,SEA,CityName,State,45,1,47,1,0,,350,1368,0,47,0,0,0
2022-06-29,JetBlue,N564XX,7539,ORD,CityName,State,ATL,CityName,State,0,0,1,0,0,,96,823,0,0,0,0,0
2022-06-29,United,N435XX,6100,SFO,CityName,State,JFK,CityName,State,0,0,-4,0,0,,135,2623,0,0,0,0,0
2022-06-29,United,N300XX,5188,LAX,CityName,State,ORD,CityName,State,0,0,-13,0,0,,310,941,0,0,0,0,0
2022-06-29,American,N414XX,8532,BOS,CityName,State,BOS,CityName,State,0,0,-5,0,0,,147,1213,0,0,0,0,0
2022-06-30,Delta,N852XX,6228,MIA,CityName,State,ORD,CityName,State,0,0,2,0,0,,114,2434,0,0,0,0,0
2022-06-30,United,N246XX,2827,JFK,CityName,State,DEN,CityName,State,0,0,3,0,0,,265,1674,0,0,0,0,0
2022-06-30,United,N567XX,655,MIA,CityName,State,MIA,CityName,State,240,1,231,1,0,,292,878,231,0,0,0,0
2022-06-30,American,N192XX,7160,JFK,CityName,State,SFO,CityName,State,0,0,5,0,0,,83,1466,0,0,0,0,0
2022-06-30,American,N939XX,1135,SEA,CityName,State,DFW,CityName,State,0,0,-13,0,0,,244,517,0,0,0,0,0
2022-06-30,American,N825XX,717,MIA,CityName,State,DFW,CityName,State,15,1,19,1,0,,140,1388,0,19,0,0,0
2022-06-30,JetBlue,N269XX,2660,LAX,CityName,State,DEN,CityName,State,0,0,9,0,0,,141,2727,0,0,0,0,0
2022-06-30,Delta,N573XX,811,JFK,CityName,State,JFK,CityName,State,0,0,-12,0,0,,357,958,0,0,0,0,0
2022-06-30,Southwest,N603XX,2707,SEA,CityName,State,JFK,CityName,State,0,0,-9,0,0,,226,1771,0,0,0,0,0
2022-06-30,JetBlue,N819XX,438,ATL,CityName,State,SEA,CityName,State,0,0,-13,0,0,,234,1960,0,0,0,0,0
2022-06-30,JetBlue,N319XX,2402,DFW,CityName,State,ORD,CityName,State,0,0,-10,0,0,,132,2410,0,0,0,0,0
2022-06-30,American,N129XX,5762,DEN,CityName,State,ORD,CityName,State,0,0,7,0,0,,51,675,0,0,0,0,0
2022-07-01,American,N281XX,9029,BOS,CityName,State,ATL,CityName,State,0,0,3,0,0,,187,1625,0,0,0,0,0
2022-07-01,JetBlue,N397XX,7292,ATL,CityName,State,JFK,CityName,State,0,0,1,0,0,,70,1251,0,0,0,0,0
2022-07-01,Delta,N901XX,4682,SFO,CityName,State,JFK,CityName,State,45,1,48,1,0,,284,2983,0,0,48,0,0
2022-07-01,Delta,N788XX,9122,ORD,CityName,State,ORD,CityName,State,0,0,-8,0,0,,247,1742,0,0,0,0,0
2022-07-01,United,N998XX,8286,LAX,CityName,State,SFO,CityName,State,0,0,10,0,0,,158,2084,0,0,0,0,0
2022-07-01,Delta,N631XX,1860,ATL,CityName,State,MIA,CityName,State,0,0,-9,0,0,,107,153,0,0,0,0,0
2022-07-01,JetBlue,N232XX,8651,JFK,CityName,State,ORD,CityName,State,0,0,0,0,0,,74,2951,0,0,0,0,0
2022-07-01,Delta,N671XX,9430,DEN,CityName,State,DFW,CityName,State,0,0,-14,0,0,,212,2851,0,0,0,0,0
2022-07-01,JetBlue,N128XX,1944,SFO,CityName,State,DFW,CityName,State,0,0,10,0,0,,89,738,0,0,0,0,0
2022-07-01,United,N982XX,6173,DFW,CityName,State,DFW,CityName,State,0,0,6,0,0,,245,465,0,0,0,0,0
2022-07-01,United,N915XX,9773,LAX,CityName,State,DFW,CityName,State,0,0,-13,0,0,,345,1063,0,0,0,0,0
2022-07-01,Southwest,N643XX,5505,SFO,CityName,State,BOS,CityName,State,0,0,2,0,0,,201,1391,0,0,0,0,0
2022-07-02,American,N945XX,5284,BOS,CityName,State,DEN,CityName,State,45,1,38,1,0,,193,1981,38,0,0,0,0
2022-07-02,United,N379XX,1795,ATL,CityName,State,MIA,CityName,State,0,0,-5,0,0,,198,2633,0,0,0,0,0
2022-07-02,Southwest,N161XX,6158,ORD,CityName,State,MIA,CityName,State,0,0,10,0,0,,105,2069,0,0,0,0,0
2022-07-02,Southwest,N802XX,2177,SFO,CityName,State,DEN,CityName,State,0,0,-3,0,0,,122,307,0,0,0,0,0
2022-07-02,Delta,N627XX,7880,LAX,CityName,State,ORD,CityName,State,0,0,10,0,0,,163,1677,0,0,0,0,0
2022-07-02,JetBlue,N101XX,2493,BOS,CityName,State,SFO,CityName,State,0,0,0,0,1,A,78,2949,0,0,0,0,0
2022-07-02,Delta,N194XX,535,SEA,CityName,State,DFW,CityName,State,0,0,-5,0,0,,295,725,0,0,0,0,0
2022-07-02,United,N145XX,4882,JFK,CityName,State,ATL,CityName,State,0,0,5,0,0,,46,1088,0,0,0,0,0
2022-07-02,Southwest,N152XX,3844,ATL,CityName,State,ORD,CityName,State,0,0,6,0,0,,228,455,0,0,0,0,0
2022-07-02,Delta,N835XX,9223,SFO,CityName,State,DEN,CityName,State,15,1,2,0,0,,266,554,0,0,0,0,0
2022-07-02,JetBlue,N538XX,6012,ATL,CityName,State,SEA,CityName,State,0,0,3,0,0,,326,2780,0,0,0,0,0
2022-07-02,United,N235XX,6867,JFK,CityName,State,LAX,CityName,State,0,0,2,0,0,,229,935,0,0,0,0,0
2022-07-02,United,N602XX,4964,DEN,CityName,State,SEA,CityName,State,0,0,-10,0,0,,45,2456,0,0,0,0,0
2022-07-02,Delta,N225XX,7428,DEN,CityName,State,ORD,CityName,State,0,0,-2,0,0,,346,420,0,0,0,0,0
2022-07-02,Southwest,N632XX,911,JFK,CityName,State,DEN,CityName,State,60,1,53,1,0,,292,2167,0,0,0,0,53
2022-07-02,JetBlue,N126XX,6274,DFW,CityName,State,SFO,CityName,State,0,0,3,0,0,,299,820,0,0,0,0,0
2022-07-02,Southwest,N524XX,1272,JFK,CityName,State,MIA,CityName,State,15,1,2,0,0,,138,384,0,0,0,0,0
2022-07-02,Southwest,N129XX,2385,JFK,CityName,State,LAX,CityName,State,0,0,3,0,0,,80,627,0,0,0,0,0
2022-07-02,JetBlue,N896XX,5527,BOS,CityName,State,JFK,CityName,State,0,0,-4,0,0,,237,2023,0,0,0,0,0
2022-07-02,Delta,N764XX,311,SFO,CityName,State,ORD,CityName,State,0,0,0,0,0,,336,2303,0,0,0,0,0
2022-07-03,United,N702XX,8136,DEN,CityName,State,LAX,CityName,State,15,1,14,0,0,,125,920,0,0,0,0,0
2022-07-03,United,N539XX,9005,JFK,CityName,State,MIA,CityName,State,0,0,-12,0,0,,110,1831,0,0,0,0,0
2022-07-03,United,N307XX,4458,ATL,CityName,State,DFW,CityName,State,0,0,10,0,0,,343,2265,0,0,0,0,0
2022-07-03,United,N236XX,4626,DEN,CityName,State,DFW,CityName,State,0,0,-7,0,0,,261,1589,0,0,0,0,0
2022-07-03,American,N219XX,1489,MIA,CityName,State,SFO,CityName,State,0,0,7,0,0,,136,215,0,0,0,0,0
2022-07-03,Delta,N894XX,8834,ORD,CityName,State,JFK,CityName,State,0,0,-12,0,0,,110,2974,0,0,0,0,0
2022-07-03,American,N936XX,2420,DEN,CityName,State,DFW,CityName,State,0,0,-5,0,0,,342,1418,0,0,0,0,0
2022-07-03,American,N462XX,5432,LAX,CityName,State,MIA,CityName,State,0,0,-11,0,0,,271,1560,0,0,0,0,0
2022-07-03,Delta,N545XX,3844,JFK,CityName,State,SFO,CityName,State,0,0,-7,0,0,,124,955,0,0,0,0,0
2022-07-03,Delta,N343XX,1719,BOS,CityName,State,DFW,CityName,State,0,0,-5,0,0,,227,757,0,0,0,0,0
2022-07-03,American,N894XX,5567,ORD,CityName,State,BOS,CityName,State,0,0,-9,0,0,,241,2372,0,0,0,0,0
2022-07-03,Southwest,N562XX,2590,DEN,CityName,State,MIA,CityName,State,0,0,-12,0,0,,297,854,0,0,0,0,0
2022-07-03,American,N517XX,3397,LAX,CityName,State,DEN,CityName,State,0,0,-1,0,0,,341,1772,0,0,0,0,0
2022-07-03,American,N658XX,5795,MIA,CityName,State,BOS,CityName,State,0,0,6,0,0,,157,1044,0,0,0,0,0
2022-07-03,JetBlue,N948XX,1065,ORD,CityName,State,BOS,CityName,State,0,0,10,0,0,,119,1410,0,0,0,0,0
2022-07-03,JetBlue,N380XX,4026,MIA,CityName,State,MIA,CityName,State,0,0,1,0,0,,114,1996,0,0,0,0,0
2022-07-04,United,N629XX,549,BOS,CityName,State,ATL,CityName,State,0,0,10,0,0,,358,2782,0,0,0,0,0
2022-07-04,American,N173XX,9698,DFW,CityName,State,BOS,CityName,State,0,0,1,0,0,,320,2823,0,0,0,0,0
2022-07-04,Delta,N727XX,6805,BOS,CityName,State,BOS,CityName,State,0,0,-7,0,0,,84,2524,0,0,0,0,0
2022-07-04,American,N890XX,784,DEN,CityName,State,DFW,CityName,State,0,0,-6,0,0,,140,2946,0,0,0,0,0
2022-07-04,Delta,N727XX,489,BOS,CityName,State,SFO,CityName,State,0,0,-13,0,0,,198,1616,0,0,0,0,0
2022-07-04,Southwest,N103XX,2393,ATL,CityName,State,DFW,CityName,State,0,0,-1,0,0,,314,1262,0,0,0,0,0
2022-07-04,Southwest,N362XX,7419,LAX,CityName,State,ATL,CityName,State,0,0,-13,0,0,,101,2777,0,0,0,0,0
2022-07-04,United,N193XX,2786,SFO,CityName,State,MIA,CityName,State,0,0,9,0,0,,343,369,0,0,0,0,0
2022-07-04,American,N647XX,7585,SFO,CityName,State,MIA,CityName,State,0,0,8,0,0,,156,1241,0,0,0,0,0
2022-07-04,Southwest,N688XX,990,DEN,CityName,State,LAX,CityName,State,45,1,32,1,0,,226,2631,32,0,0,0,0
2022-07-04,Delta,N966XX,3663,MIA,CityName,State,JFK,CityName,State,0,0,8,0,0,,257,485,0,0,0,0,0
2022-07-04,American,N137XX,6915,DEN,CityName,State,ATL,CityName,State,0,0,10,0,0,,358,2749,0,0,0,0,0
2022-07-04,JetBlue,N666XX,9562,JFK,CityName,State,ORD,CityName,State,0,0,-3,0,0,,98,1118,0,0,0,0,0
2022-07-05,Delta,N252XX,8963,LAX,CityName,State,JFK,CityName,State,0,0,-10,0,0,,192,2513,0,0,0,0,0
2022-07-05,United,N593XX,4538,MIA,CityName,State,MIA,CityName,State,0,0,-10,0,0,,53,2606,0,0,0,0,0
2022-07-05,Southwest,N459XX,9560,LAX,CityName,State,SEA,CityName,State,0,0,1,0,0,,137,518,0,0,0,0,0
2022-07-05,United,N870XX,6838,MIA,CityName,State,SFO,CityName,State,0,0,-1,0,0,,239,473,0,0,0,0,0
2022-07-05,Delta,N938XX,8170,BOS,CityName,State,SEA,CityName,State,0,0,0,0,0,,103,2182,0,0,0,0,0
2022-07-05,Delta,N436XX,3402,DEN,CityName,State,ATL,CityName,State,0,0,-4,0,0,,234,545,0,0,0,0,0
2022-07-05,United,N228XX,2055,BOS,CityName,State,SFO,CityName,State,0,0,8,0,0,,121,2757,0,0,0,0,0
2022-07-05,Southwest,N813XX,2866,LAX,CityName,State,SFO,CityName,State,0,0,-6,0,0,,206,1888,0,0,0,0,0
2022-07-05,United,N118XX,6986,ORD,CityName,State,DFW,CityName,State,0,0,-12,0,0,,145,1804,0,0,0,0,0
2022-07-05,Delta,N749XX,8378,SEA,CityName,State,DEN,CityName,State,0,0,8,0,0,,190,1398,0,0,0,0,0
2022-07-05,Delta,N439XX,2819,ORD,CityName,State,ORD,CityName,State,30,1,37,1,0,,223,1515,0,0,37,0,0
2022-07-05,United,N408XX,4353,ORD,CityName,State,SFO,CityName,State,0,0,5,0,0,,76,2816,0,0,0,0,0
2022-07-05,United,N632XX,3735,ATL,CityName,State,ORD,CityName,State,0,0,-1,0,0,,261,1063,0,0,0,0,0
2022-07-06,American,N839XX,2129,SFO,CityName,State,BOS,CityName,State,0,0,10,0,0,,340,1157,0,0,0,0,0
2022-07-06,Delta,N769XX,9901,LAX,CityName,State,DEN,CityName,State,0,0,-5,0,0,,251,1646,0,0,0,0,0
2022-07-06,Delta,N579XX,3668,DEN,CityName,State,BOS,CityName,State,0,0,7,0,0,,194,2254,0,0,0,0,0
2022-07-06,Southwest,N167XX,6565,JFK,CityName,State,DFW,CityName,State,0,0,-4,0,0,,213,2099,0,0,0,0,0
2022-07-06,Southwest,N109XX,1403,ORD,CityName,State,ATL,CityName,State,0,0,0,0,0,,202,2972,0,0,0,0,0
2022-07-06,Delta,N107XX,4185,DFW,CityName,State,SFO,CityName,State,45,1,35,1,0,,339,2380,0,0,35,0,0
2022-07-06,Delta,N406XX,2737,BOS,CityName,State,SEA,CityName,State,0,0,-6,0,0,,344,2771,0,0,0,0,0
2022-07-06,JetBlue,N219XX,5801,SEA,CityName,State,SFO,CityName,State,0,0,-14,0,0,,252,2091,0,0,0,0,0
2022-07-06,Delta,N880XX,5635,SEA,CityName,State,LAX,CityName,State,30,1,34,1,0,,331,1354,0,0,34,0,0
2022-07-06,American,N700XX,3378,SEA,CityName,State,DEN,CityName,State,0,0,4,0,0,,206,348,0,0,0,0,0
2022-07-06,American,N164XX,8934,DFW,CityName,State,DEN,CityName,State,0,0,-4,0,0,,76,703,0,0,0,0,0
2022-07-07,JetBlue,N419XX,8856,ORD,CityName,State,DFW,CityName,State,0,0,-12,0,0,,304,2736,0,0,0,0,0
2022-07-07,JetBlue,N990XX,6198,SEA,CityName,State,JFK,CityName,State,0,0,-14,0,0,,300,1567,0,0,0,0,0
2022-07-07,Delta,N288XX,3555,ORD,CityName,State,ORD,CityName,State,0,0,-2,0,0,,152,2081,0,0,0,0,0
2022-07-07,Southwest,N896XX,1622,ATL,CityName,State,ORD,CityName,State,0,0,10,0,0,,170,718,0,0,0,0,0
2022-07-07,JetBlue,N871XX,1990,MIA,CityName,State,SFO,CityName,State,0,0,0,0,0,,79,1605,0,0,0,0,0
2022-07-07,American,N936XX,892,LAX,CityName,State,BOS,CityName,State,0,0,-1,0,0,,230,1511,0,0,0,0,0
2022-07-07,JetBlue,N541XX,1259,DFW,CityName,State,BOS,CityName,State,0,0,-12,0,0,,82,793,0,0,0,0,0
2022-07-07,JetBlue,N175XX,7396,DFW,CityName,State,DEN,CityName,State,0,0,0,0,0,,64,532,0,0,0,0,0
2022-07-07,American,N906XX,2934,ORD,CityName,State,LAX,CityName,State,0,0,-13,0,0,,251,2527,0,0,0,0,0
2022-07-07,Southwest,N831XX,6091,DEN,CityName,State,BOS,CityName,State,0,0,1,0,0,,322,2690,0,0,0,0,0
2022-07-07,United,N455XX,1681,SEA,CityName,State,BOS,CityName,State,60,1,60,1,0,,278,2265,0,0,60,0,0
2022-07-07,American,N492XX,2870,BOS,CityName,State,MIA,CityName,State,0,0,7,0,0,,60,284,0,0,0,0,0
2022-07-07,Southwest,N220XX,1578,SEA,CityName,State,MIA,CityName,State,0,0,-10,0,0,,284,2928,0,0,0,0,0
2022-07-07,Delta,N124XX,3729,ORD,CityName,State,ORD,CityName,State,0,0,-8,0,0,,178,731,0,0,0,0,0
2022-07-07,JetBlue,N388XX,1477,LAX,CityName,State,BOS,CityName,State,120,1,107,1,0,,280,754,107,0,0,0,0
2022-07-07,Delta,N586XX,8510,ATL,CityName,State,LAX,CityName,State,0,0,1,0,0,,116,2640,0,0,0,0,0
2022-07-07,Delta,N125XX,5517,ORD,CityName,State,ATL,CityName,State,0,0,-7,0,0,,142,488,0,0,0,0,0
2022-07-07,American,N843XX,1175,SFO,CityName,State,JFK,CityName,State,0,0,-10,0,0,,85,2456,0,0,0,0,0
2022-07-07,Southwest,N371XX,8180,SFO,CityName,State,DEN,CityName,State,30,1,31,1,0,,307,2236,31,0,0,0,0
2022-07-07,Delta,N904XX,1151,MIA,CityName,State,BOS,CityName,State,0,0,-11,0,0,,72,2334,0,0,0,0,0
2022-07-07,Delta,N747XX,7659,SEA,CityName,State,MIA,CityName,State,0,0,-11,0,0,,168,553,0,0,0,0,0
2022-07-07,JetBlue,N719XX,5045,LAX,CityName,State,SEA,CityName,State,0,0,-11,0,0,,349,1376,0,0,0,0,0
2022-07-07,Delta,N312XX,7618,DFW,CityName,State,JFK,CityName,State,0,0,3,0,0,,133,847,0,0,0,0,0
2022-07-07,Delta,N815XX,7976,DFW,CityName,State,SFO,CityName,State,0,0,-6,0,0,,270,2737,0,0,0,0,0
2022-07-08,JetBlue,N527XX,4157,ATL,CityName,State,ORD,CityName,State,0,0,-3,0,0,,227,1257,0,0,0,0,0
2022-07-08,American,N157XX,8158,JFK,CityName,State,SFO,CityName,State,0,0,7,0,0,,233,1165,0,0,0,0,0
2022-07-08,Southwest,N243XX,604,DEN,CityName,State,MIA,CityName,State,0,0,0,0,1,A,137,1968,0,0,0,0,0
2022-07-08,United,N767XX,1891,SFO,CityName,State,ORD,CityName,State,0,0,-10,0,0,,289,1989,0,0,0,0,0
2022-07-08,JetBlue,N890XX,4978,ATL,CityName,State,SEA,CityName,State,0,0,-13,0,0,,331,1089,0,0,0,0,0
2022-07-08,Southwest,N605XX,2845,ORD,CityName,State,ATL,CityName,State,0,0,-2,0,0,,186,829,0,0,0,0,0
2022-07-08,United,N398XX,3068,SEA,CityName,State,DEN,CityName,State,0,0,8,0,0,,112,1378,0,0,0,0,0
2022-07-08,United,N849XX,5039,BOS,CityName,State,ATL,CityName,State,0,0,-10,0,0,,330,1975,0,0,0,0,0
2022-07-09,JetBlue,N791XX,7141,DEN,CityName,State,ATL,CityName,State,0,0,-13,0,0,,153,2850,0,0,0,0,0
2022-07-09,JetBlue,N441XX,6687,SEA,CityName,State,MIA,CityName,State,0,0,7,0,0,,212,2128,0,0,0,0,0
2022-07-09,Delta,N996XX,4270,JFK,CityName,State,LAX,CityName,State,0,0,1,0,0,,198,2446,0,0,0,0,0
2022-07-09,American,N128XX,8107,SFO,CityName,State,BOS,CityName,State,0,0,-10,0,0,,335,2420,0,0,0,0,0
2022-07-09,Delta,N923XX,9620,LAX,CityName,State,SFO,CityName,State,15,1,3,0,0,,144,2893,0,0,0,0,0
2022-07-09,JetBlue,N425XX,2517,ATL,CityName,State,SEA,CityName,State,0,0,-7,0,0,,347,2257,0,0,0,0,0
2022-07-09,JetBlue,N581XX,9048,DFW,CityName,State,ORD,CityName,State,0,0,4,0,0,,189,2872,0,0,0,0,0
2022-07-09,Southwest,N201XX,3005,JFK,CityName,State,SEA,CityName,State,0,0,8,0,0,,56,616,0,0,0,0,0
2022-07-09,Southwest,N159XX,2708,SFO,CityName,State,ATL,CityName,State,0,0,0,0,0,,174,1053,0,0,0,0,0
2022-07-09,Delta,N435XX,6108,SEA,CityName,State,LAX,CityName,State,0,0,1,0,0,,208,1040,0,0,0,0,0
2022-07-09,United,N423XX,8400,SFO,CityName,State,DFW,CityName,State,0,0,7,0,0,,139,470,0,0,0,0,0
2022-07-10,JetBlue,N883XX,6211,ORD,CityName,State,JFK,CityName,State,60,1,51,1,0,,135,2256,51,0,0,0,0
2022-07-10,JetBlue,N326XX,8196,LAX,CityName,State,SEA,CityName,State,0,0,7,0,0,,225,427,0,0,0,0,0
2022-07-10,American,N391XX,753,DFW,CityName,State,LAX,CityName,State,0,0,-2,0,0,,186,2517,0,0,0,0,0
2022-07-10,American,N127XX,508,DEN,CityName,State,SFO,CityName,State,0,0,-3,0,0,,319,1419,0,0,0,0,0
2022-07-10,United,N117XX,616,LAX,CityName,State,ORD,CityName,State,0,0,-9,0,0,,257,1530,0,0,0,0,0
2022-07-10,American,N896XX,3872,ORD,CityName,State,DFW,CityName,State,15,1,6,0,0,,214,2610,0,0,0,0,0
2022-07-10,Southwest,N892XX,870,ORD,CityName,State,MIA,CityName,State,30,1,33,1,0,,277,1546,33,0,0,0,0
2022-07-10,United,N400XX,1336,SFO,CityName,State,ORD,CityName,State,15,1,23,1,0,,123,2172,23,0,0,0,0
2022-07-10,Delta,N153XX,6347,DFW,CityName,State,ORD,CityName,State,0,0,9,0,0,,61,2218,0,0,0,0,0
2022-07-10,American,N454XX,213,ATL,CityName,State,DFW,CityName,State,0,0,2,0,0,,271,1160,0,0,0,0,0
2022-07-10,Delta,N500XX,2716,BOS,CityName,State,ORD,CityName,State,120,1,109,1,0,,262,2753,0,0,109,0,0
2022-07-11,Southwest,N301XX,3024,DEN,CityName,State,MIA,CityName,State,0,0,10,0,0,,132,368,0,0,0,0,0
2022-07-11,United,N648XX,2375,DFW,CityName,State,ATL,CityName,State,45,1,31,1,0,,66,2797,31,0,0,0,0
2022-07-11,JetBlue,N481XX,4842,DEN,CityName,State,ORD,CityName,State,0,0,5,0,0,,66,488,0,0,0,0,0
2022-07-11,Delta,N585XX,7767,MIA,CityName,State,MIA,CityName,State,15,1,14,0,0,,350,435,0,0,0,0,0
2022-07-11,American,N684XX,9533,DEN,CityName,State,DEN,CityName,State,0,0,-10,0,0,,261,1854,0,0,0,0,0
2022-07-11,JetBlue,N676XX,2747,LAX,CityName,State,ATL,CityName,State,30,1,16,1,0,,151,425,0,0,0,0,16
2022-07-11,Southwest,N854XX,5166,DEN,CityName,State,SFO,CityName,State,0,0,-2,0,0,,123,412,0,0,0,0,0
2022-07-11,United,N286XX,5591,ATL,CityName,State,MIA,CityName,State,0,0,8,0,0,,158,2232,0,0,0,0,0
2022-07-11,Delta,N535XX,685,MIA,CityName,State,JFK,CityName,State,0,0,-12,0,0,,74,1201,0,0,0,0,0
2022-07-11,JetBlue,N644XX,8353,JFK,CityName,State,DEN,CityName,State,30,1,17,1,0,,173,735,17,0,0,0,0
2022-07-11,JetBlue,N441XX,2898,BOS,CityName,State,ATL,CityName,State,0,0,10,0,0,,224,2824,0,0,0,0,0
2022-07-11,Delta,N871XX,3485,DEN,CityName,State,LAX,CityName,State,60,1,70,1,0,,168,2161,70,0,0,0,0
2022-07-11,JetBlue,N134XX,7123,JFK,CityName,State,BOS,CityName,State,15,1,5,0,0,,281,596,0,0,0,0,0
2022-07-11,United,N624XX,2967,LAX,CityName,State,SFO,CityName,State,0,0,10,0,0,,351,348,0,0,0,0,0
2022-07-11,American,N845XX,4395,SFO,CityName,State,SEA,CityName,State,15,1,22,1,0,,276,2358,22,0,0,0,0
2022-07-11,United,N737XX,2202,ATL,CityName,State,JFK,CityName,State,0,0,4,0,0,,204,2001,0,0,0,0,0
2022-07-11,American,N353XX,5743,DFW,CityName,State,SEA,CityName,State,15,1,21,1,0,,139,1057,21,0,0,0,0
2022-07-11,Delta,N753XX,1053,JFK,CityName,State,ATL,CityName,State,0,0,6,0,0,,115,1204,0,0,0,0,0
2022-07-11,American,N531XX,4620,SEA,CityName,State,DEN,CityName,State,0,0,-12,0,0,,292,2746,0,0,0,0,0
2022-07-11,Delta,N211XX,6964,BOS,CityName,State,MIA,CityName,State,0,0,10,0,0,,90,2181,0,0,0,0,0
2022-07-12,Southwest,N813XX,260,MIA,CityName,State,DEN,CityName,State,0,0,8,0,0,,51,352,0,0,0,0,0
2022-07-12,JetBlue,N711XX,7479,DFW,CityName,State,ATL,CityName,State,0,0,-12,0,0,,181,2008,0,0,0,0,0
2022-07-12,United,N374XX,6620,LAX,CityName,State,LAX,CityName,State,0,0,1,0,0,,149,614,0,0,0,0,0
2022-07-12,Southwest,N928XX,6206,SFO,CityName,State,SFO,CityName,State,0,0,0,0,1,A,59,2162,0,0,0,0,0
2022-07-12,Southwest,N734XX,9760,ATL,CityName,State,SFO,CityName,State,0,0,-3,0,0,,192,1024,0,0,0,0,0
2022-07-12,American,N636XX,9917,DEN,CityName,State,ATL,CityName,State,0,0,-12,0,0,,95,2070,0,0,0,0,0
2022-07-12,Delta,N896XX,7158,SEA,CityName,State,SFO,CityName,State,0,0,-5,0,0,,185,2416,0,0,0,0,0
2022-07-12,Delta,N757XX,4258,ATL,CityName,State,JFK,CityName,State,0,0,1,0,0,,165,1408,0,0,0,0,0
2022-07-12,United,N980XX,6616,ATL,CityName,State,SFO,CityName,State,15,1,10,0,0,,173,829,0,0,0,0,0
2022-07-12,American,N843XX,284,MIA,CityName,State,BOS,CityName,State,0,0,-10,0,0,,296,2308,0,0,0,0,0
2022-07-12,JetBlue,N190XX,3808,SEA,CityName,State,DEN,CityName,State,0,0,0,0,0,,334,1916,0,0,0,0,0
2022-07-12,Southwest,N398XX,8629,JFK,CityName,State,LAX,CityName,State,0,0,-4,0,0,,70,1481,0,0,0,0,0
2022-07-12,United,N139XX,4656,ORD,CityName,State,LAX,CityName,State,45,1,46,1,0,,320,2139,46,0,0,0,0
2022-07-12,JetBlue,N959XX,9907,JFK,CityName,State,SEA,CityName,State,15,1,4,0,0,,105,2555,0,0,0,0,0
2022-07-12,United,N812XX,4191,JFK,CityName,State,SEA,CityName,State,0,0,2,0,0,,186,2831,0,0,0,0,0
2022-07-12,JetBlue,N251XX,9788,LAX,CityName,State,ORD,CityName,State,240,1,244,1,0,,347,273,0,0,244,0,0
2022-07-12,United,N836XX,9598,ORD,CityName,State,JFK,CityName,State,0,0,7,0,0,,220,432,0,0,0,0,0
2022-07-13,Southwest,N894XX,1131,SFO,CityName,State,DFW,CityName,State,0,0,-2,0,0,,118,1370,0,0,0,0,0
2022-07-13,Southwest,N782XX,8036,JFK,CityName,State,JFK,CityName,State,30,1,25,1,0,,343,536,25,0,0,0,0
2022-07-13,Delta,N814XX,1208,ORD,CityName,State,BOS,CityName,State,0,0,-9,0,0,,295,2896,0,0,0,0,0
2022-07-13,American,N245XX,8664,DFW,CityName,State,DEN,CityName,State,0,0,0,0,0,,101,1786,0,0,0,0,0
2022-07-13,Delta,N795XX,1370,SEA,CityName,State,ATL,CityName,State,0,0,-7,0,0,,286,2162,0,0,0,0,0
2022-07-13,American,N481XX,6116,DFW,CityName,State,SFO,CityName,State,60,1,52,1,0,,300,2257,0,0,52,0,0
2022-07-13,JetBlue,N939XX,4547,ORD,CityName,State,ATL,CityName,State,30,1,24,1,0,,294,874,0,0,0,0,24
2022-07-13,American,N237XX,282,MIA,CityName,State,SFO,CityName,State,15,1,17,1,0,,127,579,17,0,0,0,0
2022-07-13,JetBlue,N514XX,5163,BOS,CityName,State,JFK,CityName,State,15,1,18,1,0,,84,2512,18,0,0,0,0
2022-07-13,United,N438XX,1056,BOS,CityName,State,DFW,CityName,State,45,1,32,1,0,,266,1500,32,0,0,0,0
2022-07-13,United,N918XX,7461,LAX,CityName,State,BOS,CityName,State,0,0,-11,0,0,,149,2142,0,0,0,0,0
2022-07-13,Southwest,N998XX,7895,LAX,CityName,State,DFW,CityName,State,0,0,-5,0,0,,341,2884,0,0,0,0,0
2022-07-13,American,N158XX,2295,LAX,CityName,State,LAX,CityName,State,0,0,6,0,0,,185,621,0,0,0,0,0
2022-07-13,American,N480XX,3682,JFK,CityName,State,BOS,CityName,State,0,0,-11,0,0,,206,542,0,0,0,0,0
2022-07-13,United,N728XX,8944,LAX,CityName,State,DFW,CityName,State,60,1,52,1,0,,354,2895,0,52,0,0,0
2022-07-13,American,N784XX,5633,LAX,CityName,State,ATL,CityName,State,0,0,-10,0,0,,91,1160,0,0,0,0,0
2022-07-14,JetBlue,N508XX,7818,MIA,CityName,State,SEA,CityName,State,0,0,3,0,0,,319,594,0,0,0,0,0
2022-07-14,American,N163XX,1080,DFW,CityName,State,SEA,CityName,State,0,0,0,0,0,,216,646,0,0,0,0,0
2022-07-14,JetBlue,N543XX,2054,DFW,CityName,State,SFO,CityName,State,0,0,-6,0,0,,288,1712,0,0,0,0,0
2022-07-14,JetBlue,N739XX,2035,ORD,CityName,State,DEN,CityName,State,30,1,35,1,0,,209,446,35,0,0,0,0
2022-07-14,JetBlue,N772XX,3323,BOS,CityName,State,ORD,CityName,State,0,0,4,0,0,,275,2579,0,0,0,0,0
2022-07-14,American,N814XX,9934,SFO,CityName,State,MIA,CityName,State,0,0,-8,0,0,,200,1420,0,0,0,0,0
2022-07-14,American,N979XX,1684,DFW,CityName,State,SEA,CityName,State,30,1,18,1,0,,212,723,18,0,0,0,0
2022-07-14,JetBlue,N590XX,8431,DFW,CityName,State,BOS,CityName,State,0,0,-13,0,0,,108,209,0,0,0,0,0
2022-07-14,Delta,N311XX,5229,SFO,CityName,State,ORD,CityName,State,240,1,235,1,0,,101,1602,0,0,235,0,0
2022-07-14,American,N695XX,1477,MIA,CityName,State,BOS,CityName,State,0,0,-7,0,0,,320,2692,0,0,0,0,0
2022-07-14,Southwest,N556XX,8903,JFK,CityName,State,JFK,CityName,State,45,1,53,1,0,,298,1794,0,0,53,0,0
2022-07-14,Delta,N638XX,3047,DFW,CityName,State,BOS,CityName,State,120,1,121,1,0,,181,2115,121,0,0,0,0
2022-07-14,Delta,N171XX,7573,ATL,CityName,State,DEN,CityName,State,15,1,23,1,0,,124,1257,23,0,0,0,0
2022-07-14,United,N264XX,9131,MIA,CityName,State,BOS,CityName,State,0,0,-11,0,0,,267,248,0,0,0,0,0
2022-07-14,Delta,N386XX,5140,ATL,CityName,State,SEA,CityName,State,0,0,4,0,0,,176,2652,0,0,0,0,0
2022-07-14,JetBlue,N965XX,3196,SEA,CityName,State,MIA,CityName,State,45,1,36,1,0,,289,1740,36,0,0,0,0
2022-07-14,Southwest,N726XX,4831,ORD,CityName,State,DEN,CityName,State,0,0,1,0,0,,184,2146,0,0,0,0,0
2022-07-14,JetBlue,N835XX,4373,JFK,CityName,State,DEN,CityName,State,0,0,2,0,0,,297,2982,0,0,0,0,0
2022-07-14,United,N258XX,3479,BOS,CityName,State,DFW,CityName,State,15,1,10,0,0,,90,1309,0,0,0,0,0
2022-07-14,United,N692XX,2282,DEN,CityName,State,SFO,CityName,State,120,1,116,1,0,,234,1027,116,0,0,0,0
2022-07-14,JetBlue,N834XX,5230,SFO,CityName,State,JFK,CityName,State,0,0,-2,0,0,,348,2850,0,0,0,0,0
2022-07-14,Southwest,N596XX,8155,DFW,CityName,State,ORD,CityName,State,120,1,108,1,0,,289,343,0,0,108,0,0
2022-07-14,JetBlue,N726XX,779,SFO,CityName,State,SEA,CityName,State,0,0,1,0,0,,176,378,0,0,0,0,0
2022-07-15,JetBlue,N864XX,2725,ATL,CityName,State,DFW,CityName,State,0,0,-1,0,0,,106,2125,0,0,0,0,0
2022-07-15,Southwest,N823XX,5062,SFO,CityName,State,SEA,CityName,State,0,0,1,0,0,,260,266,0,0,0,0,0
2022-07-15,Southwest,N792XX,1935,BOS,CityName,State,ATL,CityName,State,0,0,-7,0,0,,118,2460,0,0,0,0,0
2022-07-15,Southwest,N287XX,3147,MIA,CityName,State,BOS,CityName,State,0,0,-3,0,0,,87,978,0,0,0,0,0
2022-07-15,American,N454XX,2366,ORD,CityName,State,MIA,CityName,State,0,0,5,0,0,,232,1949,0,0,0,0,0
2022-07-15,JetBlue,N964XX,7442,ORD,CityName,State,JFK,CityName,State,0,0,-6,0,0,,220,1878,0,0,0,0,0
2022-07-15,United,N149XX,4993,DEN,CityName,State,LAX,CityName,State,15,1,16,1,0,,201,2851,16,0,0,0,0
2022-07-15,Delta,N859XX,7096,SEA,CityName,State,ORD,CityName,State,0,0,-8,0,0,,145,1891,0,0,0,0,0
2022-07-15,American,N954XX,8439,MIA,CityName,State,BOS,CityName,State,0,0,-1,0,0,,300,2803,0,0,0,0,0
2022-07-15,Delta,N582XX,3216,SEA,CityName,State,DFW,CityName,State,0,0,3,0,0,,313,2450,0,0,0,0,0
2022-07-15,Southwest,N407XX,8095,JFK,CityName,State,MIA,CityName,State,0,0,2,0,0,,170,2924,0,0,0,0,0
2022-07-16,JetBlue,N852XX,7241,DFW,CityName,State,LAX,CityName,State,0,0,-8,0,0,,301,362,0,0,0,0,0
2022-07-16,American,N468XX,845,MIA,CityName,State,DFW,CityName,State,45,1,45,1,0,,158,1531,45,0,0,0,0
2022-07-16,Delta,N552XX,7129,SEA,CityName,State,DFW,CityName,State,15,1,17,1,0,,121,424,0,0,0,0,17
2022-07-16,American,N372XX,8823,ORD,CityName,State,BOS,CityName,State,60,1,61,1,0,,127,254,0,61,0,0,0
2022-07-16,United,N415XX,9516,BOS,CityName,State,DEN,CityName,State,0,0,-13,0,0,,343,638,0,0,0,0,0
2022-07-16,Delta,N316XX,3261,JFK,CityName,State,MIA,CityName,State,0,0,-14,0,0,,329,1252,0,0,0,0,0
2022-07-16,Southwest,N525XX,5062,BOS,CityName,State,ORD,CityName,State,0,0,-2,0,0,,263,2285,0,0,0,0,0
2022-07-16,United,N466XX,5362,SEA,CityName,State,LAX,CityName,State,0,0,6,0,0,,327,362,0,0,0,0,0
2022-07-16,Delta,N739XX,1973,DEN,CityName,State,JFK,CityName,State,15,1,10,0,0,,351,1651,0,0,0,0,0
2022-07-16,Delta,N753XX,8969,ORD,CityName,State,JFK,CityName,State,120,1,123,1,0,,181,2825,123,0,0,0,0
2022-07-16,JetBlue,N124XX,6508,ATL,CityName,State,JFK,CityName,State,0,0,7,0,0,,214,390,0,0,0,0,0
2022-07-17,American,N600XX,2193,ORD,CityName,State,DEN,CityName,State,0,0,0,0,0,,140,333,0,0,0,0,0
2022-07-17,JetBlue,N549XX,2533,ATL,CityName,State,ORD,CityName,State,0,0,9,0,0,,269,791,0,0,0,0,0
2022-07-17,United,N576XX,2808,ATL,CityName,State,BOS,CityName,State,0,0,-10,0,0,,307,2785,0,0,0,0,0
2022-07-17,United,N731XX,3387,SFO,CityName,State,BOS,CityName,State,0,0,-7,0,0,,260,411,0,0,0,0,0
2022-07-17,Delta,N410XX,2017,BOS,CityName,State,SEA,CityName,State,120,1,130,1,0,,294,363,130,0,0,0,0
2022-07-17,Delta,N722XX,7418,DEN,CityName,State,ORD,CityName,State,0,0,8,0,0,,172,1051,0,0,0,0,0
2022-07-17,United,N459XX,2297,BOS,CityName,State,SFO,CityName,State,240,1,239,1,0,,65,1754,239,0,0,0,0
2022-07-17,JetBlue,N715XX,8017,MIA,CityName,State,ORD,CityName,State,30,1,21,1,0,,56,305,21,0,0,0,0
2022-07-17,Delta,N945XX,1028,BOS,CityName,State,MIA,CityName,State,0,0,1,0,0,,110,170,0,0,0,0,0
2022-07-18,Delta,N423XX,7920,SEA,CityName,State,ATL,CityName,State,0,0,-11,0,0,,104,2204,0,0,0,0,0
2022-07-18,American,N659XX,2192,ATL,CityName,State,DFW,CityName,State,30,1,39,1,0,,345,846,0,0,0,0,39
2022-07-18,United,N516XX,8396,JFK,CityName,State,DEN,CityName,State,0,0,8,0,0,,296,2011,0,0,0,0,0
2022-07-18,Southwest,N192XX,8126,ORD,CityName,State,ORD,CityName,State,0,0,0,0,0,,64,1026,0,0,0,0,0
2022-07-18,American,N434XX,5575,DEN,CityName,State,ORD,CityName,State,0,0,-8,0,0,,287,923,0,0,0,0,0
2022-07-18,JetBlue,N262XX,9812,ORD,CityName,State,DEN,CityName,State,30,1,34,1,0,,69,662,0,0,34,0,0
2022-07-18,American,N285XX,3741,DEN,CityName,State,MIA,CityName,State,60,1,58,1,0,,333,2543,0,0,0,0,58
2022-07-18,Southwest,N589XX,9487,LAX,CityName,State,DEN,CityName,State,15,1,7,0,0,,255,1560,0,0,0,0,0
2022-07-18,JetBlue,N497XX,5485,BOS,CityName,State,SEA,CityName,State,0,0,-4,0,0,,46,2787,0,0,0,0,0
2022-07-18,American,N342XX,4617,DEN,CityName,State,DFW,CityName,State,0,0,-11,0,0,,255,2870,0,0,0,0,0
2022-07-18,Southwest,N937XX,2385,ORD,CityName,State,MIA,CityName,State,15,1,4,0,0,,207,2970,0,0,0,0,0
2022-07-19,American,N647XX,9240,DEN,CityName,State,ORD,CityName,State,15,1,5,0,0,,198,2567,0,0,0,0,0
2022-07-19,Delta,N410XX,3157,BOS,CityName,State,ORD,CityName,State,30,1,30,1,0,,273,2156,0,0,30,0,0
2022-07-19,American,N559XX,8505,SFO,CityName,State,SEA,CityName,State,0,0,0,0,0,,133,2367,0,0,0,0,0
2022-07-19,American,N794XX,7669,MIA,CityName,State,ORD,CityName,State,0,0,4,0,0,,67,1901,0,0,0,0,0
2022-07-19,Southwest,N343XX,6029,SEA,CityName,State,ATL,CityName,State,15,1,3,0,0,,215,2850,0,0,0,0,0
2022-07-19,JetBlue,N283XX,6867,ORD,CityName,State,DFW,CityName,State,0,0,3,0,0,,308,521,0,0,0,0,0
2022-07-19,United,N587XX,3284,DEN,CityName,State,ATL,CityName,State,15,1,7,0,0,,318,1004,0,0,0,0,0
2022-07-19,United,N311XX,4676,ATL,CityName,State,LAX,CityName,State,0,0,-11,0,0,,340,2658,0,0,0,0,0
2022-07-19,Southwest,N850XX,319,DFW,CityName,State,ORD,CityName,State,45,1,37,1,0,,123,775,37,0,0,0,0
2022-07-19,United,N513XX,3064,MIA,CityName,State,SEA,CityName,State,0,0,10,0,0,,59,2541,0,0,0,0,0
2022-07-19,Delta,N140XX,3567,ORD,CityName,State,LAX,CityName,State,15,1,13,0,0,,208,981,0,0,0,0,0
2022-07-19,Southwest,N838XX,6800,DFW,CityName,State,SFO,CityName,State,0,0,6,0,0,,347,2317,0,0,0,0,0
2022-07-19,American,N471XX,9217,MIA,CityName,State,LAX,CityName,State,30,1,27,1,0,,292,1428,27,0,0,0,0
2022-07-19,United,N812XX,2367,SFO,CityName,State,MIA,CityName,State,0,0,-1,0,0,,150,2481,0,0,0,0,0
2022-07-19,American,N883XX,4519,SFO,CityName,State,JFK,CityName,State,15,1,17,1,0,,169,275,0,17,0,0,0
2022-07-19,Southwest,N597XX,994,DFW,CityName,State,DFW,CityName,State,120,1,121,1,0,,333,915,121,0,0,0,0
2022-07-19,American,N438XX,1317,BOS,CityName,State,SFO,CityName,State,0,0,5,0,0,,46,1009,0,0,0,0,0
2022-07-19,Delta,N710XX,1311,SFO,CityName,State,ATL,CityName,State,30,1,18,1,0,,354,720,0,18,0,0,0
2022-07-19,United,N674XX,7430,LAX,CityName,State,SEA,CityName,State,0,0,6,0,0,,173,2812,0,0,0,0,0
2022-07-19,Southwest,N799XX,7383,SFO,CityName,State,ATL,CityName,State,0,0,6,0,0,,279,359,0,0,0,0,0
2022-07-20,American,N255XX,4984,LAX,CityName,State,ATL,CityName,State,0,0,0,0,0,,52,2963,0,0,0,0,0
2022-07-20,Southwest,N698XX,8312,ORD,CityName,State,ORD,CityName,State,0,0,1,0,0,,320,1979,0,0,0,0,0
2022-07-20,United,N208XX,6658,LAX,CityName,State,LAX,CityName,State,0,0,-9,0,0,,127,2317,0,0,0,0,0
2022-07-20,Southwest,N339XX,7471,LAX,CityName,State,BOS,CityName,State,0,0,9,0,0,,265,2113,0,0,0,0,0
2022-07-20,American,N742XX,3777,MIA,CityName,State,SEA,CityName,State,0,0,-6,0,0,,263,761,0,0,0,0,0
2022-07-20,Delta,N734XX,2611,ATL,CityName,State,SEA,CityName,State,0,0,7,0,0,,199,607,0,0,0,0,0
2022-07-20,JetBlue,N541XX,1483,MIA,CityName,State,ORD,CityName,State,240,1,238,1,0,,313,1319,0,0,0,0,238
2022-07-20,JetBlue,N301XX,9076,DFW,CityName,State,ORD,CityName,State,120,1,108,1,0,,319,211,0,108,0,0,0
2022-07-20,American,N663XX,9360,DEN,CityName,State,DFW,CityName,State,0,0,-1,0,0,,351,1268,0,0,0,0,0
2022-07-20,American,N854XX,2153,ATL,CityName,State,SEA,CityName,State,0,0,-13,0,0,,289,2074,0,0,0,0,0
2022-07-21,Delta,N199XX,6598,LAX,CityName,State,ATL,CityName,State,45,1,32,1,0,,180,2234,0,0,0,0,32
2022-07-21,United,N543XX,6796,SEA,CityName,State,JFK,CityName,State,0,0,3,0,0,,217,734,0,0,0,0,0
2022-07-21,JetBlue,N710XX,5139,MIA,CityName,State,JFK,CityName,State,0,0,10,0,0,,88,1107,0,0,0,0,0
2022-07-21,American,N232XX,6911,DFW,CityName,State,JFK,CityName,State,0,0,-1,0,0,,166,845,0,0,0,0,0
2022-07-21,JetBlue,N282XX,5273,ATL,CityName,State,DFW,CityName,State,0,0,2,0,0,,291,631,0,0,0,0,0
2022-07-21,Delta,N288XX,9117,ATL,CityName,State,BOS,CityName,State,240,1,232,1,0,,351,1812,0,0,232,0,0
2022-07-21,Delta,N954XX,8229,ATL,CityName,State,DEN,CityName,State,0,0,4,0,0,,341,2840,0,0,0,0,0
2022-07-21,Delta,N653XX,3107,SFO,CityName,State,ATL,CityName,State,0,0,-13,0,0,,218,1810,0,0,0,0,0
2022-07-21,Southwest,N577XX,7007,SFO,CityName,State,ATL,CityName,State,30,1,20,1,0,,91,170,0,0,0,0,20
2022-07-21,Southwest,N718XX,647,ORD,CityName,State,BOS,CityName,State,0,0,7,0,0,,95,876,0,0,0,0,0
2022-07-21,Delta,N988XX,4265,LAX,CityName,State,ATL,CityName,State,0,0,0,0,0,,197,637,0,0,0,0,0
2022-07-22,American,N549XX,8500,BOS,CityName,State,SFO,CityName,State,0,0,-13,0,0,,75,338,0,0,0,0,0
2022-07-22,Delta,N574XX,8750,JFK,CityName,State,SEA,CityName,State,15,1,24,1,0,,80,459,24,0,0,0,0
2022-07-22,United,N331XX,1055,ORD,CityName,State,SFO,CityName,State,30,1,17,1,0,,115,2421,17,0,0,0,0
2022-07-22,Delta,N433XX,3298,DFW,CityName,State,JFK,CityName,State,30,1,26,1,0,,72,1933,26,0,0,0,0
2022-07-22,Southwest,N827XX,4055,SFO,CityName,State,DEN,CityName,State,60,1,65,1,0,,269,2071,0,0,65,0,0
2022-07-22,Delta,N707XX,5672,ORD,CityName,State,ORD,CityName,State,0,0,7,0,0,,56,1977,0,0,0,0,0
2022-07-22,JetBlue,N638XX,2624,ATL,CityName,State,DFW,CityName,State,60,1,60,1,0,,73,2669,0,0,0,0,60
2022-07-22,American,N157XX,2762,DEN,CityName,State,BOS,CityName,State,0,0,4,0,0,,73,935,0,0,0,0,0
2022-07-22,Southwest,N941XX,767,JFK,CityName,State,SEA,CityName,State,15,1,6,0,0,,335,308,0,0,0,0,0
2022-07-22,JetBlue,N492XX,4302,MIA,CityName,State,JFK,CityName,State,0,0,5,0,0,,195,2153,0,0,0,0,0
2022-07-22,JetBlue,N307XX,6232,SEA,CityName,State,LAX,CityName,State,0,0,-8,0,0,,307,1085,0,0,0,0,0
2022-07-22,American,N983XX,6286,SFO,CityName,State,DEN,CityName,State,0,0,0,0,0,,100,1135,0,0,0,0,0
2022-07-22,JetBlue,N207XX,4192,SEA,CityName,State,ORD,CityName,State,120,1,106,1,0,,46,562,106,0,0,0,0
2022-07-22,American,N765XX,9934,LAX,CityName,State,ORD,CityName,State,0,0,1,0,0,,210,991,0,0,0,0,0
2022-07-22,American,N244XX,2260,BOS,CityName,State,DFW,CityName,State,15,1,15,1,0,,265,1167,0,0,0,0,15
2022-07-22,American,N137XX,7655,SEA,CityName,State,MIA,CityName,State,0,0,1,0,0,,188,322,0,0,0,0,0
2022-07-22,Southwest,N279XX,7601,BOS,CityName,State,BOS,CityName,State,0,0,9,0,0,,106,412,0,0,0,0,0
2022-07-22,United,N468XX,8356,DEN,CityName,State,DFW,CityName,State,0,0,-5,0,0,,233,1270,0,0,0,0,0
2022-07-22,Southwest,N486XX,317,BOS,CityName,State,DEN,CityName,State,30,1,25,1,0,,181,621,0,0,0,0,25
2022-07-22,United,N207XX,3390,DFW,CityName,State,ORD,CityName,State,30,1,17,1,0,,282,1847,17,0,0,0,0
2022-07-22,American,N601XX,5202,MIA,CityName,State,DEN,CityName,State,30,1,29,1,0,,84,2353,29,0,0,0,0
2022-07-22,Southwest,N307XX,9210,DEN,CityName,State,ORD,CityName,State,0,0,-8,0,0,,119,1267,0,0,0,0,0
2022-07-23,American,N127XX,7842,DFW,CityName,State,BOS,CityName,State,0,0,7,0,0,,143,2315,0,0,0,0,0
2022-07-23,United,N387XX,574,MIA,CityName,State,SEA,CityName,State,0,0,-11,0,0,,199,2059,0,0,0,0,0
2022-07-23,United,N446XX,9880,DEN,CityName,State,SFO,CityName,State,0,0,-10,0,0,,138,1242,0,0,0,0,0
2022-07-23,American,N697XX,5851,MIA,CityName,State,DEN,CityName,State,0,0,-7,0,0,,352,2189,0,0,0,0,0
2022-07-23,Southwest,N510XX,5746,ATL,CityName,State,ORD,CityName,State,0,0,-7,0,0,,93,835,0,0,0,0,0
2022-07-23,Southwest,N861XX,3458,SFO,CityName,State,BOS,CityName,State,15,1,4,0,0,,278,2857,0,0,0,0,0
2022-07-23,United,N400XX,1477,JFK,CityName,State,JFK,CityName,State,0,0,-7,0,0,,79,2946,0,0,0,0,0
2022-07-23,Southwest,N731XX,7231,DFW,CityName,State,DFW,CityName,State,0,0,-5,0,0,,288,2136,0,0,0,0,0
2022-07-23,Southwest,N171XX,9406,MIA,CityName,State,SEA,CityName,State,0,0,0,0,1,A,60,1612,0,0,0,0,0
2022-07-23,American,N341XX,1165,BOS,CityName,State,MIA,CityName,State,0,0,9,0,0,,302,2797,0,0,0,0,0
2022-07-23,Southwest,N627XX,3543,SEA,CityName,State,DEN,CityName,State,0,0,1,0,0,,54,1286,0,0,0,0,0
2022-07-24,United,N540XX,5628,DFW,CityName,State,LAX,CityName,State,45,1,49,1,0,,73,450,49,0,0,0,0
2022-07-24,Southwest,N248XX,9471,ATL,CityName,State,DFW,CityName,State,0,0,-1,0,0,,239,2964,0,0,0,0,0
2022-07-24,Delta,N830XX,2230,ORD,CityName,State,DFW,CityName,State,0,0,-13,0,0,,335,1376,0,0,0,0,0
2022-07-24,JetBlue,N875XX,6782,SEA,CityName,State,SFO,CityName,State,15,1,23,1,0,,218,1085,0,0,23,0,0
2022-07-24,United,N431XX,5135,SEA,CityName,State,LAX,CityName,State,0,0,10,0,0,,133,282,0,0,0,0,0
2022-07-24,United,N966XX,6714,SEA,CityName,State,ORD,CityName,State,0,0,-4,0,0,,263,2265,0,0,0,0,0
2022-07-24,Southwest,N583XX,3451,ATL,CityName,State,DFW,CityName,State,15,1,10,0,0,,194,1234,0,0,0,0,0
2022-07-24,American,N570XX,6666,JFK,CityName,State,LAX,CityName,State,0,0,3,0,0,,133,2681,0,0,0,0,0
2022-07-24,JetBlue,N132XX,5359,MIA,CityName,State,SFO,CityName,State,0,0,0,0,0,,63,2266,0,0,0,0,0
2022-07-24,American,N569XX,8215,JFK,CityName,State,DEN,CityName,State,60,1,64,1,0,,358,262,64,0,0,0,0
2022-07-24,JetBlue,N756XX,5902,SEA,CityName,State,SFO,CityName,State,0,0,9,0,0,,118,2718,0,0,0,0,0
2022-07-24,Southwest,N297XX,248,JFK,CityName,State,DEN,CityName,State,0,0,-4,0,0,,282,1393,0,0,0,0,0
2022-07-24,Southwest,N314XX,3251,LAX,CityName,State,ATL,CityName,State,0,0,10,0,0,,123,2597,0,0,0,0,0
2022-07-24,Delta,N418XX,1323,SEA,CityName,State,ORD,CityName,State,0,0,-3,0,0,,198,1573,0,0,0,0,0
2022-07-24,Southwest,N307XX,7202,MIA,CityName,State,SEA,CityName,State,0,0,-3,0,0,,272,485,0,0,0,0,0
2022-07-24,United,N138XX,728,ATL,CityName,State,ORD,CityName,State,0,0,-11,0,0,,60,1712,0,0,0,0,0
2022-07-25,United,N196XX,7864,ATL,CityName,State,MIA,CityName,State,0,0,-3,0,0,,69,334,0,0,0,0,0
2022-07-25,Southwest,N498XX,7589,DFW,CityName,State,SEA,CityName,State,0,0,1,0,0,,285,958,0,0,0,0,0
2022-07-25,Southwest,N296XX,3580,SEA,CityName,State,DEN,CityName,State,0,0,6,0,0,,54,1753,0,0,0,0,0
2022-07-25,Southwest,N965XX,4012,BOS,CityName,State,MIA,CityName,State,15,1,6,0,0,,258,280,0,0,0,0,0
2022-07-25,JetBlue,N688XX,6539,SFO,CityName,State,SFO,CityName,State,0,0,-10,0,0,,211,2141,0,0,0,0,0
2022-07-25,Delta,N212XX,7227,DFW,CityName,State,ORD,CityName,State,0,0,7,0,0,,244,1382,0,0,0,0,0
2022-07-25,American,N535XX,3231,DEN,CityName,State,JFK,CityName,State,0,0,-13,0,0,,260,1041,0,0,0,0,0
2022-07-25,American,N193XX,8557,JFK,CityName,State,ATL,CityName,State,0,0,-14,0,0,,296,1833,0,0,0,0,0
2022-07-25,Southwest,N569XX,286,BOS,CityName,State,SFO,CityName,State,15,1,1,0,0,,298,2126,0,0,0,0,0
2022-07-25,Delta,N519XX,1241,MIA,CityName,State,DFW,CityName,State,0,0,9,0,0,,357,604,0,0,0,0,0
2022-07-25,Southwest,N785XX,5583,SFO,CityName,State,JFK,CityName,State,45,1,43,1,0,,122,897,0,43,0,0,0
2022-07-25,Delta,N499XX,6429,SFO,CityName,State,JFK,CityName,State,0,0,4,0,0,,98,1274,0,0,0,0,0
2022-07-26,Delta,N726XX,2840,ATL,CityName,State,LAX,CityName,State,0,0,-4,0,0,,240,2720,0,0,0,0,0
2022-07-26,Southwest,N467XX,1173,ATL,CityName,State,SFO,CityName,State,45,1,43,1,0,,296,1905,0,0,0,0,43
2022-07-26,JetBlue,N323XX,8197,DFW,CityName,State,LAX,CityName,State,0,0,-14,0,0,,354,1369,0,0,0,0,0
2022-07-26,Delta,N307XX,6709,SEA,CityName,State,LAX,CityName,State,0,0,5,0,0,,220,728,0,0,0,0,0
2022-07-26,United,N895XX,231,DEN,CityName,State,DEN,CityName,State,0,0,-13,0,0,,332,2481,0,0,0,0,0
2022-07-26,American,N523XX,1457,ORD,CityName,State,BOS,CityName,State,15,1,1,0,0,,169,2103,0,0,0,0,0
2022-07-26,United,N454XX,5260,JFK,CityName,State,LAX,CityName,State,0,0,2,0,0,,289,664,0,0,0,0,0
2022-07-26,American,N469XX,6812,SFO,CityName,State,LAX,CityName,State,0,0,7,0,0,,101,722,0,0,0,0,0
2022-07-26,Delta,N492XX,7946,LAX,CityName,State,DFW,CityName,State,0,0,9,0,0,,240,327,0,0,0,0,0
2022-07-26,United,N545XX,5001,SEA,CityName,State,DEN,CityName,State,15,1,9,0,0,,140,2806,0,0,0,0,0
2022-07-26,American,N466XX,5142,SFO,CityName,State,MIA,CityName,State,30,1,29,1,0,,234,822,0,0,0,0,29
2022-07-27,American,N687XX,3323,BOS,CityName,State,LAX,CityName,State,0,0,-3,0,0,,282,1215,0,0,0,0,0
2022-07-27,Southwest,N277XX,4581,ORD,CityName,State,JFK,CityName,State,0,0,8,0,0,,85,1968,0,0,0,0,0
2022-07-27,United,N997XX,9698,SFO,CityName,State,LAX,CityName,State,0,0,-11,0,0,,354,1412,0,0,0,0,0
2022-07-27,Southwest,N876XX,1052,MIA,CityName,State,SEA,CityName,State,15,1,12,0,0,,185,996,0,0,0,0,0
2022-07-27,American,N424XX,2061,DFW,CityName,State,LAX,CityName,State,45,1,39,1,0,,61,2302,0,39,0,0,0
2022-07-27,Delta,N369XX,479,MIA,CityName,State,JFK,CityName,State,0,0,3,0,0,,274,183,0,0,0,0,0
2022-07-27,Southwest,N957XX,8895,ATL,CityName,State,SFO,CityName,State,30,1,18,1,0,,181,2908,18,0,0,0,0
2022-07-27,American,N833XX,8088,SEA,CityName,State,MIA,CityName,State,0,0,8,0,0,,237,1324,0,0,0,0,0
2022-07-27,American,N744XX,3959,BOS,CityName,State,JFK,CityName,State,0,0,-10,0,0,,306,1707,0,0,0,0,0
2022-07-27,Southwest,N621XX,9532,SEA,CityName,State,ATL,CityName,State,0,0,-3,0,0,,218,2838,0,0,0,0,0
2022-07-27,JetBlue,N382XX,3096,LAX,CityName,State,ATL,CityName,State,0,0,-11,0,0,,293,2898,0,0,0,0,0
2022-07-27,Delta,N492XX,8194,DEN,CityName,State,MIA,CityName,State,0,0,1,0,0,,240,2306,0,0,0,0,0
2022-07-27,Southwest,N820XX,4333,BOS,CityName,State,DFW,CityName,State,15,1,10,0,0,,50,1103,0,0,0,0,0
2022-07-27,United,N957XX,1419,DFW,CityName,State,MIA,CityName,State,0,0,7,0,0,,336,2767,0,0,0,0,0
2022-07-27,Southwest,N169XX,2059,DEN,CityName,State,SEA,CityName,State,15,1,8,0,0,,345,1125,0,0,0,0,0
2022-07-27,American,N494XX,1288,SEA,CityName,State,ORD,CityName,State,0,0,-14,0,0,,245,2145,0,0,0,0,0
2022-07-27,American,N257XX,4602,SEA,CityName,State,SFO,CityName,State,0,0,-14,0,0,,117,1175,0,0,0,0,0
2022-07-27,Delta,N224XX,4240,ATL,CityName,State,DFW,CityName,State,0,0,-3,0,0,,175,2196,0,0,0,0,0
2022-07-27,Delta,N693XX,4447,JFK,CityName,State,SFO,CityName,State,0,0,-6,0,0,,85,159,0,0,0,0,0
2022-07-27,United,N103XX,4059,JFK,CityName,State,MIA,CityName,State,0,0,-10,0,0,,49,2195,0,0,0,0,0
2022-07-28,Delta,N950XX,4024,SEA,CityName,State,MIA,CityName,State,15,1,8,0,0,,95,772,0,0,0,0,0
2022-07-28,JetBlue,N683XX,5479,ORD,CityName,State,DEN,CityName,State,45,1,50,1,0,,197,1611,0,0,50,0,0
2022-07-28,Southwest,N149XX,8719,DFW,CityName,State,DFW,CityName,State,0,0,-3,0,0,,163,395,0,0,0,0,0
2022-07-28,Southwest,N668XX,9446,JFK,CityName,State,MIA,CityName,State,0,0,-3,0,0,,159,1665,0,0,0,0,0
2022-07-28,American,N437XX,2732,SEA,CityName,State,ORD,CityName,State,0,0,-14,0,0,,342,1617,0,0,0,0,0
2022-07-28,American,N750XX,425,ATL,CityName,State,SFO,CityName,State,0,0,-9,0,0,,314,451,0,0,0,0,0
2022-07-28,United,N649XX,3093,ATL,CityName,State,MIA,CityName,State,0,0,-6,0,0,,186,2774,0,0,0,0,0
2022-07-28,Southwest,N101XX,284,DFW,CityName,State,DEN,CityName,State,15,1,22,1,0,,177,2379,22,0,0,0,0
2022-07-28,United,N364XX,3961,JFK,CityName,State,BOS,CityName,State,15,1,18,1,0,,290,2055,18,0,0,0,0
2022-07-28,United,N903XX,5183,LAX,CityName,State,DFW,CityName,State,0,0,-8,0,0,,305,1546,0,0,0,0,0
2022-07-28,Delta,N924XX,3893,ATL,CityName,State,BOS,CityName,State,0,0,-5,0,0,,253,2876,0,0,0,0,0
2022-07-28,Delta,N514XX,8969,BOS,CityName,State,SEA,CityName,State,0,0,8,0,0,,227,2220,0,0,0,0,0
2022-07-28,American,N384XX,1571,JFK,CityName,State,MIA,CityName,State,30,1,29,1,0,,355,756,29,0,0,0,0
2022-07-28,United,N335XX,6496,LAX,CityName,State,DEN,CityName,State,0,0,0,0,1,A,319,2947,0,0,0,0,0
2022-07-28,Delta,N257XX,5556,MIA,CityName,State,MIA,CityName,State,0,0,5,0,0,,127,1299,0,0,0,0,0
2022-07-29,Delta,N496XX,6300,SFO,CityName,State,MIA,CityName,State,0,0,-2,0,0,,102,1868,0,0,0,0,0
2022-07-29,Delta,N122XX,6783,JFK,CityName,State,SFO,CityName,State,0,0,-13,0,0,,292,2313,0,0,0,0,0
2022-07-29,JetBlue,N112XX,7979,DEN,CityName,State,BOS,CityName,State,45,1,55,1,0,,339,2572,55,0,0,0,0
2022-07-29,American,N948XX,5480,DFW,CityName,State,LAX,CityName,State,0,0,-8,0,0,,193,194,0,0,0,0,0
2022-07-29,American,N753XX,8831,DEN,CityName,State,ORD,CityName,State,15,1,20,1,0,,270,1822,0,20,0,0,0
2022-07-29,Southwest,N854XX,6184,ATL,CityName,State,JFK,CityName,State,0,0,0,0,0,,70,2830,0,0,0,0,0
2022-07-29,Delta,N399XX,2669,BOS,CityName,State,SEA,CityName,State,0,0,-13,0,0,,269,1172,0,0,0,0,0
2022-07-29,Southwest,N634XX,5389,ATL,CityName,State,SEA,CityName,State,0,0,-9,0,0,,328,1753,0,0,0,0,0
2022-07-29,United,N481XX,1083,ATL,CityName,State,MIA,CityName,State,0,0,-2,0,0,,161,1635,0,0,0,0,0
2022-07-29,American,N828XX,4213,SEA,CityName,State,BOS,CityName,State,30,1,21,1,0,,261,2966,0,0,21,0,0
2022-07-29,JetBlue,N838XX,2225,DEN,CityName,State,MIA,CityName,State,45,1,51,1,0,,327,2223,0,0,51,0,0
2022-07-29,Southwest,N445XX,6906,BOS,CityName,State,ORD,CityName,State,120,1,109,1,0,,219,427,0,0,109,0,0
2022-07-29,JetBlue,N680XX,986,JFK,CityName,State,LAX,CityName,State,0,0,-3,0,0,,249,1038,0,0,0,0,0
2022-07-29,Delta,N768XX,8223,ORD,CityName,State,BOS,CityName,State,120,1,106,1,0,,146,1129,106,0,0,0,0
2022-07-29,Delta,N455XX,1694,DEN,CityName,State,ORD,CityName,State,0,0,-8,0,0,,62,317,0,0,0,0,0
2022-07-29,American,N401XX,4033,LAX,CityName,State,ATL,CityName,State,0,0,9,0,0,,181,1016,0,0,0,0,0
2022-07-29,Southwest,N544XX,9605,LAX,CityName,State,JFK,CityName,State,15,1,1,0,0,,172,1042,0,0,0,0,0
2022-07-30,American,N956XX,2232,ATL,CityName,State,LAX,CityName,State,0,0,-13,0,0,,239,398,0,0,0,0,0
2022-07-30,Delta,N353XX,6726,DEN,CityName,State,JFK,CityName,State,0,0,-8,0,0,,131,573,0,0,0,0,0
2022-07-30,JetBlue,N370XX,8857,LAX,CityName,State,ORD,CityName,State,0,0,5,0,0,,240,2486,0,0,0,0,0
2022-07-30,United,N588XX,3992,JFK,CityName,State,SFO,CityName,State,15,1,24,1,0,,177,2667,0,0,0,0,24
2022-07-30,United,N185XX,8225,BOS,CityName,State,LAX,CityName,State,0,0,-4,0,0,,269,2028,0,0,0,0,0
2022-07-30,American,N131XX,289,MIA,CityName,State,DFW,CityName,State,0,0,-13,0,0,,93,2194,0,0,0,0,0
2022-07-30,JetBlue,N150XX,4491,LAX,CityName,State,ATL,CityName,State,15,1,18,1,0,,210,1492,0,18,0,0,0
2022-07-30,Southwest,N382XX,4258,BOS,CityName,State,MIA,CityName,State,0,0,-8,0,0,,84,2511,0,0,0,0,0
2022-07-30,American,N283XX,6362,DFW,CityName,State,SEA,CityName,State,60,1,52,1,0,,190,2264,0,0,52,0,0
2022-07-30,American,N816XX,4387,MIA,CityName,State,LAX,CityName,State,0,0,-6,0,0,,233,1347,0,0,0,0,0
2022-07-30,Delta,N894XX,1788,ATL,CityName,State,SEA,CityName,State,0,0,4,0,0,,96,2321,0,0,0,0,0
2022-07-30,Southwest,N172XX,1345,DEN,CityName,State,SEA,CityName,State,0,0,-7,0,0,,69,740,0,0,0,0,0
2022-07-30,Southwest,N573XX,7751,MIA,CityName,State,SEA,CityName,State,0,0,-8,0,0,,256,2039,0,0,0,0,0
2022-07-31,JetBlue,N625XX,9392,DEN,CityName,State,DEN,CityName,State,0,0,-13,0,0,,46,1517,0,0,0,0,0
2022-07-31,Delta,N525XX,7393,DFW,CityName,State,BOS,CityName,State,0,0,0,0,0,,78,1928,0,0,0,0,0
2022-07-31,JetBlue,N410XX,3672,SFO,CityName,State,DFW,CityName,State,0,0,7,0,0,,76,2386,0,0,0,0,0
2022-07-31,Southwest,N791XX,9239,ORD,CityName,State,ATL,CityName,State,0,0,-5,0,0,,174,166,0,0,0,0,0
2022-08-01,United,N703XX,9673,ORD,CityName,State,JFK,CityName,State,60,1,62,1,0,,295,2889,0,0,0,0,62
2022-08-01,United,N202XX,445,SEA,CityName,State,ORD,CityName,State,0,0,-12,0,0,,271,477,0,0,0,0,0
2022-08-01,American,N671XX,252,DEN,CityName,State,DFW,CityName,State,0,0,-1,0,0,,302,468,0,0,0,0,0
2022-08-01,United,N978XX,3264,ATL,CityName,State,JFK,CityName,State,120,1,124,1,0,,220,1815,0,0,124,0,0
2022-08-01,Southwest,N172XX,8122,MIA,CityName,State,ATL,CityName,State,0,0,-14,0,0,,331,848,0,0,0,0,0
2022-08-01,United,N788XX,8691,SEA,CityName,State,DFW,CityName,State,0,0,3,0,0,,261,2938,0,0,0,0,0
2022-08-01,American,N956XX,2202,LAX,CityName,State,DFW,CityName,State,0,0,5,0,0,,47,790,0,0,0,0,0
2022-08-01,United,N635XX,1607,BOS,CityName,State,JFK,CityName,State,45,1,42,1,0,,105,2345,0,0,42,0,0
2022-08-01,United,N752XX,1178,ORD,CityName,State,DFW,CityName,State,0,0,0,0,0,,215,699,0,0,0,0,0
2022-08-01,Southwest,N694XX,4658,SEA,CityName,State,JFK,CityName,State,0,0,-10,0,0,,98,2923,0,0,0,0,0
2022-08-01,Delta,N649XX,3639,ORD,CityName,State,DEN,CityName,State,60,1,66,1,0,,185,229,0,0,0,0,66
2022-08-02,United,N904XX,478,BOS,CityName,State,BOS,CityName,State,0,0,-9,0,0,,255,2496,0,0,0,0,0
2022-08-02,United,N549XX,5927,SEA,CityName,State,MIA,CityName,State,0,0,-10,0,0,,170,2149,0,0,0,0,0
2022-08-02,JetBlue,N902XX,5624,LAX,CityName,State,JFK,CityName,State,0,0,8,0,0,,121,2149,0,0,0,0,0
2022-08-02,JetBlue,N478XX,4724,DEN,CityName,State,MIA,CityName,State,0,0,-4,0,0,,253,756,0,0,0,0,0
2022-08-02,Southwest,N387XX,4828,ATL,CityName,State,SEA,CityName,State,0,0,6,0,0,,134,1149,0,0,0,0,0
2022-08-02,United,N861XX,6204,SEA,CityName,State,SFO,CityName,State,15,1,6,0,0,,137,2641,0,0,0,0,0
2022-08-02,Southwest,N370XX,9910,SEA,CityName,State,DFW,CityName,State,45,1,38,1,0,,283,1553,38,0,0,0,0
2022-08-02,American,N515XX,2339,DEN,CityName,State,SEA,CityName,State,120,1,123,1,0,,334,1901,123,0,0,0,0
2022-08-02,JetBlue,N879XX,2511,DEN,CityName,State,SFO,CityName,State,0,0,6,0,0,,349,234,0,0,0,0,0
2022-08-02,United,N424XX,1176,JFK,CityName,State,ORD,CityName,State,0,0,1,0,0,,196,2345,0,0,0,0,0
2022-08-02,Delta,N224XX,2303,ATL,CityName,State,ORD,CityName,State,0,0,8,0,0,,292,1806,0,0,0,0,0
2022-08-02,Delta,N808XX,9465,JFK,CityName,State,ATL,CityName,State,15,1,5,0,0,,99,611,0,0,0,0,0
2022-08-02,American,N419XX,6285,LAX,CityName,State,DFW,CityName,State,15,1,12,0,0,,270,1928,0,0,0,0,0
2022-08-02,United,N886XX,6085,JFK,CityName,State,JFK,CityName,State,0,0,-4,0,0,,330,496,0,0,0,0,0
2022-08-02,Delta,N385XX,9274,ORD,CityName,State,LAX,CityName,State,30,1,36,1,0,,82,810,0,0,0,0,36
2022-08-03,Delta,N101XX,5554,DEN,CityName,State,SEA,CityName,State,0,0,1,0,0,,317,2458,0,0,0,0,0
2022-08-03,United,N922XX,9026,BOS,CityName,State,DEN,CityName,State,0,0,-4,0,0,,100,2343,0,0,0,0,0
2022-08-03,American,N136XX,5817,MIA,CityName,State,ATL,CityName,State,0,0,-13,0,0,,256,2085,0,0,0,0,0
2022-08-03,American,N309XX,3571,DEN,CityName,State,BOS,CityName,State,0,0,1,0,0,,270,2332,0,0,0,0,0
2022-08-03,Southwest,N306XX,5434,SEA,CityName,State,SEA,CityName,State,15,1,1,0,0,,314,2007,0,0,0,0,0
2022-08-03,Delta,N183XX,8099,DFW,CityName,State,BOS,CityName,State,45,1,44,1,0,,339,987,0,0,44,0,0
2022-08-03,JetBlue,N434XX,768,JFK,CityName,State,SFO,CityName,State,0,0,-11,0,0,,195,2267,0,0,0,0,0
2022-08-04,American,N893XX,5073,SFO,CityName,State,ATL,CityName,State,0,0,-13,0,0,,87,179,0,0,0,0,0
2022-08-04,American,N163XX,8594,ATL,CityName,State,DEN,CityName,State,0,0,0,0,1,A,121,853,0,0,0,0,0
2022-08-04,JetBlue,N265XX,7847,LAX,CityName,State,DEN,CityName,State,0,0,-11,0,0,,275,2899,0,0,0,0,0
2022-08-04,United,N863XX,412,JFK,CityName,State,JFK,CityName,State,0,0,0,0,0,,136,1114,0,0,0,0,0
2022-08-04,Delta,N418XX,8333,ATL,CityName,State,SFO,CityName,State,30,1,33,1,0,,256,2107,33,0,0,0,0
2022-08-04,American,N866XX,9094,DEN,CityName,State,SEA,CityName,State,30,1,31,1,0,,48,2674,0,0,31,0,0
2022-08-04,Delta,N174XX,223,BOS,CityName,State,ORD,CityName,State,0,0,-4,0,0,,309,2197,0,0,0,0,0
2022-08-04,American,N643XX,2950,DFW,CityName,State,BOS,CityName,State,0,0,-5,0,0,,102,398,0,0,0,0,0
2022-08-04,Southwest,N172XX,5963,ATL,CityName,State,DFW,CityName,State,15,1,1,0,0,,273,1722,0,0,0,0,0
2022-08-04,Southwest,N402XX,9431,MIA,CityName,State,SFO,CityName,State,0,0,-13,0,0,,182,1485,0,0,0,0,0
2022-08-04,United,N711XX,6616,MIA,CityName,State,JFK,CityName,State,15,1,14,0,0,,220,2696,0,0,0,0,0
2022-08-04,JetBlue,N486XX,9969,SFO,CityName,State,ORD,CityName,State,0,0,-11,0,0,,147,2100,0,0,0,0,0
2022-08-04,JetBlue,N222XX,7222,ATL,CityName,State,DFW,CityName,State,0,0,0,0,0,,291,739,0,0,0,0,0
2022-08-04,American,N274XX,8600,DEN,CityName,State,DFW,CityName,State,0,0,-8,0,0,,148,474,0,0,0,0,0
2022-08-04,Southwest,N794XX,4940,JFK,CityName,State,ORD,CityName,State,0,0,5,0,0,,321,1161,0,0,0,0,0
2022-08-05,Delta,N114XX,2488,DFW,CityName,State,JFK,CityName,State,45,1,53,1,0,,77,1260,0,53,0,0,0
2022-08-05,Delta,N530XX,5118,ORD,CityName,State,DFW,CityName,State,45,1,44,1,0,,228,1346,44,0,0,0,0
2022-08-05,American,N375XX,4139,DEN,CityName,State,ORD,CityName,State,0,0,-9,0,0,,52,1287,0,0,0,0,0
2022-08-05,JetBlue,N767XX,1173,LAX,CityName,State,JFK,CityName,State,0,0,-7,0,0,,56,2741,0,0,0,0,0
2022-08-05,Delta,N288XX,5574,JFK,CityName,State,DEN,CityName,State,0,0,-5,0,0,,181,2158,0,0,0,0,0
2022-08-05,Delta,N648XX,9101,JFK,CityName,State,SEA,CityName,State,0,0,8,0,0,,148,856,0,0,0,0,0
2022-08-05,American,N419XX,2080,ORD,CityName,State,ORD,CityName,State,0,0,10,0,0,,240,565,0,0,0,0,0
2022-08-05,Southwest,N498XX,644,DFW,CityName,State,SFO,CityName,State,0,0,-5,0,0,,218,1270,0,0,0,0,0
2022-08-05,JetBlue,N631XX,4342,LAX,CityName,State,MIA,CityName,State,0,0,-11,0,0,,282,2626,0,0,0,0,0
2022-08-05,Southwest,N597XX,8751,JFK,CityName,State,ORD,CityName,State,0,0,-10,0,0,,47,880,0,0,0,0,0
2022-08-05,American,N303XX,3797,ORD,CityName,State,SEA,CityName,State,0,0,2,0,0,,292,2790,0,0,0,0,0
2022-08-06,Southwest,N327XX,3929,SFO,CityName,State,ATL,CityName,State,0,0,8,0,0,,277,2329,0,0,0,0,0
2022-08-06,American,N518XX,6560,MIA,CityName,State,SEA,CityName,State,0,0,-7,0,0,,62,2834,0,0,0,0,0
2022-08-06,JetBlue,N432XX,5600,SFO,CityName,State,ATL,CityName,State,0,0,0,0,0,,340,2405,0,0,0,0,0
2022-08-06,Delta,N857XX,1241,JFK,CityName,State,SEA,CityName,State,0,0,-14,0,0,,240,2647,0,0,0,0,0
2022-08-06,United,N914XX,4665,ATL,CityName,State,DFW,CityName,State,45,1,33,1,0,,197,167,0,0,0,0,33
2022-08-06,United,N993XX,7079,ORD,CityName,State,LAX,CityName,State,0,0,3,0,0,,221,1634,0,0,0,0,0
2022-08-06,United,N678XX,8921,JFK,CityName,State,LAX,CityName,State,0,0,1,0,0,,146,361,0,0,0,0,0
2022-08-06,American,N878XX,9535,DFW,CityName,State,SFO,CityName,State,0,0,-6,0,0,,281,2931,0,0,0,0,0
2022-08-06,Delta,N527XX,3149,ATL,CityName,State,DFW,CityName,State,0,0,0,0,1,A,221,1951,0,0,0,0,0
2022-08-06,JetBlue,N943XX,6214,DFW,CityName,State,JFK,CityName,State,0,0,-4,0,0,,159,655,0,0,0,0,0
2022-08-06,JetBlue,N847XX,9994,ORD,CityName,State,MIA,CityName,State,0,0,3,0,0,,343,462,0,0,0,0,0
2022-08-06,Delta,N449XX,9172,DFW,CityName,State,BOS,CityName,State,15,1,17,1,0,,266,1330,0,0,17,0,0
2022-08-06,Delta,N543XX,7353,MIA,CityName,State,BOS,CityName,State,0,0,-12,0,0,,284,878,0,0,0,0,0
2022-08-06,Southwest,N632XX,609,DFW,CityName,State,DFW,CityName,State,30,1,22,1,0,,177,2374,22,0,0,0,0
2022-08-06,Delta,N540XX,4853,SFO,CityName,State,ATL,CityName,State,15,1,24,1,0,,105,2639,0,0,24,0,0
2022-08-07,United,N598XX,2994,DFW,CityName,State,ORD,CityName,State,15,1,19,1,0,,246,2175,0,19,0,0,0
2022-08-07,United,N895XX,3366,BOS,CityName,State,BOS,CityName,State,0,0,-7,0,0,,86,1945,0,0,0,0,0
2022-08-07,Southwest,N839XX,9053,SEA,CityName,State,JFK,CityName,State,15,1,0,0,1,A,210,2242,0,0,0,0,0
2022-08-07,United,N466XX,300,ORD,CityName,State,SFO,CityName,State,0,0,4,0,0,,116,2732,0,0,0,0,0
2022-08-07,American,N743XX,3142,ATL,CityName,State,SFO,CityName,State,0,0,-5,0,0,,101,712,0,0,0,0,0
2022-08-07,United,N481XX,7765,SEA,CityName,State,LAX,CityName,State,45,1,41,1,0,,189,315,41,0,0,0,0
2022-08-07,JetBlue,N161XX,7254,DFW,CityName,State,ORD,CityName,State,0,0,8,0,0,,183,938,0,0,0,0,0
2022-08-08,Southwest,N266XX,4154,MIA,CityName,State,LAX,CityName,State,0,0,2,0,0,,323,564,0,0,0,0,0
2022-08-08,Southwest,N674XX,1340,LAX,CityName,State,BOS,CityName,State,120,1,106,1,0,,190,1135,106,0,0,0,0
2022-08-08,American,N660XX,158,SEA,CityName,State,BOS,CityName,State,0,0,2,0,0,,138,976,0,0,0,0,0
2022-08-08,American,N626XX,4788,LAX,CityName,State,ATL,CityName,State,0,0,-10,0,0,,262,579,0,0,0,0,0
2022-08-08,Delta,N353XX,7300,ATL,CityName,State,ORD,CityName,State,45,1,54,1,0,,189,2064,54,0,0,0,0
2022-08-08,JetBlue,N527XX,4901,JFK,CityName,State,BOS,CityName,State,0,0,6,0,0,,46,1945,0,0,0,0,0
2022-08-08,Delta,N724XX,747,ATL,CityName,State,BOS,CityName,State,0,0,2,0,0,,175,2163,0,0,0,0,0
2022-08-08,JetBlue,N879XX,2566,ATL,CityName,State,ATL,CityName,State,0,0,-12,0,0,,346,1293,0,0,0,0,0
2022-08-08,American,N609XX,8204,ATL,CityName,State,SFO,CityName,State,0,0,5,0,0,,70,547,0,0,0,0,0
2022-08-08,JetBlue,N539XX,1540,ORD,CityName,State,DFW,CityName,State,0,0,6,0,0,,45,2701,0,0,0,0,0
2022-08-08,United,N667XX,2684,DFW,CityName,State,BOS,CityName,State,0,0,-12,0,0,,294,2958,0,0,0,0,0
2022-08-08,United,N787XX,3373,SEA,CityName,State,SFO,CityName,State,0,0,-14,0,0,,270,970,0,0,0,0,0
2022-08-08,United,N548XX,8963,DFW,CityName,State,BOS,CityName,State,0,0,6,0,0,,270,527,0,0,0,0,0
2022-08-08,United,N706XX,354,BOS,CityName,State,SEA,CityName,State,0,0,3,0,0,,74,1019,0,0,0,0,0
2022-08-08,Southwest,N912XX,135,SEA,CityName,State,LAX,CityName,State,0,0,8,0,0,,143,513,0,0,0,0,0
2022-08-08,Delta,N116XX,8278,BOS,CityName,State,BOS,CityName,State,0,0,-14,0,0,,121,544,0,0,0,0,0
2022-08-08,Southwest,N982XX,3440,ORD,CityName,State,LAX,CityName,State,0,0,-7,0,0,,330,2327,0,0,0,0,0
2022-08-08,United,N692XX,2517,SEA,CityName,State,SEA,CityName,State,0,0,1,0,0,,345,2572,0,0,0,0,0
2022-08-09,Delta,N346XX,5389,LAX,CityName,State,BOS,CityName,State,0,0,0,0,1,A,230,428,0,0,0,0,0
2022-08-09,JetBlue,N410XX,3677,ATL,CityName,State,JFK,CityName,State,0,0,-9,0,0,,283,1016,0,0,0,0,0
2022-08-09,American,N403XX,2977,DFW,CityName,State,JFK,CityName,State,0,0,7,0,0,,160,2853,0,0,0,0,0
2022-08-09,Southwest,N926XX,1588,MIA,CityName,State,JFK,CityName,State,30,1,40,1,0,,126,978,0,0,40,0,0
2022-08-09,JetBlue,N330XX,3487,JFK,CityName,State,ORD,CityName,State,15,1,4,0,0,,314,863,0,0,0,0,0
2022-08-09,United,N460XX,861,ATL,CityName,State,MIA,CityName,State,0,0,8,0,0,,101,2391,0,0,0,0,0
2022-08-09,Delta,N608XX,1369,BOS,CityName,State,DEN,CityName,State,0,0,1,0,0,,110,2893,0,0,0,0,0
2022-08-09,JetBlue,N360XX,4022,JFK,CityName,State,SEA,CityName,State,15,1,14,0,0,,320,235,0,0,0,0,0
2022-08-09,JetBlue,N122XX,532,MIA,CityName,State,SEA,CityName,State,0,0,-5,0,0,,81,2819,0,0,0,0,0
2022-08-09,Delta,N446XX,2747,SFO,CityName,State,SEA,CityName,State,0,0,10,0,0,,196,477,0,0,0,0,0
2022-08-09,JetBlue,N207XX,9692,SFO,CityName,State,SEA,CityName,State,0,0,-5,0,0,,209,470,0,0,0,0,0
2022-08-09,American,N188XX,4500,ATL,CityName,State,JFK,CityName,State,0,0,2,0,0,,359,1330,0,0,0,0,0
2022-08-09,American,N168XX,576,MIA,CityName,State,JFK,CityName,State,0,0,-9,0,0,,337,1353,0,0,0,0,0
2022-08-09,Southwest,N424XX,9692,SEA,CityName,State,DEN,CityName,State,0,0,-13,0,0,,135,1528,0,0,0,0,0
2022-08-09,JetBlue,N167XX,2253,SEA,CityName,State,SEA,CityName,State,0,0,10,0,0,,249,362,0,0,0,0,0
2022-08-09,Southwest,N800XX,5644,SFO,CityName,State,MIA,CityName,State,0,0,-12,0,0,,95,993,0,0,0,0,0
2022-08-09,Southwest,N154XX,1787,BOS,CityName,State,ATL,CityName,State,0,0,-10,0,0,,299,2257,0,0,0,0,0
2022-08-10,Southwest,N579XX,3997,MIA,CityName,State,MIA,CityName,State,0,0,-4,0,0,,96,392,0,0,0,0,0
2022-08-10,Delta,N109XX,3521,ORD,CityName,State,MIA,CityName,State,0,0,9,0,0,,226,2434,0,0,0,0,0
2022-08-10,Delta,N835XX,9900,DFW,CityName,State,DFW,CityName,State,60,1,48,1,0,,197,574,0,0,48,0,0
2022-08-10,Delta,N293XX,6435,MIA,CityName,State,BOS,CityName,State,120,1,118,1,0,,53,362,0,0,0,0,118
2022-08-10,JetBlue,N492XX,7660,SEA,CityName,State,SEA,CityName,State,60,1,65,1,0,,270,2481,65,0,0,0,0
2022-08-10,JetBlue,N160XX,3766,JFK,CityName,State,SEA,CityName,State,15,1,9,0,0,,324,767,0,0,0,0,0
2022-08-10,JetBlue,N832XX,4290,LAX,CityName,State,SFO,CityName,State,0,0,-9,0,0,,306,203,0,0,0,0,0
2022-08-10,American,N656XX,3235,MIA,CityName,State,DFW,CityName,State,15,1,24,1,0,,65,1044,24,0,0,0,0
2022-08-10,Delta,N343XX,5209,DFW,CityName,State,MIA,CityName,State,0,0,-13,0,0,,96,2478,0,0,0,0,0
2022-08-11,American,N167XX,3330,DFW,CityName,State,MIA,CityName,State,0,0,-4,0,0,,285,1576,0,0,0,0,0
2022-08-11,Delta,N280XX,3828,BOS,CityName,State,ATL,CityName,State,0,0,10,0,0,,116,2172,0,0,0,0,0
2022-08-11,American,N147XX,4276,LAX,CityName,State,DFW,CityName,State,0,0,-14,0,0,,212,2648,0,0,0,0,0
2022-08-11,American,N585XX,5598,ATL,CityName,State,SEA,CityName,State,0,0,-3,0,0,,257,2454,0,0,0,0,0
2022-08-11,JetBlue,N247XX,3764,SFO,CityName,State,DFW,CityName,State,0,0,0,0,0,,68,2400,0,0,0,0,0
2022-08-11,Delta,N241XX,4369,MIA,CityName,State,DFW,CityName,State,45,1,38,1,0,,232,2061,0,0,38,0,0
2022-08-11,Delta,N764XX,1647,DFW,CityName,State,LAX,CityName,State,0,0,7,0,0,,325,667,0,0,0,0,0
2022-08-11,Delta,N703XX,4964,ORD,CityName,State,JFK,CityName,State,0,0,8,0,0,,102,2193,0,0,0,0,0
2022-08-11,American,N475XX,3559,ATL,CityName,State,ORD,CityName,State,0,0,4,0,0,,96,653,0,0,0,0,0
2022-08-11,Delta,N776XX,6770,ATL,CityName,State,DFW,CityName,State,0,0,-7,0,0,,271,479,0,0,0,0,0
2022-08-11,American,N740XX,9227,DFW,CityName,State,SEA,CityName,State,0,0,10,0,0,,142,1038,0,0,0,0,0
2022-08-11,JetBlue,N865XX,7088,SEA,CityName,State,SFO,CityName,State,0,0,3,0,0,,226,2787,0,0,0,0,0
2022-08-11,American,N936XX,225,LAX,CityName,State,DFW,CityName,State,0,0,-12,0,0,,332,2657,0,0,0,0,0
2022-08-11,JetBlue,N596XX,1197,SFO,CityName,State,SFO,CityName,State,0,0,-12,0,0,,292,2579,0,0,0,0,0
2022-08-11,Southwest,N350XX,4968,ORD,CityName,State,DFW,CityName,State,15,1,18,1,0,,290,2004,0,0,0,0,18
2022-08-11,Delta,N120XX,6134,MIA,CityName,State,SEA,CityName,State,45,1,48,1,0,,179,623,0,48,0,0,0
2022-08-11,JetBlue,N368XX,1228,DEN,CityName,State,DEN,CityName,State,240,1,233,1,0,,225,176,0,0,233,0,0
2022-08-11,Southwest,N263XX,701,BOS,CityName,State,SEA,CityName,State,0,0,6,0,0,,277,1636,0,0,0,0,0
2022-08-12,United,N318XX,1207,JFK,CityName,State,SFO,CityName,State,0,0,-5,0,0,,283,2276,0,0,0,0,0
2022-08-12,American,N993XX,7333,SEA,CityName,State,DEN,CityName,State,0,0,0,0,0,,343,1595,0,0,0,0,0
2022-08-12,Southwest,N129XX,9026,SFO,CityName,State,SFO,CityName,State,15,1,1,0,0,,47,1373,0,0,0,0,0
2022-08-12,American,N217XX,5509,DFW,CityName,State,LAX,CityName,State,0,0,-2,0,0,,63,2252,0,0,0,0,0
2022-08-12,United,N345XX,2328,MIA,CityName,State,SFO,CityName,State,0,0,-13,0,0,,177,948,0,0,0,0,0
2022-08-12,Southwest,N288XX,3870,SEA,CityName,State,SFO,CityName,State,0,0,0,0,0,,170,1352,0,0,0,0,0
2022-08-12,United,N966XX,4169,ATL,CityName,State,SFO,CityName,State,0,0,5,0,0,,61,1289,0,0,0,0,0
2022-08-12,JetBlue,N260XX,2714,MIA,CityName,State,BOS,CityName,State,240,1,248,1,0,,230,2321,248,0,0,0,0
2022-08-12,Delta,N489XX,917,ORD,CityName,State,ORD,CityName,State,0,0,-11,0,0,,46,2720,0,0,0,0,0
2022-08-12,Southwest,N789XX,7600,ATL,CityName,State,JFK,CityName,State,0,0,-14,0,0,,210,461,0,0,0,0,0
2022-08-12,Delta,N729XX,1963,DEN,CityName,State,ORD,CityName,State,0,0,-13,0,0,,100,824,0,0,0,0,0
2022-08-12,American,N569XX,7661,ATL,CityName,State,ORD,CityName,State,0,0,6,0,0,,232,1168,0,0,0,0,0
2022-08-12,JetBlue,N397XX,6373,JFK,CityName,State,ORD,CityName,State,0,0,-11,0,0,,312,2990,0,0,0,0,0
2022-08-12,Delta,N385XX,7376,BOS,CityName,State,JFK,CityName,State,0,0,-3,0,0,,256,957,0,0,0,0,0
2022-08-12,JetBlue,N117XX,5322,ORD,CityName,State,DFW,CityName,State,0,0,2,0,0,,229,993,0,0,0,0,0
2022-08-12,JetBlue,N695XX,6491,SEA,CityName,State,ORD,CityName,State,0,0,2,0,0,,352,2795,0,0,0,0,0
2022-08-12,United,N877XX,7542,SFO,CityName,State,ATL,CityName,State,0,0,-9,0,0,,334,2703,0,0,0,0,0
2022-08-13,JetBlue,N422XX,8974,JFK,CityName,State,DFW,CityName,State,15,1,6,0,0,,290,2086,0,0,0,0,0
2022-08-13,United,N829XX,7724,ATL,CityName,State,LAX,CityName,State,0,0,8,0,0,,104,1314,0,0,0,0,0
2022-08-13,Delta,N336XX,4599,ATL,CityName,State,BOS,CityName,State,0,0,-8,0,0,,122,2374,0,0,0,0,0
2022-08-13,Delta,N229XX,3477,MIA,CityName,State,JFK,CityName,State,0,0,8,0,0,,315,827,0,0,0,0,0
2022-08-13,JetBlue,N490XX,2781,DFW,CityName,State,SEA,CityName,State,15,1,4,0,0,,166,174,0,0,0,0,0
2022-08-13,Southwest,N255XX,1561,SEA,CityName,State,DEN,CityName,State,0,0,-14,0,0,,162,989,0,0,0,0,0
2022-08-13,United,N510XX,3212,ORD,CityName,State,SFO,CityName,State,0,0,6,0,0,,222,1136,0,0,0,0,0
2022-08-13,JetBlue,N498XX,7842,DFW,CityName,State,MIA,CityName,State,0,0,-12,0,0,,130,1700,0,0,0,0,0
2022-08-14,American,N690XX,2996,DEN,CityName,State,MIA,CityName,State,0,0,6,0,0,,325,549,0,0,0,0,0
2022-08-14,Southwest,N957XX,6005,DEN,CityName,State,SEA,CityName,State,0,0,-5,0,0,,254,892,0,0,0,0,0
2022-08-14,JetBlue,N433XX,5526,ATL,CityName,State,SFO,CityName,State,15,1,7,0,0,,227,1282,0,0,0,0,0
2022-08-14,United,N102XX,6603,SFO,CityName,State,BOS,CityName,State,0,0,-1,0,0,,255,572,0,0,0,0,0
2022-08-14,JetBlue,N595XX,7569,MIA,CityName,State,JFK,CityName,State,0,0,-14,0,0,,344,2624,0,0,0,0,0
2022-08-14,American,N165XX,3979,DEN,CityName,State,DFW,CityName,State,15,1,10,0,0,,354,2669,0,0,0,0,0
2022-08-14,United,N892XX,2046,SEA,CityName,State,DEN,CityName,State,0,0,-5,0,0,,304,2381,0,0,0,0,0
2022-08-14,Southwest,N934XX,1029,LAX,CityName,State,BOS,CityName,State,0,0,-11,0,0,,51,1088,0,0,0,0,0
2022-08-14,Southwest,N153XX,7936,DEN,CityName,State,MIA,CityName,State,0,0,-3,0,0,,129,2547,0,0,0,0,0
2022-08-14,JetBlue,N124XX,5200,LAX,CityName,State,DEN,CityName,State,0,0,8,0,0,,314,2050,0,0,0,0,0
2022-08-14,United,N128XX,7754,DFW,CityName,State,ORD,CityName,State,30,1,33,1,0,,100,1173,33,0,0,0,0
2022-08-14,JetBlue,N777XX,1374,SEA,CityName,State,ORD,CityName,State,0,0,-10,0,0,,89,561,0,0,0,0,0
2022-08-14,JetBlue,N333XX,7742,SEA,CityName,State,DEN,CityName,State,0,0,-13,0,0,,63,1505,0,0,0,0,0
2022-08-15,American,N166XX,5717,SFO,CityName,State,MIA,CityName,State,0,0,-4,0,0,,350,2562,0,0,0,0,0
2022-08-15,Southwest,N434XX,9333,JFK,CityName,State,LAX,CityName,State,0,0,-14,0,0,,309,2411,0,0,0,0,0
2022-08-15,American,N336XX,2971,JFK,CityName,State,ORD,CityName,State,0,0,7,0,0,,227,2501,0,0,0,0,0
2022-08-15,American,N880XX,2836,DEN,CityName,State,SFO,CityName,State,0,0,-6,0,0,,305,2710,0,0,0,0,0
2022-08-15,United,N483XX,7135,SFO,CityName,State,ATL,CityName,State,0,0,-5,0,0,,173,2429,0,0,0,0,0
2022-08-15,American,N398XX,4141,MIA,CityName,State,ORD,CityName,State,0,0,3,0,0,,299,746,0,0,0,0,0
2022-08-15,United,N175XX,7926,BOS,CityName,State,SFO,CityName,State,0,0,-4,0,0,,335,970,0,0,0,0,0
2022-08-15,Southwest,N629XX,7421,MIA,CityName,State,BOS,CityName,State,0,0,-13,0,0,,210,2046,0,0,0,0,0
2022-08-15,JetBlue,N882XX,6503,SFO,CityName,State,DFW,CityName,State,0,0,-13,0,0,,322,2285,0,0,0,0,0
2022-08-15,Delta,N826XX,9525,SEA,CityName,State,DFW,CityName,State,0,0,-14,0,0,,165,1328,0,0,0,0,0
2022-08-15,United,N581XX,2578,BOS,CityName,State,SEA,CityName,State,0,0,1,0,0,,58,383,0,0,0,0,0
2022-08-15,Southwest,N581XX,1364,DEN,CityName,State,SEA,CityName,State,0,0,-11,0,0,,283,2611,0,0,0,0,0
2022-08-15,Southwest,N168XX,703,SEA,CityName,State,LAX,CityName,State,0,0,-9,0,0,,276,1854,0,0,0,0,0
2022-08-15,Southwest,N622XX,9124,SFO,CityName,State,MIA,CityName,State,0,0,1,0,0,,98,345,0,0,0,0,0
2022-08-15,Southwest,N913XX,1346,ORD,CityName,State,SFO,CityName,State,45,1,39,1,0,,126,509,39,0,0,0,0
2022-08-15,Delta,N746XX,2093,LAX,CityName,State,MIA,CityName,State,30,1,19,1,0,,81,824,0,19,0,0,0
2022-08-15,United,N761XX,1134,ATL,CityName,State,LAX,CityName,State,0,0,-3,0,0,,196,791,0,0,0,0,0
2022-08-16,American,N120XX,464,DFW,CityName,State,ORD,CityName,State,0,0,4,0,0,,60,1056,0,0,0,0,0
2022-08-16,American,N357XX,1015,ATL,CityName,State,SEA,CityName,State,0,0,10,0,0,,103,1552,0,0,0,0,0
2022-08-16,United,N317XX,3846,ORD,CityName,State,DEN,CityName,State,0,0,-14,0,0,,343,1407,0,0,0,0,0
2022-08-16,Delta,N957XX,2955,JFK,CityName,State,LAX,CityName,State,0,0,9,0,0,,172,431,0,0,0,0,0
2022-08-16,Southwest,N165XX,6512,JFK,CityName,State,LAX,CityName,State,15,1,11,0,0,,205,2892,0,0,0,0,0
2022-08-16,JetBlue,N364XX,2360,ATL,CityName,State,DFW,CityName,State,0,0,9,0,0,,160,331,0,0,0,0,0
2022-08-16,JetBlue,N560XX,5679,LAX,CityName,State,DFW,CityName,State,0,0,-6,0,0,,233,2384,0,0,0,0,0
2022-08-16,United,N394XX,8753,LAX,CityName,State,ORD,CityName,State,120,1,107,1,0,,101,841,0,0,0,0,107
2022-08-16,JetBlue,N314XX,346,JFK,CityName,State,DEN,CityName,State,0,0,-1,0,0,,350,1928,0,0,0,0,0
2022-08-16,United,N506XX,6275,LAX,CityName,State,SEA,CityName,State,0,0,3,0,0,,232,2128,0,0,0,0,0
2022-08-16,American,N941XX,8487,DEN,CityName,State,DEN,CityName,State,45,1,46,1,0,,252,2455,46,0,0,0,0
2022-08-16,United,N224XX,3631,BOS,CityName,State,ORD,CityName,State,0,0,-1,0,0,,262,1821,0,0,0,0,0
2022-08-16,Delta,N143XX,885,DEN,CityName,State,SEA,CityName,State,60,1,50,1,0,,100,243,50,0,0,0,0
2022-08-16,JetBlue,N969XX,6063,JFK,CityName,State,ORD,CityName,State,45,1,41,1,0,,107,692,0,0,41,0,0
2022-08-16,American,N157XX,8157,MIA,CityName,State,DFW,CityName,State,0,0,-8,0,0,,112,2918,0,0,0,0,0
2022-08-17,United,N520XX,9985,ORD,CityName,State,ATL,CityName,State,0,0,-13,0,0,,198,243,0,0,0,0,0
2022-08-17,Southwest,N841XX,1333,DFW,CityName,State,ATL,CityName,State,0,0,-8,0,0,,304,1583,0,0,0,0,0
2022-08-17,Southwest,N927XX,7576,SEA,CityName,State,DEN,CityName,State,0,0,3,0,0,,332,2251,0,0,0,0,0
2022-08-17,United,N742XX,2531,ATL,CityName,State,SEA,CityName,State,15,1,12,0,0,,283,2975,0,0,0,0,0
2022-08-17,American,N368XX,7696,DEN,CityName,State,SFO,CityName,State,0,0,-9,0,0,,57,697,0,0,0,0,0
2022-08-17,United,N496XX,1651,SFO,CityName,State,SEA,CityName,State,0,0,2,0,0,,281,229,0,0,0,0,0
2022-08-17,JetBlue,N112XX,5735,SFO,CityName,State,LAX,CityName,State,0,0,7,0,0,,233,2622,0,0,0,0,0
2022-08-17,Delta,N401XX,3982,DFW,CityName,State,MIA,CityName,State,60,1,50,1,0,,287,2372,50,0,0,0,0
2022-08-17,Southwest,N700XX,7289,LAX,CityName,State,MIA,CityName,State,0,0,0,0,0,,86,163,0,0,0,0,0
2022-08-17,American,N992XX,8254,DFW,CityName,State,LAX,CityName,State,15,1,4,0,0,,105,2182,0,0,0,0,0
2022-08-17,Delta,N971XX,4367,DFW,CityName,State,SFO,CityName,State,15,1,10,0,0,,268,2337,0,0,0,0,0
2022-08-18,Delta,N684XX,7583,SFO,CityName,State,DEN,CityName,State,45,1,55,1,0,,189,315,0,0,0,0,55
2022-08-18,Delta,N982XX,9127,SEA,CityName,State,DFW,CityName,State,0,0,-13,0,0,,76,1677,0,0,0,0,0
2022-08-18,JetBlue,N352XX,9483,DEN,CityName,State,JFK,CityName,State,0,0,9,0,0,,167,458,0,0,0,0,0
2022-08-18,Delta,N583XX,8700,DFW,CityName,State,DFW,CityName,State,0,0,6,0,0,,293,2991,0,0,0,0,0
2022-08-18,American,N984XX,9180,ATL,CityName,State,DEN,CityName,State,120,1,118,1,0,,212,1362,0,0,118,0,0
2022-08-18,JetBlue,N806XX,2342,DEN,CityName,State,MIA,CityName,State,15,1,12,0,0,,112,2136,0,0,0,0,0
2022-08-18,United,N784XX,2773,ATL,CityName,State,JFK,CityName,State,15,1,11,0,0,,47,2685,0,0,0,0,0
2022-08-18,JetBlue,N546XX,9891,BOS,CityName,State,ORD,CityName,State,0,0,-9,0,0,,324,620,0,0,0,0,0
2022-08-18,Delta,N861XX,334,SFO,CityName,State,SEA,CityName,State,0,0,6,0,0,,269,1780,0,0,0,0,0
2022-08-18,United,N783XX,7148,BOS,CityName,State,BOS,CityName,State,0,0,-7,0,0,,58,727,0,0,0,0,0
2022-08-18,United,N341XX,3757,BOS,CityName,State,SFO,CityName,State,0,0,-5,0,0,,99,1759,0,0,0,0,0
2022-08-18,Delta,N789XX,4649,DFW,CityName,State,SEA,CityName,State,0,0,-8,0,0,,158,1793,0,0,0,0,0
2022-08-18,United,N122XX,1060,LAX,CityName,State,ORD,CityName,State,30,1,26,1,0,,106,1315,26,0,0,0,0
2022-08-18,United,N701XX,7602,BOS,CityName,State,DFW,CityName,State,15,1,4,0,0,,54,1455,0,0,0,0,0
2022-08-18,Southwest,N814XX,4880,SEA,CityName,State,JFK,CityName,State,0,0,7,0,0,,145,1652,0,0,0,0,0
2022-08-18,United,N692XX,6549,LAX,CityName,State,SFO,CityName,State,15,1,5,0,0,,292,1362,0,0,0,0,0
2022-08-18,JetBlue,N616XX,4733,SFO,CityName,State,ATL,CityName,State,0,0,0,0,0,,181,176,0,0,0,0,0
2022-08-18,Southwest,N436XX,707,SFO,CityName,State,MIA,CityName,State,0,0,6,0,0,,92,2596,0,0,0,0,0
2022-08-18,American,N604XX,7737,DEN,CityName,State,BOS,CityName,State,15,1,15,1,0,,63,575,0,15,0,0,0
2022-08-18,United,N179XX,3406,DEN,CityName,State,DFW,CityName,State,0,0,1,0,0,,125,868,0,0,0,0,0
2022-08-18,Delta,N711XX,5458,BOS,CityName,State,JFK,CityName,State,0,0,1,0,0,,110,2410,0,0,0,0,0
2022-08-19,Delta,N848XX,5121,DEN,CityName,State,MIA,CityName,State,0,0,-8,0,0,,102,2951,0,0,0,0,0
2022-08-19,Southwest,N238XX,6777,SFO,CityName,State,SEA,CityName,State,0,0,-7,0,0,,342,1594,0,0,0,0,0
2022-08-19,JetBlue,N605XX,374,LAX,CityName,State,DEN,CityName,State,0,0,-7,0,0,,144,2796,0,0,0,0,0
2022-08-19,American,N648XX,3217,LAX,CityName,State,SFO,CityName,State,0,0,-7,0,0,,138,801,0,0,0,0,0
2022-08-19,American,N668XX,8746,SFO,CityName,State,DEN,CityName,State,15,1,6,0,0,,249,163,0,0,0,0,0
2022-08-19,Southwest,N477XX,2768,SFO,CityName,State,SFO,CityName,State,0,0,9,0,0,,278,322,0,0,0,0,0
2022-08-19,Delta,N866XX,9586,MIA,CityName,State,JFK,CityName,State,0,0,1,0,0,,327,2141,0,0,0,0,0
2022-08-19,Delta,N735XX,164,MIA,CityName,State,LAX,CityName,State,0,0,3,0,0,,54,154,0,0,0,0,0
2022-08-19,United,N249XX,7572,DEN,CityName,State,SEA,CityName,State,0,0,3,0,0,,328,2377,0,0,0,0,0
2022-08-19,American,N422XX,7484,LAX,CityName,State,MIA,CityName,State,15,1,12,0,0,,156,2556,0,0,0,0,0
2022-08-19,United,N334XX,4458,MIA,CityName,State,LAX,CityName,State,0,0,10,0,0,,266,671,0,0,0,0,0
2022-08-19,American,N143XX,3286,LAX,CityName,State,LAX,CityName,State,0,0,-7,0,0,,314,2471,0,0,0,0,0
2022-08-19,Delta,N107XX,2301,SFO,CityName,State,LAX,CityName,State,0,0,-2,0,0,,163,230,0,0,0,0,0
2022-08-19,American,N311XX,6778,SEA,CityName,State,SEA,CityName,State,60,1,46,1,0,,65,1068,0,0,46,0,0
2022-08-20,JetBlue,N516XX,3743,LAX,CityName,State,BOS,CityName,State,0,0,-14,0,0,,112,2592,0,0,0,0,0
2022-08-20,Delta,N909XX,6672,ORD,CityName,State,MIA,CityName,State,0,0,-2,0,0,,304,789,0,0,0,0,0
2022-08-20,American,N498XX,4423,DEN,CityName,State,BOS,CityName,State,0,0,-10,0,0,,335,756,0,0,0,0,0
2022-08-20,United,N486XX,2732,JFK,CityName,State,DFW,CityName,State,60,1,62,1,0,,139,2090,0,0,62,0,0
2022-08-20,Delta,N844XX,7349,DEN,CityName,State,ORD,CityName,State,120,1,114,1,0,,290,2705,114,0,0,0,0
2022-08-20,United,N473XX,5742,SEA,CityName,State,DFW,CityName,State,0,0,-6,0,0,,195,1600,0,0,0,0,0
2022-08-20,American,N144XX,815,SEA,CityName,State,JFK,CityName,State,30,1,20,1,0,,197,2954,20,0,0,0,0
2022-08-20,Southwest,N589XX,4697,DFW,CityName,State,SFO,CityName,State,0,0,-4,0,0,,229,309,0,0,0,0,0
2022-08-20,American,N864XX,2100,JFK,CityName,State,ATL,CityName,State,45,1,35,1,0,,88,1018,0,0,0,0,35
2022-08-20,American,N655XX,388,DFW,CityName,State,ATL,CityName,State,60,1,59,1,0,,344,2862,0,59,0,0,0
2022-08-20,United,N862XX,1625,DFW,CityName,State,MIA,CityName,State,0,0,5,0,0,,162,861,0,0,0,0,0
2022-08-20,United,N352XX,3440,DEN,CityName,State,MIA,CityName,State,0,0,-1,0,0,,264,458,0,0,0,0,0
2022-08-20,Delta,N609XX,7567,BOS,CityName,State,JFK,CityName,State,0,0,-13,0,0,,334,2062,0,0,0,0,0
2022-08-20,JetBlue,N838XX,4271,ATL,CityName,State,DFW,CityName,State,0,0,10,0,0,,231,1618,0,0,0,0,0
2022-08-20,Southwest,N277XX,6167,ATL,CityName,State,SEA,CityName,State,0,0,7,0,0,,251,1531,0,0,0,0,0
2022-08-21,JetBlue,N638XX,198,DEN,CityName,State,LAX,CityName,State,0,0,-2,0,0,,136,2905,0,0,0,0,0
2022-08-21,Delta,N854XX,2245,SEA,CityName,State,DEN,CityName,State,0,0,-13,0,0,,98,542,0,0,0,0,0
2022-08-21,American,N759XX,6196,ORD,CityName,State,DFW,CityName,State,0,0,5,0,0,,142,2957,0,0,0,0,0
2022-08-21,Delta,N894XX,2550,DFW,CityName,State,LAX,CityName,State,0,0,-14,0,0,,147,2913,0,0,0,0,0
2022-08-21,Southwest,N765XX,4993,JFK,CityName,State,DEN,CityName,State,0,0,6,0,0,,356,929,0,0,0,0,0
2022-08-21,JetBlue,N179XX,8922,BOS,CityName,State,SFO,CityName,State,0,0,-12,0,0,,137,2277,0,0,0,0,0
2022-08-21,JetBlue,N550XX,7231,DEN,CityName,State,ATL,CityName,State,30,1,18,1,0,,107,1876,0,18,0,0,0
2022-08-21,American,N667XX,5225,SEA,CityName,State,DEN,CityName,State,0,0,7,0,0,,223,1962,0,0,0,0,0
2022-08-21,Southwest,N555XX,9561,MIA,CityName,State,DEN,CityName,State,0,0,-2,0,0,,252,2919,0,0,0,0,0
2022-08-21,JetBlue,N373XX,8764,BOS,CityName,State,LAX,CityName,State,0,0,-1,0,0,,358,1964,0,0,0,0,0
2022-08-22,United,N232XX,1161,LAX,CityName,State,DEN,CityName,State,0,0,-5,0,0,,118,2505,0,0,0,0,0
2022-08-22,American,N967XX,4156,ATL,CityName,State,ATL,CityName,State,0,0,5,0,0,,159,240,0,0,0,0,0
2022-08-22,Delta,N369XX,9109,SEA,CityName,State,MIA,CityName,State,0,0,-12,0,0,,345,931,0,0,0,0,0
2022-08-22,Southwest,N384XX,4125,SFO,CityName,State,DFW,CityName,State,30,1,23,1,0,,77,534,23,0,0,0,0
2022-08-22,United,N511XX,8504,MIA,CityName,State,JFK,CityName,State,0,0,-3,0,0,,67,217,0,0,0,0,0
2022-08-22,Delta,N309XX,9600,MIA,CityName,State,LAX,CityName,State,45,1,42,1,0,,127,1247,42,0,0,0,0
2022-08-22,Southwest,N410XX,4008,ORD,CityName,State,DEN,CityName,State,0,0,-1,0,0,,295,2013,0,0,0,0,0
2022-08-22,JetBlue,N684XX,4178,DFW,CityName,State,ORD,CityName,State,0,0,-3,0,0,,230,2403,0,0,0,0,0
2022-08-22,JetBlue,N187XX,9022,BOS,CityName,State,ATL,CityName,State,15,1,15,1,0,,95,2504,15,0,0,0,0
2022-08-22,American,N789XX,7100,BOS,CityName,State,SFO,CityName,State,0,0,10,0,0,,193,948,0,0,0,0,0
2022-08-22,JetBlue,N320XX,671,BOS,CityName,State,BOS,CityName,State,15,1,24,1,0,,288,775,24,0,0,0,0
2022-08-22,Delta,N667XX,6663,MIA,CityName,State,BOS,CityName,State,120,1,109,1,0,,216,1709,0,0,0,0,109
2022-08-22,JetBlue,N570XX,8608,DFW,CityName,State,DEN,CityName,State,0,0,-1,0,0,,322,1352,0,0,0,0,0
2022-08-22,Southwest,N101XX,4458,SEA,CityName,State,LAX,CityName,State,45,1,53,1,0,,50,2145,0,53,0,0,0
2022-08-23,United,N164XX,2053,SEA,CityName,State,SFO,CityName,State,0,0,1,0,0,,265,2445,0,0,0,0,0
2022-08-23,Southwest,N477XX,9024,DFW,CityName,State,MIA,CityName,State,0,0,6,0,0,,102,2698,0,0,0,0,0
2022-08-23,JetBlue,N760XX,6120,MIA,CityName,State,BOS,CityName,State,0,0,10,0,0,,235,1424,0,0,0,0,0
2022-08-23,Delta,N462XX,2397,DEN,CityName,State,BOS,CityName,State,0,0,10,0,0,,164,2928,0,0,0,0,0
2022-08-23,United,N187XX,5229,ATL,CityName,State,BOS,CityName,State,0,0,-8,0,0,,51,693,0,0,0,0,0
2022-08-23,Southwest,N361XX,527,DFW,CityName,State,JFK,CityName,State,30,1,23,1,0,,188,2702,0,0,23,0,0
2022-08-23,Southwest,N386XX,5070,BOS,CityName,State,LAX,CityName,State,0,0,0,0,0,,287,2717,0,0,0,0,0
2022-08-23,JetBlue,N821XX,9142,ATL,CityName,State,SFO,CityName,State,0,0,-2,0,0,,311,2382,0,0,0,0,0
2022-08-23,Southwest,N507XX,7025,DEN,CityName,State,SFO,CityName,State,15,1,9,0,0,,48,651,0,0,0,0,0
2022-08-23,United,N984XX,7591,SEA,CityName,State,ATL,CityName,State,0,0,10,0,0,,278,1691,0,0,0,0,0
2022-08-23,American,N816XX,8769,BOS,CityName,State,JFK,CityName,State,0,0,-3,0,0,,329,2294,0,0,0,0,0
2022-08-23,Delta,N743XX,4889,ATL,CityName,State,BOS,CityName,State,0,0,0,0,0,,229,2189,0,0,0,0,0
2022-08-23,Delta,N393XX,6958,BOS,CityName,State,DEN,CityName,State,30,1,36,1,0,,271,1989,0,0,36,0,0
2022-08-23,United,N603XX,7628,MIA,CityName,State,BOS,CityName,State,0,0,2,0,0,,144,2535,0,0,0,0,0
2022-08-23,Delta,N237XX,1373,DEN,CityName,State,JFK,CityName,State,60,1,50,1,0,,319,928,0,50,0,0,0
2022-08-23,United,N374XX,7398,ATL,CityName,State,LAX,CityName,State,15,1,6,0,0,,184,593,0,0,0,0,0
2022-08-23,American,N969XX,6806,BOS,CityName,State,SEA,CityName,State,15,1,22,1,0,,344,236,22,0,0,0,0
2022-08-24,United,N237XX,772,DFW,CityName,State,DEN,CityName,State,0,0,-1,0,0,,255,2532,0,0,0,0,0
2022-08-24,American,N315XX,9410,JFK,CityName,State,SEA,CityName,State,0,0,-8,0,0,,276,2070,0,0,0,0,0
2022-08-24,JetBlue,N362XX,257,DFW,CityName,State,LAX,CityName,State,0,0,0,0,0,,86,2170,0,0,0,0,0
2022-08-24,Southwest,N602XX,6560,SFO,CityName,State,SEA,CityName,State,0,0,3,0,0,,340,2197,0,0,0,0,0
2022-08-24,JetBlue,N385XX,7592,LAX,CityName,State,BOS,CityName,State,0,0,9,0,0,,55,2164,0,0,0,0,0
2022-08-24,JetBlue,N920XX,964,ORD,CityName,State,LAX,CityName,State,15,1,8,0,0,,202,498,0,0,0,0,0
2022-08-24,Southwest,N867XX,6545,BOS,CityName,State,SFO,CityName,State,0,0,-3,0,0,,149,2659,0,0,0,0,0
2022-08-24,JetBlue,N691XX,231,DEN,CityName,State,BOS,CityName,State,0,0,-9,0,0,,320,2671,0,0,0,0,0
2022-08-24,American,N810XX,7782,JFK,CityName,State,SFO,CityName,State,30,1,25,1,0,,205,1104,25,0,0,0,0
2022-08-24,American,N910XX,1336,ATL,CityName,State,ATL,CityName,State,0,0,9,0,0,,218,1462,0,0,0,0,0
2022-08-24,JetBlue,N862XX,4429,MIA,CityName,State,DEN,CityName,State,30,1,30,1,0,,98,1170,30,0,0,0,0
2022-08-25,JetBlue,N181XX,1874,ATL,CityName,State,SEA,CityName,State,15,1,24,1,0,,52,2036,0,0,24,0,0
2022-08-25,Southwest,N525XX,3937,JFK,CityName,State,ATL,CityName,State,0,0,-9,0,0,,279,1590,0,0,0,0,0
2022-08-25,United,N910XX,926,JFK,CityName,State,JFK,CityName,State,0,0,1,0,0,,108,934,0,0,0,0,0
2022-08-25,JetBlue,N133XX,7710,LAX,CityName,State,DEN,CityName,State,15,1,3,0,0,,237,458,0,0,0,0,0
2022-08-25,Southwest,N934XX,310,DFW,CityName,State,SFO,CityName,State,0,0,3,0,0,,316,895,0,0,0,0,0
2022-08-25,Southwest,N819XX,7907,DFW,CityName,State,MIA,CityName,State,30,1,29,1,0,,345,576,0,29,0,0,0
2022-08-25,Southwest,N827XX,3208,JFK,CityName,State,LAX,CityName,State,0,0,0,0,1,A,106,2051,0,0,0,0,0
2022-08-25,Southwest,N156XX,1195,ORD,CityName,State,SFO,CityName,State,0,0,5,0,0,,333,1276,0,0,0,0,0
2022-08-25,United,N102XX,6756,ORD,CityName,State,JFK,CityName,State,0,0,-12,0,0,,211,525,0,0,0,0,0
2022-08-25,JetBlue,N263XX,5705,DEN,CityName,State,ORD,CityName,State,240,1,249,1,0,,158,2348,249,0,0,0,0
2022-08-25,United,N356XX,7210,JFK,CityName,State,SEA,CityName,State,0,0,6,0,0,,249,2760,0,0,0,0,0
2022-08-25,Southwest,N666XX,8582,MIA,CityName,State,SEA,CityName,State,0,0,9,0,0,,213,1187,0,0,0,0,0
2022-08-25,Delta,N493XX,1488,ATL,CityName,State,JFK,CityName,State,60,1,62,1,0,,257,550,0,0,0,0,62
2022-08-25,Southwest,N507XX,9188,ATL,CityName,State,DEN,CityName,State,0,0,-12,0,0,,276,1513,0,0,0,0,0
2022-08-25,Southwest,N597XX,7313,SEA,CityName,State,JFK,CityName,State,45,1,39,1,0,,157,1264,0,39,0,0,0
2022-08-26,Delta,N486XX,9258,JFK,CityName,State,ATL,CityName,State,45,1,39,1,0,,112,1262,0,0,0,0,39
2022-08-26,Delta,N118XX,1239,JFK,CityName,State,SEA,CityName,State,0,0,-12,0,0,,343,1568,0,0,0,0,0
2022-08-26,United,N750XX,9073,ATL,CityName,State,JFK,CityName,State,0,0,-4,0,0,,258,2050,0,0,0,0,0
2022-08-26,Delta,N219XX,2992,DEN,CityName,State,JFK,CityName,State,0,0,-5,0,0,,246,1853,0,0,0,0,0
2022-08-26,JetBlue,N127XX,1518,DEN,CityName,State,DFW,CityName,State,0,0,-4,0,0,,170,669,0,0,0,0,0
2022-08-26,United,N726XX,2042,DEN,CityName,State,BOS,CityName,State,0,0,-1,0,0,,249,2234,0,0,0,0,0
2022-08-26,United,N371XX,2381,DEN,CityName,State,DFW,CityName,State,0,0,7,0,0,,339,2612,0,0,0,0,0
2022-08-26,Southwest,N819XX,1052,DEN,CityName,State,BOS,CityName,State,0,0,-14,0,0,,240,2045,0,0,0,0,0
2022-08-26,United,N785XX,2682,SEA,CityName,State,SEA,CityName,State,0,0,-13,0,0,,280,2341,0,0,0,0,0
2022-08-26,American,N933XX,6082,BOS,CityName,State,LAX,CityName,State,30,1,24,1,0,,220,2516,0,0,0,0,24
2022-08-26,JetBlue,N470XX,9392,JFK,CityName,State,SEA,CityName,State,0,0,-14,0,0,,353,2311,0,0,0,0,0
2022-08-26,American,N551XX,388,ORD,CityName,State,BOS,CityName,State,15,1,13,0,0,,76,2317,0,0,0,0,0
2022-08-26,United,N334XX,1910,SEA,CityName,State,SEA,CityName,State,0,0,-4,0,0,,134,1914,0,0,0,0,0
2022-08-26,American,N972XX,5412,DEN,CityName,State,MIA,CityName,State,0,0,-3,0,0,,139,1184,0,0,0,0,0
2022-08-26,United,N170XX,9695,DEN,CityName,State,LAX,CityName,State,0,0,-4,0,0,,84,736,0,0,0,0,0
2022-08-27,American,N929XX,6838,MIA,CityName,State,SFO,CityName,State,45,1,41,1,0,,245,1981,41,0,0,0,0
2022-08-27,Delta,N672XX,8820,SEA,CityName,State,ORD,CityName,State,15,1,19,1,0,,261,817,0,0,19,0,0
2022-08-27,American,N750XX,6404,BOS,CityName,State,ORD,CityName,State,0,0,-14,0,0,,46,1477,0,0,0,0,0
2022-08-27,Delta,N533XX,1158,SEA,CityName,State,ORD,CityName,State,15,1,18,1,0,,187,2081,0,0,0,0,18
2022-08-27,Southwest,N537XX,7655,SFO,CityName,State,JFK,CityName,State,0,0,-6,0,0,,238,2410,0,0,0,0,0
2022-08-27,American,N769XX,2629,SFO,CityName,State,DFW,CityName,State,0,0,-3,0,0,,78,1813,0,0,0,0,0
2022-08-27,Southwest,N155XX,5616,SFO,CityName,State,DFW,CityName,State,0,0,-8,0,0,,162,1727,0,0,0,0,0
2022-08-27,JetBlue,N822XX,2638,SEA,CityName,State,LAX,CityName,State,15,1,21,1,0,,353,546,21,0,0,0,0
2022-08-27,American,N369XX,2220,MIA,CityName,State,SFO,CityName,State,0,0,8,0,0,,173,2458,0,0,0,0,0
2022-08-27,United,N903XX,8611,DFW,CityName,State,ATL,CityName,State,45,1,50,1,0,,96,2331,50,0,0,0,0
2022-08-27,Delta,N488XX,2452,LAX,CityName,State,BOS,CityName,State,45,1,50,1,0,,228,452,0,0,0,0,50
2022-08-27,JetBlue,N652XX,3316,MIA,CityName,State,DFW,CityName,State,30,1,22,1,0,,179,157,0,22,0,0,0
2022-08-27,American,N841XX,7927,MIA,CityName,State,DFW,CityName,State,0,0,-7,0,0,,90,1441,0,0,0,0,0
2022-08-28,American,N565XX,779,BOS,CityName,State,LAX,CityName,State,0,0,3,0,0,,51,2491,0,0,0,0,0
2022-08-28,United,N754XX,9078,ORD,CityName,State,DEN,CityName,State,0,0,-12,0,0,,156,953,0,0,0,0,0
2022-08-28,American,N640XX,9096,LAX,CityName,State,LAX,CityName,State,0,0,-5,0,0,,320,1598,0,0,0,0,0
2022-08-28,United,N137XX,4753,LAX,CityName,State,ATL,CityName,State,30,1,29,1,0,,209,2609,0,0,0,0,29
2022-08-28,Delta,N378XX,6638,ORD,CityName,State,JFK,CityName,State,0,0,-2,0,0,,207,2488,0,0,0,0,0
2022-08-28,Southwest,N498XX,6939,JFK,CityName,State,DEN,CityName,State,0,0,0,0,0,,74,1008,0,0,0,0,0
2022-08-29,Delta,N316XX,238,DEN,CityName,State,LAX,CityName,State,0,0,9,0,0,,83,2202,0,0,0,0,0
2022-08-29,United,N778XX,1476,DEN,CityName,State,BOS,CityName,State,45,1,34,1,0,,227,2555,0,0,0,0,34
2022-08-29,Delta,N920XX,6499,DFW,CityName,State,ATL,CityName,State,0,0,5,0,0,,147,1844,0,0,0,0,0
2022-08-29,Delta,N424XX,9616,LAX,CityName,State,MIA,CityName,State,0,0,-5,0,0,,76,1668,0,0,0,0,0
2022-08-29,JetBlue,N140XX,9859,SFO,CityName,State,BOS,CityName,State,0,0,1,0,0,,197,846,0,0,0,0,0
2022-08-29,JetBlue,N448XX,1648,MIA,CityName,State,SFO,CityName,State,0,0,0,0,0,,326,2315,0,0,0,0,0
2022-08-29,Southwest,N653XX,8441,BOS,CityName,State,MIA,CityName,State,0,0,-5,0,0,,258,648,0,0,0,0,0
2022-08-29,American,N656XX,6202,ATL,CityName,State,DEN,CityName,State,60,1,59,1,0,,172,1013,0,0,59,0,0
2022-08-29,United,N892XX,2004,BOS,CityName,State,LAX,CityName,State,30,1,24,1,0,,231,2467,0,0,0,0,24
2022-08-29,JetBlue,N289XX,7649,MIA,CityName,State,SFO,CityName,State,0,0,5,0,0,,204,723,0,0,0,0,0
2022-08-29,JetBlue,N187XX,1040,BOS,CityName,State,BOS,CityName,State,15,1,17,1,0,,130,1279,17,0,0,0,0
2022-08-30,Delta,N382XX,5719,LAX,CityName,State,ORD,CityName,State,0,0,5,0,0,,70,2418,0,0,0,0,0
2022-08-30,American,N584XX,2429,ORD,CityName,State,SEA,CityName,State,0,0,8,0,0,,204,1709,0,0,0,0,0
2022-08-30,Southwest,N373XX,2762,ATL,CityName,State,DEN,CityName,State,45,1,51,1,0,,94,2686,51,0,0,0,0
2022-08-30,United,N306XX,4503,SEA,CityName,State,JFK,CityName,State,15,1,6,0,0,,246,1947,0,0,0,0,0
2022-08-30,American,N617XX,6833,SEA,CityName,State,DEN,CityName,State,0,0,5,0,0,,203,1006,0,0,0,0,0
2022-08-30,American,N608XX,6040,SEA,CityName,State,DEN,CityName,State,0,0,-14,0,0,,148,612,0,0,0,0,0
2022-08-30,United,N167XX,4418,SEA,CityName,State,JFK,CityName,State,0,0,-2,0,0,,121,2395,0,0,0,0,0
2022-08-30,Delta,N319XX,5506,DEN,CityName,State,SFO,CityName,State,30,1,18,1,0,,155,1713,18,0,0,0,0
2022-08-30,JetBlue,N225XX,7896,ORD,CityName,State,ORD,CityName,State,0,0,-4,0,0,,313,1426,0,0,0,0,0
2022-08-30,American,N123XX,5424,ORD,CityName,State,BOS,CityName,State,30,1,38,1,0,,259,1614,0,0,0,0,38
2022-08-30,Southwest,N707XX,4659,DEN,CityName,State,ATL,CityName,State,0,0,2,0,0,,279,704,0,0,0,0,0
2022-08-31,United,N519XX,7680,DFW,CityName,State,SFO,CityName,State,15,1,9,0,0,,124,2669,0,0,0,0,0
2022-08-31,JetBlue,N675XX,5359,MIA,CityName,State,JFK,CityName,State,120,1,118,1,0,,55,2599,0,0,0,0,118
2022-08-31,United,N513XX,4046,BOS,CityName,State,MIA,CityName,State,0,0,9,0,0,,283,2179,0,0,0,0,0
2022-08-31,JetBlue,N779XX,2426,ORD,CityName,State,ATL,CityName,State,120,1,116,1,0,,131,1345,116,0,0,0,0
2022-08-31,JetBlue,N955XX,3565,DFW,CityName,State,ATL,CityName,State,30,1,18,1,0,,91,697,0,0,0,0,18
2022-08-31,Delta,N679XX,2602,JFK,CityName,State,DEN,CityName,State,30,1,23,1,0,,313,2630,0,0,0,0,23
2022-08-31,American,N735XX,4614,DEN,CityName,State,ATL,CityName,State,0,0,-6,0,0,,147,2235,0,0,0,0,0
2022-08-31,Southwest,N823XX,1298,DEN,CityName,State,BOS,CityName,State,0,0,2,0,0,,265,962,0,0,0,0,0
2022-08-31,United,N673XX,8473,BOS,CityName,State,ORD,CityName,State,0,0,-2,0,0,,117,1461,0,0,0,0,0
2022-08-31,Delta,N182XX,393,LAX,CityName,State,BOS,CityName,State,0,0,-1,0,0,,208,2752,0,0,0,0,0
2022-08-31,JetBlue,N803XX,364,MIA,CityName,State,LAX,CityName,State,0,0,-5,0,0,,236,580,0,0,0,0,0
2022-08-31,American,N273XX,652,DFW,CityName,State,DEN,CityName,State,0,0,-10,0,0,,286,1469,0,0,0,0,0
2022-09-01,American,N315XX,1116,ORD,CityName,State,DEN,CityName,State,45,1,46,1,0,,105,778,0,0,46,0,0
2022-09-01,American,N405XX,7916,MIA,CityName,State,LAX,CityName,State,0,0,-4,0,0,,133,2881,0,0,0,0,0
2022-09-01,JetBlue,N756XX,1272,ORD,CityName,State,JFK,CityName,State,0,0,-1,0,0,,117,2036,0,0,0,0,0
2022-09-01,American,N966XX,6646,JFK,CityName,State,ATL,CityName,State,0,0,1,0,0,,253,1482,0,0,0,0,0
2022-09-01,United,N214XX,7542,LAX,CityName,State,ORD,CityName,State,15,1,25,1,0,,167,1811,0,0,0,0,25
2022-09-01,Southwest,N550XX,6917,MIA,CityName,State,JFK,CityName,State,0,0,-10,0,0,,212,1082,0,0,0,0,0
2022-09-01,Southwest,N205XX,7288,ORD,CityName,State,ORD,CityName,State,0,0,-6,0,0,,283,992,0,0,0,0,0
2022-09-01,American,N722XX,2536,BOS,CityName,State,BOS,CityName,State,15,1,5,0,0,,160,2811,0,0,0,0,0
2022-09-01,Southwest,N666XX,4582,SFO,CityName,State,DEN,CityName,State,0,0,-6,0,0,,134,1170,0,0,0,0,0
2022-09-01,Southwest,N356XX,725,SFO,CityName,State,DEN,CityName,State,0,0,-14,0,0,,327,275,0,0,0,0,0
2022-09-01,Delta,N394XX,8971,SEA,CityName,State,JFK,CityName,State,60,1,54,1,0,,163,393,0,0,0,0,54
2022-09-01,Delta,N785XX,8626,DFW,CityName,State,ORD,CityName,State,0,0,7,0,0,,53,2406,0,0,0,0,0
2022-09-01,United,N908XX,761,DEN,CityName,State,ORD,CityName,State,15,1,8,0,0,,273,2310,0,0,0,0,0
2022-09-01,United,N848XX,3455,DFW,CityName,State,JFK,CityName,State,45,1,48,1,0,,129,1471,0,48,0,0,0
2022-09-01,United,N801XX,9131,LAX,CityName,State,LAX,CityName,State,0,0,0,0,0,,175,1647,0,0,0,0,0
2022-09-01,United,N990XX,362,SFO,CityName,State,ORD,CityName,State,0,0,-13,0,0,,275,2649,0,0,0,0,0
2022-09-01,United,N281XX,5171,DFW,CityName,State,ORD,CityName,State,0,0,-9,0,0,,161,1878,0,0,0,0,0
2022-09-01,Southwest,N545XX,6900,JFK,CityName,State,DEN,CityName,State,0,0,8,0,0,,65,726,0,0,0,0,0
2022-09-01,JetBlue,N726XX,1209,DFW,CityName,State,MIA,CityName,State,0,0,6,0,0,,177,697,0,0,0,0,0
2022-09-02,American,N750XX,9745,ORD,CityName,State,DFW,CityName,State,0,0,-2,0,0,,235,2416,0,0,0,0,0
2022-09-02,JetBlue,N845XX,9742,SEA,CityName,State,ATL,CityName,State,15,1,1,0,0,,160,2486,0,0,0,0,0
2022-09-02,JetBlue,N154XX,5024,DEN,CityName,State,MIA,CityName,State,15,1,7,0,0,,64,1579,0,0,0,0,0
2022-09-02,American,N407XX,4732,BOS,CityName,State,JFK,CityName,State,240,1,247,1,0,,67,1305,247,0,0,0,0
2022-09-02,American,N655XX,9973,SEA,CityName,State,BOS,CityName,State,120,1,111,1,0,,105,1210,0,111,0,0,0
2022-09-02,American,N504XX,6960,LAX,CityName,State,BOS,CityName,State,0,0,-9,0,0,,149,1786,0,0,0,0,0
2022-09-02,American,N109XX,6709,ATL,CityName,State,SEA,CityName,State,0,0,-6,0,0,,332,2042,0,0,0,0,0
2022-09-02,American,N617XX,2150,ATL,CityName,State,ATL,CityName,State,30,1,26,1,0,,213,709,26,0,0,0,0
2022-09-02,American,N231XX,3508,SEA,CityName,State,ORD,CityName,State,0,0,10,0,0,,129,581,0,0,0,0,0
2022-09-02,American,N978XX,7366,LAX,CityName,State,ATL,CityName,State,0,0,7,0,0,,176,2311,0,0,0,0,0
2022-09-02,American,N973XX,1190,SFO,CityName,State,DEN,CityName,State,0,0,0,0,0,,151,1599,0,0,0,0,0
2022-09-02,American,N984XX,1888,SFO,CityName,State,SFO,CityName,State,0,0,-11,0,0,,287,770,0,0,0,0,0
2022-09-02,Southwest,N959XX,8253,DEN,CityName,State,LAX,CityName,State,30,1,32,1,0,,231,1156,32,0,0,0,0
2022-09-02,United,N634XX,3976,DFW,CityName,State,LAX,CityName,State,0,0,6,0,0,,138,2246,0,0,0,0,0
2022-09-02,United,N390XX,9734,JFK,CityName,State,BOS,CityName,State,0,0,-8,0,0,,69,232,0,0,0,0,0
2022-09-03,United,N516XX,9473,ORD,CityName,State,DEN,CityName,State,0,0,0,0,1,A,121,1589,0,0,0,0,0
2022-09-03,Delta,N833XX,6260,ATL,CityName,State,DFW,CityName,State,15,1,13,0,0,,104,2347,0,0,0,0,0
2022-09-03,Delta,N281XX,8477,LAX,CityName,State,ATL,CityName,State,60,1,60,1,0,,253,215,60,0,0,0,0
2022-09-03,Southwest,N529XX,6010,ATL,CityName,State,DFW,CityName,State,15,1,20,1,0,,58,1136,20,0,0,0,0
2022-09-03,Southwest,N312XX,7568,SEA,CityName,State,ORD,CityName,State,0,0,-12,0,0,,306,327,0,0,0,0,0
2022-09-03,Southwest,N375XX,7232,SEA,CityName,State,JFK,CityName,State,30,1,40,1,0,,326,581,40,0,0,0,0
2022-09-03,United,N353XX,8301,BOS,CityName,State,ATL,CityName,State,15,1,17,1,0,,195,2337,0,17,0,0,0
2022-09-03,United,N142XX,2481,DFW,CityName,State,SEA,CityName,State,0,0,-14,0,0,,328,1248,0,0,0,0,0
2022-09-03,JetBlue,N616XX,7228,JFK,CityName,State,SFO,CityName,State,45,1,37,1,0,,155,718,0,0,37,0,0
2022-09-03,United,N978XX,3243,DFW,CityName,State,DEN,CityName,State,60,1,48,1,0,,265,1067,0,0,0,0,48
2022-09-03,JetBlue,N118XX,1762,DFW,CityName,State,BOS,CityName,State,0,0,8,0,0,,197,163,0,0,0,0,0
2022-09-03,Southwest,N524XX,3747,BOS,CityName,State,DEN,CityName,State,0,0,9,0,0,,199,2030,0,0,0,0,0
2022-09-03,United,N832XX,386,ATL,CityName,State,SFO,CityName,State,0,0,6,0,0,,135,787,0,0,0,0,0
2022-09-03,Delta,N751XX,5508,SFO,CityName,State,ORD,CityName,State,0,0,2,0,0,,235,545,0,0,0,0,0
2022-09-03,United,N267XX,511,SEA,CityName,State,DFW,CityName,State,0,0,9,0,0,,129,2622,0,0,0,0,0
2022-09-04,Delta,N287XX,2611,SFO,CityName,State,ATL,CityName,State,0,0,-11,0,0,,208,762,0,0,0,0,0
2022-09-04,Delta,N905XX,4324,SFO,CityName,State,ORD,CityName,State,0,0,-12,0,0,,293,708,0,0,0,0,0
2022-09-04,JetBlue,N883XX,1978,SEA,CityName,State,ORD,CityName,State,30,1,27,1,0,,53,791,27,0,0,0,0
2022-09-04,Delta,N937XX,7920,JFK,CityName,State,DEN,CityName,State,15,1,19,1,0,,194,1034,0,0,0,0,19
2022-09-04,JetBlue,N185XX,4447,SFO,CityName,State,ORD,CityName,State,60,1,70,1,0,,170,440,70,0,0,0,0
2022-09-04,Southwest,N563XX,8793,ORD,CityName,State,JFK,CityName,State,0,0,-4,0,0,,169,530,0,0,0,0,0
2022-09-04,Delta,N249XX,9164,DFW,CityName,State,SFO,CityName,State,15,1,4,0,0,,212,2892,0,0,0,0,0
2022-09-04,JetBlue,N749XX,624,JFK,CityName,State,JFK,CityName,State,0,0,-13,0,0,,231,2547,0,0,0,0,0
2022-09-04,Delta,N121XX,4351,SFO,CityName,State,JFK,CityName,State,0,0,6,0,0,,53,2022,0,0,0,0,0
2022-09-04,United,N460XX,7981,DFW,CityName,State,DFW,CityName,State,0,0,4,0,0,,164,1205,0,0,0,0,0
2022-09-04,JetBlue,N595XX,2195,MIA,CityName,State,BOS,CityName,State,0,0,4,0,0,,197,689,0,0,0,0,0
2022-09-04,JetBlue,N126XX,2336,MIA,CityName,State,JFK,CityName,State,15,1,7,0,0,,357,1546,0,0,0,0,0
2022-09-04,Southwest,N513XX,471,MIA,CityName,State,SFO,CityName,State,45,1,47,1,0,,52,2901,47,0,0,0,0
2022-09-04,United,N537XX,4081,SFO,CityName,State,BOS,CityName,State,0,0,-2,0,0,,333,1665,0,0,0,0,0
2022-09-04,Delta,N730XX,3752,SFO,CityName,State,DFW,CityName,State,30,1,40,1,0,,230,1263,0,0,0,0,40
2022-09-04,United,N250XX,3565,LAX,CityName,State,ATL,CityName,State,0,0,-13,0,0,,135,310,0,0,0,0,0
2022-09-04,United,N314XX,4275,LAX,CityName,State,ORD,CityName,State,0,0,-2,0,0,,46,1551,0,0,0,0,0
2022-09-05,United,N876XX,6605,LAX,CityName,State,SEA,CityName,State,0,0,-4,0,0,,215,1710,0,0,0,0,0
2022-09-05,JetBlue,N954XX,9903,LAX,CityName,State,LAX,CityName,State,0,0,-12,0,0,,247,1136,0,0,0,0,0
2022-09-05,Delta,N247XX,7219,ORD,CityName,State,ATL,CityName,State,0,0,-10,0,0,,232,1345,0,0,0,0,0
2022-09-05,United,N983XX,5149,DEN,CityName,State,BOS,CityName,State,0,0,9,0,0,,323,1544,0,0,0,0,0
2022-09-05,United,N833XX,1397,DEN,CityName,State,SFO,CityName,State,0,0,-2,0,0,,213,2665,0,0,0,0,0
2022-09-05,JetBlue,N133XX,5993,LAX,CityName,State,BOS,CityName,State,0,0,8,0,0,,332,2241,0,0,0,0,0
2022-09-05,American,N943XX,9054,SEA,CityName,State,SEA,CityName,State,0,0,6,0,0,,172,2655,0,0,0,0,0
2022-09-05,Southwest,N581XX,3663,ORD,CityName,State,DEN,CityName,State,60,1,52,1,0,,185,2942,0,52,0,0,0
2022-09-05,American,N286XX,3288,SFO,CityName,State,ATL,CityName,State,0,0,-3,0,0,,205,2813,0,0,0,0,0
2022-09-05,Delta,N750XX,7266,ORD,CityName,State,MIA,CityName,State,0,0,-6,0,0,,116,653,0,0,0,0,0
2022-09-05,JetBlue,N223XX,7861,JFK,CityName,State,DEN,CityName,State,0,0,8,0,0,,148,642,0,0,0,0,0
2022-09-05,American,N679XX,746,LAX,CityName,State,BOS,CityName,State,0,0,-6,0,0,,256,1392,0,0,0,0,0
2022-09-05,JetBlue,N430XX,9818,JFK,CityName,State,ATL,CityName,State,0,0,-6,0,0,,120,2226,0,0,0,0,0
2022-09-05,Southwest,N839XX,9085,JFK,CityName,State,JFK,CityName,State,0,0,-12,0,0,,230,2999,0,0,0,0,0
2022-09-05,JetBlue,N724XX,6742,SFO,CityName,State,BOS,CityName,State,0,0,4,0,0,,233,987,0,0,0,0,0
2022-09-05,American,N729XX,3959,SEA,CityName,State,DEN,CityName,State,0,0,0,0,0,,125,1255,0,0,0,0,0
2022-09-05,Delta,N844XX,4565,SEA,CityName,State,DFW,CityName,State,15,1,17,1,0,,242,1295,0,0,0,0,17
2022-09-05,JetBlue,N318XX,7390,DFW,CityName,State,JFK,CityName,State,60,1,52,1,0,,234,1516,52,0,0,0,0
2022-09-05,Delta,N493XX,8568,JFK,CityName,State,JFK,CityName,State,0,0,0,0,1,A,75,388,0,0,0,0,0
2022-09-05,Delta,N273XX,774,DEN,CityName,State,SFO,CityName,State,0,0,-14,0,0,,272,1192,0,0,0,0,0
2022-09-05,United,N768XX,5464,DEN,CityName,State,MIA,CityName,State,45,1,44,1,0,,215,2681,44,0,0,0,0
2022-09-05,Delta,N426XX,8146,ORD,CityName,State,SEA,CityName,State,0,0,-2,0,0,,90,2558,0,0,0,0,0
2022-09-06,American,N585XX,5626,MIA,CityName,State,SEA,CityName,State,0,0,-11,0,0,,215,2600,0,0,0,0,0
2022-09-06,JetBlue,N470XX,6573,DEN,CityName,State,MIA,CityName,State,0,0,-10,0,0,,47,2055,0,0,0,0,0
2022-09-06,Delta,N955XX,4372,LAX,CityName,State,LAX,CityName,State,0,0,-1,0,0,,104,2458,0,0,0,0,0
2022-09-06,American,N290XX,2469,ORD,CityName,State,SEA,CityName,State,0,0,4,0,0,,157,416,0,0,0,0,0
2022-09-06,American,N636XX,9064,SFO,CityName,State,BOS,CityName,State,30,1,39,1,0,,332,1008,39,0,0,0,0
2022-09-06,United,N733XX,7425,DEN,CityName,State,BOS,CityName,State,0,0,-8,0,0,,292,1310,0,0,0,0,0
2022-09-06,American,N665XX,5937,ORD,CityName,State,ORD,CityName,State,45,1,45,1,0,,298,180,45,0,0,0,0
2022-09-06,Southwest,N159XX,9632,BOS,CityName,State,DFW,CityName,State,0,0,-14,0,0,,87,2929,0,0,0,0,0
2022-09-06,Delta,N565XX,9877,SFO,CityName,State,LAX,CityName,State,0,0,3,0,0,,57,1741,0,0,0,0,0
2022-09-07,JetBlue,N813XX,970,JFK,CityName,State,DEN,CityName,State,60,1,67,1,0,,198,2110,0,67,0,0,0
2022-09-07,JetBlue,N278XX,7804,BOS,CityName,State,SFO,CityName,State,0,0,-11,0,0,,349,2279,0,0,0,0,0
2022-09-07,American,N413XX,6022,ORD,CityName,State,JFK,CityName,State,0,0,-4,0,0,,355,2737,0,0,0,0,0
2022-09-07,United,N494XX,7503,JFK,CityName,State,ORD,CityName,State,15,1,14,0,0,,249,267,0,0,0,0,0
2022-09-07,Delta,N438XX,2233,MIA,CityName,State,SFO,CityName,State,0,0,10,0,0,,129,2794,0,0,0,0,0
2022-09-07,United,N734XX,6053,LAX,CityName,State,DFW,CityName,State,0,0,9,0,0,,281,1976,0,0,0,0,0
2022-09-07,United,N301XX,4628,MIA,CityName,State,DFW,CityName,State,15,1,17,1,0,,232,2711,0,0,17,0,0
2022-09-07,Delta,N857XX,137,ORD,CityName,State,MIA,CityName,State,0,0,-11,0,0,,131,2682,0,0,0,0,0
2022-09-07,American,N207XX,5924,SEA,CityName,State,SFO,CityName,State,0,0,-5,0,0,,49,2438,0,0,0,0,0
2022-09-07,Southwest,N249XX,7807,MIA,CityName,State,DFW,CityName,State,0,0,-7,0,0,,323,1333,0,0,0,0,0
2022-09-07,JetBlue,N544XX,7899,SEA,CityName,State,BOS,CityName,State,0,0,0,0,1,A,303,2015,0,0,0,0,0
2022-09-07,Southwest,N733XX,1509,BOS,CityName,State,DEN,CityName,State,0,0,2,0,0,,53,995,0,0,0,0,0
2022-09-07,JetBlue,N296XX,9105,BOS,CityName,State,BOS,CityName,State,0,0,8,0,0,,173,2299,0,0,0,0,0
2022-09-07,Delta,N566XX,4752,DEN,CityName,State,MIA,CityName,State,0,0,5,0,0,,174,545,0,0,0,0,0
2022-09-07,JetBlue,N932XX,5459,SFO,CityName,State,ATL,CityName,State,120,1,119,1,0,,184,2909,119,0,0,0,0
2022-09-07,Southwest,N123XX,3619,ATL,CityName,State,DEN,CityName,State,0,0,-5,0,0,,155,212,0,0,0,0,0
2022-09-07,United,N546XX,1957,LAX,CityName,State,DEN,CityName,State,0,0,8,0,0,,172,1991,0,0,0,0,0
2022-09-08,Southwest,N637XX,1331,LAX,CityName,State,BOS,CityName,State,30,1,21,1,0,,209,2872,21,0,0,0,0
2022-09-08,JetBlue,N710XX,2392,SEA,CityName,State,JFK,CityName,State,0,0,8,0,0,,222,2694,0,0,0,0,0
2022-09-08,American,N478XX,4906,DEN,CityName,State,SFO,CityName,State,15,1,22,1,0,,67,846,22,0,0,0,0
2022-09-08,Southwest,N479XX,1402,DEN,CityName,State,SEA,CityName,State,0,0,-3,0,0,,227,2456,0,0,0,0,0
2022-09-08,United,N589XX,9184,DEN,CityName,State,SEA,CityName,State,0,0,2,0,0,,62,2260,0,0,0,0,0
2022-09-08,American,N101XX,3172,DEN,CityName,State,BOS,CityName,State,0,0,9,0,0,,47,1347,0,0,0,0,0
2022-09-08,JetBlue,N437XX,9090,ORD,CityName,State,DEN,CityName,State,0,0,-2,0,0,,180,2973,0,0,0,0,0
2022-09-08,American,N404XX,2303,MIA,CityName,State,LAX,CityName,State,0,0,8,0,0,,290,798,0,0,0,0,0
2022-09-08,United,N985XX,9191,DEN,CityName,State,ORD,CityName,State,0,0,4,0,0,,277,652,0,0,0,0,0
2022-09-08,Southwest,N746XX,6336,SFO,CityName,State,SFO,CityName,State,0,0,9,0,0,,178,2351,0,0,0,0,0
2022-09-08,Delta,N702XX,1835,DEN,CityName,State,JFK,CityName,State,0,0,-4,0,0,,60,1756,0,0,0,0,0
2022-09-08,United,N326XX,2313,BOS,CityName,State,DFW,CityName,State,0,0,-2,0,0,,338,2354,0,0,0,0,0
2022-09-08,American,N749XX,893,MIA,CityName,State,SEA,CityName,State,0,0,-10,0,0,,55,358,0,0,0,0,0
2022-09-08,JetBlue,N960XX,7037,BOS,CityName,State,LAX,CityName,State,0,0,-1,0,0,,82,630,0,0,0,0,0
2022-09-08,United,N111XX,9817,ORD,CityName,State,LAX,CityName,State,30,1,16,1,0,,148,1536,16,0,0,0,0
2022-09-08,American,N393XX,5891,SEA,CityName,State,ATL,CityName,State,0,0,3,0,0,,308,731,0,0,0,0,0
2022-09-09,United,N330XX,4909,ORD,CityName,State,BOS,CityName,State,45,1,40,1,0,,161,1335,0,0,0,0,40
2022-09-09,Delta,N521XX,6607,ATL,CityName,State,DFW,CityName,State,0,0,-8,0,0,,307,389,0,0,0,0,0
2022-09-09,JetBlue,N499XX,343,ORD,CityName,State,MIA,CityName,State,0,0,2,0,0,,172,2235,0,0,0,0,0
2022-09-09,Delta,N702XX,6619,SEA,CityName,State,SFO,CityName,State,0,0,6,0,0,,322,2533,0,0,0,0,0
2022-09-09,American,N340XX,1300,LAX,CityName,State,DEN,CityName,State,0,0,-5,0,0,,127,217,0,0,0,0,0
2022-09-09,JetBlue,N588XX,4882,DEN,CityName,State,SEA,CityName,State,0,0,4,0,0,,175,150,0,0,0,0,0
2022-09-09,JetBlue,N542XX,633,ORD,CityName,State,DFW,CityName,State,0,0,-11,0,0,,95,2162,0,0,0,0,0
2022-09-09,American,N869XX,3226,BOS,CityName,State,SEA,CityName,State,0,0,-8,0,0,,153,2770,0,0,0,0,0
2022-09-09,Delta,N538XX,6419,ORD,CityName,State,LAX,CityName,State,0,0,2,0,0,,59,1791,0,0,0,0,0
2022-09-09,JetBlue,N445XX,5050,DEN,CityName,State,ATL,CityName,State,15,1,15,1,0,,84,1601,0,0,0,0,15
2022-09-09,American,N464XX,756,SEA,CityName,State,ORD,CityName,State,0,0,-2,0,0,,45,1495,0,0,0,0,0
2022-09-09,United,N930XX,7066,ATL,CityName,State,DFW,CityName,State,0,0,2,0,0,,81,1680,0,0,0,0,0
2022-09-09,Delta,N543XX,9477,SEA,CityName,State,MIA,CityName,State,0,0,2,0,0,,99,2030,0,0,0,0,0
2022-09-10,Delta,N723XX,3299,DEN,CityName,State,JFK,CityName,State,0,0,2,0,0,,198,1239,0,0,0,0,0
2022-09-10,United,N295XX,8808,DEN,CityName,State,SFO,CityName,State,0,0,-4,0,0,,87,1336,0,0,0,0,0
2022-09-10,JetBlue,N696XX,7503,DEN,CityName,State,ATL,CityName,State,0,0,5,0,0,,314,1499,0,0,0,0,0
2022-09-10,JetBlue,N664XX,6857,MIA,CityName,State,LAX,CityName,State,0,0,-1,0,0,,210,569,0,0,0,0,0
2022-09-10,United,N439XX,2679,MIA,CityName,State,DFW,CityName,State,30,1,36,1,0,,254,1656,0,0,0,0,36
2022-09-10,Southwest,N399XX,9110,LAX,CityName,State,MIA,CityName,State,0,0,-9,0,0,,145,940,0,0,0,0,0
2022-09-10,Southwest,N933XX,7706,BOS,CityName,State,BOS,CityName,State,15,1,24,1,0,,287,1577,24,0,0,0,0
2022-09-10,Southwest,N287XX,3034,ORD,CityName,State,MIA,CityName,State,0,0,-2,0,0,,148,1925,0,0,0,0,0
2022-09-10,JetBlue,N758XX,4379,JFK,CityName,State,DEN,CityName,State,45,1,37,1,0,,146,1162,0,0,37,0,0
2022-09-10,Southwest,N394XX,8559,DEN,CityName,State,JFK,CityName,State,0,0,7,0,0,,328,2853,0,0,0,0,0
2022-09-10,United,N270XX,8611,JFK,CityName,State,ORD,CityName,State,0,0,2,0,0,,163,894,0,0,0,0,0
2022-09-10,Southwest,N436XX,971,ORD,CityName,State,DFW,CityName,State,60,1,47,1,0,,268,2719,0,0,47,0,0
2022-09-10,American,N746XX,7820,SFO,CityName,State,JFK,CityName,State,0,0,10,0,0,,281,807,0,0,0,0,0
2022-09-10,American,N789XX,2158,BOS,CityName,State,SEA,CityName,State,60,1,49,1,0,,49,2892,49,0,0,0,0
2022-09-10,Delta,N808XX,864,LAX,CityName,State,SFO,CityName,State,0,0,5,0,0,,348,1957,0,0,0,0,0
2022-09-10,Southwest,N463XX,526,ORD,CityName,State,ATL,CityName,State,0,0,0,0,0,,52,1176,0,0,0,0,0
2022-09-11,Southwest,N937XX,6350,JFK,CityName,State,BOS,CityName,State,0,0,2,0,0,,52,2230,0,0,0,0,0
2022-09-11,Southwest,N664XX,5231,SFO,CityName,State,ORD,CityName,State,0,0,-2,0,0,,82,464,0,0,0,0,0
2022-09-11,Southwest,N337XX,4526,ATL,CityName,State,MIA,CityName,State,120,1,120,1,0,,300,2563,0,0,0,0,120
2022-09-11,JetBlue,N536XX,9909,LAX,CityName,State,DEN,CityName,State,0,0,-4,0,0,,317,629,0,0,0,0,0
2022-09-11,United,N801XX,7653,ATL,CityName,State,JFK,CityName,State,0,0,3,0,0,,146,2611,0,0,0,0,0
2022-09-11,American,N166XX,9898,BOS,CityName,State,LAX,CityName,State,0,0,-2,0,0,,224,1617,0,0,0,0,0
2022-09-11,Delta,N686XX,9785,SFO,CityName,State,DFW,CityName,State,0,0,9,0,0,,331,251,0,0,0,0,0
2022-09-11,American,N879XX,8449,SEA,CityName,State,ORD,CityName,State,0,0,-14,0,0,,86,2130,0,0,0,0,0
2022-09-11,United,N653XX,6489,MIA,CityName,State,SFO,CityName,State,15,1,19,1,0,,53,719,19,0,0,0,0
2022-09-11,Southwest,N114XX,539,BOS,CityName,State,JFK,CityName,State,0,0,-11,0,0,,272,1189,0,0,0,0,0
2022-09-11,United,N665XX,4732,DEN,CityName,State,LAX,CityName,State,0,0,0,0,0,,281,652,0,0,0,0,0
2022-09-11,JetBlue,N274XX,4908,DEN,CityName,State,DFW,CityName,State,45,1,46,1,0,,116,915,46,0,0,0,0
2022-09-12,United,N282XX,2762,MIA,CityName,State,ATL,CityName,State,45,1,41,1,0,,354,2409,41,0,0,0,0
2022-09-12,Southwest,N319XX,2989,BOS,CityName,State,JFK,CityName,State,0,0,-3,0,0,,152,492,0,0,0,0,0
2022-09-12,JetBlue,N685XX,4993,SFO,CityName,State,SFO,CityName,State,0,0,-7,0,0,,355,2359,0,0,0,0,0
2022-09-12,United,N768XX,7051,ATL,CityName,State,JFK,CityName,State,0,0,8,0,0,,244,2951,0,0,0,0,0
2022-09-12,Southwest,N608XX,5410,ATL,CityName,State,JFK,CityName,State,15,1,17,1,0,,146,1186,17,0,0,0,0
2022-09-12,Southwest,N818XX,5250,MIA,CityName,State,LAX,CityName,State,120,1,115,1,0,,205,349,115,0,0,0,0
2022-09-12,American,N246XX,4123,MIA,CityName,State,LAX,CityName,State,0,0,9,0,0,,101,1669,0,0,0,0,0
2022-09-12,JetBlue,N222XX,559,BOS,CityName,State,DFW,CityName,State,30,1,26,1,0,,50,2828,0,0,0,0,26
2022-09-12,American,N138XX,9651,DFW,CityName,State,DFW,CityName,State,0,0,7,0,0,,131,2590,0,0,0,0,0
2022-09-12,United,N716XX,3536,BOS,CityName,State,ORD,CityName,State,0,0,-3,0,0,,267,2187,0,0,0,0,0
2022-09-12,Delta,N626XX,1854,DFW,CityName,State,MIA,CityName,State,0,0,-4,0,0,,255,2369,0,0,0,0,0
2022-09-13,Southwest,N883XX,7261,LAX,CityName,State,DFW,CityName,State,0,0,-1,0,0,,89,1684,0,0,0,0,0
2022-09-13,Southwest,N925XX,6437,JFK,CityName,State,ORD,CityName,State,0,0,10,0,0,,328,275,0,0,0,0,0
2022-09-13,United,N392XX,4800,ATL,CityName,State,ORD,CityName,State,120,1,112,1,0,,132,2863,112,0,0,0,0
2022-09-13,Delta,N695XX,6691,SFO,CityName,State,DEN,CityName,State,0,0,10,0,0,,129,2308,0,0,0,0,0
2022-09-13,American,N619XX,8475,SFO,CityName,State,JFK,CityName,State,0,0,-1,0,0,,125,2891,0,0,0,0,0
2022-09-13,American,N211XX,4979,SEA,CityName,State,ORD,CityName,State,0,0,-12,0,0,,253,1024,0,0,0,0,0
2022-09-13,Southwest,N811XX,9337,DEN,CityName,State,JFK,CityName,State,0,0,-12,0,0,,71,2520,0,0,0,0,0
2022-09-13,American,N378XX,8722,LAX,CityName,State,BOS,CityName,State,0,0,6,0,0,,350,2835,0,0,0,0,0
2022-09-13,Southwest,N308XX,3482,BOS,CityName,State,SEA,CityName,State,0,0,-3,0,0,,285,2897,0,0,0,0,0
2022-09-13,United,N935XX,6520,ATL,CityName,State,SFO,CityName,State,0,0,5,0,0,,202,2401,0,0,0,0,0
2022-09-13,American,N174XX,4805,DEN,CityName,State,LAX,CityName,State,0,0,3,0,0,,163,1199,0,0,0,0,0
2022-09-13,JetBlue,N762XX,9323,DFW,CityName,State,MIA,CityName,State,0,0,-9,0,0,,355,2930,0,0,0,0,0
2022-09-13,JetBlue,N676XX,2796,DEN,CityName,State,ATL,CityName,State,0,0,1,0,0,,201,2256,0,0,0,0,0
2022-09-13,Southwest,N312XX,4662,MIA,CityName,State,ORD,CityName,State,15,1,21,1,0,,153,1576,0,0,0,0,21
2022-09-13,American,N107XX,5313,DFW,CityName,State,SEA,CityName,State,0,0,-10,0,0,,326,759,0,0,0,0,0
2022-09-13,United,N526XX,8444,BOS,CityName,State,ATL,CityName,State,30,1,38,1,0,,85,2241,38,0,0,0,0
2022-09-13,Southwest,N454XX,7376,ATL,CityName,State,SFO,CityName,State,0,0,-7,0,0,,84,1970,0,0,0,0,0
2022-09-13,United,N598XX,5506,ATL,CityName,State,BOS,CityName,State,0,0,-14,0,0,,155,1807,0,0,0,0,0
2022-09-14,American,N437XX,8441,MIA,CityName,State,ATL,CityName,State,0,0,-1,0,0,,156,2353,0,0,0,0,0
2022-09-14,American,N671XX,1560,ORD,CityName,State,ATL,CityName,State,0,0,7,0,0,,348,300,0,0,0,0,0
2022-09-14,United,N253XX,9200,SFO,CityName,State,LAX,CityName,State,0,0,-7,0,0,,112,1405,0,0,0,0,0
2022-09-14,United,N102XX,1648,ORD,CityName,State,DFW,CityName,State,120,1,113,1,0,,88,1442,0,0,113,0,0
2022-09-14,Delta,N526XX,7327,SFO,CityName,State,SFO,CityName,State,0,0,2,0,0,,260,1935,0,0,0,0,0
2022-09-14,American,N824XX,1646,BOS,CityName,State,BOS,CityName,State,0,0,-12,0,0,,82,2775,0,0,0,0,0
2022-09-14,American,N857XX,5632,BOS,CityName,State,LAX,CityName,State,0,0,-9,0,0,,126,2649,0,0,0,0,0
2022-09-14,Southwest,N494XX,6179,SEA,CityName,State,LAX,CityName,State,0,0,-4,0,0,,320,1227,0,0,0,0,0
2022-09-14,Southwest,N676XX,567,MIA,CityName,State,ATL,CityName,State,45,1,34,1,0,,264,604,0,0,34,0,0
2022-09-14,Delta,N570XX,5923,DFW,CityName,State,SFO,CityName,State,15,1,16,1,0,,336,1294,0,0,16,0,0
2022-09-14,American,N375XX,4773,SEA,CityName,State,DFW,CityName,State,0,0,7,0,0,,267,2991,0,0,0,0,0
2022-09-14,American,N940XX,2394,JFK,CityName,State,BOS,CityName,State,60,1,60,1,0,,132,479,0,0,60,0,0
2022-09-14,Southwest,N664XX,7433,LAX,CityName,State,SEA,CityName,State,60,1,49,1,0,,62,2040,49,0,0,0,0
2022-09-14,JetBlue,N727XX,2839,DFW,CityName,State,DFW,CityName,State,0,0,5,0,0,,78,1674,0,0,0,0,0
2022-09-15,American,N612XX,7732,ATL,CityName,State,MIA,CityName,State,0,0,1,0,0,,84,1844,0,0,0,0,0
2022-09-15,American,N312XX,5019,MIA,CityName,State,ORD,CityName,State,0,0,10,0,0,,207,2092,0,0,0,0,0
2022-09-15,Southwest,N266XX,9888,SEA,CityName,State,DFW,CityName,State,120,1,116,1,0,,107,1608,0,116,0,0,0
2022-09-15,United,N576XX,9051,SFO,CityName,State,SEA,CityName,State,0,0,-5,0,0,,288,1590,0,0,0,0,0
2022-09-15,Southwest,N377XX,4524,BOS,CityName,State,SFO,CityName,State,0,0,3,0,0,,126,386,0,0,0,0,0
2022-09-15,American,N720XX,1820,MIA,CityName,State,DEN,CityName,State,30,1,23,1,0,,319,1647,0,23,0,0,0
2022-09-16,United,N995XX,2523,SEA,CityName,State,ATL,CityName,State,30,1,28,1,0,,59,2577,0,28,0,0,0
2022-09-16,JetBlue,N626XX,3738,DFW,CityName,State,SFO,CityName,State,0,0,-14,0,0,,198,2603,0,0,0,0,0
2022-09-16,Delta,N256XX,1341,LAX,CityName,State,LAX,CityName,State,0,0,-14,0,0,,279,956,0,0,0,0,0
2022-09-16,American,N912XX,2040,BOS,CityName,State,MIA,CityName,State,0,0,8,0,0,,138,1165,0,0,0,0,0
2022-09-16,Delta,N356XX,4234,MIA,CityName,State,LAX,CityName,State,30,1,0,0,1,A,184,1046,0,0,0,0,0
2022-09-16,Southwest,N679XX,4457,SEA,CityName,State,ORD,CityName,State,45,1,36,1,0,,198,2420,36,0,0,0,0
2022-09-16,American,N286XX,5334,DFW,CityName,State,BOS,CityName,State,0,0,3,0,0,,317,1572,0,0,0,0,0
2022-09-16,United,N711XX,1791,ATL,CityName,State,JFK,CityName,State,0,0,2,0,0,,219,555,0,0,0,0,0
2022-09-16,JetBlue,N501XX,2116,DEN,CityName,State,ORD,CityName,State,0,0,3,0,0,,117,2680,0,0,0,0,0
2022-09-17,American,N619XX,8554,DFW,CityName,State,MIA,CityName,State,30,1,21,1,0,,171,1857,0,0,0,0,21
2022-09-17,United,N903XX,9247,DEN,CityName,State,ORD,CityName,State,15,1,5,0,0,,108,1368,0,0,0,0,0
2022-09-17,Delta,N363XX,9723,SEA,CityName,State,JFK,CityName,State,0,0,10,0,0,,229,701,0,0,0,0,0
2022-09-17,Delta,N257XX,4780,MIA,CityName,State,ORD,CityName,State,0,0,8,0,0,,188,1811,0,0,0,0,0
2022-09-17,Southwest,N498XX,7839,ATL,CityName,State,ATL,CityName,State,0,0,6,0,0,,47,209,0,0,0,0,0
2022-09-17,Delta,N584XX,4716,DFW,CityName,State,ATL,CityName,State,0,0,-11,0,0,,197,2371,0,0,0,0,0
2022-09-17,JetBlue,N916XX,2859,DEN,CityName,State,SFO,CityName,State,0,0,2,0,0,,248,653,0,0,0,0,0
2022-09-17,United,N899XX,4013,SEA,CityName,State,DEN,CityName,State,0,0,-2,0,0,,120,505,0,0,0,0,0
2022-09-17,Delta,N625XX,732,JFK,CityName,State,DEN,CityName,State,0,0,-11,0,0,,60,659,0,0,0,0,0
2022-09-17,Southwest,N687XX,1337,MIA,CityName,State,DEN,CityName,State,0,0,10,0,0,,297,2732,0,0,0,0,0
2022-09-17,United,N732XX,8692,DFW,CityName,State,SEA,CityName,State,0,0,9,0,0,,202,2158,0,0,0,0,0
2022-09-18,American,N434XX,3934,JFK,CityName,State,BOS,CityName,State,0,0,0,0,0,,67,998,0,0,0,0,0
2022-09-18,American,N469XX,2592,ATL,CityName,State,MIA,CityName,State,0,0,-8,0,0,,184,949,0,0,0,0,0
2022-09-18,JetBlue,N176XX,6532,SEA,CityName,State,ORD,CityName,State,60,1,62,1,0,,153,2306,62,0,0,0,0
2022-09-18,JetBlue,N538XX,4550,SEA,CityName,State,LAX,CityName,State,0,0,-5,0,0,,206,2600,0,0,0,0,0
2022-09-18,Delta,N955XX,1980,ATL,CityName,State,LAX,CityName,State,0,0,-14,0,0,,140,1639,0,0,0,0,0
2022-09-18,Southwest,N219XX,7872,BOS,CityName,State,LAX,CityName,State,0,0,6,0,0,,311,2280,0,0,0,0,0
2022-09-18,United,N740XX,6897,ATL,CityName,State,ATL,CityName,State,0,0,-7,0,0,,353,616,0,0,0,0,0
2022-09-18,JetBlue,N271XX,7506,JFK,CityName,State,DFW,CityName,State,0,0,1,0,0,,219,1411,0,0,0,0,0
2022-09-18,American,N416XX,9566,SEA,CityName,State,ATL,CityName,State,45,1,33,1,0,,111,647,0,0,0,0,33
2022-09-18,JetBlue,N909XX,1668,DFW,CityName,State,DEN,CityName,State,30,1,28,1,0,,62,216,0,0,28,0,0
2022-09-19,Southwest,N174XX,6653,ATL,CityName,State,BOS,CityName,State,0,0,-6,0,0,,251,689,0,0,0,0,0
2022-09-19,JetBlue,N647XX,1479,ORD,CityName,State,ATL,CityName,State,0,0,-12,0,0,,348,2223,0,0,0,0,0
2022-09-19,Delta,N410XX,3655,JFK,CityName,State,DEN,CityName,State,0,0,-11,0,0,,261,500,0,0,0,0,0
2022-09-19,Southwest,N788XX,4219,DEN,CityName,State,SEA,CityName,State,15,1,25,1,0,,235,1119,0,0,0,0,25
2022-09-19,American,N948XX,4917,SFO,CityName,State,SEA,CityName,State,0,0,-1,0,0,,83,1638,0,0,0,0,0
2022-09-19,JetBlue,N864XX,1098,ORD,CityName,State,ORD,CityName,State,0,0,-9,0,0,,186,2420,0,0,0,0,0
2022-09-19,American,N285XX,1138,MIA,CityName,State,BOS,CityName,State,15,1,15,1,0,,70,2873,15,0,0,0,0
2022-09-19,JetBlue,N195XX,3952,DFW,CityName,State,LAX,CityName,State,240,1,245,1,0,,281,742,0,0,0,0,245
2022-09-19,JetBlue,N862XX,5725,JFK,CityName,State,DEN,CityName,State,0,0,-11,0,0,,190,1333,0,0,0,0,0
2022-09-19,American,N453XX,2109,DEN,CityName,State,ORD,CityName,State,0,0,0,0,1,A,278,1854,0,0,0,0,0
2022-09-19,Delta,N389XX,4707,ORD,CityName,State,DFW,CityName,State,0,0,-14,0,0,,74,745,0,0,0,0,0
2022-09-19,American,N529XX,1464,DFW,CityName,State,DFW,CityName,State,0,0,-8,0,0,,77,942,0,0,0,0,0
2022-09-19,United,N786XX,9922,DFW,CityName,State,DFW,CityName,State,0,0,-9,0,0,,229,1928,0,0,0,0,0
2022-09-19,Southwest,N547XX,1584,ATL,CityName,State,SEA,CityName,State,0,0,-11,0,0,,283,2577,0,0,0,0,0
2022-09-19,Delta,N578XX,3501,MIA,CityName,State,BOS,CityName,State,45,1,41,1,0,,290,241,41,0,0,0,0
2022-09-19,Southwest,N995XX,5158,DFW,CityName,State,DEN,CityName,State,0,0,7,0,0,,157,1261,0,0,0,0,0
2022-09-19,Southwest,N489XX,7311,DFW,CityName,State,ORD,CityName,State,0,0,3,0,0,,320,1056,0,0,0,0,0
2022-09-20,American,N705XX,5892,MIA,CityName,State,JFK,CityName,State,0,0,-5,0,0,,249,883,0,0,0,0,0
2022-09-20,Southwest,N422XX,9534,SFO,CityName,State,MIA,CityName,State,0,0,-5,0,0,,110,1903,0,0,0,0,0
2022-09-20,United,N790XX,8789,JFK,CityName,State,ORD,CityName,State,0,0,-12,0,0,,196,1579,0,0,0,0,0
2022-09-20,United,N707XX,1020,SEA,CityName,State,JFK,CityName,State,15,1,1,0,0,,191,883,0,0,0,0,0
2022-09-20,Southwest,N986XX,2113,MIA,CityName,State,DEN,CityName,State,0,0,8,0,0,,249,1641,0,0,0,0,0
2022-09-20,Southwest,N237XX,4590,ATL,CityName,State,DFW,CityName,State,0,0,-9,0,0,,228,477,0,0,0,0,0
2022-09-20,JetBlue,N274XX,1069,LAX,CityName,State,ORD,CityName,State,15,1,21,1,0,,323,1503,0,0,0,0,21
2022-09-20,United,N105XX,4802,JFK,CityName,State,MIA,CityName,State,0,0,-9,0,0,,283,401,0,0,0,0,0
2022-09-20,Delta,N172XX,543,SEA,CityName,State,MIA,CityName,State,0,0,-9,0,0,,176,2119,0,0,0,0,0
2022-09-20,American,N808XX,9557,BOS,CityName,State,JFK,CityName,State,0,0,3,0,0,,206,2824,0,0,0,0,0
2022-09-20,Delta,N762XX,8961,BOS,CityName,State,BOS,CityName,State,60,1,47,1,0,,179,1745,0,0,47,0,0
2022-09-20,Delta,N521XX,2269,BOS,CityName,State,DEN,CityName,State,0,0,-10,0,0,,236,995,0,0,0,0,0
2022-09-20,Southwest,N333XX,6757,JFK,CityName,State,DFW,CityName,State,45,1,52,1,0,,247,1903,52,0,0,0,0
2022-09-20,American,N844XX,1670,ATL,CityName,State,DFW,CityName,State,0,0,-12,0,0,,271,1858,0,0,0,0,0
2022-09-20,American,N972XX,9710,ORD,CityName,State,MIA,CityName,State,15,1,4,0,0,,299,2204,0,0,0,0,0
2022-09-20,United,N600XX,3822,DEN,CityName,State,SEA,CityName,State,0,0,4,0,0,,263,1160,0,0,0,0,0
2022-09-21,Southwest,N386XX,6103,DEN,CityName,State,ORD,CityName,State,45,1,48,1,0,,261,1652,48,0,0,0,0
2022-09-21,American,N279XX,1802,DFW,CityName,State,DEN,CityName,State,0,0,7,0,0,,342,1035,0,0,0,0,0
2022-09-21,United,N809XX,3653,ATL,CityName,State,ORD,CityName,State,0,0,-2,0,0,,274,2595,0,0,0,0,0
2022-09-21,United,N925XX,5887,ATL,CityName,State,MIA,CityName,State,0,0,9,0,0,,64,416,0,0,0,0,0
2022-09-21,Delta,N384XX,9643,SEA,CityName,State,MIA,CityName,State,0,0,-9,0,0,,129,2504,0,0,0,0,0
2022-09-21,JetBlue,N982XX,5970,MIA,CityName,State,MIA,CityName,State,0,0,5,0,0,,308,728,0,0,0,0,0
2022-09-21,Delta,N414XX,8656,MIA,CityName,State,LAX,CityName,State,0,0,-9,0,0,,276,908,0,0,0,0,0
2022-09-21,American,N332XX,6226,JFK,CityName,State,SEA,CityName,State,0,0,0,0,0,,287,1201,0,0,0,0,0
2022-09-21,United,N803XX,2843,LAX,CityName,State,DEN,CityName,State,0,0,2,0,0,,112,517,0,0,0,0,0
2022-09-21,American,N844XX,4141,BOS,CityName,State,JFK,CityName,State,0,0,-9,0,0,,358,1637,0,0,0,0,0
2022-09-21,Delta,N762XX,2065,DEN,CityName,State,DFW,CityName,State,0,0,-13,0,0,,308,2509,0,0,0,0,0
2022-09-21,American,N308XX,4299,LAX,CityName,State,DFW,CityName,State,0,0,-14,0,0,,353,769,0,0,0,0,0
2022-09-21,JetBlue,N738XX,941,JFK,CityName,State,ORD,CityName,State,0,0,-1,0,0,,145,172,0,0,0,0,0
2022-09-22,JetBlue,N694XX,9973,DFW,CityName,State,DFW,CityName,State,15,1,18,1,0,,151,2576,18,0,0,0,0
2022-09-22,JetBlue,N711XX,3015,MIA,CityName,State,LAX,CityName,State,0,0,0,0,0,,152,652,0,0,0,0,0
2022-09-22,United,N301XX,9956,MIA,CityName,State,DEN,CityName,State,0,0,2,0,0,,65,1457,0,0,0,0,0
2022-09-22,Delta,N239XX,3482,ORD,CityName,State,SEA,CityName,State,0,0,6,0,0,,165,1550,0,0,0,0,0
2022-09-22,JetBlue,N771XX,3212,SFO,CityName,State,LAX,CityName,State,0,0,5,0,0,,177,2468,0,0,0,0,0
2022-09-22,Southwest,N414XX,6098,DFW,CityName,State,JFK,CityName,State,30,1,23,1,0,,255,155,0,0,23,0,0
2022-09-22,United,N830XX,5895,BOS,CityName,State,DEN,CityName,State,0,0,9,0,0,,232,861,0,0,0,0,0
2022-09-22,American,N247XX,6660,DEN,CityName,State,LAX,CityName,State,60,1,65,1,0,,259,633,0,0,0,0,65
2022-09-22,American,N980XX,8267,SFO,CityName,State,BOS,CityName,State,0,0,10,0,0,,200,1693,0,0,0,0,0
2022-09-22,JetBlue,N447XX,8681,DEN,CityName,State,SEA,CityName,State,0,0,-5,0,0,,55,2812,0,0,0,0,0
2022-09-22,Delta,N482XX,5463,JFK,CityName,State,MIA,CityName,State,0,0,9,0,0,,59,2824,0,0,0,0,0
2022-09-22,Delta,N924XX,9701,BOS,CityName,State,JFK,CityName,State,15,1,24,1,0,,246,1600,0,24,0,0,0
2022-09-23,American,N758XX,9103,SEA,CityName,State,ATL,CityName,State,0,0,-6,0,0,,219,2290,0,0,0,0,0
2022-09-23,Southwest,N624XX,2697,LAX,CityName,State,LAX,CityName,State,45,1,50,1,0,,314,2721,0,50,0,0,0
2022-09-23,JetBlue,N713XX,5338,MIA,CityName,State,JFK,CityName,State,15,1,17,1,0,,254,2374,17,0,0,0,0
2022-09-23,American,N176XX,347,BOS,CityName,State,SFO,CityName,State,0,0,10,0,0,,135,1697,0,0,0,0,0
2022-09-23,American,N825XX,6727,BOS,CityName,State,DFW,CityName,State,0,0,-1,0,0,,215,857,0,0,0,0,0
2022-09-23,American,N982XX,299,LAX,CityName,State,LAX,CityName,State,0,0,1,0,0,,62,1551,0,0,0,0,0
2022-09-23,Delta,N639XX,3975,DEN,CityName,State,DFW,CityName,State,0,0,-12,0,0,,58,2878,0,0,0,0,0
2022-09-23,Delta,N194XX,5286,DEN,CityName,State,DFW,CityName,State,0,0,-1,0,0,,61,1207,0,0,0,0,0
2022-09-23,American,N639XX,9392,DEN,CityName,State,MIA,CityName,State,0,0,-1,0,0,,190,976,0,0,0,0,0
2022-09-23,JetBlue,N354XX,4721,SEA,CityName,State,SEA,CityName,State,0,0,-5,0,0,,303,1191,0,0,0,0,0
2022-09-23,Delta,N145XX,5889,BOS,CityName,State,DEN,CityName,State,0,0,-3,0,0,,281,290,0,0,0,0,0
2022-09-23,Southwest,N288XX,326,SFO,CityName,State,SFO,CityName,State,45,1,33,1,0,,45,2526,0,33,0,0,0
2022-09-23,United,N953XX,7140,DEN,CityName,State,ORD,CityName,State,0,0,4,0,0,,139,824,0,0,0,0,0
2022-09-23,Delta,N795XX,5290,ORD,CityName,State,MIA,CityName,State,45,1,52,1,0,,111,169,0,52,0,0,0
2022-09-24,Delta,N515XX,8316,ORD,CityName,State,LAX,CityName,State,0,0,9,0,0,,135,1799,0,0,0,0,0
2022-09-24,Delta,N523XX,6621,DFW,CityName,State,ATL,CityName,State,0,0,8,0,0,,353,1284,0,0,0,0,0
2022-09-24,United,N556XX,7487,SEA,CityName,State,LAX,CityName,State,0,0,0,0,1,A,143,719,0,0,0,0,0
2022-09-24,Southwest,N965XX,4003,MIA,CityName,State,DEN,CityName,State,45,1,36,1,0,,213,695,0,0,36,0,0
2022-09-24,JetBlue,N990XX,3315,BOS,CityName,State,LAX,CityName,State,0,0,7,0,0,,230,2380,0,0,0,0,0
2022-09-24,American,N141XX,4893,BOS,CityName,State,LAX,CityName,State,45,1,34,1,0,,256,1507,34,0,0,0,0
2022-09-24,Southwest,N458XX,4817,ATL,CityName,State,SEA,CityName,State,0,0,5,0,0,,199,1210,0,0,0,0,0
2022-09-24,United,N549XX,5880,MIA,CityName,State,JFK,CityName,State,0,0,-12,0,0,,151,680,0,0,0,0,0
2022-09-24,Southwest,N853XX,5023,ORD,CityName,State,BOS,CityName,State,60,1,60,1,0,,276,1051,0,60,0,0,0
2022-09-24,United,N333XX,1121,ORD,CityName,State,JFK,CityName,State,0,0,8,0,0,,106,804,0,0,0,0,0
2022-09-25,JetBlue,N886XX,2255,SEA,CityName,State,DFW,CityName,State,0,0,7,0,0,,74,170,0,0,0,0,0
2022-09-25,JetBlue,N111XX,1435,ATL,CityName,State,BOS,CityName,State,0,0,-9,0,0,,186,409,0,0,0,0,0
2022-09-25,United,N837XX,4445,DEN,CityName,State,ATL,CityName,State,45,1,40,1,0,,248,2619,40,0,0,0,0
2022-09-25,Southwest,N194XX,2107,BOS,CityName,State,DEN,CityName,State,0,0,-11,0,0,,81,1976,0,0,0,0,0
2022-09-25,Delta,N639XX,4180,MIA,CityName,State,LAX,CityName,State,0,0,-7,0,0,,167,1846,0,0,0,0,0
2022-09-25,Delta,N307XX,245,JFK,CityName,State,JFK,CityName,State,15,1,7,0,0,,329,433,0,0,0,0,0
2022-09-25,Southwest,N901XX,6358,SFO,CityName,State,SFO,CityName,State,0,0,7,0,0,,313,2536,0,0,0,0,0
2022-09-25,Delta,N314XX,1260,JFK,CityName,State,DEN,CityName,State,60,1,56,1,0,,163,2333,56,0,0,0,0
2022-09-26,Delta,N782XX,2792,SFO,CityName,State,ATL,CityName,State,0,0,-1,0,0,,58,796,0,0,0,0,0
2022-09-26,Southwest,N390XX,9774,DFW,CityName,State,SFO,CityName,State,45,1,33,1,0,,105,2415,0,0,33,0,0
2022-09-26,JetBlue,N608XX,3855,LAX,CityName,State,JFK,CityName,State,15,1,21,1,0,,333,879,0,0,21,0,0
2022-09-26,JetBlue,N357XX,7961,DFW,CityName,State,BOS,CityName,State,0,0,10,0,0,,131,1907,0,0,0,0,0
2022-09-26,Delta,N284XX,3609,JFK,CityName,State,MIA,CityName,State,0,0,6,0,0,,244,1917,0,0,0,0,0
2022-09-26,United,N926XX,6891,BOS,CityName,State,DEN,CityName,State,45,1,45,1,0,,108,2149,45,0,0,0,0
2022-09-26,Delta,N189XX,5413,SEA,CityName,State,LAX,CityName,State,15,1,19,1,0,,265,315,0,0,19,0,0
2022-09-27,Delta,N522XX,5996,LAX,CityName,State,ATL,CityName,State,0,0,-4,0,0,,88,808,0,0,0,0,0
2022-09-27,JetBlue,N597XX,9645,DFW,CityName,State,ORD,CityName,State,0,0,0,0,1,A,290,1332,0,0,0,0,0
2022-09-27,Southwest,N777XX,5469,JFK,CityName,State,SFO,CityName,State,0,0,-14,0,0,,83,1298,0,0,0,0,0
2022-09-27,Southwest,N721XX,2645,SEA,CityName,State,JFK,CityName,State,0,0,-9,0,0,,110,1005,0,0,0,0,0
2022-09-27,Southwest,N390XX,953,SEA,CityName,State,JFK,CityName,State,30,1,28,1,0,,225,1505,28,0,0,0,0
2022-09-27,United,N843XX,144,DEN,CityName,State,LAX,CityName,State,15,1,2,0,0,,351,1105,0,0,0,0,0
2022-09-27,United,N699XX,8730,JFK,CityName,State,DFW,CityName,State,0,0,-14,0,0,,179,2056,0,0,0,0,0
2022-09-27,American,N662XX,8985,ORD,CityName,State,DFW,CityName,State,0,0,4,0,0,,222,1630,0,0,0,0,0
2022-09-27,American,N470XX,9868,BOS,CityName,State,JFK,CityName,State,60,1,56,1,0,,96,635,56,0,0,0,0
2022-09-27,American,N116XX,4002,JFK,CityName,State,ORD,CityName,State,30,1,16,1,0,,164,1760,16,0,0,0,0
2022-09-27,United,N834XX,4796,SFO,CityName,State,DFW,CityName,State,0,0,-12,0,0,,183,204,0,0,0,0,0
2022-09-27,Delta,N619XX,9014,JFK,CityName,State,JFK,CityName,State,15,1,13,0,0,,342,2404,0,0,0,0,0
2022-09-27,Southwest,N901XX,487,ORD,CityName,State,BOS,CityName,State,0,0,-6,0,0,,350,2540,0,0,0,0,0
2022-09-27,JetBlue,N256XX,6817,BOS,CityName,State,MIA,CityName,State,30,1,37,1,0,,110,1876,0,37,0,0,0
2022-09-27,Southwest,N641XX,1907,DFW,CityName,State,MIA,CityName,State,0,0,-4,0,0,,193,964,0,0,0,0,0
2022-09-27,United,N267XX,7907,MIA,CityName,State,SFO,CityName,State,0,0,-4,0,0,,248,2327,0,0,0,0,0
2022-09-28,American,N686XX,3862,MIA,CityName,State,ATL,CityName,State,15,1,7,0,0,,283,1361,0,0,0,0,0
2022-09-28,Southwest,N438XX,4791,ORD,CityName,State,JFK,CityName,State,0,0,-2,0,0,,297,2260,0,0,0,0,0
2022-09-28,United,N293XX,6267,JFK,CityName,State,BOS,CityName,State,0,0,5,0,0,,278,365,0,0,0,0,0
2022-09-28,JetBlue,N648XX,2393,ATL,CityName,State,MIA,CityName,State,0,0,-4,0,0,,87,2841,0,0,0,0,0
2022-09-28,Delta,N350XX,1976,ORD,CityName,State,SFO,CityName,State,0,0,-7,0,0,,330,2038,0,0,0,0,0
2022-09-28,United,N646XX,3329,JFK,CityName,State,BOS,CityName,State,0,0,5,0,0,,327,1971,0,0,0,0,0
2022-09-28,United,N622XX,7685,LAX,CityName,State,LAX,CityName,State,0,0,-7,0,0,,59,168,0,0,0,0,0
2022-09-28,Southwest,N812XX,8474,DEN,CityName,State,ATL,CityName,State,0,0,5,0,0,,265,2698,0,0,0,0,0
2022-09-28,Southwest,N390XX,7690,DFW,CityName,State,MIA,CityName,State,45,1,53,1,0,,304,1687,0,0,53,0,0
2022-09-28,Southwest,N652XX,4245,BOS,CityName,State,LAX,CityName,State,0,0,-3,0,0,,148,987,0,0,0,0,0
2022-09-28,Southwest,N353XX,4154,DFW,CityName,State,MIA,CityName,State,60,1,68,1,0,,254,280,68,0,0,0,0
2022-09-28,JetBlue,N487XX,6257,ORD,CityName,State,JFK,CityName,State,15,1,19,1,0,,347,2431,0,0,19,0,0
2022-09-28,United,N745XX,2328,ATL,CityName,State,DFW,CityName,State,0,0,3,0,0,,337,2269,0,0,0,0,0
2022-09-28,United,N648XX,6139,JFK,CityName,State,DEN,CityName,State,0,0,10,0,0,,165,2209,0,0,0,0,0
2022-09-28,Delta,N149XX,2074,BOS,CityName,State,JFK,CityName,State,0,0,-8,0,0,,316,618,0,0,0,0,0
2022-09-28,Southwest,N135XX,3417,LAX,CityName,State,ATL,CityName,State,0,0,10,0,0,,200,1156,0,0,0,0,0
2022-09-28,United,N846XX,9796,DEN,CityName,State,ORD,CityName,State,0,0,6,0,0,,160,2739,0,0,0,0,0
2022-09-28,Delta,N613XX,6868,DFW,CityName,State,DEN,CityName,State,0,0,-4,0,0,,339,702,0,0,0,0,0
2022-09-28,American,N247XX,518,ATL,CityName,State,LAX,CityName,State,15,1,10,0,0,,131,1329,0,0,0,0,0
2022-09-28,Southwest,N580XX,9262,ORD,CityName,State,SFO,CityName,State,0,0,-14,0,0,,118,608,0,0,0,0,0
2022-09-28,American,N157XX,5047,BOS,CityName,State,ORD,CityName,State,0,0,10,0,0,,240,2952,0,0,0,0,0
2022-09-29,Delta,N905XX,3295,ATL,CityName,State,ATL,CityName,State,0,0,3,0,0,,134,202,0,0,0,0,0
2022-09-29,American,N226XX,5299,ORD,CityName,State,SFO,CityName,State,0,0,-3,0,0,,348,2999,0,0,0,0,0
2022-09-29,United,N166XX,4590,JFK,CityName,State,JFK,CityName,State,45,1,40,1,0,,343,2296,0,40,0,0,0
2022-09-29,Southwest,N604XX,2188,MIA,CityName,State,DEN,CityName,State,0,0,-14,0,0,,59,226,0,0,0,0,0
2022-09-29,American,N295XX,7540,MIA,CityName,State,BOS,CityName,State,15,1,25,1,0,,79,2570,25,0,0,0,0
2022-09-29,United,N443XX,6672,LAX,CityName,State,DEN,CityName,State,30,1,31,1,0,,86,1375,0,31,0,0,0
2022-09-29,JetBlue,N842XX,5388,BOS,CityName,State,ATL,CityName,State,0,0,-8,0,0,,48,2869,0,0,0,0,0
2022-09-29,Southwest,N762XX,3352,JFK,CityName,State,SFO,CityName,State,0,0,-10,0,0,,122,2205,0,0,0,0,0
2022-09-29,American,N759XX,5958,SEA,CityName,State,LAX,CityName,State,0,0,-9,0,0,,126,1114,0,0,0,0,0
2022-09-29,Southwest,N505XX,5372,DFW,CityName,State,DFW,CityName,State,15,1,7,0,0,,315,657,0,0,0,0,0
2022-09-29,Southwest,N106XX,5939,MIA,CityName,State,DEN,CityName,State,60,1,47,1,0,,299,2782,47,0,0,0,0
2022-09-29,Southwest,N847XX,7010,ATL,CityName,State,BOS,CityName,State,60,1,54,1,0,,85,2742,0,0,0,0,54
2022-09-29,United,N588XX,855,ATL,CityName,State,BOS,CityName,State,0,0,-12,0,0,,118,2563,0,0,0,0,0
2022-09-29,United,N884XX,7098,JFK,CityName,State,BOS,CityName,State,15,1,8,0,0,,162,737,0,0,0,0,0
2022-09-30,United,N343XX,8138,ORD,CityName,State,LAX,CityName,State,0,0,-12,0,0,,157,1525,0,0,0,0,0
2022-09-30,JetBlue,N656XX,5877,DEN,CityName,State,BOS,CityName,State,30,1,21,1,0,,159,2760,0,0,0,0,21
2022-09-30,Delta,N374XX,602,BOS,CityName,State,LAX,CityName,State,30,1,35,1,0,,85,1606,35,0,0,0,0
2022-09-30,United,N741XX,5607,LAX,CityName,State,SFO,CityName,State,45,1,44,1,0,,334,1405,0,44,0,0,0
2022-09-30,Delta,N466XX,7013,BOS,CityName,State,DEN,CityName,State,0,0,2,0,0,,229,1285,0,0,0,0,0
2022-09-30,Delta,N437XX,6659,ATL,CityName,State,ATL,CityName,State,0,0,-3,0,0,,305,1021,0,0,0,0,0
2022-09-30,JetBlue,N312XX,2886,JFK,CityName,State,LAX,CityName,State,15,1,7,0,0,,155,1473,0,0,0,0,0
2022-09-30,Southwest,N295XX,2468,ATL,CityName,State,ORD,CityName,State,0,0,10,0,0,,340,394,0,0,0,0,0
2022-09-30,JetBlue,N382XX,8930,ORD,CityName,State,JFK,CityName,State,0,0,-5,0,0,,175,162,0,0,0,0,0
2022-09-30,Southwest,N698XX,9397,MIA,CityName,State,ORD,CityName,State,0,0,4,0,0,,183,894,0,0,0,0,0
2022-09-30,American,N882XX,1403,DFW,CityName,State,DEN,CityName,State,0,0,-7,0,0,,272,2842,0,0,0,0,0
2022-09-30,JetBlue,N726XX,7932,DEN,CityName,State,ORD,CityName,State,30,1,24,1,0,,204,2504,24,0,0,0,0
2022-09-30,Southwest,N176XX,3410,LAX,CityName,State,ATL,CityName,State,0,0,7,0,0,,279,363,0,0,0,0,0
2022-09-30,Southwest,N624XX,600,LAX,CityName,State,SEA,CityName,State,0,0,9,0,0,,46,1864,0,0,0,0,0
2022-10-01,JetBlue,N214XX,7468,LAX,CityName,State,DFW,CityName,State,15,1,17,1,0,,321,1565,17,0,0,0,0
2022-10-01,United,N702XX,6474,LAX,CityName,State,SFO,CityName,State,0,0,4,0,0,,73,2003,0,0,0,0,0
2022-10-01,Southwest,N124XX,8296,MIA,CityName,State,DEN,CityName,State,0,0,-12,0,0,,249,2020,0,0,0,0,0
2022-10-01,JetBlue,N388XX,6903,DEN,CityName,State,ORD,CityName,State,0,0,-13,0,0,,97,1152,0,0,0,0,0
2022-10-01,United,N676XX,3176,SFO,CityName,State,SEA,CityName,State,0,0,7,0,0,,296,835,0,0,0,0,0
2022-10-01,United,N522XX,1510,ORD,CityName,State,DFW,CityName,State,0,0,-4,0,0,,86,1264,0,0,0,0,0
2022-10-01,Southwest,N286XX,2206,JFK,CityName,State,LAX,CityName,State,0,0,-13,0,0,,203,606,0,0,0,0,0
2022-10-01,Southwest,N398XX,8774,DEN,CityName,State,JFK,CityName,State,0,0,1,0,0,,90,2230,0,0,0,0,0
2022-10-01,Delta,N300XX,7153,JFK,CityName,State,SEA,CityName,State,0,0,-12,0,0,,108,1255,0,0,0,0,0
2022-10-01,American,N404XX,6610,LAX,CityName,State,ATL,CityName,State,0,0,7,0,0,,343,1711,0,0,0,0,0
2022-10-01,Southwest,N356XX,1715,LAX,CityName,State,DFW,CityName,State,30,1,40,1,0,,359,2334,0,0,40,0,0
2022-10-01,United,N181XX,1239,MIA,CityName,State,SEA,CityName,State,0,0,2,0,0,,326,1922,0,0,0,0,0
2022-10-01,United,N407XX,8603,BOS,CityName,State,SFO,CityName,State,60,1,53,1,0,,336,1073,0,53,0,0,0
2022-10-01,Southwest,N630XX,8212,DFW,CityName,State,ATL,CityName,State,0,0,-3,0,0,,147,993,0,0,0,0,0
2022-10-01,JetBlue,N208XX,9702,ORD,CityName,State,SFO,CityName,State,0,0,-14,0,0,,319,2478,0,0,0,0,0
2022-10-01,Southwest,N741XX,6607,SFO,CityName,State,LAX,CityName,State,60,1,64,1,0,,198,1281,64,0,0,0,0
2022-10-01,American,N503XX,665,SFO,CityName,State,DEN,CityName,State,0,0,9,0,0,,183,1099,0,0,0,0,0
2022-10-02,American,N421XX,7752,ATL,CityName,State,MIA,CityName,State,0,0,7,0,0,,267,1196,0,0,0,0,0
2022-10-02,Delta,N119XX,9801,SFO,CityName,State,LAX,CityName,State,0,0,-13,0,0,,318,2045,0,0,0,0,0
2022-10-02,Delta,N843XX,1953,SFO,CityName,State,MIA,CityName,State,0,0,2,0,0,,270,2232,0,0,0,0,0
2022-10-02,American,N666XX,7822,ATL,CityName,State,ATL,CityName,State,30,1,33,1,0,,325,2458,0,0,33,0,0
2022-10-02,Delta,N513XX,6642,ORD,CityName,State,SEA,CityName,State,60,1,64,1,0,,151,356,64,0,0,0,0
2022-10-02,Delta,N111XX,6355,ATL,CityName,State,DFW,CityName,State,45,1,0,0,1,A,358,2121,0,0,0,0,0
2022-10-02,American,N457XX,6480,MIA,CityName,State,ATL,CityName,State,45,1,53,1,0,,143,1486,0,0,53,0,0
2022-10-02,Delta,N378XX,330,JFK,CityName,State,LAX,CityName,State,0,0,3,0,0,,129,1193,0,0,0,0,0
2022-10-02,Delta,N690XX,1786,BOS,CityName,State,ORD,CityName,State,0,0,9,0,0,,335,1856,0,0,0,0,0
2022-10-02,United,N968XX,8612,BOS,CityName,State,SEA,CityName,State,0,0,5,0,0,,261,582,0,0,0,0,0
2022-10-02,JetBlue,N831XX,7067,DEN,CityName,State,LAX,CityName,State,0,0,-6,0,0,,284,2134,0,0,0,0,0
2022-10-02,Southwest,N357XX,7107,DEN,CityName,State,DFW,CityName,State,0,0,2,0,0,,101,1119,0,0,0,0,0
2022-10-03,Southwest,N322XX,5884,JFK,CityName,State,DFW,CityName,State,0,0,-4,0,0,,123,357,0,0,0,0,0
2022-10-03,Southwest,N270XX,7570,JFK,CityName,State,DFW,CityName,State,0,0,9,0,0,,162,2145,0,0,0,0,0
2022-10-03,Delta,N435XX,8849,DEN,CityName,State,BOS,CityName,State,0,0,10,0,0,,120,1174,0,0,0,0,0
2022-10-03,JetBlue,N199XX,5393,ATL,CityName,State,DFW,CityName,State,0,0,5,0,0,,211,1878,0,0,0,0,0
2022-10-03,Delta,N709XX,4794,ATL,CityName,State,BOS,CityName,State,0,0,-10,0,0,,149,186,0,0,0,0,0
2022-10-03,American,N170XX,3252,MIA,CityName,State,SEA,CityName,State,0,0,-5,0,0,,128,2808,0,0,0,0,0
2022-10-03,Delta,N641XX,383,SFO,CityName,State,DEN,CityName,State,0,0,-9,0,0,,216,2859,0,0,0,0,0
2022-10-03,Southwest,N290XX,2492,DFW,CityName,State,BOS,CityName,State,45,1,42,1,0,,67,259,42,0,0,0,0
2022-10-03,Southwest,N962XX,3527,ATL,CityName,State,DEN,CityName,State,15,1,1,0,0,,225,2536,0,0,0,0,0
2022-10-03,American,N461XX,2052,SFO,CityName,State,SEA,CityName,State,120,1,111,1,0,,283,713,0,0,0,0,111
2022-10-03,JetBlue,N872XX,3088,DFW,CityName,State,ATL,CityName,State,0,0,-5,0,0,,111,1948,0,0,0,0,0
2022-10-03,Southwest,N245XX,3709,SEA,CityName,State,ATL,CityName,State,0,0,-5,0,0,,218,706,0,0,0,0,0
2022-10-04,United,N671XX,900,JFK,CityName,State,DFW,CityName,State,0,0,-2,0,0,,86,1838,0,0,0,0,0
2022-10-04,United,N235XX,2800,DFW,CityName,State,SFO,CityName,State,0,0,0,0,0,,239,251,0,0,0,0,0
2022-10-04,Southwest,N602XX,4729,BOS,CityName,State,MIA,CityName,State,0,0,1,0,0,,133,2334,0,0,0,0,0
2022-10-04,American,N751XX,2269,JFK,CityName,State,DEN,CityName,State,0,0,-12,0,0,,282,1588,0,0,0,0,0
2022-10-04,Delta,N620XX,6572,ATL,CityName,State,SEA,CityName,State,0,0,0,0,0,,286,2474,0,0,0,0,0
2022-10-04,American,N951XX,5231,ATL,CityName,State,MIA,CityName,State,0,0,-12,0,0,,233,2282,0,0,0,0,0
2022-10-04,Southwest,N274XX,8395,ATL,CityName,State,BOS,CityName,State,0,0,0,0,0,,298,1152,0,0,0,0,0
2022-10-04,United,N780XX,9887,SEA,CityName,State,SFO,CityName,State,0,0,4,0,0,,101,847,0,0,0,0,0
2022-10-04,United,N958XX,7228,SEA,CityName,State,BOS,CityName,State,0,0,-13,0,0,,161,247,0,0,0,0,0
2022-10-04,Delta,N894XX,1241,SEA,CityName,State,SFO,CityName,State,0,0,-10,0,0,,133,951,0,0,0,0,0
2022-10-04,Southwest,N985XX,3679,ORD,CityName,State,ORD,CityName,State,0,0,-2,0,0,,249,1691,0,0,0,0,0
2022-10-04,JetBlue,N118XX,2661,MIA,CityName,State,DFW,CityName,State,0,0,8,0,0,,198,1584,0,0,0,0,0
2022-10-04,United,N575XX,616,LAX,CityName,State,BOS,CityName,State,15,1,5,0,0,,204,274,0,0,0,0,0
2022-10-05,JetBlue,N780XX,6630,JFK,CityName,State,DEN,CityName,State,0,0,-7,0,0,,133,1763,0,0,0,0,0
2022-10-05,Delta,N413XX,6394,SEA,CityName,State,BOS,CityName,State,0,0,-13,0,0,,240,1493,0,0,0,0,0
2022-10-05,American,N436XX,9585,DEN,CityName,State,SEA,CityName,State,0,0,-10,0,0,,214,2180,0,0,0,0,0
2022-10-05,JetBlue,N869XX,3061,JFK,CityName,State,DFW,CityName,State,0,0,1,0,0,,348,1803,0,0,0,0,0
2022-10-05,JetBlue,N300XX,4399,JFK,CityName,State,ORD,CityName,State,0,0,8,0,0,,358,2511,0,0,0,0,0
2022-10-05,Delta,N153XX,2981,SEA,CityName,State,BOS,CityName,State,0,0,-5,0,0,,290,1916,0,0,0,0,0
2022-10-05,United,N631XX,8687,BOS,CityName,State,DFW,CityName,State,15,1,16,1,0,,165,1264,16,0,0,0,0
2022-10-05,JetBlue,N236XX,7930,LAX,CityName,State,JFK,CityName,State,120,1,128,1,0,,48,2639,0,0,0,0,128
2022-10-06,American,N409XX,2055,LAX,CityName,State,LAX,CityName,State,0,0,9,0,0,,175,1695,0,0,0,0,0
2022-10-06,JetBlue,N251XX,8101,JFK,CityName,State,MIA,CityName,State,0,0,-7,0,0,,55,2249,0,0,0,0,0
2022-10-06,JetBlue,N659XX,9150,ORD,CityName,State,SFO,CityName,State,0,0,6,0,0,,67,2080,0,0,0,0,0
2022-10-06,Delta,N139XX,469,ORD,CityName,State,JFK,CityName,State,0,0,5,0,0,,46,1597,0,0,0,0,0
2022-10-06,Southwest,N276XX,649,ATL,CityName,State,ATL,CityName,State,0,0,-10,0,0,,126,927,0,0,0,0,0
2022-10-06,United,N457XX,4597,SEA,CityName,State,SFO,CityName,State,0,0,-6,0,0,,250,701,0,0,0,0,0
2022-10-06,American,N919XX,1149,SFO,CityName,State,DFW,CityName,State,45,1,37,1,0,,53,2256,37,0,0,0,0
2022-10-06,United,N525XX,8111,DEN,CityName,State,JFK,CityName,State,0,0,-11,0,0,,54,1297,0,0,0,0,0
2022-10-06,Delta,N912XX,3008,SFO,CityName,State,SFO,CityName,State,0,0,-11,0,0,,342,1738,0,0,0,0,0
2022-10-06,Southwest,N540XX,5076,ATL,CityName,State,ATL,CityName,State,15,1,21,1,0,,236,509,0,0,21,0,0
2022-10-06,Southwest,N124XX,569,SEA,CityName,State,DEN,CityName,State,0,0,-4,0,0,,119,1999,0,0,0,0,0
2022-10-06,American,N522XX,9232,JFK,CityName,State,LAX,CityName,State,0,0,-7,0,0,,338,1461,0,0,0,0,0
2022-10-06,Delta,N652XX,2201,DFW,CityName,State,JFK,CityName,State,0,0,-11,0,0,,165,2696,0,0,0,0,0
2022-10-07,Delta,N949XX,7167,DFW,CityName,State,LAX,CityName,State,30,1,16,1,0,,331,2485,0,0,16,0,0
2022-10-07,United,N816XX,6062,ORD,CityName,State,DFW,CityName,State,30,1,35,1,0,,266,2606,35,0,0,0,0
2022-10-07,United,N647XX,9356,JFK,CityName,State,SEA,CityName,State,0,0,10,0,0,,318,245,0,0,0,0,0
2022-10-07,Southwest,N719XX,6198,BOS,CityName,State,DEN,CityName,State,0,0,-2,0,0,,73,1679,0,0,0,0,0
2022-10-07,JetBlue,N732XX,9257,JFK,CityName,State,DFW,CityName,State,0,0,-14,0,0,,274,2102,0,0,0,0,0
2022-10-07,Delta,N277XX,4773,BOS,CityName,State,ORD,CityName,State,0,0,0,0,1,A,242,834,0,0,0,0,0
2022-10-07,United,N559XX,2294,SEA,CityName,State,DEN,CityName,State,0,0,-6,0,0,,231,1652,0,0,0,0,0
2022-10-07,American,N461XX,5949,SFO,CityName,State,ATL,CityName,State,0,0,0,0,0,,73,1267,0,0,0,0,0
2022-10-07,American,N880XX,6453,DEN,CityName,State,MIA,CityName,State,0,0,6,0,0,,304,769,0,0,0,0,0
2022-10-07,United,N603XX,5621,LAX,CityName,State,ATL,CityName,State,0,0,-14,0,0,,132,2724,0,0,0,0,0
2022-10-07,Delta,N751XX,3537,DEN,CityName,State,DFW,CityName,State,0,0,-9,0,0,,329,2547,0,0,0,0,0
2022-10-07,American,N661XX,1479,ATL,CityName,State,MIA,CityName,State,0,0,-9,0,0,,78,549,0,0,0,0,0
2022-10-07,American,N762XX,3368,SEA,CityName,State,MIA,CityName,State,0,0,1,0,0,,179,1522,0,0,0,0,0
2022-10-07,Delta,N542XX,1191,ATL,CityName,State,DFW,CityName,State,0,0,6,0,0,,71,488,0,0,0,0,0
2022-10-08,American,N653XX,2662,ORD,CityName,State,ATL,CityName,State,45,1,47,1,0,,196,2899,0,47,0,0,0
2022-10-08,American,N182XX,1963,DFW,CityName,State,SFO,CityName,State,0,0,4,0,0,,128,2843,0,0,0,0,0
2022-10-08,Delta,N845XX,3638,DFW,CityName,State,ORD,CityName,State,15,1,11,0,0,,328,2933,0,0,0,0,0
2022-10-08,Delta,N657XX,4780,DEN,CityName,State,SFO,CityName,State,120,1,111,1,0,,196,1993,111,0,0,0,0
2022-10-08,JetBlue,N446XX,7210,SFO,CityName,State,MIA,CityName,State,0,0,-8,0,0,,174,1267,0,0,0,0,0
2022-10-08,Southwest,N484XX,3374,LAX,CityName,State,MIA,CityName,State,0,0,-3,0,0,,203,1340,0,0,0,0,0
2022-10-08,JetBlue,N955XX,1114,DEN,CityName,State,DFW,CityName,State,0,0,-3,0,0,,319,1532,0,0,0,0,0
2022-10-08,JetBlue,N809XX,4170,ORD,CityName,State,ATL,CityName,State,0,0,-4,0,0,,155,2065,0,0,0,0,0
2022-10-08,JetBlue,N334XX,3767,ORD,CityName,State,SFO,CityName,State,0,0,7,0,0,,345,394,0,0,0,0,0
2022-10-08,American,N371XX,9740,SFO,CityName,State,ORD,CityName,State,0,0,-14,0,0,,117,667,0,0,0,0,0
2022-10-09,Southwest,N403XX,7796,SEA,CityName,State,MIA,CityName,State,0,0,1,0,0,,99,2572,0,0,0,0,0
2022-10-09,American,N298XX,2500,DEN,CityName,State,DEN,CityName,State,15,1,18,1,0,,104,731,0,0,18,0,0
2022-10-09,JetBlue,N642XX,6533,DEN,CityName,State,DEN,CityName,State,0,0,-13,0,0,,185,375,0,0,0,0,0
2022-10-09,Delta,N168XX,3642,JFK,CityName,State,SEA,CityName,State,0,0,-2,0,0,,251,2998,0,0,0,0,0
2022-10-09,Southwest,N359XX,4953,BOS,CityName,State,SEA,CityName,State,30,1,20,1,0,,72,1845,20,0,0,0,0
2022-10-09,JetBlue,N219XX,1582,BOS,CityName,State,MIA,CityName,State,15,1,2,0,0,,287,1624,0,0,0,0,0
2022-10-09,Delta,N105XX,323,LAX,CityName,State,BOS,CityName,State,0,0,-14,0,0,,114,2794,0,0,0,0,0
2022-10-09,American,N772XX,8158,LAX,CityName,State,ATL,CityName,State,0,0,-7,0,0,,252,2599,0,0,0,0,0
2022-10-09,United,N458XX,7308,ATL,CityName,State,MIA,CityName,State,0,0,10,0,0,,168,2121,0,0,0,0,0
2022-10-09,American,N296XX,2593,DFW,CityName,State,ORD,CityName,State,0,0,-9,0,0,,296,1852,0,0,0,0,0
2022-10-09,Southwest,N714XX,8146,JFK,CityName,State,JFK,CityName,State,0,0,6,0,0,,45,1263,0,0,0,0,0
2022-10-09,JetBlue,N131XX,2899,MIA,CityName,State,ATL,CityName,State,0,0,-7,0,0,,341,428,0,0,0,0,0
2022-10-09,Delta,N512XX,3662,ATL,CityName,State,JFK,CityName,State,0,0,-1,0,0,,151,2991,0,0,0,0,0
2022-10-09,United,N157XX,7246,LAX,CityName,State,SEA,CityName,State,120,1,123,1,0,,50,726,123,0,0,0,0
2022-10-10,Delta,N339XX,6123,ATL,CityName,State,BOS,CityName,State,0,0,-2,0,0,,89,2088,0,0,0,0,0
2022-10-10,American,N245XX,8952,JFK,CityName,State,DEN,CityName,State,0,0,-11,0,0,,208,2942,0,0,0,0,0
2022-10-10,United,N528XX,9898,DFW,CityName,State,ATL,CityName,State,0,0,9,0,0,,314,1393,0,0,0,0,0
2022-10-10,Delta,N110XX,5541,JFK,CityName,State,DFW,CityName,State,15,1,13,0,0,,230,334,0,0,0,0,0
2022-10-10,JetBlue,N549XX,380,SEA,CityName,State,DEN,CityName,State,0,0,-8,0,0,,140,1288,0,0,0,0,0
2022-10-10,Delta,N336XX,4343,BOS,CityName,State,DEN,CityName,State,0,0,6,0,0,,89,1843,0,0,0,0,0
2022-10-10,Delta,N536XX,4268,SEA,CityName,State,ORD,CityName,State,0,0,-7,0,0,,318,2162,0,0,0,0,0
2022-10-10,United,N147XX,627,SFO,CityName,State,LAX,CityName,State,15,1,1,0,0,,324,246,0,0,0,0,0
2022-10-10,Delta,N864XX,8976,SEA,CityName,State,JFK,CityName,State,0,0,4,0,0,,293,2733,0,0,0,0,0
2022-10-10,Delta,N744XX,190,ATL,CityName,State,BOS,CityName,State,0,0,2,0,0,,253,596,0,0,0,0,0
2022-10-10,Delta,N947XX,9053,BOS,CityName,State,ORD,CityName,State,0,0,-11,0,0,,334,2748,0,0,0,0,0
2022-10-10,Delta,N912XX,8611,SEA,CityName,State,BOS,CityName,State,0,0,-7,0,0,,217,1562,0,0,0,0,0
2022-10-10,Delta,N741XX,344,ORD,CityName,State,BOS,CityName,State,0,0,1,0,0,,196,1955,0,0,0,0,0
2022-10-10,Delta,N437XX,3022,LAX,CityName,State,JFK,CityName,State,0,0,-14,0,0,,106,637,0,0,0,0,0
2022-10-11,American,N495XX,7253,ORD,CityName,State,DEN,CityName,State,0,0,-9,0,0,,116,1077,0,0,0,0,0
2022-10-11,American,N147XX,463,DEN,CityName,State,ORD,CityName,State,0,0,7,0,0,,285,312,0,0,0,0,0
2022-10-11,Southwest,N961XX,9401,SFO,CityName,State,MIA,CityName,State,0,0,-7,0,0,,76,985,0,0,0,0,0
2022-10-11,United,N773XX,8067,SFO,CityName,State,DEN,CityName,State,60,1,0,0,1,A,117,1116,0,0,0,0,0
2022-10-11,American,N850XX,3628,MIA,CityName,State,DEN,CityName,State,0,0,-8,0,0,,113,1373,0,0,0,0,0
2022-10-11,Southwest,N429XX,8331,DEN,CityName,State,JFK,CityName,State,0,0,7,0,0,,308,190,0,0,0,0,0
2022-10-11,Southwest,N788XX,8351,DEN,CityName,State,DEN,CityName,State,0,0,7,0,0,,111,1960,0,0,0,0,0
2022-10-11,JetBlue,N205XX,161,ATL,CityName,State,SFO,CityName,State,15,1,10,0,0,,302,430,0,0,0,0,0
2022-10-11,United,N186XX,9638,SEA,CityName,State,ATL,CityName,State,15,1,9,0,0,,183,2025,0,0,0,0,0
2022-10-11,American,N750XX,4999,LAX,CityName,State,ATL,CityName,State,15,1,15,1,0,,138,986,15,0,0,0,0
2022-10-11,American,N397XX,1418,SEA,CityName,State,ATL,CityName,State,0,0,-2,0,0,,227,2624,0,0,0,0,0
2022-10-11,JetBlue,N657XX,6161,LAX,CityName,State,SFO,CityName,State,0,0,2,0,0,,216,1653,0,0,0,0,0
2022-10-11,United,N486XX,7541,MIA,CityName,State,SFO,CityName,State,0,0,-2,0,0,,178,2817,0,0,0,0,0
2022-10-12,JetBlue,N677XX,4818,BOS,CityName,State,ORD,CityName,State,0,0,-14,0,0,,195,1882,0,0,0,0,0
2022-10-12,Delta,N598XX,1533,SEA,CityName,State,JFK,CityName,State,0,0,6,0,0,,82,497,0,0,0,0,0
2022-10-12,American,N287XX,3553,DFW,CityName,State,BOS,CityName,State,15,1,10,0,0,,268,2259,0,0,0,0,0
2022-10-12,American,N690XX,7964,ATL,CityName,State,DEN,CityName,State,0,0,-11,0,0,,253,310,0,0,0,0,0
2022-10-12,American,N716XX,6904,DEN,CityName,State,ORD,CityName,State,15,1,6,0,0,,305,2364,0,0,0,0,0
2022-10-12,American,N110XX,8584,LAX,CityName,State,ORD,CityName,State,30,1,19,1,0,,166,1973,19,0,0,0,0
2022-10-12,United,N800XX,2275,JFK,CityName,State,LAX,CityName,State,0,0,5,0,0,,182,2633,0,0,0,0,0
2022-10-12,United,N312XX,576,MIA,CityName,State,MIA,CityName,State,30,1,16,1,0,,174,2711,0,0,16,0,0
2022-10-12,American,N520XX,5989,ORD,CityName,State,DEN,CityName,State,15,1,25,1,0,,48,1329,0,0,0,0,25
2022-10-12,Southwest,N360XX,6592,SFO,CityName,State,DFW,CityName,State,15,1,16,1,0,,215,1269,16,0,0,0,0
2022-10-12,American,N490XX,9289,DFW,CityName,State,ATL,CityName,State,30,1,26,1,0,,184,211,26,0,0,0,0
2022-10-12,United,N319XX,3467,DFW,CityName,State,JFK,CityName,State,0,0,-11,0,0,,180,155,0,0,0,0,0
2022-10-12,United,N550XX,6235,ORD,CityName,State,ATL,CityName,State,0,0,-2,0,0,,311,1525,0,0,0,0,0
2022-10-12,JetBlue,N454XX,4243,DFW,CityName,State,LAX,CityName,State,0,0,-1,0,0,,261,1776,0,0,0,0,0
2022-10-12,Delta,N387XX,3702,DEN,CityName,State,ORD,CityName,State,30,1,28,1,0,,91,672,28,0,0,0,0
2022-10-12,American,N551XX,8292,BOS,CityName,State,ORD,CityName,State,0,0,-8,0,0,,166,537,0,0,0,0,0
2022-10-13,American,N652XX,5196,SEA,CityName,State,ORD,CityName,State,30,1,21,1,0,,122,306,0,0,21,0,0
2022-10-13,JetBlue,N201XX,2126,BOS,CityName,State,ATL,CityName,State,0,0,-8,0,0,,325,1857,0,0,0,0,0
2022-10-13,United,N849XX,1101,BOS,CityName,State,LAX,CityName,State,0,0,9,0,0,,220,1330,0,0,0,0,0
2022-10-13,Southwest,N101XX,6247,LAX,CityName,State,ORD,CityName,State,0,0,-9,0,0,,98,2804,0,0,0,0,0
2022-10-13,JetBlue,N440XX,7824,JFK,CityName,State,DEN,CityName,State,0,0,0,0,0,,253,286,0,0,0,0,0
2022-10-13,JetBlue,N478XX,2111,SEA,CityName,State,DFW,CityName,State,0,0,6,0,0,,102,2658,0,0,0,0,0
2022-10-13,Delta,N535XX,530,LAX,CityName,State,BOS,CityName,State,60,1,61,1,0,,275,2113,61,0,0,0,0
2022-10-13,United,N136XX,685,SEA,CityName,State,LAX,CityName,State,0,0,-6,0,0,,351,1313,0,0,0,0,0
2022-10-13,Southwest,N933XX,7090,BOS,CityName,State,MIA,CityName,State,0,0,-7,0,0,,143,1379,0,0,0,0,0
2022-10-13,United,N700XX,1482,DFW,CityName,State,MIA,CityName,State,0,0,0,0,0,,91,568,0,0,0,0,0
2022-10-13,Southwest,N444XX,2214,DFW,CityName,State,DFW,CityName,State,0,0,6,0,0,,178,1324,0,0,0,0,0
2022-10-13,American,N349XX,6055,DEN,CityName,State,ATL,CityName,State,0,0,3,0,0,,124,2461,0,0,0,0,0
2022-10-13,JetBlue,N796XX,4638,ATL,CityName,State,MIA,CityName,State,0,0,3,0,0,,274,1915,0,0,0,0,0
2022-10-13,American,N241XX,9018,MIA,CityName,State,ORD,CityName,State,30,1,26,1,0,,138,2322,0,26,0,0,0
2022-10-13,United,N374XX,6705,LAX,CityName,State,DEN,CityName,State,45,1,45,1,0,,176,2474,45,0,0,0,0
2022-10-13,American,N293XX,2966,SEA,CityName,State,MIA,CityName,State,0,0,-6,0,0,,225,1978,0,0,0,0,0
2022-10-14,American,N742XX,1368,ORD,CityName,State,JFK,CityName,State,0,0,4,0,0,,179,2443,0,0,0,0,0
2022-10-14,American,N803XX,7616,LAX,CityName,State,SEA,CityName,State,0,0,7,0,0,,68,1030,0,0,0,0,0
2022-10-14,United,N611XX,5973,DEN,CityName,State,DEN,CityName,State,0,0,-13,0,0,,132,1375,0,0,0,0,0
2022-10-14,American,N513XX,497,DFW,CityName,State,JFK,CityName,State,0,0,-11,0,0,,76,218,0,0,0,0,0
2022-10-14,Southwest,N735XX,7738,BOS,CityName,State,ATL,CityName,State,0,0,-1,0,0,,178,1697,0,0,0,0,0
2022-10-14,Delta,N309XX,5898,JFK,CityName,State,DFW,CityName,State,0,0,-13,0,0,,69,2497,0,0,0,0,0
2022-10-14,American,N293XX,9138,BOS,CityName,State,ORD,CityName,State,0,0,-8,0,0,,306,1573,0,0,0,0,0
2022-10-14,Southwest,N846XX,4699,ORD,CityName,State,ATL,CityName,State,0,0,-12,0,0,,312,2883,0,0,0,0,0
2022-10-14,American,N833XX,3980,ATL,CityName,State,LAX,CityName,State,0,0,-12,0,0,,48,988,0,0,0,0,0
2022-10-14,United,N937XX,6830,SEA,CityName,State,SEA,CityName,State,15,1,7,0,0,,80,2498,0,0,0,0,0
2022-10-14,American,N901XX,7207,DEN,CityName,State,MIA,CityName,State,0,0,1,0,0,,310,2931,0,0,0,0,0
2022-10-14,Delta,N432XX,6274,ORD,CityName,State,ATL,CityName,State,15,1,12,0,0,,236,1039,0,0,0,0,0
2022-10-14,United,N954XX,7087,SEA,CityName,State,ATL,CityName,State,0,0,-8,0,0,,73,928,0,0,0,0,0
2022-10-15,American,N132XX,3968,SFO,CityName,State,MIA,CityName,State,0,0,-14,0,0,,195,2976,0,0,0,0,0
2022-10-15,American,N127XX,7307,SFO,CityName,State,DEN,CityName,State,0,0,6,0,0,,245,2669,0,0,0,0,0
2022-10-15,Delta,N768XX,657,JFK,CityName,State,SEA,CityName,State,0,0,-1,0,0,,289,1640,0,0,0,0,0
2022-10-15,Southwest,N361XX,6213,BOS,CityName,State,ORD,CityName,State,0,0,-13,0,0,,317,1613,0,0,0,0,0
2022-10-15,American,N259XX,7007,ATL,CityName,State,DFW,CityName,State,0,0,2,0,0,,120,372,0,0,0,0,0
2022-10-15,Southwest,N213XX,4837,SEA,CityName,State,ORD,CityName,State,0,0,5,0,0,,99,1564,0,0,0,0,0
2022-10-15,Southwest,N679XX,7908,BOS,CityName,State,LAX,CityName,State,0,0,7,0,0,,57,342,0,0,0,0,0
2022-10-15,JetBlue,N176XX,7482,JFK,CityName,State,SEA,CityName,State,0,0,1,0,0,,178,2116,0,0,0,0,0
2022-10-15,American,N521XX,3218,ATL,CityName,State,LAX,CityName,State,0,0,5,0,0,,104,2032,0,0,0,0,0
2022-10-15,United,N508XX,7284,JFK,CityName,State,DEN,CityName,State,0,0,9,0,0,,324,2935,0,0,0,0,0
2022-10-15,Delta,N354XX,3705,LAX,CityName,State,DEN,CityName,State,0,0,-2,0,0,,104,1998,0,0,0,0,0
2022-10-15,JetBlue,N331XX,2627,SEA,CityName,State,JFK,CityName,State,15,1,16,1,0,,280,2007,16,0,0,0,0
2022-10-15,JetBlue,N571XX,1434,ORD,CityName,State,SFO,CityName,State,0,0,-12,0,0,,265,2636,0,0,0,0,0
2022-10-15,Delta,N666XX,6397,SEA,CityName,State,DEN,CityName,State,0,0,-6,0,0,,252,924,0,0,0,0,0
2022-10-16,Delta,N238XX,2746,JFK,CityName,State,JFK,CityName,State,0,0,9,0,0,,251,2204,0,0,0,0,0
2022-10-16,JetBlue,N583XX,9842,SFO,CityName,State,SFO,CityName,State,0,0,-9,0,0,,111,2508,0,0,0,0,0
2022-10-16,United,N695XX,4266,DEN,CityName,State,SFO,CityName,State,0,0,5,0,0,,206,915,0,0,0,0,0
2022-10-16,American,N865XX,124,LAX,CityName,State,SFO,CityName,State,0,0,10,0,0,,337,1401,0,0,0,0,0
2022-10-16,Southwest,N231XX,6593,ATL,CityName,State,DEN,CityName,State,0,0,10,0,0,,46,472,0,0,0,0,0
2022-10-16,Delta,N529XX,706,ATL,CityName,State,JFK,CityName,State,0,0,-4,0,0,,210,2274,0,0,0,0,0
2022-10-16,American,N541XX,8887,ATL,CityName,State,BOS,CityName,State,0,0,1,0,0,,78,195,0,0,0,0,0
2022-10-16,Southwest,N485XX,6091,JFK,CityName,State,BOS,CityName,State,0,0,-6,0,0,,314,593,0,0,0,0,0
2022-10-16,United,N188XX,4659,JFK,CityName,State,LAX,CityName,State,0,0,-14,0,0,,197,1306,0,0,0,0,0
2022-10-16,Delta,N779XX,1467,ATL,CityName,State,SEA,CityName,State,15,1,14,0,0,,316,2911,0,0,0,0,0
2022-10-16,Southwest,N124XX,6194,DFW,CityName,State,SEA,CityName,State,0,0,-6,0,0,,68,248,0,0,0,0,0
2022-10-16,Delta,N300XX,885,SEA,CityName,State,ATL,CityName,State,15,1,24,1,0,,317,1825,24,0,0,0,0
2022-10-16,Southwest,N966XX,8245,JFK,CityName,State,SFO,CityName,State,0,0,-9,0,0,,322,832,0,0,0,0,0
2022-10-16,American,N452XX,7579,DEN,CityName,State,DFW,CityName,State,0,0,9,0,0,,225,636,0,0,0,0,0
2022-10-16,JetBlue,N111XX,4054,LAX,CityName,State,DFW,CityName,State,0,0,-6,0,0,,274,921,0,0,0,0,0
2022-10-16,United,N568XX,1455,JFK,CityName,State,LAX,CityName,State,0,0,-6,0,0,,206,1260,0,0,0,0,0
2022-10-16,Southwest,N913XX,3054,DEN,CityName,State,DEN,CityName,State,0,0,-7,0,0,,321,2279,0,0,0,0,0
2022-10-16,American,N492XX,7397,JFK,CityName,State,ATL,CityName,State,0,0,-4,0,0,,241,2211,0,0,0,0,0
2022-10-16,United,N867XX,4762,ATL,CityName,State,SEA,CityName,State,0,0,-11,0,0,,121,1271,0,0,0,0,0
2022-10-16,United,N764XX,6701,SEA,CityName,State,JFK,CityName,State,15,1,3,0,0,,313,919,0,0,0,0,0
2022-10-16,Southwest,N463XX,2770,ATL,CityName,State,SEA,CityName,State,0,0,-9,0,0,,312,2234,0,0,0,0,0
2022-10-16,American,N567XX,7774,SEA,CityName,State,DFW,CityName,State,0,0,-5,0,0,,217,959,0,0,0,0,0
2022-10-17,JetBlue,N993XX,3864,DFW,CityName,State,SEA,CityName,State,0,0,-13,0,0,,62,629,0,0,0,0,0
2022-10-17,United,N306XX,5083,MIA,CityName,State,MIA,CityName,State,0,0,-11,0,0,,265,928,0,0,0,0,0
2022-10-17,Delta,N362XX,482,JFK,CityName,State,DFW,CityName,State,0,0,1,0,0,,192,1553,0,0,0,0,0
2022-10-17,Southwest,N272XX,3129,ORD,CityName,State,SEA,CityName,State,0,0,-6,0,0,,178,1858,0,0,0,0,0
2022-10-17,Delta,N895XX,6563,SFO,CityName,State,ATL,CityName,State,0,0,4,0,0,,99,2682,0,0,0,0,0
2022-10-17,Delta,N691XX,5338,LAX,CityName,State,JFK,CityName,State,0,0,-13,0,0,,48,2306,0,0,0,0,0
2022-10-17,United,N656XX,4428,DEN,CityName,State,LAX,CityName,State,30,1,40,1,0,,232,1329,40,0,0,0,0
2022-10-17,Delta,N556XX,3619,JFK,CityName,State,BOS,CityName,State,30,1,32,1,0,,114,1988,0,32,0,0,0
2022-10-17,American,N328XX,6874,SFO,CityName,State,ORD,CityName,State,15,1,13,0,0,,104,2395,0,0,0,0,0
2022-10-18,Delta,N630XX,6596,BOS,CityName,State,SFO,CityName,State,15,1,22,1,0,,279,581,0,0,22,0,0
2022-10-18,Delta,N490XX,5950,SEA,CityName,State,JFK,CityName,State,0,0,-12,0,0,,130,758,0,0,0,0,0
2022-10-18,American,N463XX,5656,ATL,CityName,State,SFO,CityName,State,240,1,235,1,0,,178,1743,0,235,0,0,0
2022-10-18,JetBlue,N640XX,9108,SEA,CityName,State,JFK,CityName,State,0,0,8,0,0,,73,2461,0,0,0,0,0
2022-10-18,Southwest,N872XX,6598,DFW,CityName,State,ORD,CityName,State,0,0,3,0,0,,323,683,0,0,0,0,0
2022-10-18,American,N171XX,5248,SFO,CityName,State,ORD,CityName,State,30,1,38,1,0,,74,405,0,0,0,0,38
2022-10-18,American,N182XX,5427,JFK,CityName,State,LAX,CityName,State,0,0,-8,0,0,,320,1108,0,0,0,0,0
2022-10-18,Delta,N185XX,7352,BOS,CityName,State,SEA,CityName,State,0,0,-7,0,0,,210,1867,0,0,0,0,0
2022-10-18,Delta,N887XX,984,SFO,CityName,State,LAX,CityName,State,0,0,-6,0,0,,280,1087,0,0,0,0,0
2022-10-18,Southwest,N240XX,1934,ATL,CityName,State,BOS,CityName,State,0,0,7,0,0,,324,588,0,0,0,0,0
2022-10-18,American,N966XX,9261,DFW,CityName,State,JFK,CityName,State,0,0,7,0,0,,213,2303,0,0,0,0,0
2022-10-18,Delta,N106XX,531,LAX,CityName,State,DFW,CityName,State,15,1,10,0,0,,337,2917,0,0,0,0,0
2022-10-18,United,N811XX,947,LAX,CityName,State,ATL,CityName,State,0,0,-7,0,0,,349,441,0,0,0,0,0
2022-10-18,Delta,N434XX,7188,ATL,CityName,State,JFK,CityName,State,0,0,-7,0,0,,187,2627,0,0,0,0,0
2022-10-19,Delta,N696XX,9339,MIA,CityName,State,ATL,CityName,State,0,0,9,0,0,,356,1549,0,0,0,0,0
2022-10-19,JetBlue,N274XX,6922,ORD,CityName,State,BOS,CityName,State,0,0,-9,0,0,,63,2563,0,0,0,0,0
2022-10-19,JetBlue,N829XX,8951,DFW,CityName,State,DFW,CityName,State,0,0,-2,0,0,,162,2409,0,0,0,0,0
2022-10-19,American,N510XX,5102,JFK,CityName,State,BOS,CityName,State,15,1,15,1,0,,166,1497,15,0,0,0,0
2022-10-19,JetBlue,N568XX,767,ATL,CityName,State,SFO,CityName,State,0,0,10,0,0,,50,413,0,0,0,0,0
2022-10-19,Southwest,N324XX,3430,SEA,CityName,State,SFO,CityName,State,0,0,6,0,0,,170,1986,0,0,0,0,0
2022-10-19,United,N632XX,8394,JFK,CityName,State,ATL,CityName,State,0,0,0,0,1,A,343,1543,0,0,0,0,0
2022-10-19,American,N603XX,2148,ATL,CityName,State,JFK,CityName,State,0,0,7,0,0,,289,2253,0,0,0,0,0
2022-10-19,JetBlue,N884XX,5277,SEA,CityName,State,MIA,CityName,State,0,0,8,0,0,,337,2839,0,0,0,0,0
2022-10-19,American,N452XX,3113,LAX,CityName,State,DFW,CityName,State,0,0,-13,0,0,,334,2115,0,0,0,0,0
2022-10-19,Southwest,N903XX,7546,SFO,CityName,State,ATL,CityName,State,0,0,7,0,0,,179,1334,0,0,0,0,0
2022-10-19,American,N212XX,6427,SFO,CityName,State,MIA,CityName,State,0,0,-12,0,0,,152,177,0,0,0,0,0
2022-10-19,JetBlue,N803XX,6163,JFK,CityName,State,SFO,CityName,State,0,0,7,0,0,,299,1601,0,0,0,0,0
2022-10-19,American,N874XX,5954,JFK,CityName,State,MIA,CityName,State,0,0,4,0,0,,335,636,0,0,0,0,0
2022-10-19,United,N114XX,8710,ATL,CityName,State,SFO,CityName,State,15,1,10,0,0,,356,1589,0,0,0,0,0
2022-10-19,American,N817XX,2600,JFK,CityName,State,SEA,CityName,State,0,0,4,0,0,,75,1306,0,0,0,0,0
2022-10-19,Southwest,N735XX,3074,MIA,CityName,State,JFK,CityName,State,0,0,6,0,0,,231,2329,0,0,0,0,0
2022-10-19,Southwest,N323XX,9460,ORD,CityName,State,SFO,CityName,State,0,0,7,0,0,,335,573,0,0,0,0,0
2022-10-19,American,N538XX,4965,DFW,CityName,State,BOS,CityName,State,0,0,-6,0,0,,111,989,0,0,0,0,0
2022-10-20,JetBlue,N579XX,569,SFO,CityName,State,MIA,CityName,State,0,0,5,0,0,,302,900,0,0,0,0,0
2022-10-20,American,N549XX,9082,JFK,CityName,State,MIA,CityName,State,0,0,-7,0,0,,161,1367,0,0,0,0,0
2022-10-20,JetBlue,N181XX,6023,DFW,CityName,State,DFW,CityName,State,0,0,-4,0,0,,339,2939,0,0,0,0,0
2022-10-20,United,N966XX,1022,LAX,CityName,State,ORD,CityName,State,0,0,9,0,0,,67,2442,0,0,0,0,0
2022-10-20,Delta,N586XX,3563,DFW,CityName,State,SFO,CityName,State,0,0,3,0,0,,211,1788,0,0,0,0,0
2022-10-20,JetBlue,N738XX,7559,BOS,CityName,State,DFW,CityName,State,0,0,-6,0,0,,91,2390,0,0,0,0,0
2022-10-20,Delta,N126XX,3037,DEN,CityName,State,MIA,CityName,State,0,0,-13,0,0,,285,1912,0,0,0,0,0
2022-10-20,United,N522XX,999,SFO,CityName,State,ATL,CityName,State,0,0,2,0,0,,73,580,0,0,0,0,0
2022-10-20,United,N242XX,9920,LAX,CityName,State,ORD,CityName,State,30,1,35,1,0,,323,2266,0,0,0,0,35
2022-10-20,JetBlue,N598XX,8430,ATL,CityName,State,DFW,CityName,State,0,0,2,0,0,,158,1443,0,0,0,0,0
2022-10-21,United,N752XX,3916,LAX,CityName,State,ATL,CityName,State,0,0,-6,0,0,,256,1231,0,0,0,0,0
2022-10-21,American,N922XX,4377,SFO,CityName,State,DEN,CityName,State,45,1,53,1,0,,112,1976,53,0,0,0,0
2022-10-21,United,N795XX,122,DFW,CityName,State,ORD,CityName,State,0,0,8,0,0,,101,1515,0,0,0,0,0
2022-10-21,JetBlue,N356XX,1998,JFK,CityName,State,LAX,CityName,State,0,0,3,0,0,,71,425,0,0,0,0,0
2022-10-21,American,N710XX,9024,SEA,CityName,State,MIA,CityName,State,0,0,9,0,0,,229,274,0,0,0,0,0
2022-10-21,JetBlue,N807XX,189,MIA,CityName,State,ORD,CityName,State,0,0,6,0,0,,168,697,0,0,0,0,0
2022-10-21,United,N669XX,5953,SEA,CityName,State,MIA,CityName,State,0,0,-6,0,0,,178,2862,0,0,0,0,0
2022-10-21,Southwest,N930XX,7215,DEN,CityName,State,ORD,CityName,State,0,0,3,0,0,,123,671,0,0,0,0,0
2022-10-21,Southwest,N645XX,5619,ORD,CityName,State,DEN,CityName,State,0,0,-9,0,0,,83,922,0,0,0,0,0
2022-10-21,Southwest,N352XX,4061,ORD,CityName,State,LAX,CityName,State,15,1,25,1,0,,308,684,0,0,25,0,0
2022-10-21,United,N482XX,5861,BOS,CityName,State,DFW,CityName,State,0,0,10,0,0,,321,1116,0,0,0,0,0
2022-10-21,United,N108XX,5737,SEA,CityName,State,LAX,CityName,State,0,0,-5,0,0,,240,1884,0,0,0,0,0
2022-10-21,American,N887XX,2549,ATL,CityName,State,SEA,CityName,State,0,0,-10,0,0,,137,1977,0,0,0,0,0
2022-10-22,Delta,N112XX,6776,BOS,CityName,State,DEN,CityName,State,0,0,7,0,0,,60,2525,0,0,0,0,0
2022-10-22,United,N877XX,3918,DEN,CityName,State,ATL,CityName,State,0,0,-3,0,0,,137,899,0,0,0,0,0
2022-10-22,Delta,N341XX,5031,SEA,CityName,State,BOS,CityName,State,0,0,1,0,0,,208,1811,0,0,0,0,0
2022-10-22,Southwest,N858XX,2732,MIA,CityName,State,SFO,CityName,State,0,0,2,0,0,,195,2543,0,0,0,0,0
2022-10-22,Southwest,N918XX,2223,DEN,CityName,State,MIA,CityName,State,0,0,-4,0,0,,217,967,0,0,0,0,0
2022-10-22,Southwest,N153XX,1026,LAX,CityName,State,LAX,CityName,State,0,0,-12,0,0,,93,2647,0,0,0,0,0
2022-10-22,American,N455XX,914,BOS,CityName,State,LAX,CityName,State,0,0,4,0,0,,219,2687,0,0,0,0,0
2022-10-22,JetBlue,N947XX,6513,MIA,CityName,State,SEA,CityName,State,0,0,-4,0,0,,256,175,0,0,0,0,0
2022-10-22,American,N636XX,4704,BOS,CityName,State,DFW,CityName,State,0,0,5,0,0,,194,2374,0,0,0,0,0
2022-10-22,JetBlue,N334XX,8316,MIA,CityName,State,MIA,CityName,State,0,0,-13,0,0,,321,2805,0,0,0,0,0
2022-10-23,Southwest,N749XX,2747,ORD,CityName,State,LAX,CityName,State,0,0,-5,0,0,,353,2484,0,0,0,0,0
2022-10-23,JetBlue,N733XX,755,ORD,CityName,State,SFO,CityName,State,120,1,119,1,0,,49,2393,119,0,0,0,0
2022-10-23,American,N373XX,8408,DFW,CityName,State,ATL,CityName,State,0,0,3,0,0,,358,827,0,0,0,0,0
2022-10-23,Southwest,N870XX,2659,DEN,CityName,State,JFK,CityName,State,240,1,230,1,0,,296,1199,230,0,0,0,0
2022-10-23,United,N608XX,4467,JFK,CityName,State,MIA,CityName,State,0,0,-10,0,0,,147,1723,0,0,0,0,0
2022-10-23,Delta,N941XX,9461,MIA,CityName,State,ATL,CityName,State,60,1,66,1,0,,242,2017,66,0,0,0,0
2022-10-23,American,N254XX,6145,BOS,CityName,State,JFK,CityName,State,0,0,-2,0,0,,105,1447,0,0,0,0,0
2022-10-23,Southwest,N413XX,1812,SEA,CityName,State,LAX,CityName,State,15,1,12,0,0,,186,2624,0,0,0,0,0
2022-10-23,Southwest,N991XX,4579,JFK,CityName,State,JFK,CityName,State,0,0,3,0,0,,329,471,0,0,0,0,0
2022-10-23,Southwest,N957XX,9440,SFO,CityName,State,DEN,CityName,State,0,0,-11,0,0,,351,1052,0,0,0,0,0
2022-10-23,Delta,N636XX,312,DEN,CityName,State,DFW,CityName,State,0,0,-11,0,0,,348,626,0,0,0,0,0
2022-10-23,American,N186XX,5857,DFW,CityName,State,BOS,CityName,State,60,1,48,1,0,,73,207,48,0,0,0,0
2022-10-23,United,N372XX,4624,ORD,CityName,State,LAX,CityName,State,0,0,6,0,0,,193,1412,0,0,0,0,0
2022-10-24,United,N767XX,2622,MIA,CityName,State,SEA,CityName,State,0,0,5,0,0,,329,279,0,0,0,0,0
2022-10-24,JetBlue,N961XX,805,SFO,CityName,State,SEA,CityName,State,0,0,-9,0,0,,235,2539,0,0,0,0,0
2022-10-24,Delta,N819XX,9676,ORD,CityName,State,SFO,CityName,State,0,0,-2,0,0,,66,1620,0,0,0,0,0
2022-10-24,American,N525XX,9949,ATL,CityName,State,ATL,CityName,State,0,0,9,0,0,,144,659,0,0,0,0,0
2022-10-24,Southwest,N386XX,3971,DFW,CityName,State,SEA,CityName,State,15,1,4,0,0,,59,2429,0,0,0,0,0
2022-10-24,American,N947XX,2419,JFK,CityName,State,ATL,CityName,State,0,0,-8,0,0,,247,1882,0,0,0,0,0
2022-10-24,Southwest,N504XX,4755,SFO,CityName,State,SFO,CityName,State,0,0,7,0,0,,193,565,0,0,0,0,0
2022-10-24,Southwest,N350XX,6492,JFK,CityName,State,SEA,CityName,State,120,1,112,1,0,,150,552,112,0,0,0,0
2022-10-24,Delta,N260XX,2352,DFW,CityName,State,ORD,CityName,State,60,1,52,1,0,,254,2658,0,0,0,0,52
2022-10-25,Southwest,N495XX,5770,BOS,CityName,State,SFO,CityName,State,0,0,-5,0,0,,124,641,0,0,0,0,0
2022-10-25,Delta,N143XX,2141,BOS,CityName,State,BOS,CityName,State,0,0,9,0,0,,265,285,0,0,0,0,0
2022-10-25,JetBlue,N586XX,791,JFK,CityName,State,DFW,CityName,State,0,0,-9,0,0,,319,2396,0,0,0,0,0
2022-10-25,Delta,N905XX,5843,DFW,CityName,State,ORD,CityName,State,30,1,21,1,0,,262,1429,21,0,0,0,0
2022-10-25,Southwest,N767XX,9858,DEN,CityName,State,DEN,CityName,State,0,0,6,0,0,,186,2772,0,0,0,0,0
2022-10-25,American,N263XX,2859,SFO,CityName,State,DFW,CityName,State,0,0,-6,0,0,,271,773,0,0,0,0,0
2022-10-26,Southwest,N361XX,4300,ORD,CityName,State,ATL,CityName,State,0,0,5,0,0,,150,2595,0,0,0,0,0
2022-10-26,Delta,N666XX,423,BOS,CityName,State,BOS,CityName,State,0,0,-7,0,0,,184,1931,0,0,0,0,0
2022-10-26,Delta,N930XX,5237,ORD,CityName,State,SEA,CityName,State,0,0,-2,0,0,,151,228,0,0,0,0,0
2022-10-26,Delta,N258XX,9732,DFW,CityName,State,LAX,CityName,State,0,0,0,0,1,A,242,1688,0,0,0,0,0
2022-10-26,Southwest,N335XX,6793,LAX,CityName,State,BOS,CityName,State,0,0,-11,0,0,,172,1628,0,0,0,0,0
2022-10-26,American,N124XX,247,JFK,CityName,State,ATL,CityName,State,0,0,5,0,0,,56,1858,0,0,0,0,0
2022-10-26,Delta,N412XX,4916,JFK,CityName,State,JFK,CityName,State,0,0,2,0,0,,234,1231,0,0,0,0,0
2022-10-26,JetBlue,N974XX,8723,MIA,CityName,State,DFW,CityName,State,30,1,28,1,0,,343,904,28,0,0,0,0
2022-10-26,Southwest,N463XX,4459,SEA,CityName,State,SFO,CityName,State,0,0,2,0,0,,234,2197,0,0,0,0,0
2022-10-26,JetBlue,N214XX,4495,SEA,CityName,State,SEA,CityName,State,0,0,-6,0,0,,104,1963,0,0,0,0,0
2022-10-26,Southwest,N957XX,4137,ATL,CityName,State,LAX,CityName,State,0,0,-9,0,0,,123,2118,0,0,0,0,0
2022-10-27,American,N501XX,7285,SFO,CityName,State,ORD,CityName,State,0,0,-14,0,0,,312,1611,0,0,0,0,0
2022-10-27,Southwest,N697XX,1054,MIA,CityName,State,MIA,CityName,State,0,0,-14,0,0,,55,1117,0,0,0,0,0
2022-10-27,Southwest,N305XX,9785,DFW,CityName,State,SEA,CityName,State,0,0,-12,0,0,,118,1372,0,0,0,0,0
2022-10-27,United,N510XX,7270,MIA,CityName,State,DEN,CityName,State,0,0,-6,0,0,,336,1794,0,0,0,0,0
2022-10-27,Southwest,N652XX,4787,DEN,CityName,State,SEA,CityName,State,0,0,-10,0,0,,296,2080,0,0,0,0,0
2022-10-27,United,N565XX,8547,BOS,CityName,State,DEN,CityName,State,30,1,28,1,0,,59,1502,0,0,0,0,28
2022-10-27,Delta,N473XX,703,LAX,CityName,State,MIA,CityName,State,0,0,-7,0,0,,67,1029,0,0,0,0,0
2022-10-27,United,N210XX,7980,LAX,CityName,State,JFK,CityName,State,0,0,-13,0,0,,126,2966,0,0,0,0,0
2022-10-27,United,N847XX,4787,DEN,CityName,State,DEN,CityName,State,0,0,10,0,0,,166,2134,0,0,0,0,0
2022-10-27,American,N140XX,5163,JFK,CityName,State,SFO,CityName,State,15,1,17,1,0,,140,262,17,0,0,0,0
2022-10-27,Southwest,N271XX,4839,SEA,CityName,State,LAX,CityName,State,0,0,1,0,0,,263,2310,0,0,0,0,0
2022-10-27,Southwest,N850XX,2493,ORD,CityName,State,BOS,CityName,State,15,1,17,1,0,,158,1004,0,0,0,0,17
2022-10-27,Southwest,N601XX,4571,DFW,CityName,State,MIA,CityName,State,0,0,-13,0,0,,51,745,0,0,0,0,0
2022-10-27,JetBlue,N154XX,2752,DEN,CityName,State,ATL,CityName,State,0,0,10,0,0,,346,2159,0,0,0,0,0
2022-10-27,American,N375XX,7936,ATL,CityName,State,JFK,CityName,State,0,0,-13,0,0,,205,797,0,0,0,0,0
2022-10-27,United,N766XX,9954,DEN,CityName,State,DFW,CityName,State,0,0,-7,0,0,,286,1580,0,0,0,0,0
2022-10-27,Delta,N655XX,5350,SEA,CityName,State,ORD,CityName,State,0,0,7,0,0,,73,1077,0,0,0,0,0
2022-10-28,JetBlue,N525XX,3471,BOS,CityName,State,MIA,CityName,State,0,0,-5,0,0,,310,245,0,0,0,0,0
2022-10-28,Southwest,N875XX,8864,ATL,CityName,State,DFW,CityName,State,0,0,-1,0,0,,106,420,0,0,0,0,0
2022-10-28,JetBlue,N396XX,4078,ORD,CityName,State,SEA,CityName,State,0,0,9,0,0,,64,466,0,0,0,0,0
2022-10-28,American,N175XX,6286,ORD,CityName,State,ATL,CityName,State,0,0,-3,0,0,,151,364,0,0,0,0,0
2022-10-28,United,N309XX,7786,LAX,CityName,State,BOS,CityName,State,0,0,3,0,0,,309,804,0,0,0,0,0
2022-10-28,Southwest,N167XX,8189,SFO,CityName,State,JFK,CityName,State,0,0,9,0,0,,118,1457,0,0,0,0,0
2022-10-28,Delta,N689XX,4984,DFW,CityName,State,BOS,CityName,State,0,0,4,0,0,,293,1986,0,0,0,0,0
2022-10-28,JetBlue,N110XX,5190,BOS,CityName,State,MIA,CityName,State,0,0,6,0,0,,153,2356,0,0,0,0,0
2022-10-28,Delta,N981XX,6384,BOS,CityName,State,SEA,CityName,State,0,0,-10,0,0,,289,2820,0,0,0,0,0
2022-10-28,Southwest,N859XX,8993,JFK,CityName,State,ORD,CityName,State,0,0,0,0,0,,183,2913,0,0,0,0,0
2022-10-28,Southwest,N524XX,4532,DEN,CityName,State,LAX,CityName,State,0,0,-6,0,0,,149,916,0,0,0,0,0
2022-10-28,JetBlue,N930XX,9909,ATL,CityName,State,SEA,CityName,State,0,0,3,0,0,,346,2364,0,0,0,0,0
2022-10-28,United,N864XX,2060,ORD,CityName,State,DEN,CityName,State,0,0,3,0,0,,216,2933,0,0,0,0,0
2022-10-28,American,N558XX,9971,MIA,CityName,State,DFW,CityName,State,240,1,237,1,0,,170,603,237,0,0,0,0
2022-10-28,Southwest,N279XX,3436,LAX,CityName,State,MIA,CityName,State,0,0,2,0,0,,342,1491,0,0,0,0,0
2022-10-28,Southwest,N226XX,3435,BOS,CityName,State,SEA,CityName,State,0,0,5,0,0,,88,1935,0,0,0,0,0
2022-10-28,JetBlue,N440XX,8626,JFK,CityName,State,JFK,CityName,State,0,0,-4,0,0,,331,1849,0,0,0,0,0
2022-10-28,United,N555XX,209,LAX,CityName,State,LAX,CityName,State,0,0,-13,0,0,,129,451,0,0,0,0,0
2022-10-29,United,N647XX,3447,ORD,CityName,State,JFK,CityName,State,0,0,9,0,0,,53,2431,0,0,0,0,0
2022-10-29,Delta,N300XX,7863,DFW,CityName,State,SEA,CityName,State,45,1,35,1,0,,60,1938,0,0,0,0,35
2022-10-29,American,N812XX,9025,JFK,CityName,State,SFO,CityName,State,120,1,124,1,0,,147,738,0,0,0,0,124
2022-10-29,Delta,N957XX,3427,BOS,CityName,State,SEA,CityName,State,0,0,-11,0,0,,314,2520,0,0,0,0,0
2022-10-29,JetBlue,N472XX,546,JFK,CityName,State,JFK,CityName,State,0,0,9,0,0,,71,1200,0,0,0,0,0
2022-10-29,United,N392XX,5470,ORD,CityName,State,ATL,CityName,State,0,0,-12,0,0,,285,2067,0,0,0,0,0
2022-10-29,United,N197XX,8233,BOS,CityName,State,DEN,CityName,State,0,0,-5,0,0,,259,2192,0,0,0,0,0
2022-10-29,United,N389XX,4574,SFO,CityName,State,LAX,CityName,State,60,1,64,1,0,,276,2095,0,0,64,0,0
2022-10-29,American,N126XX,4991,SFO,CityName,State,BOS,CityName,State,15,1,22,1,0,,201,1410,22,0,0,0,0
2022-10-29,Delta,N743XX,5329,JFK,CityName,State,DFW,CityName,State,0,0,-10,0,0,,306,2468,0,0,0,0,0
2022-10-29,JetBlue,N941XX,4253,SEA,CityName,State,LAX,CityName,State,0,0,0,0,0,,141,375,0,0,0,0,0
2022-10-29,American,N513XX,3146,DEN,CityName,State,ATL,CityName,State,0,0,-5,0,0,,300,1347,0,0,0,0,0
2022-10-29,American,N882XX,9665,MIA,CityName,State,MIA,CityName,State,0,0,-12,0,0,,324,585,0,0,0,0,0
2022-10-29,Delta,N905XX,4504,ATL,CityName,State,MIA,CityName,State,0,0,-1,0,0,,264,2868,0,0,0,0,0
2022-10-30,United,N745XX,8026,DEN,CityName,State,SFO,CityName,State,0,0,-12,0,0,,117,810,0,0,0,0,0
2022-10-30,Southwest,N417XX,4350,SEA,CityName,State,ATL,CityName,State,30,1,36,1,0,,358,737,36,0,0,0,0
2022-10-30,Southwest,N512XX,2685,BOS,CityName,State,SFO,CityName,State,0,0,-7,0,0,,209,2513,0,0,0,0,0
2022-10-30,Delta,N601XX,9226,SFO,CityName,State,DEN,CityName,State,0,0,10,0,0,,333,619,0,0,0,0,0
2022-10-30,American,N333XX,7031,SEA,CityName,State,SEA,CityName,State,0,0,1,0,0,,183,1924,0,0,0,0,0
2022-10-30,American,N463XX,1813,DFW,CityName,State,SEA,CityName,State,0,0,-13,0,0,,149,2634,0,0,0,0,0
2022-10-30,Delta,N947XX,4595,ORD,CityName,State,SEA,CityName,State,0,0,2,0,0,,186,2106,0,0,0,0,0
2022-10-30,JetBlue,N252XX,8670,MIA,CityName,State,SFO,CityName,State,0,0,-14,0,0,,83,2933,0,0,0,0,0
2022-10-30,American,N610XX,8107,DFW,CityName,State,JFK,CityName,State,0,0,2,0,0,,344,1215,0,0,0,0,0
2022-10-30,Delta,N924XX,4918,MIA,CityName,State,MIA,CityName,State,0,0,4,0,0,,102,2277,0,0,0,0,0
2022-10-31,Delta,N605XX,4225,MIA,CityName,State,ATL,CityName,State,0,0,-8,0,0,,307,1780,0,0,0,0,0
2022-10-31,Southwest,N465XX,1198,DEN,CityName,State,ORD,CityName,State,45,1,39,1,0,,125,2490,0,0,39,0,0
2022-10-31,Southwest,N814XX,5243,LAX,CityName,State,ORD,CityName,State,0,0,-10,0,0,,195,2436,0,0,0,0,0
2022-10-31,Delta,N275XX,3860,SEA,CityName,State,ATL,CityName,State,0,0,-4,0,0,,52,457,0,0,0,0,0
2022-10-31,American,N346XX,2665,DFW,CityName,State,DEN,CityName,State,0,0,-12,0,0,,200,167,0,0,0,0,0
2022-10-31,JetBlue,N592XX,9033,BOS,CityName,State,SEA,CityName,State,0,0,-12,0,0,,350,2969,0,0,0,0,0
2022-10-31,JetBlue,N326XX,5567,SFO,CityName,State,SFO,CityName,State,120,1,107,1,0,,244,2271,0,0,107,0,0
2022-10-31,Southwest,N897XX,3003,JFK,CityName,State,SFO,CityName,State,0,0,6,0,0,,229,1073,0,0,0,0,0
2022-10-31,United,N162XX,9529,SEA,CityName,State,DFW,CityName,State,60,1,53,1,0,,239,711,53,0,0,0,0
2022-10-31,United,N647XX,2411,BOS,CityName,State,SFO,CityName,State,0,0,10,0,0,,119,311,0,0,0,0,0
2022-10-31,United,N771XX,6365,SFO,CityName,State,BOS,CityName,State,0,0,10,0,0,,79,1772,0,0,0,0,0
2022-10-31,Southwest,N312XX,4082,JFK,CityName,State,BOS,CityName,State,0,0,10,0,0,,194,1581,0,0,0,0,0
2022-10-31,United,N480XX,4462,LAX,CityName,State,BOS,CityName,State,0,0,-11,0,0,,214,1386,0,0,0,0,0
2022-10-31,Delta,N478XX,8108,LAX,CityName,State,DFW,CityName,State,0,0,-10,0,0,,353,1921,0,0,0,0,0
2022-10-31,Southwest,N348XX,3370,BOS,CityName,State,ORD,CityName,State,0,0,6,0,0,,125,166,0,0,0,0,0
2022-11-01,JetBlue,N766XX,7309,BOS,CityName,State,SFO,CityName,State,0,0,10,0,0,,302,2719,0,0,0,0,0
2022-11-01,Delta,N439XX,9047,DEN,CityName,State,LAX,CityName,State,0,0,-5,0,0,,46,1898,0,0,0,0,0
2022-11-01,American,N369XX,9025,SEA,CityName,State,BOS,CityName,State,0,0,8,0,0,,325,886,0,0,0,0,0
2022-11-01,JetBlue,N777XX,6172,DFW,CityName,State,DFW,CityName,State,0,0,1,0,0,,149,1736,0,0,0,0,0
2022-11-01,Delta,N355XX,5900,LAX,CityName,State,DEN,CityName,State,30,1,24,1,0,,264,1820,0,24,0,0,0
2022-11-01,United,N967XX,4794,ORD,CityName,State,DEN,CityName,State,0,0,4,0,0,,133,1261,0,0,0,0,0
2022-11-01,American,N168XX,4647,DEN,CityName,State,DEN,CityName,State,0,0,7,0,0,,321,1118,0,0,0,0,0
2022-11-01,JetBlue,N355XX,7263,DEN,CityName,State,JFK,CityName,State,30,1,16,1,0,,280,1431,0,0,16,0,0
2022-11-01,JetBlue,N308XX,4418,JFK,CityName,State,MIA,CityName,State,0,0,-7,0,0,,97,1607,0,0,0,0,0
2022-11-01,JetBlue,N272XX,4976,BOS,CityName,State,ORD,CityName,State,0,0,10,0,0,,343,2583,0,0,0,0,0
2022-11-01,Delta,N819XX,5114,SFO,CityName,State,SEA,CityName,State,120,1,116,1,0,,220,1659,116,0,0,0,0
2022-11-01,United,N643XX,3415,BOS,CityName,State,DEN,CityName,State,15,1,17,1,0,,233,2794,0,0,0,0,17
2022-11-01,Southwest,N916XX,3193,JFK,CityName,State,BOS,CityName,State,45,1,53,1,0,,245,2240,53,0,0,0,0
2022-11-01,Delta,N226XX,2594,ORD,CityName,State,JFK,CityName,State,60,1,53,1,0,,139,1190,0,0,0,0,53
2022-11-01,United,N586XX,9136,JFK,CityName,State,LAX,CityName,State,15,1,6,0,0,,240,885,0,0,0,0,0
2022-11-01,United,N457XX,4183,MIA,CityName,State,ATL,CityName,State,120,1,109,1,0,,87,590,0,0,109,0,0
2022-11-02,JetBlue,N452XX,6324,MIA,CityName,State,DFW,CityName,State,0,0,9,0,0,,245,409,0,0,0,0,0
2022-11-02,JetBlue,N154XX,2023,DEN,CityName,State,LAX,CityName,State,30,1,20,1,0,,310,660,0,0,0,0,20
2022-11-02,American,N153XX,6074,LAX,CityName,State,ATL,CityName,State,0,0,-3,0,0,,337,646,0,0,0,0,0
2022-11-02,JetBlue,N464XX,6986,DFW,CityName,State,ATL,CityName,State,0,0,7,0,0,,334,1500,0,0,0,0,0
2022-11-02,American,N116XX,2580,SFO,CityName,State,ATL,CityName,State,240,1,234,1,0,,106,607,0,0,0,0,234
2022-11-02,Delta,N331XX,3740,SFO,CityName,State,BOS,CityName,State,60,1,50,1,0,,164,2999,0,0,50,0,0
2022-11-02,United,N148XX,6822,LAX,CityName,State,SFO,CityName,State,15,1,17,1,0,,211,2715,0,17,0,0,0
2022-11-02,Delta,N796XX,9885,MIA,CityName,State,ORD,CityName,State,0,0,6,0,0,,221,2784,0,0,0,0,0
2022-11-02,Southwest,N467XX,2060,DEN,CityName,State,LAX,CityName,State,0,0,-6,0,0,,232,2740,0,0,0,0,0
2022-11-02,JetBlue,N607XX,659,DEN,CityName,State,LAX,CityName,State,0,0,2,0,0,,271,2958,0,0,0,0,0
2022-11-02,Southwest,N319XX,662,ORD,CityName,State,SFO,CityName,State,0,0,-9,0,0,,186,1006,0,0,0,0,0
2022-11-02,Southwest,N541XX,243,ATL,CityName,State,DEN,CityName,State,30,1,34,1,0,,239,634,0,0,34,0,0
2022-11-02,JetBlue,N289XX,243,JFK,CityName,State,DFW,CityName,State,0,0,-9,0,0,,114,1000,0,0,0,0,0
2022-11-03,JetBlue,N496XX,128,MIA,CityName,State,BOS,CityName,State,60,1,51,1,0,,319,1957,51,0,0,0,0
2022-11-03,United,N216XX,4358,SFO,CityName,State,ORD,CityName,State,15,1,1,0,0,,310,820,0,0,0,0,0
2022-11-03,United,N596XX,6815,DEN,CityName,State,ORD,CityName,State,60,1,59,1,0,,357,1267,0,59,0,0,0
2022-11-03,Delta,N189XX,5964,DEN,CityName,State,SEA,CityName,State,0,0,-12,0,0,,148,1254,0,0,0,0,0
2022-11-03,Southwest,N665XX,1899,ATL,CityName,State,BOS,CityName,State,0,0,-11,0,0,,158,2505,0,0,0,0,0
2022-11-03,Delta,N379XX,6730,SFO,CityName,State,BOS,CityName,State,0,0,-1,0,0,,169,2837,0,0,0,0,0
2022-11-03,Southwest,N945XX,5309,LAX,CityName,State,DFW,CityName,State,0,0,6,0,0,,134,1426,0,0,0,0,0
2022-11-03,Delta,N483XX,5390,SEA,CityName,State,DFW,CityName,State,0,0,-13,0,0,,184,1930,0,0,0,0,0
2022-11-03,United,N242XX,6546,ATL,CityName,State,ORD,CityName,State,0,0,-12,0,0,,105,1757,0,0,0,0,0
2022-11-03,Southwest,N157XX,5014,SEA,CityName,State,JFK,CityName,State,0,0,9,0,0,,140,1445,0,0,0,0,0
2022-11-03,American,N177XX,8066,DFW,CityName,State,DFW,CityName,State,0,0,5,0,0,,224,2633,0,0,0,0,0
2022-11-03,JetBlue,N780XX,2559,MIA,CityName,State,LAX,CityName,State,45,1,49,1,0,,86,1162,49,0,0,0,0
2022-11-03,Southwest,N358XX,9548,SFO,CityName,State,SFO,CityName,State,0,0,-3,0,0,,342,189,0,0,0,0,0
2022-11-03,Delta,N497XX,446,SFO,CityName,State,MIA,CityName,State,0,0,-13,0,0,,319,1363,0,0,0,0,0
2022-11-03,United,N304XX,2297,BOS,CityName,State,MIA,CityName,State,0,0,-8,0,0,,81,596,0,0,0,0,0
2022-11-03,JetBlue,N512XX,1147,SFO,CityName,State,ORD,CityName,State,0,0,0,0,0,,253,1271,0,0,0,0,0
2022-11-03,United,N227XX,9750,ATL,CityName,State,ATL,CityName,State,120,1,111,1,0,,268,2184,111,0,0,0,0
2022-11-03,American,N462XX,7561,BOS,CityName,State,LAX,CityName,State,30,1,40,1,0,,236,2384,0,40,0,0,0
2022-11-04,Delta,N799XX,7464,SEA,CityName,State,DFW,CityName,State,0,0,-2,0,0,,143,672,0,0,0,0,0
2022-11-04,Delta,N784XX,3995,LAX,CityName,State,ORD,CityName,State,45,1,43,1,0,,358,1353,0,43,0,0,0
2022-11-04,American,N131XX,2330,LAX,CityName,State,SFO,CityName,State,0,0,6,0,0,,181,2745,0,0,0,0,0
2022-11-04,United,N402XX,7956,JFK,CityName,State,ORD,CityName,State,0,0,6,0,0,,253,545,0,0,0,0,0
2022-11-04,Southwest,N778XX,5106,MIA,CityName,State,MIA,CityName,State,30,1,16,1,0,,249,1459,0,16,0,0,0
2022-11-04,United,N815XX,6821,DFW,CityName,State,ATL,CityName,State,0,0,0,0,1,A,136,2138,0,0,0,0,0
2022-11-04,Delta,N101XX,6922,MIA,CityName,State,BOS,CityName,State,0,0,-8,0,0,,267,348,0,0,0,0,0
2022-11-04,American,N291XX,7400,SFO,CityName,State,SFO,CityName,State,0,0,-3,0,0,,219,299,0,0,0,0,0
2022-11-04,American,N724XX,1791,DEN,CityName,State,DEN,CityName,State,60,1,69,1,0,,141,2732,0,0,0,0,69
2022-11-04,Southwest,N660XX,3931,LAX,CityName,State,BOS,CityName,State,0,0,6,0,0,,272,2734,0,0,0,0,0
2022-11-04,American,N227XX,3272,DFW,CityName,State,DEN,CityName,State,30,1,28,1,0,,95,2310,28,0,0,0,0
2022-11-04,JetBlue,N974XX,4209,DEN,CityName,State,ATL,CityName,State,0,0,-14,0,0,,115,324,0,0,0,0,0
2022-11-04,Southwest,N604XX,1919,SEA,CityName,State,DFW,CityName,State,0,0,-8,0,0,,184,1583,0,0,0,0,0
2022-11-04,JetBlue,N259XX,2282,ATL,CityName,State,SEA,CityName,State,45,1,39,1,0,,108,1053,0,0,39,0,0
2022-11-04,Southwest,N926XX,9498,SEA,CityName,State,ATL,CityName,State,0,0,-7,0,0,,320,1711,0,0,0,0,0
2022-11-04,United,N661XX,321,DEN,CityName,State,ORD,CityName,State,0,0,-6,0,0,,144,604,0,0,0,0,0
2022-11-04,Delta,N687XX,4155,LAX,CityName,State,ORD,CityName,State,0,0,-12,0,0,,49,1078,0,0,0,0,0
2022-11-04,JetBlue,N881XX,2672,SFO,CityName,State,ATL,CityName,State,15,1,4,0,0,,340,1915,0,0,0,0,0
2022-11-05,United,N874XX,7279,SFO,CityName,State,LAX,CityName,State,0,0,7,0,0,,289,621,0,0,0,0,0
2022-11-05,Southwest,N872XX,7026,DFW,CityName,State,DEN,CityName,State,0,0,3,0,0,,143,1746,0,0,0,0,0
2022-11-05,American,N672XX,9789,DEN,CityName,State,SFO,CityName,State,120,1,121,1,0,,119,716,0,121,0,0,0
2022-11-05,United,N908XX,582,SFO,CityName,State,JFK,CityName,State,0,0,-9,0,0,,194,413,0,0,0,0,0
2022-11-05,JetBlue,N236XX,9182,SEA,CityName,State,JFK,CityName,State,45,1,44,1,0,,172,2606,0,0,44,0,0
2022-11-05,JetBlue,N648XX,6857,ATL,CityName,State,ORD,CityName,State,30,1,30,1,0,,234,997,30,0,0,0,0
2022-11-05,United,N460XX,4051,LAX,CityName,State,SFO,CityName,State,0,0,-6,0,0,,345,828,0,0,0,0,0
2022-11-05,United,N747XX,1386,ATL,CityName,State,MIA,CityName,State,0,0,5,0,0,,220,1485,0,0,0,0,0
2022-11-05,JetBlue,N771XX,3225,MIA,CityName,State,ATL,CityName,State,0,0,-10,0,0,,352,1093,0,0,0,0,0
2022-11-05,United,N764XX,6253,SEA,CityName,State,MIA,CityName,State,0,0,-8,0,0,,46,1332,0,0,0,0,0
2022-11-05,Delta,N457XX,9103,DFW,CityName,State,BOS,CityName,State,15,1,18,1,0,,282,2631,18,0,0,0,0
2022-11-05,American,N923XX,7450,DFW,CityName,State,MIA,CityName,State,0,0,4,0,0,,88,2587,0,0,0,0,0
2022-11-05,Delta,N877XX,2848,DEN,CityName,State,MIA,CityName,State,0,0,6,0,0,,306,787,0,0,0,0,0
2022-11-05,United,N153XX,6383,SEA,CityName,State,SFO,CityName,State,0,0,-2,0,0,,269,2631,0,0,0,0,0
2022-11-05,American,N898XX,7561,JFK,CityName,State,BOS,CityName,State,0,0,4,0,0,,187,2552,0,0,0,0,0
2022-11-05,Southwest,N588XX,854,DEN,CityName,State,LAX,CityName,State,0,0,0,0,0,,269,1908,0,0,0,0,0
2022-11-05,American,N634XX,8710,DEN,CityName,State,SEA,CityName,State,0,0,-11,0,0,,173,2601,0,0,0,0,0
2022-11-05,JetBlue,N423XX,9945,DEN,CityName,State,SFO,CityName,State,0,0,-13,0,0,,286,2574,0,0,0,0,0
2022-11-05,American,N946XX,197,ORD,CityName,State,DFW,CityName,State,0,0,-3,0,0,,205,2722,0,0,0,0,0
2022-11-05,United,N433XX,764,MIA,CityName,State,DFW,CityName,State,0,0,-10,0,0,,174,2463,0,0,0,0,0
2022-11-05,JetBlue,N862XX,8970,BOS,CityName,State,ATL,CityName,State,0,0,-9,0,0,,250,163,0,0,0,0,0
2022-11-05,JetBlue,N205XX,3680,DEN,CityName,State,DFW,CityName,State,0,0,2,0,0,,288,986,0,0,0,0,0
2022-11-05,American,N619XX,1107,BOS,CityName,State,LAX,CityName,State,0,0,10,0,0,,354,265,0,0,0,0,0
2022-11-05,Southwest,N129XX,1891,BOS,CityName,State,DEN,CityName,State,0,0,-12,0,0,,46,1458,0,0,0,0,0
2022-11-05,Delta,N146XX,5028,SFO,CityName,State,ORD,CityName,State,15,1,1,0,0,,274,573,0,0,0,0,0
2022-11-06,American,N570XX,1395,ORD,CityName,State,DEN,CityName,State,0,0,-6,0,0,,254,2173,0,0,0,0,0
2022-11-06,JetBlue,N228XX,8899,JFK,CityName,State,MIA,CityName,State,0,0,7,0,0,,228,992,0,0,0,0,0
2022-11-06,Delta,N334XX,8066,BOS,CityName,State,ATL,CityName,State,0,0,3,0,0,,117,857,0,0,0,0,0
2022-11-06,Delta,N555XX,2511,LAX,CityName,State,BOS,CityName,State,0,0,7,0,0,,268,1811,0,0,0,0,0
2022-11-06,Southwest,N458XX,3549,ATL,CityName,State,ORD,CityName,State,240,1,250,1,0,,286,1547,0,250,0,0,0
2022-11-06,United,N445XX,2036,LAX,CityName,State,LAX,CityName,State,0,0,-13,0,0,,116,2254,0,0,0,0,0
2022-11-06,JetBlue,N106XX,6622,ATL,CityName,State,MIA,CityName,State,15,1,14,0,0,,359,1447,0,0,0,0,0
2022-11-06,United,N431XX,3572,JFK,CityName,State,MIA,CityName,State,0,0,-5,0,0,,182,2424,0,0,0,0,0
2022-11-06,Delta,N267XX,2794,BOS,CityName,State,MIA,CityName,State,0,0,3,0,0,,221,1608,0,0,0,0,0
2022-11-06,Delta,N427XX,9445,ORD,CityName,State,DEN,CityName,State,15,1,11,0,0,,164,2842,0,0,0,0,0
2022-11-06,Delta,N961XX,1126,BOS,CityName,State,ORD,CityName,State,15,1,7,0,0,,52,911,0,0,0,0,0
2022-11-06,JetBlue,N694XX,967,BOS,CityName,State,SFO,CityName,State,0,0,8,0,0,,322,1405,0,0,0,0,0
2022-11-07,United,N382XX,5240,DFW,CityName,State,ORD,CityName,State,0,0,-1,0,0,,342,1413,0,0,0,0,0
2022-11-07,American,N274XX,6909,SEA,CityName,State,MIA,CityName,State,0,0,-2,0,0,,351,2798,0,0,0,0,0
2022-11-07,Southwest,N465XX,4667,ORD,CityName,State,SEA,CityName,State,0,0,6,0,0,,285,2917,0,0,0,0,0
2022-11-07,United,N808XX,1095,MIA,CityName,State,LAX,CityName,State,15,1,1,0,0,,247,212,0,0,0,0,0
2022-11-07,JetBlue,N358XX,6613,MIA,CityName,State,SEA,CityName,State,0,0,1,0,0,,131,2707,0,0,0,0,0
2022-11-07,American,N117XX,1068,JFK,CityName,State,ATL,CityName,State,0,0,-3,0,0,,138,1846,0,0,0,0,0
2022-11-07,Delta,N751XX,876,JFK,CityName,State,BOS,CityName,State,0,0,6,0,0,,131,2613,0,0,0,0,0
2022-11-07,United,N576XX,6458,MIA,CityName,State,BOS,CityName,State,0,0,4,0,0,,253,1988,0,0,0,0,0
2022-11-07,Delta,N392XX,1165,JFK,CityName,State,LAX,CityName,State,0,0,-14,0,0,,195,2678,0,0,0,0,0
2022-11-07,American,N225XX,7183,DEN,CityName,State,DEN,CityName,State,30,1,24,1,0,,192,241,24,0,0,0,0
2022-11-07,Southwest,N371XX,7051,BOS,CityName,State,DEN,CityName,State,0,0,1,0,0,,116,1438,0,0,0,0,0
2022-11-07,American,N945XX,7159,DFW,CityName,State,BOS,CityName,State,0,0,1,0,0,,175,808,0,0,0,0,0
2022-11-07,JetBlue,N701XX,4361,ORD,CityName,State,SEA,CityName,State,0,0,-9,0,0,,145,2519,0,0,0,0,0
2022-11-07,United,N673XX,6479,MIA,CityName,State,DFW,CityName,State,0,0,0,0,1,A,46,1437,0,0,0,0,0
2022-11-07,United,N246XX,8022,MIA,CityName,State,SFO,CityName,State,15,1,4,0,0,,269,605,0,0,0,0,0
2022-11-08,Delta,N228XX,5912,MIA,CityName,State,ORD,CityName,State,0,0,8,0,0,,309,1266,0,0,0,0,0
2022-11-08,United,N678XX,9231,SFO,CityName,State,ATL,CityName,State,45,1,44,1,0,,49,1090,0,0,44,0,0
2022-11-08,JetBlue,N889XX,3060,MIA,CityName,State,BOS,CityName,State,15,1,2,0,0,,160,2945,0,0,0,0,0
2022-11-08,JetBlue,N563XX,2595,MIA,CityName,State,DFW,CityName,State,240,1,238,1,0,,62,2867,0,0,238,0,0
2022-11-08,United,N533XX,9693,SEA,CityName,State,SFO,CityName,State,0,0,-8,0,0,,169,615,0,0,0,0,0
2022-11-08,United,N378XX,104,MIA,CityName,State,DFW,CityName,State,0,0,1,0,0,,297,2054,0,0,0,0,0
2022-11-08,United,N267XX,3916,MIA,CityName,State,ORD,CityName,State,0,0,-5,0,0,,274,958,0,0,0,0,0
2022-11-08,United,N965XX,9017,LAX,CityName,State,SEA,CityName,State,0,0,-5,0,0,,305,2056,0,0,0,0,0
2022-11-08,Southwest,N323XX,3241,DEN,CityName,State,SEA,CityName,State,15,1,3,0,0,,163,2258,0,0,0,0,0
2022-11-08,JetBlue,N708XX,3916,ORD,CityName,State,JFK,CityName,State,0,0,-11,0,0,,144,811,0,0,0,0,0
2022-11-08,JetBlue,N421XX,6030,LAX,CityName,State,SEA,CityName,State,0,0,8,0,0,,128,1455,0,0,0,0,0
2022-11-08,Southwest,N682XX,4316,BOS,CityName,State,JFK,CityName,State,0,0,3,0,0,,347,266,0,0,0,0,0
2022-11-08,JetBlue,N851XX,5137,MIA,CityName,State,DEN,CityName,State,0,0,-12,0,0,,97,196,0,0,0,0,0
2022-11-08,American,N879XX,5017,LAX,CityName,State,ATL,CityName,State,0,0,7,0,0,,91,510,0,0,0,0,0
2022-11-08,JetBlue,N308XX,3350,SFO,CityName,State,LAX,CityName,State,15,1,12,0,0,,85,2202,0,0,0,0,0
2022-11-08,JetBlue,N954XX,9900,MIA,CityName,State,SFO,CityName,State,0,0,-9,0,0,,284,1761,0,0,0,0,0
2022-11-08,JetBlue,N750XX,3012,JFK,CityName,State,DEN,CityName,State,0,0,-7,0,0,,247,2276,0,0,0,0,0
2022-11-09,United,N326XX,5445,MIA,CityName,State,ORD,CityName,State,0,0,-13,0,0,,355,1517,0,0,0,0,0
2022-11-09,Southwest,N266XX,8779,JFK,CityName,State,BOS,CityName,State,60,1,63,1,0,,288,2628,63,0,0,0,0
2022-11-09,United,N169XX,207,SEA,CityName,State,SFO,CityName,State,15,1,20,1,0,,50,1922,20,0,0,0,0
2022-11-09,Southwest,N649XX,7410,DFW,CityName,State,BOS,CityName,State,0,0,5,0,0,,220,2942,0,0,0,0,0
2022-11-09,Delta,N830XX,9645,LAX,CityName,State,ATL,CityName,State,0,0,9,0,0,,75,162,0,0,0,0,0
2022-11-09,JetBlue,N238XX,3648,ORD,CityName,State,SEA,CityName,State,0,0,6,0,0,,242,553,0,0,0,0,0
2022-11-09,Delta,N875XX,1645,MIA,CityName,State,JFK,CityName,State,0,0,-14,0,0,,116,1079,0,0,0,0,0
2022-11-09,American,N586XX,5020,ORD,CityName,State,LAX,CityName,State,0,0,-13,0,0,,141,1621,0,0,0,0,0
2022-11-09,JetBlue,N750XX,4364,DFW,CityName,State,LAX,CityName,State,0,0,-9,0,0,,331,2228,0,0,0,0,0
2022-11-09,JetBlue,N712XX,6393,BOS,CityName,State,JFK,CityName,State,0,0,-8,0,0,,264,852,0,0,0,0,0
2022-11-10,American,N633XX,9663,JFK,CityName,State,SFO,CityName,State,0,0,-2,0,0,,149,2882,0,0,0,0,0
2022-11-10,JetBlue,N393XX,824,SFO,CityName,State,JFK,CityName,State,0,0,-5,0,0,,334,1549,0,0,0,0,0
2022-11-10,United,N165XX,9325,DEN,CityName,State,DFW,CityName,State,0,0,6,0,0,,340,2765,0,0,0,0,0
2022-11-10,JetBlue,N894XX,3062,SFO,CityName,State,MIA,CityName,State,0,0,-9,0,0,,66,2298,0,0,0,0,0
2022-11-10,Delta,N658XX,1881,LAX,CityName,State,LAX,CityName,State,60,1,59,1,0,,118,2250,0,59,0,0,0
2022-11-10,JetBlue,N769XX,1929,SFO,CityName,State,SFO,CityName,State,15,1,3,0,0,,130,2646,0,0,0,0,0
2022-11-10,United,N315XX,9209,LAX,CityName,State,BOS,CityName,State,0,0,-6,0,0,,338,2967,0,0,0,0,0
2022-11-10,JetBlue,N478XX,3058,MIA,CityName,State,LAX,CityName,State,0,0,4,0,0,,91,2146,0,0,0,0,0
2022-11-10,JetBlue,N534XX,9930,MIA,CityName,State,DEN,CityName,State,0,0,-8,0,0,,335,1341,0,0,0,0,0
2022-11-10,United,N185XX,9592,ORD,CityName,State,SFO,CityName,State,30,1,19,1,0,,266,1454,0,0,0,0,19
2022-11-10,American,N100XX,7702,BOS,CityName,State,ATL,CityName,State,0,0,-13,0,0,,146,411,0,0,0,0,0
2022-11-10,JetBlue,N619XX,9059,DEN,CityName,State,SEA,CityName,State,0,0,9,0,0,,190,2539,0,0,0,0,0
2022-11-11,Southwest,N710XX,9956,DEN,CityName,State,SEA,CityName,State,15,1,21,1,0,,226,2612,0,0,21,0,0
2022-11-11,Southwest,N368XX,8591,DEN,CityName,State,DEN,CityName,State,0,0,5,0,0,,196,895,0,0,0,0,0
2022-11-11,Delta,N533XX,5309,MIA,CityName,State,SFO,CityName,State,0,0,-12,0,0,,342,2720,0,0,0,0,0
2022-11-11,JetBlue,N797XX,1488,ATL,CityName,State,MIA,CityName,State,30,1,33,1,0,,321,922,0,33,0,0,0
2022-11-11,Delta,N954XX,8944,MIA,CityName,State,DFW,CityName,State,0,0,6,0,0,,302,334,0,0,0,0,0
2022-11-11,United,N320XX,1119,BOS,CityName,State,SFO,CityName,State,0,0,-3,0,0,,78,534,0,0,0,0,0
2022-11-11,Southwest,N320XX,582,LAX,CityName,State,ATL,CityName,State,0,0,-6,0,0,,321,1422,0,0,0,0,0
2022-11-11,Southwest,N992XX,2881,LAX,CityName,State,MIA,CityName,State,0,0,0,0,0,,161,264,0,0,0,0,0
2022-11-11,American,N820XX,6444,ATL,CityName,State,MIA,CityName,State,15,1,21,1,0,,80,1483,0,0,21,0,0
2022-11-11,Southwest,N913XX,7376,SFO,CityName,State,JFK,CityName,State,0,0,-10,0,0,,166,2376,0,0,0,0,0
2022-11-11,United,N571XX,3415,SFO,CityName,State,LAX,CityName,State,0,0,7,0,0,,217,1090,0,0,0,0,0
2022-11-11,Southwest,N608XX,8678,MIA,CityName,State,MIA,CityName,State,0,0,9,0,0,,195,2825,0,0,0,0,0
2022-11-12,JetBlue,N450XX,6237,SEA,CityName,State,ATL,CityName,State,0,0,10,0,0,,145,1566,0,0,0,0,0
2022-11-12,JetBlue,N308XX,4984,MIA,CityName,State,SEA,CityName,State,0,0,10,0,0,,224,1615,0,0,0,0,0
2022-11-12,Delta,N704XX,7402,DFW,CityName,State,DFW,CityName,State,0,0,-10,0,0,,275,285,0,0,0,0,0
2022-11-12,Southwest,N743XX,9400,LAX,CityName,State,ORD,CityName,State,0,0,-11,0,0,,130,2093,0,0,0,0,0
2022-11-12,American,N433XX,7701,LAX,CityName,State,ORD,CityName,State,30,1,23,1,0,,343,303,0,0,23,0,0
2022-11-12,JetBlue,N406XX,171,LAX,CityName,State,LAX,CityName,State,0,0,8,0,0,,247,200,0,0,0,0,0
2022-11-12,United,N407XX,7096,ORD,CityName,State,ORD,CityName,State,0,0,0,0,1,A,320,1436,0,0,0,0,0
2022-11-12,American,N435XX,1321,SFO,CityName,State,LAX,CityName,State,0,0,-2,0,0,,182,2102,0,0,0,0,0
2022-11-12,American,N146XX,2578,ATL,CityName,State,SFO,CityName,State,15,1,9,0,0,,223,742,0,0,0,0,0
2022-11-12,American,N269XX,609,ATL,CityName,State,DFW,CityName,State,0,0,3,0,0,,81,981,0,0,0,0,0
2022-11-12,Delta,N512XX,4158,JFK,CityName,State,DEN,CityName,State,0,0,-5,0,0,,148,477,0,0,0,0,0
2022-11-12,JetBlue,N947XX,5428,DFW,CityName,State,MIA,CityName,State,15,1,1,0,0,,356,1678,0,0,0,0,0
2022-11-12,American,N305XX,5414,LAX,CityName,State,ORD,CityName,State,0,0,0,0,0,,95,1250,0,0,0,0,0
2022-11-13,United,N436XX,474,LAX,CityName,State,SEA,CityName,State,0,0,-13,0,0,,337,1576,0,0,0,0,0
2022-11-13,Delta,N813XX,5232,LAX,CityName,State,BOS,CityName,State,0,0,4,0,0,,45,1979,0,0,0,0,0
2022-11-13,American,N987XX,3238,MIA,CityName,State,SEA,CityName,State,0,0,10,0,0,,312,971,0,0,0,0,0
2022-11-13,United,N886XX,8326,BOS,CityName,State,BOS,CityName,State,0,0,-1,0,0,,281,2883,0,0,0,0,0
2022-11-13,JetBlue,N508XX,7379,SEA,CityName,State,LAX,CityName,State,0,0,4,0,0,,85,2133,0,0,0,0,0
2022-11-13,Delta,N275XX,4116,ATL,CityName,State,SEA,CityName,State,45,1,42,1,0,,144,2202,0,0,0,0,42
2022-11-13,Southwest,N274XX,2652,DFW,CityName,State,MIA,CityName,State,0,0,-14,0,0,,292,1540,0,0,0,0,0
2022-11-13,American,N182XX,3282,JFK,CityName,State,SEA,CityName,State,60,1,66,1,0,,307,2473,0,0,66,0,0
2022-11-13,American,N780XX,400,SFO,CityName,State,ATL,CityName,State,0,0,-12,0,0,,252,2633,0,0,0,0,0
2022-11-13,Delta,N454XX,6965,ATL,CityName,State,ORD,CityName,State,0,0,-13,0,0,,95,896,0,0,0,0,0
2022-11-13,United,N978XX,1613,ORD,CityName,State,JFK,CityName,State,0,0,1,0,0,,60,2578,0,0,0,0,0
2022-11-13,Southwest,N506XX,9955,ORD,CityName,State,JFK,CityName,State,0,0,10,0,0,,298,2845,0,0,0,0,0
2022-11-13,American,N531XX,2951,DEN,CityName,State,DEN,CityName,State,0,0,-9,0,0,,116,2242,0,0,0,0,0
2022-11-13,Delta,N637XX,3463,BOS,CityName,State,LAX,CityName,State,0,0,-5,0,0,,202,1876,0,0,0,0,0
2022-11-13,American,N663XX,5767,BOS,CityName,State,DEN,CityName,State,0,0,0,0,0,,357,167,0,0,0,0,0
2022-11-13,American,N757XX,3046,DFW,CityName,State,DFW,CityName,State,0,0,-11,0,0,,331,1532,0,0,0,0,0
2022-11-13,Southwest,N489XX,8442,JFK,CityName,State,LAX,CityName,State,0,0,-10,0,0,,329,288,0,0,0,0,0
2022-11-13,Southwest,N342XX,435,SEA,CityName,State,ATL,CityName,State,0,0,9,0,0,,260,2482,0,0,0,0,0
2022-11-13,JetBlue,N914XX,5059,JFK,CityName,State,MIA,CityName,State,0,0,6,0,0,,315,1979,0,0,0,0,0
2022-11-14,JetBlue,N618XX,9244,ATL,CityName,State,DFW,CityName,State,0,0,-3,0,0,,318,1204,0,0,0,0,0
2022-11-14,United,N609XX,6829,LAX,CityName,State,ATL,CityName,State,0,0,-8,0,0,,201,735,0,0,0,0,0
2022-11-14,JetBlue,N645XX,8212,ATL,CityName,State,DFW,CityName,State,60,1,68,1,0,,330,1257,0,68,0,0,0
2022-11-14,American,N906XX,9720,DEN,CityName,State,MIA,CityName,State,0,0,4,0,0,,146,1883,0,0,0,0,0
2022-11-14,Delta,N478XX,6082,LAX,CityName,State,JFK,CityName,State,45,1,48,1,0,,305,1823,48,0,0,0,0
2022-11-14,JetBlue,N128XX,9807,SFO,CityName,State,SFO,CityName,State,240,1,229,1,0,,307,2082,0,0,229,0,0
2022-11-14,Southwest,N267XX,7391,MIA,CityName,State,DFW,CityName,State,0,0,8,0,0,,279,2796,0,0,0,0,0
2022-11-14,Delta,N424XX,2623,SFO,CityName,State,SFO,CityName,State,0,0,-7,0,0,,307,1126,0,0,0,0,0
2022-11-14,Delta,N206XX,4757,ATL,CityName,State,LAX,CityName,State,15,1,19,1,0,,355,544,19,0,0,0,0
2022-11-14,Delta,N920XX,9936,DEN,CityName,State,LAX,CityName,State,0,0,7,0,0,,131,670,0,0,0,0,0
2022-11-15,JetBlue,N975XX,2184,MIA,CityName,State,LAX,CityName,State,0,0,-2,0,0,,294,1183,0,0,0,0,0
2022-11-15,American,N412XX,4326,DEN,CityName,State,LAX,CityName,State,0,0,-4,0,0,,265,1050,0,0,0,0,0
2022-11-15,Southwest,N643XX,7231,SEA,CityName,State,SFO,CityName,State,0,0,-4,0,0,,66,535,0,0,0,0,0
2022-11-15,American,N868XX,2560,SFO,CityName,State,ORD,CityName,State,45,1,49,1,0,,187,975,0,49,0,0,0
2022-11-15,Southwest,N653XX,2225,ATL,CityName,State,MIA,CityName,State,0,0,2,0,0,,183,2236,0,0,0,0,0
2022-11-15,American,N688XX,4415,DEN,CityName,State,BOS,CityName,State,0,0,3,0,0,,338,2466,0,0,0,0,0
2022-11-15,United,N342XX,2320,SEA,CityName,State,MIA,CityName,State,0,0,-5,0,0,,170,2369,0,0,0,0,0
2022-11-15,Delta,N837XX,1154,SFO,CityName,State,DEN,CityName,State,0,0,-3,0,0,,95,370,0,0,0,0,0
2022-11-15,Southwest,N812XX,3608,LAX,CityName,State,JFK,CityName,State,0,0,10,0,0,,355,1155,0,0,0,0,0
2022-11-15,United,N432XX,2839,BOS,CityName,State,JFK,CityName,State,15,1,1,0,0,,344,1412,0,0,0,0,0
2022-11-16,Southwest,N886XX,5619,ATL,CityName,State,ORD,CityName,State,0,0,-9,0,0,,116,2367,0,0,0,0,0
2022-11-16,American,N201XX,4877,DEN,CityName,State,SFO,CityName,State,15,1,1,0,0,,65,2372,0,0,0,0,0
2022-11-16,Delta,N376XX,5487,SEA,CityName,State,MIA,CityName,State,0,0,6,0,0,,344,292,0,0,0,0,0
2022-11-16,Delta,N241XX,2598,BOS,CityName,State,LAX,CityName,State,0,0,6,0,0,,247,973,0,0,0,0,0
2022-11-16,United,N747XX,5695,BOS,CityName,State,ORD,CityName,State,0,0,3,0,0,,132,1540,0,0,0,0,0
2022-11-16,American,N261XX,6544,SEA,CityName,State,JFK,CityName,State,30,1,23,1,0,,162,1095,23,0,0,0,0
2022-11-16,United,N979XX,8879,ORD,CityName,State,ORD,CityName,State,15,1,13,0,0,,344,1102,0,0,0,0,0
2022-11-17,JetBlue,N534XX,6221,ATL,CityName,State,DEN,CityName,State,0,0,-1,0,0,,211,621,0,0,0,0,0
2022-11-17,United,N220XX,8354,ORD,CityName,State,DFW,CityName,State,0,0,-6,0,0,,221,318,0,0,0,0,0
2022-11-17,Southwest,N577XX,3818,ORD,CityName,State,ORD,CityName,State,0,0,1,0,0,,302,1849,0,0,0,0,0
2022-11-17,American,N273XX,1995,SEA,CityName,State,DEN,CityName,State,0,0,-14,0,0,,350,402,0,0,0,0,0
2022-11-17,American,N381XX,164,DEN,CityName,State,DFW,CityName,State,15,1,2,0,0,,245,473,0,0,0,0,0
2022-11-17,American,N994XX,3766,MIA,CityName,State,ATL,CityName,State,45,1,39,1,0,,214,1619,39,0,0,0,0
2022-11-17,United,N933XX,3609,MIA,CityName,State,DEN,CityName,State,30,1,29,1,0,,358,2773,0,29,0,0,0
2022-11-17,American,N373XX,7052,SEA,CityName,State,SFO,CityName,State,240,1,241,1,0,,299,910,241,0,0,0,0
2022-11-18,American,N982XX,693,MIA,CityName,State,BOS,CityName,State,15,1,15,1,0,,254,1559,15,0,0,0,0
2022-11-18,Southwest,N271XX,4861,ORD,CityName,State,BOS,CityName,State,0,0,5,0,0,,239,2922,0,0,0,0,0
2022-11-18,United,N938XX,7035,DFW,CityName,State,ATL,CityName,State,0,0,-7,0,0,,196,2045,0,0,0,0,0
2022-11-18,American,N863XX,5433,MIA,CityName,State,SFO,CityName,State,0,0,-3,0,0,,253,2591,0,0,0,0,0
2022-11-18,Southwest,N208XX,8717,DFW,CityName,State,SFO,CityName,State,0,0,1,0,0,,218,1431,0,0,0,0,0
2022-11-18,American,N948XX,8562,JFK,CityName,State,BOS,CityName,State,0,0,-10,0,0,,209,1735,0,0,0,0,0
2022-11-18,American,N184XX,4237,SEA,CityName,State,DEN,CityName,State,0,0,-2,0,0,,323,1532,0,0,0,0,0
2022-11-18,American,N918XX,6447,ATL,CityName,State,BOS,CityName,State,0,0,-10,0,0,,333,760,0,0,0,0,0
2022-11-18,Delta,N286XX,9065,LAX,CityName,State,ATL,CityName,State,0,0,-9,0,0,,189,1978,0,0,0,0,0
2022-11-18,Southwest,N349XX,6661,DFW,CityName,State,MIA,CityName,State,0,0,-10,0,0,,230,1920,0,0,0,0,0
2022-11-18,United,N142XX,8386,SEA,CityName,State,DEN,CityName,State,0,0,-6,0,0,,245,1404,0,0,0,0,0
2022-11-19,Southwest,N363XX,2002,DEN,CityName,State,BOS,CityName,State,0,0,9,0,0,,163,976,0,0,0,0,0
2022-11-19,American,N123XX,3303,ORD,CityName,State,ATL,CityName,State,60,1,48,1,0,,86,2225,0,0,48,0,0
2022-11-19,American,N677XX,6874,MIA,CityName,State,SFO,CityName,State,15,1,18,1,0,,167,2648,0,18,0,0,0
2022-11-19,JetBlue,N335XX,5644,ORD,CityName,State,LAX,CityName,State,0,0,-7,0,0,,198,1687,0,0,0,0,0
2022-11-19,Southwest,N993XX,9742,ATL,CityName,State,ATL,CityName,State,0,0,-13,0,0,,125,774,0,0,0,0,0
2022-11-19,American,N634XX,6690,DFW,CityName,State,BOS,CityName,State,0,0,-14,0,0,,46,2350,0,0,0,0,0
2022-11-19,United,N748XX,991,JFK,CityName,State,JFK,CityName,State,0,0,-8,0,0,,270,1440,0,0,0,0,0
2022-11-19,American,N899XX,7336,SFO,CityName,State,MIA,CityName,State,0,0,-3,0,0,,258,2328,0,0,0,0,0
2022-11-19,American,N681XX,5615,MIA,CityName,State,SEA,CityName,State,0,0,-4,0,0,,82,2283,0,0,0,0,0
2022-11-19,United,N106XX,9909,ORD,CityName,State,BOS,CityName,State,0,0,-4,0,0,,48,712,0,0,0,0,0
2022-11-20,Delta,N853XX,6690,ATL,CityName,State,SEA,CityName,State,0,0,7,0,0,,267,1432,0,0,0,0,0
2022-11-20,JetBlue,N745XX,2436,ATL,CityName,State,ATL,CityName,State,0,0,7,0,0,,67,1040,0,0,0,0,0
2022-11-20,Southwest,N485XX,377,DEN,CityName,State,SEA,CityName,State,0,0,-10,0,0,,66,858,0,0,0,0,0
2022-11-20,Delta,N867XX,7896,DFW,CityName,State,SEA,CityName,State,60,1,46,1,0,,294,2409,0,46,0,0,0
2022-11-20,Southwest,N556XX,2645,ORD,CityName,State,BOS,CityName,State,0,0,1,0,0,,52,860,0,0,0,0,0
2022-11-20,JetBlue,N774XX,1966,LAX,CityName,State,JFK,CityName,State,120,1,120,1,0,,354,1995,120,0,0,0,0
2022-11-20,JetBlue,N133XX,7771,JFK,CityName,State,ATL,CityName,State,0,0,-4,0,0,,328,2826,0,0,0,0,0
2022-11-20,American,N239XX,7390,DEN,CityName,State,BOS,CityName,State,240,1,230,1,0,,285,1537,0,0,0,0,230
2022-11-20,Delta,N491XX,5920,BOS,CityName,State,BOS,CityName,State,0,0,-14,0,0,,69,930,0,0,0,0,0
2022-11-20,United,N822XX,7547,LAX,CityName,State,MIA,CityName,State,0,0,9,0,0,,131,1769,0,0,0,0,0
2022-11-20,JetBlue,N372XX,9113,DFW,CityName,State,DFW,CityName,State,0,0,-14,0,0,,187,2030,0,0,0,0,0
2022-11-20,JetBlue,N185XX,6155,SFO,CityName,State,SFO,CityName,State,30,1,33,1,0,,245,1301,33,0,0,0,0
2022-11-20,American,N890XX,8999,MIA,CityName,State,ORD,CityName,State,15,1,6,0,0,,337,2348,0,0,0,0,0
2022-11-20,Southwest,N502XX,3765,LAX,CityName,State,LAX,CityName,State,15,1,8,0,0,,354,239,0,0,0,0,0
2022-11-20,United,N428XX,656,SEA,CityName,State,DFW,CityName,State,15,1,16,1,0,,59,871,0,0,0,0,16
2022-11-20,Delta,N348XX,4837,ATL,CityName,State,LAX,CityName,State,0,0,2,0,0,,313,380,0,0,0,0,0
2022-11-20,United,N353XX,8979,JFK,CityName,State,DEN,CityName,State,60,1,63,1,0,,244,2579,63,0,0,0,0
2022-11-21,United,N294XX,8268,DEN,CityName,State,DEN,CityName,State,0,0,-13,0,0,,139,1075,0,0,0,0,0
2022-11-21,United,N148XX,3909,SEA,CityName,State,BOS,CityName,State,0,0,4,0,0,,224,585,0,0,0,0,0
2022-11-21,American,N327XX,1359,ORD,CityName,State,BOS,CityName,State,0,0,-2,0,0,,253,206,0,0,0,0,0
2022-11-21,JetBlue,N352XX,4809,LAX,CityName,State,ATL,CityName,State,15,1,1,0,0,,335,1798,0,0,0,0,0
2022-11-21,American,N837XX,4904,JFK,CityName,State,ORD,CityName,State,15,1,6,0,0,,134,1964,0,0,0,0,0
2022-11-21,JetBlue,N472XX,7351,SFO,CityName,State,ORD,CityName,State,0,0,-3,0,0,,103,564,0,0,0,0,0
2022-11-21,American,N300XX,4124,DFW,CityName,State,SFO,CityName,State,15,1,21,1,0,,54,2058,0,0,0,0,21
2022-11-21,JetBlue,N378XX,2982,ATL,CityName,State,BOS,CityName,State,0,0,10,0,0,,56,153,0,0,0,0,0
2022-11-21,JetBlue,N734XX,2187,SEA,CityName,State,SFO,CityName,State,15,1,11,0,0,,240,2103,0,0,0,0,0
2022-11-21,Delta,N598XX,9416,ORD,CityName,State,DFW,CityName,State,0,0,0,0,0,,172,2048,0,0,0,0,0
2022-11-21,United,N201XX,2374,LAX,CityName,State,MIA,CityName,State,0,0,3,0,0,,213,2618,0,0,0,0,0
2022-11-21,American,N236XX,2254,ATL,CityName,State,JFK,CityName,State,0,0,3,0,0,,173,2466,0,0,0,0,0
2022-11-21,Delta,N603XX,875,MIA,CityName,State,MIA,CityName,State,0,0,5,0,0,,68,1762,0,0,0,0,0
2022-11-22,Southwest,N360XX,5204,JFK,CityName,State,ATL,CityName,State,60,1,67,1,0,,313,2813,67,0,0,0,0
2022-11-22,Delta,N525XX,8069,SFO,CityName,State,ATL,CityName,State,0,0,-4,0,0,,95,1429,0,0,0,0,0
2022-11-22,Southwest,N638XX,3396,SFO,CityName,State,DEN,CityName,State,0,0,-4,0,0,,103,350,0,0,0,0,0
2022-11-22,JetBlue,N979XX,6056,SEA,CityName,State,DEN,CityName,State,0,0,-6,0,0,,147,256,0,0,0,0,0
2022-11-22,Southwest,N707XX,8315,DFW,CityName,State,ORD,CityName,State,60,1,0,0,1,A,357,2424,0,0,0,0,0
2022-11-22,JetBlue,N504XX,3603,MIA,CityName,State,SEA,CityName,State,0,0,8,0,0,,148,2010,0,0,0,0,0
2022-11-22,American,N784XX,7433,ATL,CityName,State,LAX,CityName,State,15,1,14,0,0,,174,2060,0,0,0,0,0
2022-11-23,American,N641XX,7820,DFW,CityName,State,ORD,CityName,State,0,0,2,0,0,,228,1395,0,0,0,0,0
2022-11-23,JetBlue,N143XX,8210,DFW,CityName,State,SEA,CityName,State,0,0,8,0,0,,256,320,0,0,0,0,0
2022-11-23,United,N192XX,4384,DEN,CityName,State,SEA,CityName,State,15,1,5,0,0,,92,199,0,0,0,0,0
2022-11-23,American,N446XX,4071,SFO,CityName,State,ATL,CityName,State,0,0,6,0,0,,341,1391,0,0,0,0,0
2022-11-23,Delta,N949XX,2874,DFW,CityName,State,MIA,CityName,State,0,0,0,0,0,,191,352,0,0,0,0,0
2022-11-23,JetBlue,N366XX,1071,BOS,CityName,State,ATL,CityName,State,0,0,7,0,0,,228,1200,0,0,0,0,0
2022-11-23,American,N333XX,6400,DFW,CityName,State,DEN,CityName,State,240,1,0,0,1,A,56,2801,0,0,0,0,0
2022-11-23,United,N334XX,5814,DEN,CityName,State,BOS,CityName,State,45,1,38,1,0,,181,2519,38,0,0,0,0
2022-11-23,JetBlue,N297XX,7579,ORD,CityName,State,JFK,CityName,State,0,0,3,0,0,,127,554,0,0,0,0,0
2022-11-23,Southwest,N734XX,5748,DFW,CityName,State,DEN,CityName,State,0,0,-13,0,0,,75,685,0,0,0,0,0
2022-11-23,JetBlue,N986XX,7247,BOS,CityName,State,DEN,CityName,State,15,1,11,0,0,,76,2617,0,0,0,0,0
2022-11-23,Southwest,N623XX,4922,ORD,CityName,State,SEA,CityName,State,30,1,34,1,0,,261,2001,0,0,0,0,34
2022-11-24,Southwest,N709XX,8419,LAX,CityName,State,LAX,CityName,State,60,1,64,1,0,,320,989,64,0,0,0,0
2022-11-24,Delta,N269XX,8153,SFO,CityName,State,SEA,CityName,State,0,0,-7,0,0,,47,1444,0,0,0,0,0
2022-11-24,American,N813XX,8137,ATL,CityName,State,BOS,CityName,State,15,1,10,0,0,,250,2572,0,0,0,0,0
2022-11-24,JetBlue,N575XX,8730,MIA,CityName,State,BOS,CityName,State,0,0,10,0,0,,316,696,0,0,0,0,0
2022-11-24,American,N198XX,1574,BOS,CityName,State,SEA,CityName,State,0,0,4,0,0,,330,2770,0,0,0,0,0
2022-11-24,JetBlue,N551XX,1518,ORD,CityName,State,ATL,CityName,State,0,0,0,0,0,,231,471,0,0,0,0,0
2022-11-24,Southwest,N544XX,3326,ATL,CityName,State,SEA,CityName,State,0,0,-11,0,0,,323,1405,0,0,0,0,0
2022-11-24,JetBlue,N311XX,7095,DFW,CityName,State,DFW,CityName,State,0,0,-9,0,0,,346,2877,0,0,0,0,0
2022-11-24,United,N481XX,5326,MIA,CityName,State,ATL,CityName,State,0,0,9,0,0,,68,659,0,0,0,0,0
2022-11-24,Southwest,N703XX,1914,JFK,CityName,State,SEA,CityName,State,60,1,57,1,0,,253,2228,0,0,0,0,57
2022-11-24,American,N927XX,6554,JFK,CityName,State,SFO,CityName,State,0,0,-2,0,0,,139,2887,0,0,0,0,0
2022-11-24,United,N850XX,793,ORD,CityName,State,MIA,CityName,State,0,0,6,0,0,,153,2404,0,0,0,0,0
2022-11-24,American,N282XX,6761,BOS,CityName,State,SEA,CityName,State,60,1,54,1,0,,125,1722,54,0,0,0,0
2022-11-24,Southwest,N364XX,3866,ORD,CityName,State,JFK,CityName,State,0,0,9,0,0,,150,1983,0,0,0,0,0
2022-11-25,American,N818XX,515,DEN,CityName,State,MIA,CityName,State,0,0,4,0,0,,242,1300,0,0,0,0,0
2022-11-25,JetBlue,N238XX,1613,DEN,CityName,State,SFO,CityName,State,30,1,27,1,0,,47,2778,0,27,0,0,0
2022-11-25,American,N508XX,9779,SFO,CityName,State,JFK,CityName,State,0,0,0,0,1,A,121,1756,0,0,0,0,0
2022-11-25,Southwest,N665XX,7996,ATL,CityName,State,MIA,CityName,State,0,0,-7,0,0,,185,2943,0,0,0,0,0
2022-11-25,United,N773XX,9112,ATL,CityName,State,LAX,CityName,State,45,1,51,1,0,,273,1375,0,51,0,0,0
2022-11-25,Southwest,N780XX,6232,SFO,CityName,State,LAX,CityName,State,0,0,9,0,0,,300,338,0,0,0,0,0
2022-11-25,Southwest,N497XX,3020,BOS,CityName,State,JFK,CityName,State,15,1,17,1,0,,124,2162,0,0,17,0,0
2022-11-25,JetBlue,N338XX,332,MIA,CityName,State,BOS,CityName,State,0,0,0,0,1,A,332,942,0,0,0,0,0
2022-11-25,American,N562XX,6251,DEN,CityName,State,JFK,CityName,State,0,0,7,0,0,,74,533,0,0,0,0,0
2022-11-25,Delta,N893XX,8198,SFO,CityName,State,BOS,CityName,State,0,0,-3,0,0,,180,228,0,0,0,0,0
2022-11-25,Southwest,N337XX,5312,DEN,CityName,State,SEA,CityName,State,0,0,-6,0,0,,106,2164,0,0,0,0,0
2022-11-25,Southwest,N866XX,6136,MIA,CityName,State,LAX,CityName,State,0,0,-12,0,0,,94,1237,0,0,0,0,0
2022-11-25,Delta,N375XX,5540,ORD,CityName,State,DFW,CityName,State,0,0,-4,0,0,,102,1523,0,0,0,0,0
2022-11-25,Delta,N238XX,9200,SEA,CityName,State,SFO,CityName,State,0,0,6,0,0,,256,661,0,0,0,0,0
2022-11-26,United,N789XX,9995,SEA,CityName,State,ORD,CityName,State,120,1,126,1,0,,278,1883,0,126,0,0,0
2022-11-26,United,N236XX,8800,MIA,CityName,State,DEN,CityName,State,0,0,-2,0,0,,288,2377,0,0,0,0,0
2022-11-26,American,N159XX,4838,SEA,CityName,State,ORD,CityName,State,0,0,-10,0,0,,139,198,0,0,0,0,0
2022-11-26,American,N630XX,1721,SFO,CityName,State,LAX,CityName,State,0,0,-13,0,0,,204,2787,0,0,0,0,0
2022-11-26,Southwest,N904XX,8108,ORD,CityName,State,SFO,CityName,State,60,1,70,1,0,,342,1384,70,0,0,0,0
2022-11-26,JetBlue,N633XX,7682,BOS,CityName,State,ATL,CityName,State,0,0,-11,0,0,,194,1743,0,0,0,0,0
2022-11-26,Delta,N614XX,4796,DEN,CityName,State,BOS,CityName,State,0,0,-8,0,0,,324,2132,0,0,0,0,0
2022-11-26,Delta,N439XX,1343,LAX,CityName,State,SEA,CityName,State,0,0,-9,0,0,,55,2413,0,0,0,0,0
2022-11-26,JetBlue,N625XX,9741,SFO,CityName,State,MIA,CityName,State,0,0,6,0,0,,186,1086,0,0,0,0,0
2022-11-26,American,N251XX,6313,ATL,CityName,State,MIA,CityName,State,0,0,-9,0,0,,253,1856,0,0,0,0,0
2022-11-26,Southwest,N249XX,6125,BOS,CityName,State,JFK,CityName,State,0,0,0,0,1,A,234,2719,0,0,0,0,0
2022-11-27,Delta,N500XX,4678,MIA,CityName,State,JFK,CityName,State,0,0,9,0,0,,195,733,0,0,0,0,0
2022-11-27,JetBlue,N577XX,9611,SFO,CityName,State,BOS,CityName,State,0,0,-1,0,0,,258,2394,0,0,0,0,0
2022-11-27,United,N886XX,9337,SEA,CityName,State,JFK,CityName,State,0,0,4,0,0,,252,2729,0,0,0,0,0
2022-11-27,Southwest,N562XX,8641,LAX,CityName,State,BOS,CityName,State,0,0,0,0,1,A,243,525,0,0,0,0,0
2022-11-27,JetBlue,N185XX,104,SEA,CityName,State,LAX,CityName,State,0,0,3,0,0,,207,2987,0,0,0,0,0
2022-11-27,JetBlue,N838XX,3313,DFW,CityName,State,DFW,CityName,State,0,0,-7,0,0,,179,1988,0,0,0,0,0
2022-11-27,JetBlue,N463XX,6215,BOS,CityName,State,SFO,CityName,State,0,0,-14,0,0,,225,1779,0,0,0,0,0
2022-11-27,JetBlue,N289XX,5585,DEN,CityName,State,ORD,CityName,State,15,1,4,0,0,,60,2821,0,0,0,0,0
2022-11-27,Southwest,N147XX,7042,DFW,CityName,State,DFW,CityName,State,15,1,14,0,0,,251,1023,0,0,0,0,0
2022-11-27,Southwest,N981XX,7332,ORD,CityName,State,DFW,CityName,State,0,0,-1,0,0,,64,2846,0,0,0,0,0
2022-11-27,Southwest,N956XX,9076,BOS,CityName,State,SEA,CityName,State,0,0,-1,0,0,,340,1092,0,0,0,0,0
2022-11-28,Southwest,N641XX,5373,SFO,CityName,State,MIA,CityName,State,0,0,1,0,0,,122,2798,0,0,0,0,0
2022-11-28,American,N193XX,938,MIA,CityName,State,SFO,CityName,State,0,0,0,0,0,,203,1944,0,0,0,0,0
2022-11-28,United,N696XX,9665,BOS,CityName,State,BOS,CityName,State,0,0,-8,0,0,,54,2782,0,0,0,0,0
2022-11-28,Delta,N374XX,5806,DEN,CityName,State,JFK,CityName,State,0,0,9,0,0,,291,2233,0,0,0,0,0
2022-11-28,United,N649XX,6521,JFK,CityName,State,JFK,CityName,State,0,0,-14,0,0,,178,2625,0,0,0,0,0
2022-11-28,Southwest,N243XX,6334,DFW,CityName,State,SEA,CityName,State,0,0,-13,0,0,,344,2769,0,0,0,0,0
2022-11-28,American,N451XX,1263,MIA,CityName,State,SFO,CityName,State,0,0,-13,0,0,,177,1710,0,0,0,0,0
2022-11-28,Delta,N710XX,1254,DEN,CityName,State,DEN,CityName,State,0,0,-3,0,0,,45,1121,0,0,0,0,0
2022-11-28,JetBlue,N625XX,3599,BOS,CityName,State,JFK,CityName,State,0,0,1,0,0,,105,301,0,0,0,0,0
2022-11-28,Southwest,N591XX,6811,JFK,CityName,State,JFK,CityName,State,0,0,3,0,0,,131,2394,0,0,0,0,0
2022-11-28,United,N695XX,4183,SFO,CityName,State,DEN,CityName,State,0,0,-12,0,0,,131,2391,0,0,0,0,0
2022-11-28,Delta,N454XX,311,ATL,CityName,State,ATL,CityName,State,0,0,0,0,0,,206,1120,0,0,0,0,0
2022-11-28,United,N866XX,8377,LAX,CityName,State,JFK,CityName,State,0,0,-5,0,0,,315,2337,0,0,0,0,0
2022-11-28,Southwest,N646XX,3242,SEA,CityName,State,ATL,CityName,State,0,0,-2,0,0,,236,2686,0,0,0,0,0
2022-11-28,JetBlue,N397XX,7749,SFO,CityName,State,DFW,CityName,State,0,0,2,0,0,,106,1944,0,0,0,0,0
2022-11-29,Southwest,N517XX,5981,BOS,CityName,State,SFO,CityName,State,30,1,17,1,0,,230,910,0,0,0,0,17
2022-11-29,Delta,N103XX,5017,SEA,CityName,State,DFW,CityName,State,0,0,-8,0,0,,303,1845,0,0,0,0,0
2022-11-29,Southwest,N795XX,6128,SEA,CityName,State,DEN,CityName,State,0,0,9,0,0,,305,1828,0,0,0,0,0
2022-11-29,American,N608XX,4528,SFO,CityName,State,BOS,CityName,State,0,0,-13,0,0,,145,919,0,0,0,0,0
2022-11-29,United,N675XX,229,SFO,CityName,State,BOS,CityName,State,0,0,1,0,0,,167,2405,0,0,0,0,0
2022-11-29,United,N691XX,7795,MIA,CityName,State,JFK,CityName,State,0,0,-13,0,0,,211,2946,0,0,0,0,0
2022-11-29,Delta,N513XX,3105,SFO,CityName,State,BOS,CityName,State,0,0,2,0,0,,172,879,0,0,0,0,0
2022-11-29,JetBlue,N735XX,4314,ORD,CityName,State,DEN,CityName,State,0,0,6,0,0,,159,2810,0,0,0,0,0
2022-11-29,Southwest,N980XX,8542,MIA,CityName,State,DFW,CityName,State,0,0,-13,0,0,,296,1845,0,0,0,0,0
2022-11-30,Delta,N175XX,8801,ATL,CityName,State,BOS,CityName,State,0,0,7,0,0,,275,1198,0,0,0,0,0
2022-11-30,United,N815XX,7133,SFO,CityName,State,ORD,CityName,State,0,0,-14,0,0,,209,2519,0,0,0,0,0
2022-11-30,Southwest,N164XX,2425,LAX,CityName,State,DFW,CityName,State,0,0,2,0,0,,235,1937,0,0,0,0,0
2022-11-30,JetBlue,N960XX,3976,SFO,CityName,State,JFK,CityName,State,0,0,-7,0,0,,165,2697,0,0,0,0,0
2022-11-30,JetBlue,N793XX,2222,BOS,CityName,State,MIA,CityName,State,0,0,9,0,0,,113,2776,0,0,0,0,0
2022-11-30,Southwest,N123XX,9927,ATL,CityName,State,DFW,CityName,State,0,0,-2,0,0,,157,2955,0,0,0,0,0
2022-11-30,American,N928XX,9832,JFK,CityName,State,LAX,CityName,State,0,0,-1,0,0,,259,1533,0,0,0,0,0
2022-11-30,Delta,N861XX,5927,SFO,CityName,State,ORD,CityName,State,0,0,-14,0,0,,270,2462,0,0,0,0,0
2022-11-30,American,N670XX,9123,SEA,CityName,State,LAX,CityName,State,0,0,-1,0,0,,65,910,0,0,0,0,0
2022-11-30,American,N408XX,9188,BOS,CityName,State,JFK,CityName,State,0,0,-6,0,0,,141,1336,0,0,0,0,0
2022-11-30,JetBlue,N763XX,7181,DEN,CityName,State,ORD,CityName,State,45,1,51,1,0,,359,233,0,0,0,0,51
2022-11-30,Delta,N768XX,5932,DFW,CityName,State,BOS,CityName,State,0,0,7,0,0,,117,643,0,0,0,0,0
2022-11-30,Southwest,N649XX,3576,DFW,CityName,State,MIA,CityName,State,0,0,5,0,0,,62,1181,0,0,0,0,0
2022-11-30,American,N226XX,3759,MIA,CityName,State,SFO,CityName,State,0,0,-14,0,0,,76,1295,0,0,0,0,0
2022-12-01,Delta,N349XX,2483,MIA,CityName,State,BOS,CityName,State,60,1,53,1,0,,217,2446,0,0,53,0,0
2022-12-01,Southwest,N821XX,4778,DEN,CityName,State,MIA,CityName,State,120,1,129,1,0,,57,1696,129,0,0,0,0
2022-12-01,JetBlue,N846XX,8564,DFW,CityName,State,ATL,CityName,State,15,1,16,1,0,,195,1633,0,0,16,0,0
2022-12-01,Delta,N371XX,4507,ORD,CityName,State,LAX,CityName,State,0,0,1,0,0,,113,1025,0,0,0,0,0
2022-12-01,JetBlue,N929XX,7574,SEA,CityName,State,SFO,CityName,State,0,0,-2,0,0,,329,238,0,0,0,0,0
2022-12-01,Southwest,N587XX,7818,ATL,CityName,State,BOS,CityName,State,0,0,-6,0,0,,347,2365,0,0,0,0,0
2022-12-01,United,N630XX,1788,SEA,CityName,State,SFO,CityName,State,30,1,34,1,0,,85,232,0,0,34,0,0
2022-12-01,JetBlue,N483XX,6592,ATL,CityName,State,JFK,CityName,State,0,0,-7,0,0,,316,364,0,0,0,0,0
2022-12-01,Delta,N967XX,773,BOS,CityName,State,SFO,CityName,State,0,0,-10,0,0,,230,1613,0,0,0,0,0
2022-12-01,Southwest,N366XX,4624,JFK,CityName,State,LAX,CityName,State,0,0,-1,0,0,,121,1412,0,0,0,0,0
2022-12-01,United,N440XX,5380,BOS,CityName,State,ATL,CityName,State,15,1,7,0,0,,338,1082,0,0,0,0,0
2022-12-01,JetBlue,N869XX,7809,DEN,CityName,State,ORD,CityName,State,15,1,21,1,0,,57,567,0,0,0,0,21
2022-12-01,JetBlue,N627XX,2914,ATL,CityName,State,BOS,CityName,State,0,0,-10,0,0,,165,2831,0,0,0,0,0
2022-12-02,American,N870XX,1143,JFK,CityName,State,SEA,CityName,State,0,0,10,0,0,,188,2276,0,0,0,0,0
2022-12-02,JetBlue,N958XX,8590,LAX,CityName,State,LAX,CityName,State,0,0,4,0,0,,303,1788,0,0,0,0,0
2022-12-02,American,N218XX,5450,BOS,CityName,State,LAX,CityName,State,60,1,51,1,0,,273,1487,0,0,51,0,0
2022-12-02,Southwest,N866XX,2406,LAX,CityName,State,DEN,CityName,State,0,0,-12,0,0,,81,2582,0,0,0,0,0
2022-12-02,Southwest,N213XX,8468,LAX,CityName,State,LAX,CityName,State,0,0,-4,0,0,,231,1635,0,0,0,0,0
2022-12-02,Delta,N353XX,2850,BOS,CityName,State,JFK,CityName,State,0,0,-8,0,0,,279,2465,0,0,0,0,0
2022-12-02,JetBlue,N566XX,2509,MIA,CityName,State,ORD,CityName,State,0,0,-1,0,0,,225,2872,0,0,0,0,0
2022-12-02,JetBlue,N656XX,4147,DFW,CityName,State,LAX,CityName,State,0,0,0,0,0,,62,1917,0,0,0,0,0
2022-12-02,JetBlue,N816XX,4063,DFW,CityName,State,LAX,CityName,State,0,0,3,0,0,,330,1348,0,0,0,0,0
2022-12-03,United,N471XX,9513,SFO,CityName,State,ATL,CityName,State,60,1,52,1,0,,154,507,0,0,52,0,0
2022-12-03,United,N421XX,8965,DFW,CityName,State,JFK,CityName,State,0,0,4,0,0,,88,1442,0,0,0,0,0
2022-12-03,United,N520XX,592,ORD,CityName,State,LAX,CityName,State,0,0,-8,0,0,,256,1792,0,0,0,0,0
2022-12-03,United,N209XX,5685,MIA,CityName,State,JFK,CityName,State,0,0,-4,0,0,,245,1906,0,0,0,0,0
2022-12-03,Delta,N720XX,5879,DFW,CityName,State,LAX,CityName,State,0,0,-2,0,0,,196,919,0,0,0,0,0
2022-12-03,JetBlue,N947XX,4836,LAX,CityName,State,SEA,CityName,State,0,0,-13,0,0,,120,2420,0,0,0,0,0
2022-12-03,American,N763XX,1192,LAX,CityName,State,ATL,CityName,State,0,0,7,0,0,,333,2351,0,0,0,0,0
2022-12-03,Southwest,N589XX,8073,MIA,CityName,State,JFK,CityName,State,0,0,5,0,0,,224,1869,0,0,0,0,0
2022-12-03,JetBlue,N361XX,9742,MIA,CityName,State,DEN,CityName,State,0,0,0,0,1,A,282,1758,0,0,0,0,0
2022-12-03,JetBlue,N318XX,4707,DFW,CityName,State,SFO,CityName,State,0,0,-10,0,0,,83,1861,0,0,0,0,0
2022-12-03,JetBlue,N261XX,8916,DFW,CityName,State,ATL,CityName,State,0,0,10,0,0,,255,1820,0,0,0,0,0
2022-12-03,United,N676XX,7385,ATL,CityName,State,DFW,CityName,State,0,0,-5,0,0,,213,950,0,0,0,0,0
2022-12-04,Southwest,N327XX,5509,SFO,CityName,State,JFK,CityName,State,0,0,4,0,0,,173,2620,0,0,0,0,0
2022-12-04,JetBlue,N488XX,6453,DEN,CityName,State,SEA,CityName,State,0,0,-6,0,0,,305,2503,0,0,0,0,0
2022-12-04,United,N842XX,751,ATL,CityName,State,LAX,CityName,State,0,0,1,0,0,,52,1545,0,0,0,0,0
2022-12-04,United,N354XX,2376,MIA,CityName,State,SFO,CityName,State,0,0,-13,0,0,,313,2604,0,0,0,0,0
2022-12-04,Delta,N745XX,7499,ATL,CityName,State,SFO,CityName,State,0,0,-4,0,0,,156,2378,0,0,0,0,0
2022-12-04,United,N339XX,1257,DFW,CityName,State,BOS,CityName,State,0,0,5,0,0,,144,1533,0,0,0,0,0
2022-12-04,Delta,N568XX,6969,SEA,CityName,State,BOS,CityName,State,0,0,-1,0,0,,183,1199,0,0,0,0,0
2022-12-04,United,N192XX,3770,SFO,CityName,State,BOS,CityName,State,0,0,3,0,0,,281,1390,0,0,0,0,0
2022-12-04,JetBlue,N276XX,502,MIA,CityName,State,MIA,CityName,State,15,1,3,0,0,,167,1268,0,0,0,0,0
2022-12-04,JetBlue,N205XX,5396,MIA,CityName,State,LAX,CityName,State,0,0,-6,0,0,,194,283,0,0,0,0,0
2022-12-04,JetBlue,N190XX,7462,SFO,CityName,State,JFK,CityName,State,0,0,-6,0,0,,289,2259,0,0,0,0,0
2022-12-04,Delta,N751XX,4451,BOS,CityName,State,BOS,CityName,State,0,0,5,0,0,,230,1504,0,0,0,0,0
2022-12-04,Delta,N739XX,2313,SEA,CityName,State,MIA,CityName,State,0,0,0,0,0,,299,1635,0,0,0,0,0
2022-12-04,United,N502XX,9040,BOS,CityName,State,JFK,CityName,State,0,0,1,0,0,,134,960,0,0,0,0,0
2022-12-04,Delta,N860XX,7109,ATL,CityName,State,BOS,CityName,State,0,0,-3,0,0,,349,1565,0,0,0,0,0
2022-12-04,JetBlue,N325XX,6612,DEN,CityName,State,DFW,CityName,State,30,1,37,1,0,,164,2796,0,0,37,0,0
2022-12-04,Delta,N925XX,2589,SFO,CityName,State,ORD,CityName,State,0,0,3,0,0,,310,2024,0,0,0,0,0
2022-12-04,Southwest,N246XX,5196,ORD,CityName,State,MIA,CityName,State,0,0,-13,0,0,,267,239,0,0,0,0,0
2022-12-05,United,N598XX,1258,DEN,CityName,State,LAX,CityName,State,30,1,34,1,0,,284,1791,0,0,34,0,0
2022-12-05,JetBlue,N759XX,9649,ORD,CityName,State,SEA,CityName,State,0,0,-10,0,0,,269,394,0,0,0,0,0
2022-12-05,Southwest,N471XX,2507,SEA,CityName,State,ATL,CityName,State,0,0,3,0,0,,281,2736,0,0,0,0,0
2022-12-05,Delta,N181XX,7244,JFK,CityName,State,MIA,CityName,State,0,0,-7,0,0,,69,497,0,0,0,0,0
2022-12-05,Delta,N564XX,8743,SFO,CityName,State,LAX,CityName,State,0,0,-12,0,0,,254,1513,0,0,0,0,0
2022-12-05,American,N429XX,4287,DFW,CityName,State,DFW,CityName,State,0,0,-5,0,0,,219,706,0,0,0,0,0
2022-12-05,Delta,N506XX,4222,JFK,CityName,State,DEN,CityName,State,0,0,-8,0,0,,141,247,0,0,0,0,0
2022-12-05,JetBlue,N456XX,7674,DEN,CityName,State,SFO,CityName,State,0,0,-2,0,0,,268,1049,0,0,0,0,0
2022-12-05,Delta,N661XX,7081,LAX,CityName,State,ORD,CityName,State,0,0,2,0,0,,139,409,0,0,0,0,0
2022-12-05,Delta,N911XX,7154,SEA,CityName,State,LAX,CityName,State,0,0,-2,0,0,,47,786,0,0,0,0,0
2022-12-05,Southwest,N386XX,9965,SFO,CityName,State,SFO,CityName,State,0,0,0,0,0,,238,770,0,0,0,0,0
2022-12-05,JetBlue,N108XX,3885,DEN,CityName,State,DFW,CityName,State,0,0,0,0,0,,345,2745,0,0,0,0,0
2022-12-05,JetBlue,N918XX,8427,DEN,CityName,State,SEA,CityName,State,60,1,63,1,0,,135,487,0,0,0,0,63
2022-12-05,Delta,N768XX,6015,ORD,CityName,State,ORD,CityName,State,0,0,-2,0,0,,105,2762,0,0,0,0,0
2022-12-06,American,N472XX,2465,DFW,CityName,State,ATL,CityName,State,0,0,-12,0,0,,75,401,0,0,0,0,0
2022-12-06,Southwest,N655XX,3063,DFW,CityName,State,DFW,CityName,State,0,0,4,0,0,,223,2217,0,0,0,0,0
2022-12-06,American,N365XX,1673,DEN,CityName,State,SFO,CityName,State,0,0,-7,0,0,,241,189,0,0,0,0,0
2022-12-06,JetBlue,N542XX,6085,BOS,CityName,State,ATL,CityName,State,45,1,38,1,0,,78,189,38,0,0,0,0
2022-12-06,Delta,N783XX,8623,DEN,CityName,State,DEN,CityName,State,0,0,-10,0,0,,80,1030,0,0,0,0,0
2022-12-06,JetBlue,N565XX,6238,ORD,CityName,State,BOS,CityName,State,0,0,-14,0,0,,234,2329,0,0,0,0,0
2022-12-06,Delta,N489XX,2861,DEN,CityName,State,BOS,CityName,State,0,0,4,0,0,,124,2709,0,0,0,0,0
2022-12-06,American,N445XX,6996,SEA,CityName,State,JFK,CityName,State,0,0,-12,0,0,,239,1077,0,0,0,0,0
2022-12-06,Southwest,N543XX,3007,DEN,CityName,State,DEN,CityName,State,0,0,0,0,0,,330,1783,0,0,0,0,0
2022-12-06,Southwest,N128XX,9357,ATL,CityName,State,BOS,CityName,State,0,0,-2,0,0,,180,1590,0,0,0,0,0
2022-12-06,United,N287XX,8855,JFK,CityName,State,BOS,CityName,State,0,0,5,0,0,,239,2224,0,0,0,0,0
2022-12-06,American,N756XX,383,DEN,CityName,State,JFK,CityName,State,0,0,-7,0,0,,304,1821,0,0,0,0,0
2022-12-07,Delta,N695XX,6671,LAX,CityName,State,SEA,CityName,State,120,1,122,1,0,,135,2301,122,0,0,0,0
2022-12-07,United,N175XX,6690,JFK,CityName,State,BOS,CityName,State,0,0,-4,0,0,,290,2006,0,0,0,0,0
2022-12-07,Southwest,N162XX,6694,JFK,CityName,State,DFW,CityName,State,0,0,-4,0,0,,256,2888,0,0,0,0,0
2022-12-07,Delta,N466XX,3003,ORD,CityName,State,DEN,CityName,State,30,1,17,1,0,,290,1036,0,17,0,0,0
2022-12-07,JetBlue,N981XX,2836,DFW,CityName,State,DFW,CityName,State,0,0,3,0,0,,59,254,0,0,0,0,0
2022-12-07,Delta,N400XX,8859,DFW,CityName,State,ORD,CityName,State,0,0,7,0,0,,166,2091,0,0,0,0,0
2022-12-07,JetBlue,N224XX,7343,JFK,CityName,State,JFK,CityName,State,30,1,25,1,0,,242,2659,0,0,0,0,25
2022-12-07,Southwest,N261XX,3604,DFW,CityName,State,ATL,CityName,State,0,0,-13,0,0,,213,939,0,0,0,0,0
2022-12-07,United,N548XX,4018,SFO,CityName,State,LAX,CityName,State,30,1,38,1,0,,48,2648,0,0,0,0,38
2022-12-07,United,N208XX,6770,JFK,CityName,State,DEN,CityName,State,0,0,-6,0,0,,136,2478,0,0,0,0,0
2022-12-07,Delta,N125XX,1400,JFK,CityName,State,MIA,CityName,State,0,0,-10,0,0,,124,2129,0,0,0,0,0
2022-12-07,Delta,N533XX,3762,SFO,CityName,State,DEN,CityName,State,0,0,-6,0,0,,153,1243,0,0,0,0,0
2022-12-07,United,N169XX,2447,JFK,CityName,State,SFO,CityName,State,0,0,-7,0,0,,229,2810,0,0,0,0,0
2022-12-08,United,N980XX,8012,DEN,CityName,State,SFO,CityName,State,0,0,7,0,0,,286,1410,0,0,0,0,0
2022-12-08,Southwest,N522XX,8224,DFW,CityName,State,JFK,CityName,State,45,1,38,1,0,,69,1278,0,0,0,0,38
2022-12-08,United,N419XX,9500,ATL,CityName,State,DFW,CityName,State,0,0,-8,0,0,,278,1944,0,0,0,0,0
2022-12-08,Southwest,N547XX,2623,SFO,CityName,State,DFW,CityName,State,0,0,-8,0,0,,151,2128,0,0,0,0,0
2022-12-08,United,N396XX,683,SEA,CityName,State,JFK,CityName,State,0,0,-1,0,0,,57,178,0,0,0,0,0
2022-12-08,American,N637XX,8232,SEA,CityName,State,JFK,CityName,State,0,0,6,0,0,,303,1622,0,0,0,0,0
2022-12-08,United,N284XX,8147,ATL,CityName,State,LAX,CityName,State,0,0,0,0,0,,264,2091,0,0,0,0,0
2022-12-08,United,N340XX,203,SEA,CityName,State,DEN,CityName,State,0,0,0,0,1,A,167,162,0,0,0,0,0
2022-12-08,United,N573XX,1039,ORD,CityName,State,DFW,CityName,State,0,0,-7,0,0,,234,1867,0,0,0,0,0
2022-12-08,JetBlue,N436XX,424,JFK,CityName,State,JFK,CityName,State,0,0,0,0,1,A,330,2466,0,0,0,0,0
2022-12-08,Southwest,N196XX,7369,JFK,CityName,State,BOS,CityName,State,15,1,9,0,0,,141,919,0,0,0,0,0
2022-12-08,Southwest,N202XX,5263,JFK,CityName,State,ATL,CityName,State,0,0,-10,0,0,,155,2452,0,0,0,0,0
2022-12-08,JetBlue,N195XX,4405,ATL,CityName,State,JFK,CityName,State,0,0,6,0,0,,47,236,0,0,0,0,0
2022-12-08,United,N588XX,6833,ATL,CityName,State,SFO,CityName,State,0,0,-10,0,0,,224,1384,0,0,0,0,0
2022-12-08,Southwest,N412XX,5310,LAX,CityName,State,LAX,CityName,State,0,0,-3,0,0,,102,1163,0,0,0,0,0
2022-12-08,American,N967XX,1977,DFW,CityName,State,MIA,CityName,State,0,0,-7,0,0,,255,2498,0,0,0,0,0
2022-12-08,American,N830XX,310,LAX,CityName,State,JFK,CityName,State,0,0,6,0,0,,273,1631,0,0,0,0,0
2022-12-09,American,N371XX,6188,LAX,CityName,State,SEA,CityName,State,15,1,24,1,0,,315,969,24,0,0,0,0
2022-12-09,Delta,N325XX,8079,SFO,CityName,State,ATL,CityName,State,15,1,23,1,0,,202,1630,0,0,0,0,23
2022-12-09,Delta,N873XX,5106,ORD,CityName,State,LAX,CityName,State,0,0,0,0,0,,306,2182,0,0,0,0,0
2022-12-09,Southwest,N218XX,1486,DEN,CityName,State,LAX,CityName,State,0,0,-1,0,0,,109,1250,0,0,0,0,0
2022-12-09,American,N826XX,9561,DFW,CityName,State,JFK,CityName,State,0,0,0,0,1,A,105,1485,0,0,0,0,0
2022-12-09,Delta,N994XX,5551,MIA,CityName,State,LAX,CityName,State,0,0,-12,0,0,,222,316,0,0,0,0,0
2022-12-09,Southwest,N831XX,1496,LAX,CityName,State,LAX,CityName,State,0,0,3,0,0,,95,1771,0,0,0,0,0
2022-12-09,Delta,N709XX,9377,BOS,CityName,State,BOS,CityName,State,0,0,7,0,0,,96,2066,0,0,0,0,0
2022-12-09,Delta,N280XX,4040,MIA,CityName,State,JFK,CityName,State,0,0,-3,0,0,,147,2686,0,0,0,0,0
2022-12-09,United,N972XX,1067,SEA,CityName,State,ATL,CityName,State,0,0,-10,0,0,,126,1654,0,0,0,0,0
2022-12-09,Southwest,N296XX,9692,DEN,CityName,State,JFK,CityName,State,15,1,24,1,0,,58,243,0,0,0,0,24
2022-12-09,United,N576XX,3783,ORD,CityName,State,SEA,CityName,State,15,1,19,1,0,,249,1867,19,0,0,0,0
2022-12-09,Southwest,N235XX,3473,SEA,CityName,State,ATL,CityName,State,0,0,6,0,0,,242,1314,0,0,0,0,0
2022-12-09,Delta,N546XX,9955,SFO,CityName,State,SFO,CityName,State,0,0,-14,0,0,,253,869,0,0,0,0,0
2022-12-09,Southwest,N589XX,2464,LAX,CityName,State,DEN,CityName,State,0,0,-12,0,0,,164,1795,0,0,0,0,0
2022-12-09,American,N171XX,1004,LAX,CityName,State,JFK,CityName,State,0,0,-1,0,0,,114,1194,0,0,0,0,0
2022-12-09,Delta,N394XX,1468,SFO,CityName,State,ATL,CityName,State,0,0,1,0,0,,56,2192,0,0,0,0,0
2022-12-09,United,N276XX,5878,SEA,CityName,State,ORD,CityName,State,0,0,-6,0,0,,110,1459,0,0,0,0,0
2022-12-09,Southwest,N445XX,1641,BOS,CityName,State,SEA,CityName,State,60,1,55,1,0,,332,1909,0,55,0,0,0
2022-12-09,Delta,N370XX,8766,ORD,CityName,State,SEA,CityName,State,0,0,7,0,0,,131,2026,0,0,0,0,0
2022-12-10,United,N458XX,8380,JFK,CityName,State,BOS,CityName,State,0,0,-13,0,0,,161,2773,0,0,0,0,0
2022-12-10,Delta,N437XX,7464,DEN,CityName,State,LAX,CityName,State,0,0,-2,0,0,,170,2771,0,0,0,0,0
2022-12-10,JetBlue,N534XX,8962,SEA,CityName,State,MIA,CityName,State,0,0,0,0,0,,120,1702,0,0,0,0,0
2022-12-10,American,N543XX,9125,SEA,CityName,State,MIA,CityName,State,0,0,1,0,0,,91,1085,0,0,0,0,0
2022-12-10,United,N382XX,3463,JFK,CityName,State,SEA,CityName,State,0,0,8,0,0,,252,2872,0,0,0,0,0
2022-12-10,Southwest,N779XX,5821,JFK,CityName,State,DFW,CityName,State,15,1,3,0,0,,204,2903,0,0,0,0,0
2022-12-10,JetBlue,N206XX,865,DEN,CityName,State,ATL,CityName,State,15,1,18,1,0,,331,1920,18,0,0,0,0
2022-12-10,United,N709XX,6228,SEA,CityName,State,DEN,CityName,State,0,0,-3,0,0,,276,2617,0,0,0,0,0
2022-12-10,Delta,N823XX,1490,JFK,CityName,State,ORD,CityName,State,0,0,-3,0,0,,68,1230,0,0,0,0,0
2022-12-10,American,N255XX,4026,JFK,CityName,State,ATL,CityName,State,0,0,1,0,0,,107,340,0,0,0,0,0
2022-12-10,Delta,N246XX,1210,ATL,CityName,State,ATL,CityName,State,30,1,38,1,0,,65,781,0,0,0,0,38
2022-12-11,JetBlue,N397XX,3090,LAX,CityName,State,DEN,CityName,State,15,1,25,1,0,,177,2448,0,25,0,0,0
2022-12-11,Delta,N598XX,1330,SEA,CityName,State,ATL,CityName,State,0,0,5,0,0,,79,561,0,0,0,0,0
2022-12-11,Southwest,N631XX,3983,DFW,CityName,State,BOS,CityName,State,15,1,9,0,0,,297,1319,0,0,0,0,0
2022-12-11,United,N581XX,6153,LAX,CityName,State,SEA,CityName,State,30,1,38,1,0,,183,1661,38,0,0,0,0
2022-12-11,American,N961XX,9712,SEA,CityName,State,DFW,CityName,State,0,0,-2,0,0,,321,616,0,0,0,0,0
2022-12-11,Southwest,N501XX,3114,DFW,CityName,State,DFW,CityName,State,0,0,-5,0,0,,181,2744,0,0,0,0,0
2022-12-11,Delta,N634XX,7746,LAX,CityName,State,ATL,CityName,State,0,0,6,0,0,,107,177,0,0,0,0,0
2022-12-11,Southwest,N462XX,4093,DFW,CityName,State,ATL,CityName,State,30,1,36,1,0,,61,206,0,0,0,0,36
2022-12-11,United,N296XX,4884,ORD,CityName,State,ATL,CityName,State,15,1,11,0,0,,245,2036,0,0,0,0,0
2022-12-11,Delta,N689XX,2627,DFW,CityName,State,MIA,CityName,State,0,0,-12,0,0,,80,1766,0,0,0,0,0
2022-12-11,United,N405XX,460,BOS,CityName,State,LAX,CityName,State,0,0,5,0,0,,261,2604,0,0,0,0,0
2022-12-11,American,N139XX,1540,MIA,CityName,State,LAX,CityName,State,0,0,-8,0,0,,298,1047,0,0,0,0,0
2022-12-11,Delta,N532XX,5011,DEN,CityName,State,DFW,CityName,State,0,0,-6,0,0,,227,2034,0,0,0,0,0
2022-12-11,Southwest,N993XX,5429,BOS,CityName,State,ATL,CityName,State,45,1,49,1,0,,67,2160,49,0,0,0,0
2022-12-11,United,N951XX,5851,JFK,CityName,State,SFO,CityName,State,30,1,26,1,0,,326,1634,0,26,0,0,0
2022-12-11,United,N217XX,9360,JFK,CityName,State,MIA,CityName,State,0,0,-6,0,0,,179,800,0,0,0,0,0
2022-12-12,Southwest,N139XX,3846,DFW,CityName,State,DFW,CityName,State,120,1,117,1,0,,102,1653,0,117,0,0,0
2022-12-12,United,N106XX,1507,LAX,CityName,State,DEN,CityName,State,0,0,0,0,1,A,321,1329,0,0,0,0,0
2022-12-12,American,N535XX,9300,MIA,CityName,State,MIA,CityName,State,0,0,-3,0,0,,72,1158,0,0,0,0,0
2022-12-12,United,N619XX,3991,BOS,CityName,State,DEN,CityName,State,0,0,-10,0,0,,306,2494,0,0,0,0,0
2022-12-12,Southwest,N437XX,6512,LAX,CityName,State,MIA,CityName,State,0,0,-11,0,0,,328,1228,0,0,0,0,0
2022-12-12,Delta,N622XX,6686,DEN,CityName,State,ATL,CityName,State,0,0,-2,0,0,,98,613,0,0,0,0,0
2022-12-12,Southwest,N688XX,2690,ORD,CityName,State,ORD,CityName,State,15,1,24,1,0,,57,2791,0,0,0,0,24
2022-12-12,Southwest,N352XX,1036,ATL,CityName,State,BOS,CityName,State,0,0,-4,0,0,,210,2864,0,0,0,0,0
2022-12-12,American,N738XX,2925,SFO,CityName,State,BOS,CityName,State,0,0,4,0,0,,288,2177,0,0,0,0,0
2022-12-12,JetBlue,N944XX,4404,MIA,CityName,State,DFW,CityName,State,15,1,11,0,0,,318,2972,0,0,0,0,0
2022-12-12,Delta,N862XX,9966,SEA,CityName,State,ORD,CityName,State,0,0,2,0,0,,280,893,0,0,0,0,0
2022-12-12,Southwest,N929XX,4010,SEA,CityName,State,BOS,CityName,State,0,0,2,0,0,,209,2738,0,0,0,0,0
2022-12-12,JetBlue,N153XX,7916,LAX,CityName,State,LAX,CityName,State,0,0,-2,0,0,,177,2440,0,0,0,0,0
2022-12-12,Southwest,N427XX,5372,DFW,CityName,State,SEA,CityName,State,15,1,23,1,0,,263,1560,0,23,0,0,0
2022-12-12,Delta,N308XX,6432,BOS,CityName,State,SFO,CityName,State,0,0,-4,0,0,,256,1373,0,0,0,0,0
2022-12-12,JetBlue,N187XX,4150,MIA,CityName,State,SEA,CityName,State,120,1,121,1,0,,334,1560,0,0,121,0,0
2022-12-12,United,N832XX,6506,LAX,CityName,State,DFW,CityName,State,0,0,-6,0,0,,45,2480,0,0,0,0,0
2022-12-12,Delta,N390XX,9813,ORD,CityName,State,LAX,CityName,State,0,0,9,0,0,,284,1175,0,0,0,0,0
2022-12-13,JetBlue,N805XX,1041,BOS,CityName,State,LAX,CityName,State,0,0,-14,0,0,,255,358,0,0,0,0,0
2022-12-13,Delta,N930XX,4740,MIA,CityName,State,ATL,CityName,State,0,0,-12,0,0,,231,2993,0,0,0,0,0
2022-12-13,Southwest,N764XX,2254,DFW,CityName,State,BOS,CityName,State,0,0,6,0,0,,51,601,0,0,0,0,0
2022-12-13,Delta,N955XX,5927,ATL,CityName,State,MIA,CityName,State,0,0,-5,0,0,,274,272,0,0,0,0,0
2022-12-13,Southwest,N386XX,8942,DEN,CityName,State,ORD,CityName,State,0,0,7,0,0,,177,1885,0,0,0,0,0
2022-12-13,JetBlue,N887XX,929,DFW,CityName,State,LAX,CityName,State,0,0,5,0,0,,82,898,0,0,0,0,0
2022-12-13,United,N858XX,6100,MIA,CityName,State,SFO,CityName,State,0,0,-5,0,0,,264,1836,0,0,0,0,0
2022-12-13,Delta,N959XX,4745,ORD,CityName,State,BOS,CityName,State,0,0,-14,0,0,,88,2614,0,0,0,0,0
2022-12-13,United,N284XX,5281,DEN,CityName,State,ATL,CityName,State,45,1,50,1,0,,238,2099,50,0,0,0,0
2022-12-13,Southwest,N138XX,8254,JFK,CityName,State,SFO,CityName,State,0,0,-12,0,0,,133,482,0,0,0,0,0
2022-12-13,JetBlue,N501XX,1669,LAX,CityName,State,ORD,CityName,State,0,0,-4,0,0,,149,2162,0,0,0,0,0
2022-12-14,Delta,N667XX,4685,SFO,CityName,State,SEA,CityName,State,120,1,122,1,0,,208,2599,0,0,122,0,0
2022-12-14,United,N109XX,9380,LAX,CityName,State,DFW,CityName,State,15,1,8,0,0,,213,1738,0,0,0,0,0
2022-12-14,JetBlue,N824XX,8448,JFK,CityName,State,ATL,CityName,State,60,1,49,1,0,,163,2562,0,49,0,0,0
2022-12-14,United,N462XX,5800,SFO,CityName,State,SFO,CityName,State,0,0,-4,0,0,,191,1553,0,0,0,0,0
2022-12-14,United,N306XX,2155,JFK,CityName,State,ATL,CityName,State,0,0,10,0,0,,233,543,0,0,0,0,0
2022-12-14,JetBlue,N645XX,3327,SFO,CityName,State,MIA,CityName,State,0,0,-12,0,0,,173,2963,0,0,0,0,0
2022-12-14,Delta,N427XX,838,SFO,CityName,State,ATL,CityName,State,45,1,55,1,0,,46,2077,55,0,0,0,0
2022-12-14,American,N256XX,7887,SFO,CityName,State,LAX,CityName,State,0,0,-5,0,0,,324,2275,0,0,0,0,0
2022-12-14,Delta,N942XX,8603,ORD,CityName,State,SEA,CityName,State,15,1,0,0,1,A,256,1732,0,0,0,0,0
2022-12-14,American,N618XX,9376,SEA,CityName,State,DFW,CityName,State,0,0,-10,0,0,,256,1793,0,0,0,0,0
2022-12-14,Southwest,N254XX,1522,ATL,CityName,State,DFW,CityName,State,30,1,20,1,0,,291,817,0,0,0,0,20
2022-12-14,Southwest,N329XX,7289,SEA,CityName,State,DFW,CityName,State,15,1,0,0,1,A,85,1547,0,0,0,0,0
2022-12-14,American,N528XX,867,ORD,CityName,State,ORD,CityName,State,0,0,-11,0,0,,95,1101,0,0,0,0,0
2022-12-14,United,N819XX,5228,ORD,CityName,State,LAX,CityName,State,0,0,1,0,0,,348,764,0,0,0,0,0
2022-12-14,Southwest,N240XX,5152,SEA,CityName,State,SFO,CityName,State,45,1,44,1,0,,82,1204,44,0,0,0,0
2022-12-15,Delta,N286XX,3504,MIA,CityName,State,DFW,CityName,State,0,0,-11,0,0,,316,365,0,0,0,0,0
2022-12-15,American,N608XX,8200,DFW,CityName,State,DFW,CityName,State,30,1,28,1,0,,100,2326,0,28,0,0,0
2022-12-15,American,N276XX,8037,ORD,CityName,State,ORD,CityName,State,0,0,10,0,0,,288,1874,0,0,0,0,0
2022-12-15,JetBlue,N816XX,7396,LAX,CityName,State,BOS,CityName,State,0,0,3,0,0,,127,774,0,0,0,0,0
2022-12-15,Delta,N516XX,5175,JFK,CityName,State,MIA,CityName,State,15,1,1,0,0,,301,1482,0,0,0,0,0
2022-12-15,JetBlue,N587XX,242,SEA,CityName,State,SFO,CityName,State,0,0,10,0,0,,80,159,0,0,0,0,0
2022-12-15,United,N532XX,9877,ORD,CityName,State,ATL,CityName,State,0,0,-3,0,0,,318,1803,0,0,0,0,0
2022-12-15,American,N845XX,9987,DEN,CityName,State,SFO,CityName,State,0,0,-5,0,0,,138,2935,0,0,0,0,0
2022-12-15,United,N896XX,9993,DFW,CityName,State,LAX,CityName,State,0,0,-4,0,0,,163,909,0,0,0,0,0
2022-12-16,American,N600XX,3972,DEN,CityName,State,MIA,CityName,State,0,0,0,0,0,,356,932,0,0,0,0,0
2022-12-16,United,N997XX,6096,ATL,CityName,State,ORD,CityName,State,0,0,4,0,0,,313,568,0,0,0,0,0
2022-12-16,United,N527XX,9577,DFW,CityName,State,ORD,CityName,State,0,0,-2,0,0,,171,2652,0,0,0,0,0
2022-12-16,JetBlue,N771XX,4397,BOS,CityName,State,BOS,CityName,State,15,1,7,0,0,,60,1944,0,0,0,0,0
2022-12-16,Delta,N615XX,2730,DFW,CityName,State,JFK,CityName,State,45,1,55,1,0,,76,466,0,0,55,0,0
2022-12-16,United,N558XX,4884,ORD,CityName,State,DEN,CityName,State,0,0,-4,0,0,,263,2820,0,0,0,0,0
2022-12-16,Southwest,N140XX,9740,ATL,CityName,State,DFW,CityName,State,0,0,-5,0,0,,213,703,0,0,0,0,0
2022-12-16,United,N474XX,6633,DFW,CityName,State,SEA,CityName,State,0,0,-8,0,0,,212,2683,0,0,0,0,0
2022-12-16,Southwest,N826XX,1119,DFW,CityName,State,LAX,CityName,State,0,0,-7,0,0,,76,2883,0,0,0,0,0
2022-12-16,Southwest,N766XX,2362,MIA,CityName,State,LAX,CityName,State,0,0,6,0,0,,171,2270,0,0,0,0,0
2022-12-16,Delta,N445XX,8082,MIA,CityName,State,LAX,CityName,State,0,0,8,0,0,,356,1691,0,0,0,0,0
2022-12-16,United,N836XX,3968,JFK,CityName,State,BOS,CityName,State,0,0,-4,0,0,,92,1948,0,0,0,0,0
2022-12-16,Delta,N300XX,9293,JFK,CityName,State,ATL,CityName,State,0,0,-8,0,0,,346,2721,0,0,0,0,0
2022-12-16,Delta,N148XX,2667,ATL,CityName,State,DEN,CityName,State,60,1,52,1,0,,174,1533,0,0,0,0,52
2022-12-16,Southwest,N968XX,7939,SFO,CityName,State,BOS,CityName,State,0,0,2,0,0,,165,2836,0,0,0,0,0
2022-12-16,Delta,N386XX,3002,DFW,CityName,State,SFO,CityName,State,45,1,37,1,0,,139,2258,37,0,0,0,0
2022-12-16,Southwest,N694XX,8332,BOS,CityName,State,MIA,CityName,State,0,0,-2,0,0,,119,2233,0,0,0,0,0
2022-12-16,Southwest,N748XX,1444,DEN,CityName,State,DEN,CityName,State,0,0,1,0,0,,336,1628,0,0,0,0,0
2022-12-17,Southwest,N136XX,7166,LAX,CityName,State,JFK,CityName,State,0,0,-1,0,0,,247,2492,0,0,0,0,0
2022-12-17,Delta,N148XX,3056,ATL,CityName,State,LAX,CityName,State,0,0,-9,0,0,,45,1027,0,0,0,0,0
2022-12-17,United,N832XX,3445,DEN,CityName,State,DEN,CityName,State,15,1,21,1,0,,173,239,0,0,0,0,21
2022-12-17,United,N470XX,7387,ATL,CityName,State,ATL,CityName,State,0,0,-2,0,0,,149,659,0,0,0,0,0
2022-12-17,American,N917XX,840,DEN,CityName,State,ORD,CityName,State,0,0,-7,0,0,,131,657,0,0,0,0,0
2022-12-17,United,N810XX,1121,MIA,CityName,State,ATL,CityName,State,0,0,-7,0,0,,211,775,0,0,0,0,0
2022-12-17,Delta,N322XX,6784,MIA,CityName,State,ATL,CityName,State,0,0,-3,0,0,,109,542,0,0,0,0,0
2022-12-17,Delta,N867XX,6372,BOS,CityName,State,ORD,CityName,State,15,1,4,0,0,,253,802,0,0,0,0,0
2022-12-17,Delta,N786XX,6257,ATL,CityName,State,SEA,CityName,State,0,0,0,0,1,A,354,2585,0,0,0,0,0
2022-12-17,United,N324XX,880,JFK,CityName,State,SEA,CityName,State,0,0,-3,0,0,,47,2507,0,0,0,0,0
2022-12-18,Southwest,N356XX,7230,BOS,CityName,State,JFK,CityName,State,30,1,36,1,0,,111,474,0,0,36,0,0
2022-12-18,United,N961XX,2476,SFO,CityName,State,DEN,CityName,State,0,0,3,0,0,,90,965,0,0,0,0,0
2022-12-18,JetBlue,N939XX,6347,SFO,CityName,State,BOS,CityName,State,0,0,-11,0,0,,49,737,0,0,0,0,0
2022-12-18,United,N897XX,7988,DEN,CityName,State,BOS,CityName,State,0,0,2,0,0,,89,2743,0,0,0,0,0
2022-12-18,United,N820XX,455,BOS,CityName,State,BOS,CityName,State,15,1,20,1,0,,102,2591,20,0,0,0,0
2022-12-18,United,N503XX,4985,DEN,CityName,State,BOS,CityName,State,15,1,12,0,0,,152,1023,0,0,0,0,0
2022-12-18,Southwest,N410XX,1537,ATL,CityName,State,MIA,CityName,State,15,1,11,0,0,,279,2918,0,0,0,0,0
2022-12-18,JetBlue,N606XX,8462,LAX,CityName,State,LAX,CityName,State,0,0,-11,0,0,,125,1815,0,0,0,0,0
2022-12-18,JetBlue,N386XX,3875,ORD,CityName,State,LAX,CityName,State,15,1,13,0,0,,82,1476,0,0,0,0,0
2022-12-18,American,N927XX,6423,JFK,CityName,State,JFK,CityName,State,0,0,4,0,0,,200,2964,0,0,0,0,0
2022-12-18,United,N674XX,1598,LAX,CityName,State,DEN,CityName,State,0,0,0,0,0,,250,2622,0,0,0,0,0
2022-12-18,Southwest,N297XX,5516,ATL,CityName,State,DFW,CityName,State,0,0,-4,0,0,,245,167,0,0,0,0,0
2022-12-18,American,N158XX,2481,DEN,CityName,State,SFO,CityName,State,45,1,49,1,0,,303,270,0,0,0,0,49
2022-12-18,JetBlue,N490XX,9480,SEA,CityName,State,BOS,CityName,State,0,0,-14,0,0,,351,888,0,0,0,0,0
2022-12-18,American,N645XX,9309,JFK,CityName,State,DEN,CityName,State,0,0,5,0,0,,124,2527,0,0,0,0,0
2022-12-18,American,N184XX,985,DFW,CityName,State,ATL,CityName,State,0,0,3,0,0,,223,1709,0,0,0,0,0
2022-12-18,JetBlue,N376XX,5920,DEN,CityName,State,JFK,CityName,State,0,0,0,0,1,A,156,385,0,0,0,0,0
2022-12-18,American,N270XX,9464,JFK,CityName,State,LAX,CityName,State,15,1,4,0,0,,257,755,0,0,0,0,0
2022-12-19,Delta,N838XX,4707,BOS,CityName,State,SFO,CityName,State,0,0,5,0,0,,348,1977,0,0,0,0,0
2022-12-19,Delta,N587XX,8583,ATL,CityName,State,ORD,CityName,State,45,1,52,1,0,,147,908,52,0,0,0,0
2022-12-19,American,N496XX,5729,MIA,CityName,State,DEN,CityName,State,0,0,1,0,0,,344,259,0,0,0,0,0
2022-12-19,American,N115XX,8614,SFO,CityName,State,DFW,CityName,State,0,0,-12,0,0,,63,910,0,0,0,0,0
2022-12-19,Delta,N624XX,9910,MIA,CityName,State,MIA,CityName,State,0,0,8,0,0,,139,1385,0,0,0,0,0
2022-12-19,American,N836XX,378,ATL,CityName,State,ATL,CityName,State,0,0,-11,0,0,,162,2226,0,0,0,0,0
2022-12-19,American,N941XX,5436,ATL,CityName,State,BOS,CityName,State,0,0,-14,0,0,,234,234,0,0,0,0,0
2022-12-19,United,N327XX,1262,LAX,CityName,State,DEN,CityName,State,30,1,24,1,0,,161,1481,0,0,24,0,0
2022-12-19,United,N899XX,7671,SEA,CityName,State,BOS,CityName,State,0,0,0,0,0,,230,2359,0,0,0,0,0
2022-12-19,Delta,N282XX,8293,LAX,CityName,State,BOS,CityName,State,30,1,17,1,0,,52,1267,17,0,0,0,0
2022-12-19,United,N120XX,8163,DEN,CityName,State,MIA,CityName,State,0,0,-3,0,0,,235,1641,0,0,0,0,0
2022-12-19,United,N692XX,6921,LAX,CityName,State,LAX,CityName,State,30,1,31,1,0,,123,741,0,0,31,0,0
2022-12-19,American,N628XX,4567,MIA,CityName,State,SFO,CityName,State,0,0,9,0,0,,217,2736,0,0,0,0,0
2022-12-19,Southwest,N894XX,2805,SEA,CityName,State,DFW,CityName,State,0,0,8,0,0,,277,2939,0,0,0,0,0
2022-12-19,American,N362XX,325,DEN,CityName,State,DEN,CityName,State,0,0,0,0,1,A,339,2082,0,0,0,0,0
2022-12-20,Delta,N292XX,1645,DEN,CityName,State,ATL,CityName,State,0,0,-11,0,0,,224,2023,0,0,0,0,0
2022-12-20,Delta,N473XX,722,JFK,CityName,State,LAX,CityName,State,0,0,9,0,0,,354,2397,0,0,0,0,0
2022-12-20,Delta,N131XX,5574,ORD,CityName,State,LAX,CityName,State,0,0,2,0,0,,331,1978,0,0,0,0,0
2022-12-20,United,N289XX,8040,DFW,CityName,State,JFK,CityName,State,45,1,47,1,0,,343,1240,47,0,0,0,0
2022-12-20,United,N491XX,1207,ORD,CityName,State,ORD,CityName,State,0,0,-14,0,0,,353,1917,0,0,0,0,0
2022-12-20,Delta,N806XX,4221,LAX,CityName,State,JFK,CityName,State,0,0,0,0,0,,205,2595,0,0,0,0,0
2022-12-20,Southwest,N406XX,9071,SFO,CityName,State,DFW,CityName,State,0,0,-2,0,0,,57,2757,0,0,0,0,0
2022-12-20,Delta,N881XX,792,DEN,CityName,State,SEA,CityName,State,15,1,13,0,0,,247,1789,0,0,0,0,0
2022-12-20,Delta,N173XX,8068,SEA,CityName,State,BOS,CityName,State,0,0,5,0,0,,72,2100,0,0,0,0,0
2022-12-20,JetBlue,N675XX,4966,BOS,CityName,State,MIA,CityName,State,0,0,4,0,0,,315,1261,0,0,0,0,0
2022-12-20,JetBlue,N858XX,2451,LAX,CityName,State,SEA,CityName,State,0,0,7,0,0,,181,346,0,0,0,0,0
2022-12-20,American,N829XX,6284,DEN,CityName,State,SFO,CityName,State,0,0,8,0,0,,119,1759,0,0,0,0,0
2022-12-20,United,N120XX,6026,ATL,CityName,State,ORD,CityName,State,0,0,-14,0,0,,304,2160,0,0,0,0,0
2022-12-21,United,N132XX,9020,DFW,CityName,State,DFW,CityName,State,0,0,-3,0,0,,193,822,0,0,0,0,0
2022-12-21,American,N271XX,9524,ORD,CityName,State,LAX,CityName,State,0,0,-11,0,0,,235,1413,0,0,0,0,0
2022-12-21,Southwest,N700XX,361,LAX,CityName,State,JFK,CityName,State,0,0,4,0,0,,273,2301,0,0,0,0,0
2022-12-21,American,N146XX,3553,JFK,CityName,State,SEA,CityName,State,0,0,0,0,0,,117,439,0,0,0,0,0
2022-12-21,Delta,N296XX,7027,LAX,CityName,State,ATL,CityName,State,15,1,13,0,0,,152,1686,0,0,0,0,0
2022-12-21,Delta,N158XX,2857,SFO,CityName,State,DFW,CityName,State,0,0,5,0,0,,358,1450,0,0,0,0,0
2022-12-21,United,N667XX,8174,LAX,CityName,State,DFW,CityName,State,0,0,0,0,0,,223,614,0,0,0,0,0
2022-12-21,United,N768XX,3408,LAX,CityName,State,SEA,CityName,State,0,0,3,0,0,,257,893,0,0,0,0,0
2022-12-21,American,N173XX,1457,BOS,CityName,State,ATL,CityName,State,0,0,-1,0,0,,282,766,0,0,0,0,0
2022-12-22,United,N541XX,9159,SEA,CityName,State,DFW,CityName,State,0,0,3,0,0,,242,2584,0,0,0,0,0
2022-12-22,Southwest,N844XX,2653,DFW,CityName,State,LAX,CityName,State,0,0,10,0,0,,240,1269,0,0,0,0,0
2022-12-22,Delta,N300XX,5830,ORD,CityName,State,JFK,CityName,State,0,0,6,0,0,,127,204,0,0,0,0,0
2022-12-22,Delta,N766XX,6905,ORD,CityName,State,ORD,CityName,State,15,1,24,1,0,,301,2752,0,0,24,0,0
2022-12-22,Delta,N756XX,9022,JFK,CityName,State,MIA,CityName,State,0,0,4,0,0,,160,2715,0,0,0,0,0
2022-12-22,JetBlue,N110XX,962,ATL,CityName,State,SEA,CityName,State,45,1,36,1,0,,178,971,0,0,0,0,36
2022-12-22,Delta,N137XX,4680,BOS,CityName,State,LAX,CityName,State,0,0,-10,0,0,,187,727,0,0,0,0,0
2022-12-22,Southwest,N807XX,7638,ATL,CityName,State,DFW,CityName,State,15,1,25,1,0,,199,427,0,0,0,0,25
2022-12-22,Southwest,N518XX,1506,DEN,CityName,State,JFK,CityName,State,0,0,-7,0,0,,109,1656,0,0,0,0,0
2022-12-22,JetBlue,N285XX,1025,BOS,CityName,State,JFK,CityName,State,15,1,12,0,0,,162,1869,0,0,0,0,0
2022-12-22,Southwest,N439XX,1327,LAX,CityName,State,SEA,CityName,State,0,0,-7,0,0,,357,750,0,0,0,0,0
2022-12-22,Delta,N393XX,5767,LAX,CityName,State,SEA,CityName,State,0,0,8,0,0,,310,319,0,0,0,0,0
2022-12-22,Delta,N431XX,1055,BOS,CityName,State,SEA,CityName,State,0,0,-6,0,0,,310,514,0,0,0,0,0
2022-12-22,Southwest,N219XX,1050,MIA,CityName,State,SFO,CityName,State,15,1,4,0,0,,97,2995,0,0,0,0,0
2022-12-23,United,N443XX,2392,ORD,CityName,State,SFO,CityName,State,0,0,-1,0,0,,135,620,0,0,0,0,0
2022-12-23,Delta,N466XX,5594,SEA,CityName,State,SEA,CityName,State,0,0,4,0,0,,105,605,0,0,0,0,0
2022-12-23,JetBlue,N290XX,7406,MIA,CityName,State,SEA,CityName,State,0,0,3,0,0,,267,566,0,0,0,0,0
2022-12-23,Southwest,N923XX,3277,MIA,CityName,State,ORD,CityName,State,0,0,-3,0,0,,228,2733,0,0,0,0,0
2022-12-23,Delta,N398XX,8970,LAX,CityName,State,ORD,CityName,State,15,1,4,0,0,,125,1048,0,0,0,0,0
2022-12-23,United,N903XX,8601,ATL,CityName,State,ATL,CityName,State,0,0,4,0,0,,48,1475,0,0,0,0,0
2022-12-23,United,N270XX,4438,DFW,CityName,State,ORD,CityName,State,0,0,4,0,0,,240,2688,0,0,0,0,0
2022-12-24,JetBlue,N325XX,5344,MIA,CityName,State,SFO,CityName,State,0,0,-10,0,0,,291,153,0,0,0,0,0
2022-12-24,Southwest,N513XX,3770,JFK,CityName,State,SFO,CityName,State,60,1,52,1,0,,297,2010,52,0,0,0,0
2022-12-24,United,N575XX,2670,LAX,CityName,State,JFK,CityName,State,0,0,-4,0,0,,257,2423,0,0,0,0,0
2022-12-24,United,N529XX,3401,LAX,CityName,State,JFK,CityName,State,0,0,8,0,0,,321,252,0,0,0,0,0
2022-12-24,JetBlue,N766XX,9354,BOS,CityName,State,ORD,CityName,State,45,1,49,1,0,,334,2148,49,0,0,0,0
2022-12-24,JetBlue,N993XX,3709,JFK,CityName,State,JFK,CityName,State,0,0,1,0,0,,146,2270,0,0,0,0,0
2022-12-24,American,N269XX,3337,DEN,CityName,State,MIA,CityName,State,60,1,49,1,0,,191,1822,0,0,0,0,49
2022-12-24,JetBlue,N523XX,8437,BOS,CityName,State,JFK,CityName,State,15,1,5,0,0,,172,1394,0,0,0,0,0
2022-12-24,American,N755XX,6535,LAX,CityName,State,SFO,CityName,State,0,0,0,0,0,,138,1598,0,0,0,0,0
2022-12-24,JetBlue,N930XX,8448,DEN,CityName,State,SFO,CityName,State,45,1,55,1,0,,165,1099,0,0,55,0,0
2022-12-24,United,N399XX,3949,ATL,CityName,State,SEA,CityName,State,30,1,25,1,0,,142,667,0,0,25,0,0
2022-12-24,United,N157XX,6990,LAX,CityName,State,MIA,CityName,State,0,0,0,0,0,,79,2003,0,0,0,0,0
2022-12-24,American,N957XX,8284,MIA,CityName,State,MIA,CityName,State,0,0,5,0,0,,323,2971,0,0,0,0,0
2022-12-24,JetBlue,N480XX,8752,LAX,CityName,State,BOS,CityName,State,120,1,127,1,0,,125,2349,127,0,0,0,0
2022-12-24,American,N265XX,8920,ORD,CityName,State,DEN,CityName,State,0,0,-6,0,0,,118,1282,0,0,0,0,0
2022-12-24,Delta,N579XX,6526,DFW,CityName,State,SEA,CityName,State,30,1,26,1,0,,176,1307,0,0,26,0,0
2022-12-24,American,N364XX,3038,ATL,CityName,State,LAX,CityName,State,0,0,-11,0,0,,291,2831,0,0,0,0,0
2022-12-24,Southwest,N278XX,4453,LAX,CityName,State,LAX,CityName,State,0,0,5,0,0,,253,744,0,0,0,0,0
2022-12-25,Delta,N718XX,6653,ATL,CityName,State,LAX,CityName,State,0,0,6,0,0,,338,857,0,0,0,0,0
2022-12-25,Delta,N829XX,9115,SFO,CityName,State,JFK,CityName,State,60,1,62,1,0,,124,1570,0,62,0,0,0
2022-12-25,American,N252XX,9019,SFO,CityName,State,ATL,CityName,State,0,0,5,0,0,,317,1508,0,0,0,0,0
2022-12-25,Delta,N472XX,9669,ORD,CityName,State,LAX,CityName,State,0,0,7,0,0,,91,2585,0,0,0,0,0
2022-12-25,American,N254XX,7463,ORD,CityName,State,DFW,CityName,State,0,0,2,0,0,,305,448,0,0,0,0,0
2022-12-25,Delta,N562XX,1445,LAX,CityName,State,ORD,CityName,State,0,0,-13,0,0,,190,2445,0,0,0,0,0
2022-12-25,United,N961XX,2767,DEN,CityName,State,DFW,CityName,State,0,0,-5,0,0,,161,2793,0,0,0,0,0
2022-12-25,JetBlue,N206XX,2449,SEA,CityName,State,JFK,CityName,State,45,1,51,1,0,,191,2119,0,0,0,0,51
2022-12-25,American,N492XX,9021,DEN,CityName,State,JFK,CityName,State,15,1,8,0,0,,52,2121,0,0,0,0,0
2022-12-25,JetBlue,N905XX,7928,DEN,CityName,State,JFK,CityName,State,0,0,-14,0,0,,128,2016,0,0,0,0,0
2022-12-25,United,N254XX,6975,DEN,CityName,State,JFK,CityName,State,30,1,33,1,0,,116,1529,33,0,0,0,0
2022-12-25,United,N894XX,8801,MIA,CityName,State,ATL,CityName,State,0,0,-10,0,0,,330,962,0,0,0,0,0
2022-12-25,JetBlue,N313XX,2348,ORD,CityName,State,SEA,CityName,State,0,0,0,0,0,,228,202,0,0,0,0,0
2022-12-25,Southwest,N337XX,8374,ORD,CityName,State,LAX,CityName,State,0,0,5,0,0,,54,530,0,0,0,0,0
2022-12-26,United,N630XX,4303,LAX,CityName,State,SFO,CityName,State,0,0,-5,0,0,,275,2553,0,0,0,0,0
2022-12-26,Southwest,N543XX,8272,SEA,CityName,State,DFW,CityName,State,0,0,6,0,0,,201,2449,0,0,0,0,0
2022-12-26,American,N545XX,5646,DFW,CityName,State,DEN,CityName,State,0,0,-3,0,0,,260,816,0,0,0,0,0
2022-12-26,JetBlue,N425XX,984,LAX,CityName,State,ORD,CityName,State,0,0,-1,0,0,,190,949,0,0,0,0,0
2022-12-26,United,N640XX,8199,DEN,CityName,State,BOS,CityName,State,0,0,-8,0,0,,300,1834,0,0,0,0,0
2022-12-26,JetBlue,N591XX,6304,DFW,CityName,State,LAX,CityName,State,0,0,-10,0,0,,143,867,0,0,0,0,0
2022-12-26,American,N699XX,5060,SFO,CityName,State,MIA,CityName,State,0,0,6,0,0,,298,503,0,0,0,0,0
2022-12-26,Southwest,N953XX,3650,ATL,CityName,State,MIA,CityName,State,0,0,7,0,0,,339,266,0,0,0,0,0
2022-12-26,United,N435XX,3964,SFO,CityName,State,ORD,CityName,State,0,0,0,0,0,,159,602,0,0,0,0,0
2022-12-26,American,N474XX,5658,JFK,CityName,State,LAX,CityName,State,0,0,5,0,0,,118,1243,0,0,0,0,0
2022-12-26,American,N895XX,8942,BOS,CityName,State,BOS,CityName,State,0,0,6,0,0,,131,2097,0,0,0,0,0
2022-12-26,United,N321XX,425,DFW,CityName,State,MIA,CityName,State,0,0,8,0,0,,77,1781,0,0,0,0,0
2022-12-26,JetBlue,N142XX,9220,LAX,CityName,State,DFW,CityName,State,0,0,-4,0,0,,155,578,0,0,0,0,0
2022-12-26,Delta,N364XX,7119,LAX,CityName,State,ATL,CityName,State,0,0,-3,0,0,,146,1335,0,0,0,0,0
2022-12-26,JetBlue,N478XX,4458,LAX,CityName,State,LAX,CityName,State,0,0,1,0,0,,162,1840,0,0,0,0,0
2022-12-26,United,N663XX,2492,ATL,CityName,State,LAX,CityName,State,0,0,5,0,0,,194,1642,0,0,0,0,0
2022-12-26,American,N675XX,6570,ORD,CityName,State,BOS,CityName,State,0,0,3,0,0,,210,2744,0,0,0,0,0
2022-12-26,United,N283XX,1221,ATL,CityName,State,ORD,CityName,State,0,0,-2,0,0,,289,1230,0,0,0,0,0
2022-12-27,American,N341XX,3802,ATL,CityName,State,SEA,CityName,State,0,0,-8,0,0,,246,1500,0,0,0,0,0
2022-12-27,American,N925XX,4571,ORD,CityName,State,ORD,CityName,State,0,0,9,0,0,,252,450,0,0,0,0,0
2022-12-27,United,N589XX,3332,DFW,CityName,State,LAX,CityName,State,0,0,-9,0,0,,79,181,0,0,0,0,0
2022-12-27,Delta,N688XX,3257,ORD,CityName,State,LAX,CityName,State,0,0,-2,0,0,,139,480,0,0,0,0,0
2022-12-27,Delta,N252XX,852,MIA,CityName,State,LAX,CityName,State,0,0,-8,0,0,,282,405,0,0,0,0,0
2022-12-27,Southwest,N567XX,6807,JFK,CityName,State,ORD,CityName,State,30,1,34,1,0,,227,2375,0,0,0,0,34
2022-12-27,American,N956XX,2993,BOS,CityName,State,MIA,CityName,State,0,0,7,0,0,,213,2738,0,0,0,0,0
2022-12-27,JetBlue,N385XX,4400,DFW,CityName,State,SFO,CityName,State,0,0,1,0,0,,69,1115,0,0,0,0,0
2022-12-27,United,N627XX,8606,DEN,CityName,State,ORD,CityName,State,45,1,0,0,1,A,227,2795,0,0,0,0,0
2022-12-27,American,N295XX,5693,BOS,CityName,State,DFW,CityName,State,0,0,6,0,0,,90,1944,0,0,0,0,0
2022-12-28,Delta,N596XX,8029,JFK,CityName,State,ORD,CityName,State,0,0,8,0,0,,116,664,0,0,0,0,0
2022-12-28,American,N862XX,5734,JFK,CityName,State,DFW,CityName,State,15,1,12,0,0,,110,815,0,0,0,0,0
2022-12-28,American,N721XX,5598,BOS,CityName,State,BOS,CityName,State,0,0,-2,0,0,,61,1436,0,0,0,0,0
2022-12-28,American,N275XX,6610,SFO,CityName,State,SFO,CityName,State,45,1,36,1,0,,73,2319,0,0,36,0,0
2022-12-28,American,N213XX,9064,SFO,CityName,State,DFW,CityName,State,0,0,-4,0,0,,204,2914,0,0,0,0,0
2022-12-28,United,N448XX,1936,DEN,CityName,State,DEN,CityName,State,0,0,-6,0,0,,228,763,0,0,0,0,0
2022-12-28,JetBlue,N416XX,1854,JFK,CityName,State,LAX,CityName,State,0,0,1,0,0,,268,448,0,0,0,0,0
2022-12-28,Delta,N594XX,2356,SFO,CityName,State,BOS,CityName,State,60,1,70,1,0,,183,1955,0,0,70,0,0
2022-12-28,American,N786XX,5591,BOS,CityName,State,LAX,CityName,State,0,0,6,0,0,,124,1478,0,0,0,0,0
2022-12-28,Delta,N964XX,9558,JFK,CityName,State,SFO,CityName,State,0,0,9,0,0,,125,1830,0,0,0,0,0
2022-12-28,American,N236XX,6565,ATL,CityName,State,MIA,CityName,State,15,1,5,0,0,,64,860,0,0,0,0,0
2022-12-28,Delta,N396XX,2450,SEA,CityName,State,BOS,CityName,State,0,0,-9,0,0,,82,1342,0,0,0,0,0
2022-12-28,United,N256XX,5457,DEN,CityName,State,JFK,CityName,State,0,0,6,0,0,,216,2078,0,0,0,0,0
2022-12-29,American,N660XX,3120,MIA,CityName,State,BOS,CityName,State,0,0,-9,0,0,,115,1701,0,0,0,0,0
2022-12-29,Southwest,N485XX,2296,LAX,CityName,State,ATL,CityName,State,15,1,13,0,0,,159,1123,0,0,0,0,0
2022-12-29,JetBlue,N799XX,9890,MIA,CityName,State,MIA,CityName,State,45,1,39,1,0,,170,999,0,39,0,0,0
2022-12-29,Southwest,N262XX,2318,MIA,CityName,State,ATL,CityName,State,15,1,3,0,0,,239,1424,0,0,0,0,0
2022-12-29,Delta,N204XX,8033,SFO,CityName,State,SEA,CityName,State,0,0,8,0,0,,156,366,0,0,0,0,0
2022-12-29,Southwest,N523XX,9853,ATL,CityName,State,ORD,CityName,State,0,0,-6,0,0,,96,1510,0,0,0,0,0
2022-12-29,Southwest,N609XX,6959,LAX,CityName,State,BOS,CityName,State,0,0,3,0,0,,224,2049,0,0,0,0,0
2022-12-29,JetBlue,N205XX,1655,DFW,CityName,State,SEA,CityName,State,0,0,-9,0,0,,248,1885,0,0,0,0,0
2022-12-29,Southwest,N541XX,4068,ATL,CityName,State,BOS,CityName,State,0,0,10,0,0,,250,1420,0,0,0,0,0
2022-12-29,JetBlue,N582XX,5137,DFW,CityName,State,ORD,CityName,State,0,0,-9,0,0,,86,785,0,0,0,0,0
2022-12-29,American,N704XX,737,ATL,CityName,State,SFO,CityName,State,0,0,4,0,0,,111,2095,0,0,0,0,0
2022-12-29,Southwest,N743XX,4526,DFW,CityName,State,JFK,CityName,State,0,0,-13,0,0,,308,2871,0,0,0,0,0
2022-12-29,JetBlue,N909XX,4134,ORD,CityName,State,SEA,CityName,State,0,0,-2,0,0,,225,2416,0,0,0,0,0
2022-12-29,Delta,N227XX,128,DEN,CityName,State,DFW,CityName,State,0,0,0,0,0,,231,1557,0,0,0,0,0
2022-12-29,Southwest,N484XX,6229,SFO,CityName,State,DFW,CityName,State,0,0,-7,0,0,,273,2654,0,0,0,0,0
2022-12-29,Southwest,N478XX,448,ORD,CityName,State,ORD,CityName,State,0,0,1,0,0,,75,249,0,0,0,0,0
2022-12-30,United,N308XX,9895,SEA,CityName,State,SFO,CityName,State,0,0,-5,0,0,,138,2288,0,0,0,0,0
2022-12-30,Delta,N364XX,5824,JFK,CityName,State,ORD,CityName,State,0,0,8,0,0,,83,2915,0,0,0,0,0
2022-12-30,Southwest,N728XX,7737,SEA,CityName,State,JFK,CityName,State,0,0,8,0,0,,92,574,0,0,0,0,0
2022-12-30,JetBlue,N476XX,1661,MIA,CityName,State,LAX,CityName,State,0,0,0,0,0,,83,1105,0,0,0,0,0
2022-12-30,JetBlue,N586XX,3688,SFO,CityName,State,SEA,CityName,State,30,1,36,1,0,,256,1206,0,0,36,0,0
2022-12-30,Delta,N410XX,4756,SEA,CityName,State,MIA,CityName,State,0,0,-13,0,0,,126,960,0,0,0,0,0
2022-12-30,Southwest,N757XX,7562,SFO,CityName,State,DEN,CityName,State,0,0,0,0,0,,232,2080,0,0,0,0,0
2022-12-30,JetBlue,N620XX,3863,BOS,CityName,State,SFO,CityName,State,0,0,10,0,0,,175,2771,0,0,0,0,0
2022-12-30,American,N959XX,3203,ATL,CityName,State,BOS,CityName,State,0,0,7,0,0,,262,2792,0,0,0,0,0
2022-12-30,JetBlue,N698XX,2637,JFK,CityName,State,BOS,CityName,State,0,0,6,0,0,,232,815,0,0,0,0,0
2022-12-30,JetBlue,N534XX,7475,SFO,CityName,State,ORD,CityName,State,0,0,-3,0,0,,123,2633,0,0,0,0,0
2022-12-30,Southwest,N445XX,7867,SFO,CityName,State,ATL,CityName,State,30,1,38,1,0,,52,339,0,0,38,0,0
