FlightDate,Reporting_Airline,Tail_Number,Flight_Number_Reporting_Airline,Origin,OriginCityName,OriginState,Dest,DestCityName,DestState,DepDelay,DepDel15,ArrDelay,ArrDel15,Cancelled,CancellationCode,AirTime,Distance,CarrierDelay,WeatherDelay,NASDelay,SecurityDelay,LateAircraftDelay
2024-01-01,Southwest,N581XX,2678,SEA,CityName,State,SFO,CityName,State,0,0,1,0,0,,357,1137,0,0,0,0,0
2024-01-01,American,N448XX,1777,ORD,CityName,State,SEA,CityName,State,0,0,-11,0,0,,318,360,0,0,0,0,0
2024-01-01,American,N959XX,9565,SEA,CityName,State,MIA,CityName,State,15,1,14,0,0,,186,2368,0,0,0,0,0
2024-01-01,JetBlue,N967XX,2934,BOS,CityName,State,ATL,CityName,State,0,0,-9,0,0,,216,1886,0,0,0,0,0
2024-01-01,United,N189XX,7367,SFO,CityName,State,DEN,CityName,State,0,0,1,0,0,,181,1067,0,0,0,0,0
2024-01-01,JetBlue,N430XX,106,MIA,CityName,State,SFO,CityName,State,120,1,112,1,0,,196,923,0,0,0,0,112
2024-01-01,JetBlue,N267XX,6682,BOS,CityName,State,BOS,CityName,State,0,0,5,0,0,,249,675,0,0,0,0,0
2024-01-01,American,N558XX,9742,SFO,CityName,State,MIA,CityName,State,0,0,-1,0,0,,140,2106,0,0,0,0,0
2024-01-01,JetBlue,N368XX,1024,SFO,CityName,State,DEN,CityName,State,0,0,-14,0,0,,309,2082,0,0,0,0,0
2024-01-01,JetBlue,N632XX,7632,ATL,CityName,State,ORD,CityName,State,15,1,8,0,0,,232,2629,0,0,0,0,0
2024-01-01,Southwest,N844XX,8402,BOS,CityName,State,DFW,CityName,State,0,0,8,0,0,,325,454,0,0,0,0,0
2024-01-01,Southwest,N328XX,5707,SEA,CityName,State,JFK,CityName,State,0,0,-12,0,0,,258,1781,0,0,0,0,0
2024-01-01,JetBlue,N704XX,7060,JFK,CityName,State,DEN,CityName,State,0,0,-11,0,0,,64,1711,0,0,0,0,0
2024-01-01,United,N842XX,7202,SFO,CityName,State,JFK,CityName,State,0,0,-7,0,0,,350,1668,0,0,0,0,0
2024-01-01,Southwest,N500XX,8541,SEA,CityName,State,JFK,CityName,State,60,1,55,1,0,,265,1108,0,55,0,0,0
2024-01-02,United,N543XX,6401,SFO,CityName,State,DFW,CityName,State,0,0,5,0,0,,160,1020,0,0,0,0,0
2024-01-02,United,N608XX,3825,JFK,CityName,State,ORD,CityName,State,0,0,-2,0,0,,296,368,0,0,0,0,0
2024-01-02,United,N154XX,2162,BOS,CityName,State,BOS,CityName,State,0,0,-5,0,0,,264,1922,0,0,0,0,0
2024-01-02,JetBlue,N614XX,6230,DFW,CityName,State,SEA,CityName,State,0,0,3,0,0,,121,2086,0,0,0,0,0
2024-01-02,JetBlue,N779XX,4727,DFW,CityName,State,LAX,CityName,State,0,0,10,0,0,,162,919,0,0,0,0,0
2024-01-02,JetBlue,N281XX,1347,BOS,CityName,State,LAX,CityName,State,0,0,9,0,0,,144,601,0,0,0,0,0
2024-01-02,United,N884XX,3444,SEA,CityName,State,JFK,CityName,State,0,0,-3,0,0,,298,2927,0,0,0,0,0
2024-01-02,JetBlue,N565XX,4830,LAX,CityName,State,JFK,CityName,State,60,1,47,1,0,,338,2336,0,0,47,0,0
2024-01-02,United,N519XX,9509,JFK,CityName,State,BOS,CityName,State,0,0,-13,0,0,,145,1529,0,0,0,0,0
2024-01-02,Southwest,N362XX,5374,ORD,CityName,State,JFK,CityName,State,0,0,-8,0,0,,256,621,0,0,0,0,0
2024-01-02,United,N569XX,5008,MIA,CityName,State,ORD,CityName,State,45,1,42,1,0,,91,1771,0,0,0,0,42
2024-01-02,JetBlue,N842XX,5314,ATL,CityName,State,SEA,CityName,State,0,0,1,0,0,,321,2099,0,0,0,0,0
2024-01-02,JetBlue,N783XX,8935,SEA,CityName,State,LAX,CityName,State,0,0,9,0,0,,45,2042,0,0,0,0,0
2024-01-02,Southwest,N132XX,7797,SEA,CityName,State,SEA,CityName,State,30,1,27,1,0,,141,2044,0,0,0,0,27
2024-01-02,JetBlue,N423XX,3092,MIA,CityName,State,DEN,CityName,State,15,1,12,0,0,,330,1894,0,0,0,0,0
2024-01-02,Delta,N896XX,3201,ORD,CityName,State,ORD,CityName,State,0,0,-1,0,0,,300,2621,0,0,0,0,0
2024-01-02,JetBlue,N588XX,957,LAX,CityName,State,ATL,CityName,State,0,0,6,0,0,,231,1663,0,0,0,0,0
2024-01-03,Delta,N180XX,512,MIA,CityName,State,LAX,CityName,State,0,0,-4,0,0,,118,1251,0,0,0,0,0
2024-01-03,JetBlue,N438XX,2672,ATL,CityName,State,MIA,CityName,State,0,0,-6,0,0,,307,2033,0,0,0,0,0
2024-01-03,United,N916XX,6557,SEA,CityName,State,BOS,CityName,State,0,0,8,0,0,,323,363,0,0,0,0,0
2024-01-03,JetBlue,N208XX,6649,SEA,CityName,State,DEN,CityName,State,0,0,-13,0,0,,70,1804,0,0,0,0,0
2024-01-03,Southwest,N747XX,1435,MIA,CityName,State,SFO,CityName,State,15,1,8,0,0,,257,1404,0,0,0,0,0
2024-01-03,JetBlue,N885XX,6684,SFO,CityName,State,BOS,CityName,State,15,1,16,1,0,,60,1896,0,0,0,0,16
2024-01-03,United,N630XX,6038,JFK,CityName,State,SFO,CityName,State,0,0,-6,0,0,,270,1389,0,0,0,0,0
2024-01-03,Southwest,N622XX,2103,SEA,CityName,State,BOS,CityName,State,30,1,36,1,0,,116,2087,36,0,0,0,0
2024-01-03,JetBlue,N616XX,9191,DFW,CityName,State,MIA,CityName,State,0,0,7,0,0,,150,1082,0,0,0,0,0
2024-01-03,Southwest,N515XX,4588,DFW,CityName,State,SFO,CityName,State,30,1,37,1,0,,152,2944,0,37,0,0,0
2024-01-04,United,N309XX,6980,ORD,CityName,State,LAX,CityName,State,0,0,-9,0,0,,159,2291,0,0,0,0,0
2024-01-04,American,N219XX,5975,ATL,CityName,State,JFK,CityName,State,0,0,-7,0,0,,123,626,0,0,0,0,0
2024-01-04,American,N505XX,5299,SEA,CityName,State,JFK,CityName,State,0,0,-14,0,0,,253,1289,0,0,0,0,0
2024-01-04,Southwest,N610XX,6861,ORD,CityName,State,ORD,CityName,State,0,0,-6,0,0,,300,448,0,0,0,0,0
2024-01-04,American,N300XX,8808,JFK,CityName,State,MIA,CityName,State,0,0,0,0,0,,147,2710,0,0,0,0,0
2024-01-04,American,N759XX,3578,DFW,CityName,State,ORD,CityName,State,0,0,0,0,0,,212,476,0,0,0,0,0
2024-01-04,JetBlue,N166XX,6078,MIA,CityName,State,JFK,CityName,State,0,0,-8,0,0,,314,2744,0,0,0,0,0
2024-01-04,Delta,N818XX,7156,SFO,CityName,State,JFK,CityName,State,0,0,-9,0,0,,336,1224,0,0,0,0,0
2024-01-04,Delta,N792XX,1908,SEA,CityName,State,BOS,CityName,State,0,0,-7,0,0,,96,739,0,0,0,0,0
2024-01-04,Delta,N298XX,4736,DEN,CityName,State,DFW,CityName,State,0,0,8,0,0,,288,1912,0,0,0,0,0
2024-01-04,JetBlue,N203XX,4826,SFO,CityName,State,LAX,CityName,State,15,1,9,0,0,,106,2740,0,0,0,0,0
2024-01-04,United,N289XX,5632,SFO,CityName,State,SEA,CityName,State,0,0,-6,0,0,,297,300,0,0,0,0,0
2024-01-04,Southwest,N940XX,9852,SEA,CityName,State,DFW,CityName,State,45,1,55,1,0,,80,1734,0,0,0,0,55
2024-01-04,JetBlue,N820XX,2182,SEA,CityName,State,ATL,CityName,State,15,1,5,0,0,,146,2975,0,0,0,0,0
2024-01-04,United,N150XX,2994,JFK,CityName,State,DEN,CityName,State,0,0,5,0,0,,290,1540,0,0,0,0,0
2024-01-05,Delta,N525XX,9536,SFO,CityName,State,SFO,CityName,State,0,0,-9,0,0,,47,1037,0,0,0,0,0
2024-01-05,JetBlue,N867XX,1027,LAX,CityName,State,LAX,CityName,State,15,1,8,0,0,,185,255,0,0,0,0,0
2024-01-05,Southwest,N348XX,3133,LAX,CityName,State,BOS,CityName,State,0,0,-1,0,0,,220,1717,0,0,0,0,0
2024-01-05,JetBlue,N778XX,1625,BOS,CityName,State,BOS,CityName,State,15,1,7,0,0,,211,352,0,0,0,0,0
2024-01-05,United,N659XX,6463,ATL,CityName,State,ATL,CityName,State,0,0,5,0,0,,66,863,0,0,0,0,0
2024-01-05,JetBlue,N975XX,1516,SEA,CityName,State,BOS,CityName,State,45,1,55,1,0,,94,1986,55,0,0,0,0
2024-01-05,Delta,N699XX,3616,SEA,CityName,State,SEA,CityName,State,0,0,-11,0,0,,343,2622,0,0,0,0,0
2024-01-05,American,N230XX,7799,LAX,CityName,State,SFO,CityName,State,0,0,2,0,0,,342,700,0,0,0,0,0
2024-01-05,American,N415XX,3976,ATL,CityName,State,SFO,CityName,State,30,1,25,1,0,,85,972,0,0,0,0,25
2024-01-05,Delta,N536XX,763,LAX,CityName,State,SFO,CityName,State,0,0,0,0,0,,213,1371,0,0,0,0,0
2024-01-05,JetBlue,N382XX,1875,JFK,CityName,State,DFW,CityName,State,0,0,-5,0,0,,232,796,0,0,0,0,0
2024-01-05,Delta,N223XX,1920,MIA,CityName,State,SEA,CityName,State,0,0,-1,0,0,,343,2632,0,0,0,0,0
2024-01-05,Southwest,N574XX,7904,DFW,CityName,State,SEA,CityName,State,0,0,-6,0,0,,100,1041,0,0,0,0,0
2024-01-05,American,N238XX,2968,JFK,CityName,State,SEA,CityName,State,0,0,8,0,0,,50,1866,0,0,0,0,0
2024-01-05,JetBlue,N199XX,8998,MIA,CityName,State,BOS,CityName,State,30,1,40,1,0,,241,2281,0,0,40,0,0
2024-01-06,United,N701XX,3613,MIA,CityName,State,DEN,CityName,State,0,0,-2,0,0,,268,1618,0,0,0,0,0
2024-01-06,JetBlue,N488XX,9580,LAX,CityName,State,MIA,CityName,State,0,0,3,0,0,,229,271,0,0,0,0,0
2024-01-06,Delta,N260XX,2184,DEN,CityName,State,ORD,CityName,State,45,1,37,1,0,,104,1650,37,0,0,0,0
2024-01-06,Delta,N534XX,1345,ORD,CityName,State,MIA,CityName,State,0,0,1,0,0,,226,2603,0,0,0,0,0
2024-01-06,Delta,N740XX,5117,BOS,CityName,State,MIA,CityName,State,0,0,1,0,0,,337,342,0,0,0,0,0
2024-01-06,Southwest,N807XX,3035,DFW,CityName,State,MIA,CityName,State,0,0,-4,0,0,,293,1499,0,0,0,0,0
2024-01-06,Southwest,N407XX,2992,ATL,CityName,State,MIA,CityName,State,45,1,39,1,0,,135,2496,0,0,0,0,39
2024-01-06,Southwest,N185XX,5331,ATL,CityName,State,DEN,CityName,State,0,0,7,0,0,,63,399,0,0,0,0,0
2024-01-06,American,N474XX,9668,LAX,CityName,State,SEA,CityName,State,0,0,4,0,0,,68,305,0,0,0,0,0
2024-01-06,American,N852XX,5918,ATL,CityName,State,DFW,CityName,State,15,1,14,0,0,,60,1650,0,0,0,0,0
2024-01-06,United,N439XX,1987,MIA,CityName,State,ATL,CityName,State,0,0,8,0,0,,274,826,0,0,0,0,0
2024-01-06,Southwest,N315XX,3925,JFK,CityName,State,LAX,CityName,State,0,0,-9,0,0,,279,1818,0,0,0,0,0
2024-01-06,United,N757XX,4090,MIA,CityName,State,ATL,CityName,State,0,0,3,0,0,,125,988,0,0,0,0,0
2024-01-07,Delta,N679XX,7619,LAX,CityName,State,SFO,CityName,State,0,0,-1,0,0,,190,2414,0,0,0,0,0
2024-01-07,United,N685XX,6070,BOS,CityName,State,MIA,CityName,State,0,0,-14,0,0,,171,1931,0,0,0,0,0
2024-01-07,United,N320XX,1885,SEA,CityName,State,ORD,CityName,State,0,0,8,0,0,,187,1741,0,0,0,0,0
2024-01-07,JetBlue,N206XX,561,JFK,CityName,State,ORD,CityName,State,0,0,-12,0,0,,116,1934,0,0,0,0,0
2024-01-07,Southwest,N986XX,3431,DFW,CityName,State,DEN,CityName,State,0,0,1,0,0,,235,271,0,0,0,0,0
2024-01-07,Southwest,N772XX,2181,SFO,CityName,State,BOS,CityName,State,0,0,2,0,0,,230,2069,0,0,0,0,0
2024-01-07,American,N984XX,3881,JFK,CityName,State,SFO,CityName,State,0,0,6,0,0,,338,182,0,0,0,0,0
2024-01-07,Southwest,N906XX,8322,BOS,CityName,State,DFW,CityName,State,15,1,8,0,0,,96,2569,0,0,0,0,0
2024-01-07,JetBlue,N956XX,5604,JFK,CityName,State,MIA,CityName,State,120,1,113,1,0,,344,1547,113,0,0,0,0
2024-01-07,American,N698XX,3900,DFW,CityName,State,JFK,CityName,State,0,0,-14,0,0,,236,1996,0,0,0,0,0
2024-01-07,United,N463XX,5611,DFW,CityName,State,JFK,CityName,State,15,1,2,0,0,,123,1520,0,0,0,0,0
2024-01-07,JetBlue,N364XX,212,SEA,CityName,State,DEN,CityName,State,0,0,-13,0,0,,59,317,0,0,0,0,0
2024-01-07,American,N490XX,6657,ORD,CityName,State,BOS,CityName,State,0,0,8,0,0,,100,1396,0,0,0,0,0
2024-01-07,JetBlue,N994XX,7190,JFK,CityName,State,DFW,CityName,State,0,0,0,0,0,,293,1493,0,0,0,0,0
2024-01-07,Southwest,N312XX,1654,ATL,CityName,State,SFO,CityName,State,0,0,-5,0,0,,191,2216,0,0,0,0,0
2024-01-07,Southwest,N484XX,8290,SFO,CityName,State,LAX,CityName,State,0,0,-14,0,0,,180,2757,0,0,0,0,0
2024-01-07,Delta,N557XX,7639,SEA,CityName,State,ORD,CityName,State,0,0,2,0,0,,264,2640,0,0,0,0,0
2024-01-08,United,N623XX,5750,MIA,CityName,State,JFK,CityName,State,0,0,-13,0,0,,110,790,0,0,0,0,0
2024-01-08,Delta,N417XX,2485,BOS,CityName,State,JFK,CityName,State,0,0,3,0,0,,218,1770,0,0,0,0,0
2024-01-08,Southwest,N869XX,7898,ATL,CityName,State,ORD,CityName,State,15,1,8,0,0,,81,2375,0,0,0,0,0
2024-01-08,Southwest,N292XX,2978,ORD,CityName,State,DFW,CityName,State,0,0,8,0,0,,203,1134,0,0,0,0,0
2024-01-08,Southwest,N307XX,2337,BOS,CityName,State,MIA,CityName,State,0,0,6,0,0,,223,896,0,0,0,0,0
2024-01-08,Southwest,N201XX,7615,ATL,CityName,State,ATL,CityName,State,0,0,-10,0,0,,47,2844,0,0,0,0,0
2024-01-08,Southwest,N829XX,6828,BOS,CityName,State,SEA,CityName,State,45,1,43,1,0,,184,2960,43,0,0,0,0
2024-01-08,Delta,N782XX,9395,ORD,CityName,State,BOS,CityName,State,0,0,3,0,0,,98,1018,0,0,0,0,0
2024-01-08,American,N970XX,997,DEN,CityName,State,DFW,CityName,State,0,0,-6,0,0,,179,1950,0,0,0,0,0
2024-01-08,American,N543XX,8254,BOS,CityName,State,MIA,CityName,State,15,1,3,0,0,,280,635,0,0,0,0,0
2024-01-08,Southwest,N865XX,8908,ORD,CityName,State,MIA,CityName,State,0,0,-14,0,0,,180,2737,0,0,0,0,0
2024-01-08,Southwest,N501XX,8179,ATL,CityName,State,MIA,CityName,State,0,0,10,0,0,,237,391,0,0,0,0,0
2024-01-09,United,N655XX,2421,BOS,CityName,State,SEA,CityName,State,0,0,-12,0,0,,346,1263,0,0,0,0,0
2024-01-09,Delta,N778XX,4831,LAX,CityName,State,BOS,CityName,State,60,1,61,1,0,,317,2094,0,0,61,0,0
2024-01-09,United,N916XX,4161,MIA,CityName,State,LAX,CityName,State,0,0,-14,0,0,,339,2364,0,0,0,0,0
2024-01-09,United,N483XX,7983,BOS,CityName,State,LAX,CityName,State,15,1,15,1,0,,100,642,15,0,0,0,0
2024-01-09,American,N534XX,5127,JFK,CityName,State,JFK,CityName,State,0,0,-4,0,0,,101,1153,0,0,0,0,0
2024-01-09,Delta,N348XX,7200,BOS,CityName,State,ORD,CityName,State,0,0,-4,0,0,,236,679,0,0,0,0,0
2024-01-09,Delta,N649XX,4882,DFW,CityName,State,ATL,CityName,State,0,0,2,0,0,,134,1405,0,0,0,0,0
2024-01-09,United,N593XX,1747,SEA,CityName,State,LAX,CityName,State,0,0,-13,0,0,,181,1744,0,0,0,0,0
2024-01-09,Southwest,N200XX,2883,LAX,CityName,State,JFK,CityName,State,0,0,1,0,0,,125,524,0,0,0,0,0
2024-01-09,Delta,N111XX,8515,BOS,CityName,State,DEN,CityName,State,0,0,1,0,0,,271,929,0,0,0,0,0
2024-01-09,American,N628XX,3237,JFK,CityName,State,BOS,CityName,State,0,0,-6,0,0,,237,754,0,0,0,0,0
2024-01-10,Southwest,N243XX,4391,SEA,CityName,State,DFW,CityName,State,0,0,-5,0,0,,285,828,0,0,0,0,0
2024-01-10,Delta,N560XX,4540,DFW,CityName,State,ORD,CityName,State,0,0,-13,0,0,,226,1064,0,0,0,0,0
2024-01-10,JetBlue,N778XX,237,DFW,CityName,State,DFW,CityName,State,0,0,-8,0,0,,192,2211,0,0,0,0,0
2024-01-10,American,N808XX,4926,ATL,CityName,State,ATL,CityName,State,0,0,-4,0,0,,243,376,0,0,0,0,0
2024-01-11,Southwest,N145XX,3029,SEA,CityName,State,SEA,CityName,State,30,1,35,1,0,,61,2629,0,35,0,0,0
2024-01-11,JetBlue,N440XX,4598,JFK,CityName,State,SEA,CityName,State,0,0,-2,0,0,,145,665,0,0,0,0,0
2024-01-11,Delta,N505XX,9845,SFO,CityName,State,SFO,CityName,State,0,0,-14,0,0,,167,2964,0,0,0,0,0
2024-01-11,American,N331XX,2412,MIA,CityName,State,SFO,CityName,State,0,0,10,0,0,,117,1362,0,0,0,0,0
2024-01-11,United,N127XX,5262,DEN,CityName,State,DFW,CityName,State,0,0,-7,0,0,,81,2927,0,0,0,0,0
2024-01-11,Delta,N251XX,9914,BOS,CityName,State,LAX,CityName,State,0,0,8,0,0,,230,2537,0,0,0,0,0
2024-01-11,Delta,N599XX,7896,JFK,CityName,State,DFW,CityName,State,0,0,-9,0,0,,177,1445,0,0,0,0,0
2024-01-11,Southwest,N552XX,452,SEA,CityName,State,SFO,CityName,State,0,0,3,0,0,,283,2723,0,0,0,0,0
2024-01-11,JetBlue,N426XX,8070,ORD,CityName,State,BOS,CityName,State,0,0,1,0,0,,306,2283,0,0,0,0,0
2024-01-11,Delta,N535XX,8639,DFW,CityName,State,DFW,CityName,State,0,0,7,0,0,,79,1349,0,0,0,0,0
2024-01-11,Delta,N134XX,8328,DEN,CityName,State,BOS,CityName,State,60,1,66,1,0,,74,1628,0,0,66,0,0
2024-01-11,United,N682XX,3794,ATL,CityName,State,SEA,CityName,State,0,0,-6,0,0,,79,1535,0,0,0,0,0
2024-01-11,Southwest,N439XX,1113,LAX,CityName,State,MIA,CityName,State,0,0,0,0,0,,158,1838,0,0,0,0,0
2024-01-11,American,N756XX,1947,ORD,CityName,State,BOS,CityName,State,15,1,15,1,0,,344,658,15,0,0,0,0
2024-01-11,JetBlue,N134XX,9604,BOS,CityName,State,JFK,CityName,State,0,0,-12,0,0,,329,1374,0,0,0,0,0
2024-01-11,Southwest,N616XX,8629,ATL,CityName,State,SFO,CityName,State,45,1,44,1,0,,85,401,44,0,0,0,0
2024-01-11,American,N242XX,863,SFO,CityName,State,SFO,CityName,State,0,0,5,0,0,,266,1420,0,0,0,0,0
2024-01-12,JetBlue,N139XX,2104,DFW,CityName,State,DFW,CityName,State,0,0,-2,0,0,,55,861,0,0,0,0,0
2024-01-12,Delta,N373XX,1478,SFO,CityName,State,LAX,CityName,State,0,0,-3,0,0,,125,383,0,0,0,0,0
2024-01-12,Delta,N533XX,9163,SFO,CityName,State,ORD,CityName,State,0,0,10,0,0,,215,2210,0,0,0,0,0
2024-01-12,United,N140XX,1077,BOS,CityName,State,LAX,CityName,State,0,0,-5,0,0,,217,2468,0,0,0,0,0
2024-01-12,JetBlue,N569XX,1170,DEN,CityName,State,ORD,CityName,State,0,0,-6,0,0,,224,849,0,0,0,0,0
2024-01-12,Southwest,N417XX,4541,LAX,CityName,State,LAX,CityName,State,15,1,22,1,0,,199,1713,22,0,0,0,0
2024-01-12,United,N953XX,3711,JFK,CityName,State,DEN,CityName,State,0,0,-10,0,0,,267,2798,0,0,0,0,0
2024-01-12,Delta,N319XX,7542,BOS,CityName,State,DEN,CityName,State,0,0,-9,0,0,,99,2430,0,0,0,0,0
2024-01-12,Southwest,N940XX,8285,ATL,CityName,State,DFW,CityName,State,0,0,4,0,0,,87,483,0,0,0,0,0
2024-01-12,Delta,N519XX,8600,BOS,CityName,State,DFW,CityName,State,0,0,-10,0,0,,329,764,0,0,0,0,0
2024-01-12,Southwest,N355XX,8683,LAX,CityName,State,JFK,CityName,State,240,1,245,1,0,,175,432,245,0,0,0,0
2024-01-12,United,N959XX,4668,LAX,CityName,State,SEA,CityName,State,0,0,-5,0,0,,247,2839,0,0,0,0,0
2024-01-12,United,N831XX,7220,JFK,CityName,State,ATL,CityName,State,0,0,0,0,0,,113,2713,0,0,0,0,0
2024-01-12,JetBlue,N707XX,9410,DEN,CityName,State,DFW,CityName,State,0,0,-6,0,0,,125,327,0,0,0,0,0
2024-01-12,Delta,N640XX,3927,MIA,CityName,State,SFO,CityName,State,0,0,0,0,0,,266,2019,0,0,0,0,0
2024-01-12,Southwest,N343XX,3516,DEN,CityName,State,DFW,CityName,State,45,1,33,1,0,,304,2014,0,0,33,0,0
2024-01-12,American,N738XX,3428,DEN,CityName,State,MIA,CityName,State,0,0,-6,0,0,,234,445,0,0,0,0,0
2024-01-12,United,N436XX,5673,SFO,CityName,State,MIA,CityName,State,15,1,3,0,0,,240,521,0,0,0,0,0
2024-01-13,Southwest,N413XX,2665,SEA,CityName,State,SFO,CityName,State,0,0,-14,0,0,,191,160,0,0,0,0,0
2024-01-13,Delta,N491XX,8677,JFK,CityName,State,ORD,CityName,State,0,0,0,0,0,,243,2838,0,0,0,0,0
2024-01-13,JetBlue,N687XX,8099,ATL,CityName,State,DEN,CityName,State,0,0,-5,0,0,,262,1675,0,0,0,0,0
2024-01-13,JetBlue,N354XX,969,SFO,CityName,State,BOS,CityName,State,0,0,0,0,1,A,148,1748,0,0,0,0,0
2024-01-13,Delta,N580XX,9086,SEA,CityName,State,BOS,CityName,State,30,1,16,1,0,,139,1677,16,0,0,0,0
2024-01-13,Southwest,N269XX,4960,DEN,CityName,State,BOS,CityName,State,0,0,1,0,0,,222,1499,0,0,0,0,0
2024-01-13,JetBlue,N468XX,3823,LAX,CityName,State,SFO,CityName,State,0,0,1,0,0,,265,2663,0,0,0,0,0
2024-01-13,JetBlue,N534XX,8908,DFW,CityName,State,SFO,CityName,State,0,0,1,0,0,,209,2401,0,0,0,0,0
2024-01-13,Southwest,N909XX,2157,ORD,CityName,State,LAX,CityName,State,0,0,-5,0,0,,315,2997,0,0,0,0,0
2024-01-13,Southwest,N416XX,3734,SFO,CityName,State,BOS,CityName,State,15,1,23,1,0,,232,884,0,23,0,0,0
2024-01-13,JetBlue,N854XX,5902,BOS,CityName,State,DEN,CityName,State,0,0,1,0,0,,274,2466,0,0,0,0,0
2024-01-14,JetBlue,N455XX,7438,JFK,CityName,State,SFO,CityName,State,0,0,-11,0,0,,267,2898,0,0,0,0,0
2024-01-14,JetBlue,N738XX,2697,DEN,CityName,State,DEN,CityName,State,0,0,7,0,0,,223,2336,0,0,0,0,0
2024-01-14,JetBlue,N829XX,6198,LAX,CityName,State,DEN,CityName,State,0,0,0,0,1,A,350,2934,0,0,0,0,0
2024-01-14,American,N216XX,765,SFO,CityName,State,JFK,CityName,State,60,1,51,1,0,,335,1789,0,0,51,0,0
2024-01-14,American,N431XX,8123,MIA,CityName,State,BOS,CityName,State,15,1,0,0,1,A,224,1898,0,0,0,0,0
2024-01-14,Southwest,N503XX,4911,SEA,CityName,State,SFO,CityName,State,0,0,-9,0,0,,108,1576,0,0,0,0,0
2024-01-14,Delta,N717XX,7341,ATL,CityName,State,LAX,CityName,State,15,1,10,0,0,,191,950,0,0,0,0,0
2024-01-14,JetBlue,N844XX,7015,LAX,CityName,State,BOS,CityName,State,0,0,10,0,0,,223,1107,0,0,0,0,0
2024-01-14,United,N216XX,7761,ATL,CityName,State,ORD,CityName,State,0,0,7,0,0,,76,908,0,0,0,0,0
2024-01-14,Delta,N145XX,4749,BOS,CityName,State,LAX,CityName,State,0,0,-8,0,0,,204,1026,0,0,0,0,0
2024-01-14,United,N213XX,6201,LAX,CityName,State,ATL,CityName,State,0,0,-2,0,0,,141,844,0,0,0,0,0
2024-01-14,JetBlue,N452XX,6519,JFK,CityName,State,DFW,CityName,State,0,0,-1,0,0,,46,2348,0,0,0,0,0
2024-01-14,Southwest,N569XX,3702,ATL,CityName,State,ORD,CityName,State,0,0,-4,0,0,,145,2995,0,0,0,0,0
2024-01-14,Delta,N672XX,3646,MIA,CityName,State,DEN,CityName,State,0,0,-4,0,0,,217,1992,0,0,0,0,0
2024-01-14,Delta,N154XX,5443,BOS,CityName,State,SEA,CityName,State,0,0,4,0,0,,247,1129,0,0,0,0,0
2024-01-14,JetBlue,N287XX,1522,ATL,CityName,State,DFW,CityName,State,0,0,2,0,0,,289,229,0,0,0,0,0
2024-01-14,American,N555XX,3396,MIA,CityName,State,LAX,CityName,State,0,0,-9,0,0,,156,1461,0,0,0,0,0
2024-01-14,Southwest,N673XX,1502,DFW,CityName,State,DFW,CityName,State,30,1,39,1,0,,147,789,0,0,39,0,0
2024-01-15,Delta,N137XX,7329,SEA,CityName,State,DEN,CityName,State,0,0,-8,0,0,,247,2609,0,0,0,0,0
2024-01-15,Southwest,N235XX,262,MIA,CityName,State,DFW,CityName,State,15,1,1,0,0,,147,1676,0,0,0,0,0
2024-01-15,JetBlue,N304XX,9113,ATL,CityName,State,BOS,CityName,State,0,0,6,0,0,,228,341,0,0,0,0,0
2024-01-15,Southwest,N660XX,2340,DEN,CityName,State,MIA,CityName,State,0,0,-8,0,0,,182,1262,0,0,0,0,0
2024-01-15,United,N965XX,3859,MIA,CityName,State,SFO,CityName,State,0,0,-10,0,0,,140,1591,0,0,0,0,0
2024-01-15,Delta,N507XX,8510,BOS,CityName,State,LAX,CityName,State,0,0,-11,0,0,,239,1252,0,0,0,0,0
2024-01-15,American,N864XX,9431,DFW,CityName,State,DEN,CityName,State,15,1,8,0,0,,60,1112,0,0,0,0,0
2024-01-15,Delta,N134XX,550,JFK,CityName,State,DEN,CityName,State,0,0,9,0,0,,160,1711,0,0,0,0,0
2024-01-15,American,N263XX,7955,MIA,CityName,State,ORD,CityName,State,0,0,-7,0,0,,349,393,0,0,0,0,0
2024-01-15,American,N623XX,8351,SEA,CityName,State,SEA,CityName,State,0,0,-7,0,0,,158,1128,0,0,0,0,0
2024-01-15,American,N743XX,3416,ATL,CityName,State,JFK,CityName,State,0,0,-14,0,0,,274,537,0,0,0,0,0
2024-01-15,JetBlue,N694XX,772,DEN,CityName,State,LAX,CityName,State,0,0,10,0,0,,316,781,0,0,0,0,0
2024-01-15,American,N147XX,5264,MIA,CityName,State,BOS,CityName,State,0,0,-7,0,0,,238,2397,0,0,0,0,0
2024-01-15,United,N912XX,2165,SEA,CityName,State,ORD,CityName,State,0,0,-13,0,0,,140,1732,0,0,0,0,0
2024-01-15,Delta,N365XX,5740,MIA,CityName,State,ATL,CityName,State,0,0,-7,0,0,,295,2968,0,0,0,0,0
2024-01-15,JetBlue,N151XX,5669,LAX,CityName,State,ORD,CityName,State,0,0,-6,0,0,,178,2835,0,0,0,0,0
2024-01-15,American,N344XX,2834,ATL,CityName,State,DFW,CityName,State,0,0,4,0,0,,126,172,0,0,0,0,0
2024-01-15,Southwest,N241XX,4467,DFW,CityName,State,SFO,CityName,State,0,0,-8,0,0,,178,1541,0,0,0,0,0
2024-01-16,JetBlue,N821XX,7994,SEA,CityName,State,BOS,CityName,State,0,0,-6,0,0,,289,2040,0,0,0,0,0
2024-01-16,Delta,N357XX,5438,JFK,CityName,State,ATL,CityName,State,0,0,-7,0,0,,277,721,0,0,0,0,0
2024-01-16,Southwest,N594XX,7821,LAX,CityName,State,ATL,CityName,State,0,0,-8,0,0,,212,1294,0,0,0,0,0
2024-01-16,Southwest,N523XX,9114,SEA,CityName,State,ATL,CityName,State,0,0,-5,0,0,,211,208,0,0,0,0,0
2024-01-16,Delta,N965XX,1756,LAX,CityName,State,SFO,CityName,State,30,1,31,1,0,,235,1203,0,31,0,0,0
2024-01-16,Southwest,N316XX,5398,BOS,CityName,State,DEN,CityName,State,30,1,18,1,0,,128,1641,0,0,0,0,18
2024-01-16,JetBlue,N819XX,8566,ATL,CityName,State,ATL,CityName,State,30,1,19,1,0,,114,2265,19,0,0,0,0
2024-01-16,United,N218XX,3900,ATL,CityName,State,SFO,CityName,State,0,0,-6,0,0,,202,2033,0,0,0,0,0
2024-01-16,United,N686XX,7036,DFW,CityName,State,DEN,CityName,State,0,0,3,0,0,,66,1100,0,0,0,0,0
2024-01-16,Delta,N341XX,1133,BOS,CityName,State,ATL,CityName,State,0,0,-12,0,0,,245,2950,0,0,0,0,0
2024-01-16,JetBlue,N873XX,8152,MIA,CityName,State,ATL,CityName,State,30,1,19,1,0,,204,768,0,0,19,0,0
2024-01-16,United,N154XX,5859,LAX,CityName,State,SEA,CityName,State,0,0,-4,0,0,,296,1628,0,0,0,0,0
2024-01-16,United,N347XX,1822,LAX,CityName,State,MIA,CityName,State,0,0,-14,0,0,,259,1248,0,0,0,0,0
2024-01-16,JetBlue,N259XX,6684,SFO,CityName,State,DFW,CityName,State,0,0,2,0,0,,296,2282,0,0,0,0,0
2024-01-16,United,N215XX,5171,SEA,CityName,State,LAX,CityName,State,120,1,117,1,0,,119,370,0,0,0,0,117
2024-01-17,United,N767XX,7258,DEN,CityName,State,DFW,CityName,State,0,0,0,0,0,,179,2931,0,0,0,0,0
2024-01-17,JetBlue,N933XX,5839,ATL,CityName,State,JFK,CityName,State,0,0,8,0,0,,156,656,0,0,0,0,0
2024-01-17,United,N680XX,3168,LAX,CityName,State,SEA,CityName,State,15,1,16,1,0,,220,572,0,0,0,0,16
2024-01-17,Southwest,N811XX,3480,SEA,CityName,State,DFW,CityName,State,0,0,1,0,0,,60,503,0,0,0,0,0
2024-01-17,JetBlue,N107XX,1934,MIA,CityName,State,MIA,CityName,State,15,1,14,0,0,,47,1704,0,0,0,0,0
2024-01-17,Delta,N965XX,7011,ATL,CityName,State,SEA,CityName,State,30,1,24,1,0,,344,2464,24,0,0,0,0
2024-01-17,American,N705XX,920,ORD,CityName,State,BOS,CityName,State,0,0,-11,0,0,,311,2786,0,0,0,0,0
2024-01-17,JetBlue,N386XX,1618,LAX,CityName,State,LAX,CityName,State,0,0,-9,0,0,,170,2775,0,0,0,0,0
2024-01-17,Southwest,N809XX,1967,DFW,CityName,State,SFO,CityName,State,0,0,10,0,0,,242,2024,0,0,0,0,0
2024-01-18,Southwest,N522XX,3604,ORD,CityName,State,MIA,CityName,State,15,1,11,0,0,,357,259,0,0,0,0,0
2024-01-18,JetBlue,N539XX,8628,DFW,CityName,State,MIA,CityName,State,0,0,-12,0,0,,143,2324,0,0,0,0,0
2024-01-18,American,N969XX,7547,MIA,CityName,State,SEA,CityName,State,0,0,-13,0,0,,288,1947,0,0,0,0,0
2024-01-18,Delta,N455XX,3082,DEN,CityName,State,MIA,CityName,State,15,1,25,1,0,,263,2255,25,0,0,0,0
2024-01-18,JetBlue,N125XX,9169,ATL,CityName,State,ATL,CityName,State,0,0,-12,0,0,,332,1593,0,0,0,0,0
2024-01-18,Delta,N330XX,9504,ORD,CityName,State,DFW,CityName,State,120,1,128,1,0,,310,1088,0,0,0,0,128
2024-01-18,American,N550XX,4964,SEA,CityName,State,ATL,CityName,State,30,1,30,1,0,,252,715,30,0,0,0,0
2024-01-18,United,N350XX,1790,LAX,CityName,State,MIA,CityName,State,0,0,9,0,0,,92,1292,0,0,0,0,0
2024-01-18,Delta,N155XX,6946,LAX,CityName,State,DFW,CityName,State,0,0,-8,0,0,,222,2266,0,0,0,0,0
2024-01-18,American,N728XX,6289,DEN,CityName,State,JFK,CityName,State,0,0,-11,0,0,,63,409,0,0,0,0,0
2024-01-18,United,N842XX,4213,LAX,CityName,State,SEA,CityName,State,120,1,123,1,0,,274,2635,0,123,0,0,0
2024-01-18,Delta,N573XX,7115,SEA,CityName,State,DEN,CityName,State,0,0,-4,0,0,,318,1084,0,0,0,0,0
2024-01-18,JetBlue,N114XX,295,ORD,CityName,State,SFO,CityName,State,0,0,-8,0,0,,250,1189,0,0,0,0,0
2024-01-18,United,N313XX,9456,SFO,CityName,State,MIA,CityName,State,15,1,2,0,0,,116,690,0,0,0,0,0
2024-01-18,JetBlue,N165XX,6051,ATL,CityName,State,LAX,CityName,State,0,0,0,0,0,,296,1067,0,0,0,0,0
2024-01-19,Delta,N937XX,5999,DFW,CityName,State,ATL,CityName,State,0,0,-9,0,0,,353,806,0,0,0,0,0
2024-01-19,Southwest,N541XX,186,DFW,CityName,State,BOS,CityName,State,0,0,-5,0,0,,246,2076,0,0,0,0,0
2024-01-19,Southwest,N911XX,2409,JFK,CityName,State,BOS,CityName,State,15,1,14,0,0,,75,1673,0,0,0,0,0
2024-01-19,Delta,N738XX,7489,ORD,CityName,State,DEN,CityName,State,0,0,-13,0,0,,314,1584,0,0,0,0,0
2024-01-19,Southwest,N468XX,6564,MIA,CityName,State,DEN,CityName,State,0,0,-13,0,0,,251,2856,0,0,0,0,0
2024-01-19,Delta,N618XX,3408,BOS,CityName,State,SEA,CityName,State,0,0,-2,0,0,,243,619,0,0,0,0,0
2024-01-19,United,N962XX,6211,DFW,CityName,State,LAX,CityName,State,0,0,0,0,1,A,170,250,0,0,0,0,0
2024-01-19,United,N563XX,1818,DEN,CityName,State,SFO,CityName,State,15,1,24,1,0,,50,2082,24,0,0,0,0
2024-01-19,American,N546XX,9358,ORD,CityName,State,SFO,CityName,State,0,0,-13,0,0,,340,372,0,0,0,0,0
2024-01-19,Southwest,N408XX,6427,DEN,CityName,State,BOS,CityName,State,0,0,-1,0,0,,252,1641,0,0,0,0,0
2024-01-19,Delta,N285XX,4215,ATL,CityName,State,SEA,CityName,State,0,0,4,0,0,,264,2368,0,0,0,0,0
2024-01-19,Delta,N799XX,6336,ATL,CityName,State,MIA,CityName,State,0,0,5,0,0,,329,709,0,0,0,0,0
2024-01-19,JetBlue,N170XX,7901,DFW,CityName,State,SEA,CityName,State,0,0,4,0,0,,130,1079,0,0,0,0,0
2024-01-19,Southwest,N640XX,6076,DEN,CityName,State,DEN,CityName,State,45,1,46,1,0,,243,1198,0,46,0,0,0
2024-01-19,Southwest,N236XX,1798,ATL,CityName,State,MIA,CityName,State,0,0,-11,0,0,,247,1373,0,0,0,0,0
2024-01-19,Southwest,N152XX,2244,BOS,CityName,State,JFK,CityName,State,0,0,-14,0,0,,200,631,0,0,0,0,0
2024-01-19,United,N185XX,6271,DFW,CityName,State,LAX,CityName,State,0,0,5,0,0,,181,1457,0,0,0,0,0
2024-01-19,Southwest,N937XX,4329,MIA,CityName,State,SFO,CityName,State,0,0,-1,0,0,,182,785,0,0,0,0,0
2024-01-19,United,N932XX,6420,ORD,CityName,State,SEA,CityName,State,0,0,10,0,0,,290,2278,0,0,0,0,0
2024-01-19,United,N484XX,6579,ATL,CityName,State,MIA,CityName,State,0,0,4,0,0,,233,2389,0,0,0,0,0
2024-01-19,Delta,N588XX,774,MIA,CityName,State,LAX,CityName,State,0,0,-5,0,0,,188,2323,0,0,0,0,0
2024-01-19,United,N768XX,8344,SFO,CityName,State,LAX,CityName,State,0,0,-4,0,0,,178,557,0,0,0,0,0
2024-01-20,United,N285XX,6623,LAX,CityName,State,JFK,CityName,State,0,0,-13,0,0,,250,1785,0,0,0,0,0
2024-01-20,Delta,N498XX,3292,SFO,CityName,State,MIA,CityName,State,0,0,-11,0,0,,254,992,0,0,0,0,0
2024-01-20,Delta,N165XX,2704,ATL,CityName,State,JFK,CityName,State,120,1,117,1,0,,178,379,0,0,0,0,117
2024-01-20,United,N576XX,8734,DFW,CityName,State,LAX,CityName,State,0,0,6,0,0,,99,1833,0,0,0,0,0
2024-01-20,American,N605XX,8357,MIA,CityName,State,DFW,CityName,State,0,0,-3,0,0,,145,1480,0,0,0,0,0
2024-01-20,JetBlue,N985XX,976,ATL,CityName,State,JFK,CityName,State,0,0,-5,0,0,,169,1874,0,0,0,0,0
2024-01-20,Southwest,N708XX,4196,DFW,CityName,State,SEA,CityName,State,0,0,-8,0,0,,69,2259,0,0,0,0,0
2024-01-20,Southwest,N328XX,1921,MIA,CityName,State,SEA,CityName,State,15,1,24,1,0,,205,2505,0,24,0,0,0
2024-01-20,United,N794XX,5429,SEA,CityName,State,SFO,CityName,State,0,0,-7,0,0,,245,1454,0,0,0,0,0
2024-01-20,American,N548XX,9170,MIA,CityName,State,ATL,CityName,State,0,0,-9,0,0,,277,1941,0,0,0,0,0
2024-01-20,United,N303XX,5241,MIA,CityName,State,LAX,CityName,State,60,1,0,0,1,A,261,2731,0,0,0,0,0
2024-01-20,United,N170XX,5783,DFW,CityName,State,SEA,CityName,State,0,0,4,0,0,,75,2436,0,0,0,0,0
2024-01-21,Southwest,N256XX,2684,ATL,CityName,State,SEA,CityName,State,15,1,2,0,0,,357,404,0,0,0,0,0
2024-01-21,American,N169XX,543,JFK,CityName,State,SFO,CityName,State,0,0,-10,0,0,,175,2312,0,0,0,0,0
2024-01-21,Delta,N209XX,1584,BOS,CityName,State,JFK,CityName,State,240,1,245,1,0,,198,197,0,245,0,0,0
2024-01-21,American,N940XX,6815,BOS,CityName,State,SFO,CityName,State,0,0,9,0,0,,143,994,0,0,0,0,0
2024-01-21,Delta,N706XX,5648,MIA,CityName,State,DEN,CityName,State,15,1,3,0,0,,356,841,0,0,0,0,0
2024-01-21,American,N202XX,9797,ORD,CityName,State,DEN,CityName,State,15,1,23,1,0,,199,515,23,0,0,0,0
2024-01-21,Southwest,N487XX,4914,ATL,CityName,State,ATL,CityName,State,60,1,48,1,0,,198,1965,0,0,48,0,0
2024-01-21,United,N982XX,8733,ORD,CityName,State,LAX,CityName,State,15,1,6,0,0,,225,1555,0,0,0,0,0
2024-01-21,Delta,N783XX,8535,SEA,CityName,State,DEN,CityName,State,0,0,4,0,0,,332,1847,0,0,0,0,0
2024-01-21,Southwest,N674XX,9817,ATL,CityName,State,LAX,CityName,State,15,1,11,0,0,,342,2417,0,0,0,0,0
2024-01-21,Delta,N970XX,9460,LAX,CityName,State,SEA,CityName,State,0,0,1,0,0,,167,2394,0,0,0,0,0
2024-01-21,United,N930XX,8528,LAX,CityName,State,JFK,CityName,State,0,0,-6,0,0,,155,1040,0,0,0,0,0
2024-01-21,JetBlue,N805XX,8050,LAX,CityName,State,SEA,CityName,State,0,0,-10,0,0,,136,1957,0,0,0,0,0
2024-01-21,American,N918XX,8699,SFO,CityName,State,ORD,CityName,State,0,0,-7,0,0,,148,865,0,0,0,0,0
2024-01-21,American,N616XX,7726,SEA,CityName,State,SEA,CityName,State,0,0,-2,0,0,,292,2104,0,0,0,0,0
2024-01-21,Southwest,N202XX,6203,ATL,CityName,State,ORD,CityName,State,0,0,4,0,0,,183,2699,0,0,0,0,0
2024-01-21,United,N100XX,2870,SFO,CityName,State,DFW,CityName,State,0,0,-1,0,0,,111,1936,0,0,0,0,0
2024-01-22,JetBlue,N237XX,5735,DEN,CityName,State,SEA,CityName,State,0,0,-8,0,0,,263,2701,0,0,0,0,0
2024-01-22,United,N895XX,1706,LAX,CityName,State,SEA,CityName,State,0,0,8,0,0,,113,562,0,0,0,0,0
2024-01-22,American,N442XX,4105,LAX,CityName,State,DFW,CityName,State,30,1,26,1,0,,112,1015,0,0,26,0,0
2024-01-22,Southwest,N290XX,9838,MIA,CityName,State,LAX,CityName,State,0,0,5,0,0,,264,966,0,0,0,0,0
2024-01-22,American,N511XX,6082,LAX,CityName,State,BOS,CityName,State,60,1,58,1,0,,250,1604,58,0,0,0,0
2024-01-22,Southwest,N789XX,8082,SFO,CityName,State,BOS,CityName,State,15,1,25,1,0,,212,1945,25,0,0,0,0
2024-01-22,Southwest,N161XX,2687,LAX,CityName,State,DEN,CityName,State,0,0,-6,0,0,,175,2580,0,0,0,0,0
2024-01-22,American,N460XX,2069,BOS,CityName,State,MIA,CityName,State,0,0,9,0,0,,168,2622,0,0,0,0,0
2024-01-22,Delta,N951XX,1454,ORD,CityName,State,SFO,CityName,State,0,0,-7,0,0,,129,1140,0,0,0,0,0
2024-01-22,JetBlue,N982XX,3995,ORD,CityName,State,JFK,CityName,State,0,0,-1,0,0,,309,1026,0,0,0,0,0
2024-01-22,Southwest,N822XX,196,JFK,CityName,State,LAX,CityName,State,0,0,9,0,0,,147,1466,0,0,0,0,0
2024-01-22,United,N945XX,4957,LAX,CityName,State,MIA,CityName,State,0,0,-12,0,0,,141,813,0,0,0,0,0
2024-01-22,United,N152XX,4270,LAX,CityName,State,ORD,CityName,State,60,1,50,1,0,,353,836,0,0,50,0,0
2024-01-22,American,N838XX,4789,MIA,CityName,State,BOS,CityName,State,0,0,-6,0,0,,355,428,0,0,0,0,0
2024-01-22,Delta,N614XX,8731,SFO,CityName,State,ORD,CityName,State,0,0,-13,0,0,,246,884,0,0,0,0,0
2024-01-22,Southwest,N920XX,5411,MIA,CityName,State,SFO,CityName,State,0,0,-3,0,0,,171,1332,0,0,0,0,0
2024-01-22,Delta,N326XX,2743,ORD,CityName,State,MIA,CityName,State,30,1,32,1,0,,134,901,0,32,0,0,0
2024-01-23,Delta,N338XX,9299,LAX,CityName,State,SFO,CityName,State,15,1,1,0,0,,147,2731,0,0,0,0,0
2024-01-23,JetBlue,N659XX,3647,BOS,CityName,State,DFW,CityName,State,15,1,10,0,0,,316,1407,0,0,0,0,0
2024-01-23,Delta,N769XX,1855,MIA,CityName,State,JFK,CityName,State,15,1,4,0,0,,108,2295,0,0,0,0,0
2024-01-23,Southwest,N290XX,1526,ORD,CityName,State,ORD,CityName,State,15,1,2,0,0,,302,2925,0,0,0,0,0
2024-01-23,Delta,N702XX,8388,MIA,CityName,State,JFK,CityName,State,0,0,7,0,0,,197,436,0,0,0,0,0
2024-01-23,American,N692XX,1189,ORD,CityName,State,BOS,CityName,State,0,0,0,0,0,,272,1711,0,0,0,0,0
2024-01-23,Delta,N675XX,3086,DFW,CityName,State,DEN,CityName,State,0,0,-3,0,0,,158,2569,0,0,0,0,0
2024-01-23,United,N983XX,1323,SEA,CityName,State,ATL,CityName,State,0,0,-14,0,0,,127,707,0,0,0,0,0
2024-01-23,Delta,N192XX,1102,ATL,CityName,State,SFO,CityName,State,0,0,4,0,0,,336,1713,0,0,0,0,0
2024-01-23,American,N688XX,1802,DEN,CityName,State,DFW,CityName,State,0,0,-1,0,0,,60,1251,0,0,0,0,0
2024-01-23,Southwest,N839XX,8430,BOS,CityName,State,DFW,CityName,State,0,0,-11,0,0,,85,991,0,0,0,0,0
2024-01-23,Southwest,N877XX,1995,MIA,CityName,State,BOS,CityName,State,0,0,3,0,0,,139,1080,0,0,0,0,0
2024-01-23,JetBlue,N655XX,9614,BOS,CityName,State,JFK,CityName,State,0,0,-4,0,0,,71,2095,0,0,0,0,0
2024-01-23,JetBlue,N215XX,6981,ORD,CityName,State,ATL,CityName,State,0,0,5,0,0,,220,494,0,0,0,0,0
2024-01-23,United,N124XX,3524,SEA,CityName,State,SFO,CityName,State,0,0,-12,0,0,,203,848,0,0,0,0,0
2024-01-24,JetBlue,N421XX,1846,ORD,CityName,State,BOS,CityName,State,0,0,1,0,0,,294,312,0,0,0,0,0
2024-01-24,JetBlue,N502XX,6125,DFW,CityName,State,DFW,CityName,State,0,0,10,0,0,,239,983,0,0,0,0,0
2024-01-24,American,N934XX,4503,SFO,CityName,State,ATL,CityName,State,0,0,9,0,0,,79,1234,0,0,0,0,0
2024-01-24,JetBlue,N127XX,9370,BOS,CityName,State,LAX,CityName,State,0,0,1,0,0,,210,2192,0,0,0,0,0
2024-01-24,Delta,N478XX,4685,SFO,CityName,State,SEA,CityName,State,0,0,-12,0,0,,185,2972,0,0,0,0,0
2024-01-24,JetBlue,N588XX,921,JFK,CityName,State,DFW,CityName,State,0,0,4,0,0,,231,1013,0,0,0,0,0
2024-01-24,Southwest,N153XX,3377,SFO,CityName,State,JFK,CityName,State,0,0,0,0,0,,103,1335,0,0,0,0,0
2024-01-24,Southwest,N649XX,5838,JFK,CityName,State,ATL,CityName,State,0,0,3,0,0,,272,670,0,0,0,0,0
2024-01-24,JetBlue,N196XX,2505,SEA,CityName,State,ATL,CityName,State,0,0,-5,0,0,,251,2777,0,0,0,0,0
2024-01-24,United,N627XX,7497,DFW,CityName,State,MIA,CityName,State,15,1,8,0,0,,125,546,0,0,0,0,0
2024-01-24,Southwest,N102XX,5908,LAX,CityName,State,MIA,CityName,State,0,0,0,0,1,A,353,1013,0,0,0,0,0
2024-01-24,JetBlue,N756XX,1268,LAX,CityName,State,BOS,CityName,State,45,1,37,1,0,,201,1645,0,0,37,0,0
2024-01-25,Southwest,N353XX,1364,ORD,CityName,State,DEN,CityName,State,15,1,12,0,0,,333,977,0,0,0,0,0
2024-01-25,Southwest,N500XX,4005,MIA,CityName,State,BOS,CityName,State,0,0,5,0,0,,90,1788,0,0,0,0,0
2024-01-25,United,N405XX,4275,DEN,CityName,State,ATL,CityName,State,0,0,-14,0,0,,177,1376,0,0,0,0,0
2024-01-25,United,N724XX,7429,SEA,CityName,State,SEA,CityName,State,0,0,-8,0,0,,243,1273,0,0,0,0,0
2024-01-25,JetBlue,N177XX,7493,DEN,CityName,State,ORD,CityName,State,0,0,-9,0,0,,170,2223,0,0,0,0,0
2024-01-25,Delta,N891XX,9651,ATL,CityName,State,ORD,CityName,State,0,0,-10,0,0,,117,2270,0,0,0,0,0
2024-01-25,JetBlue,N113XX,3279,MIA,CityName,State,BOS,CityName,State,0,0,1,0,0,,215,2608,0,0,0,0,0
2024-01-25,American,N132XX,2108,ORD,CityName,State,SFO,CityName,State,0,0,-3,0,0,,95,389,0,0,0,0,0
2024-01-25,JetBlue,N644XX,473,SEA,CityName,State,BOS,CityName,State,60,1,51,1,0,,237,162,0,0,51,0,0
2024-01-25,United,N784XX,3004,SFO,CityName,State,DFW,CityName,State,0,0,-11,0,0,,302,1909,0,0,0,0,0
2024-01-25,Southwest,N808XX,8336,SEA,CityName,State,DFW,CityName,State,0,0,-4,0,0,,180,2944,0,0,0,0,0
2024-01-25,Southwest,N639XX,1738,JFK,CityName,State,BOS,CityName,State,240,1,236,1,0,,242,1004,0,236,0,0,0
2024-01-25,Delta,N833XX,1606,ORD,CityName,State,SEA,CityName,State,240,1,236,1,0,,45,411,0,236,0,0,0
2024-01-25,American,N854XX,3703,JFK,CityName,State,JFK,CityName,State,0,0,1,0,0,,295,1050,0,0,0,0,0
2024-01-25,JetBlue,N214XX,2663,JFK,CityName,State,ATL,CityName,State,0,0,-9,0,0,,264,1797,0,0,0,0,0
2024-01-26,United,N790XX,7420,LAX,CityName,State,SEA,CityName,State,0,0,7,0,0,,254,403,0,0,0,0,0
2024-01-26,Delta,N177XX,1179,SEA,CityName,State,MIA,CityName,State,0,0,-11,0,0,,214,781,0,0,0,0,0
2024-01-26,Delta,N642XX,2995,SFO,CityName,State,DEN,CityName,State,0,0,4,0,0,,196,1300,0,0,0,0,0
2024-01-26,Delta,N980XX,8077,BOS,CityName,State,BOS,CityName,State,0,0,0,0,0,,243,1566,0,0,0,0,0
2024-01-26,United,N150XX,5663,SFO,CityName,State,SFO,CityName,State,0,0,-10,0,0,,53,322,0,0,0,0,0
2024-01-26,Southwest,N744XX,400,SEA,CityName,State,MIA,CityName,State,0,0,-14,0,0,,179,977,0,0,0,0,0
2024-01-26,United,N488XX,1525,ORD,CityName,State,ATL,CityName,State,0,0,-6,0,0,,59,2465,0,0,0,0,0
2024-01-26,American,N479XX,8419,DFW,CityName,State,ATL,CityName,State,0,0,-12,0,0,,260,1122,0,0,0,0,0
2024-01-26,United,N392XX,9153,SFO,CityName,State,JFK,CityName,State,0,0,10,0,0,,358,2210,0,0,0,0,0
2024-01-26,Delta,N483XX,6013,SFO,CityName,State,MIA,CityName,State,0,0,-2,0,0,,344,561,0,0,0,0,0
2024-01-26,Delta,N459XX,4555,BOS,CityName,State,ATL,CityName,State,0,0,-12,0,0,,292,602,0,0,0,0,0
2024-01-26,Southwest,N360XX,9678,LAX,CityName,State,MIA,CityName,State,0,0,-2,0,0,,220,732,0,0,0,0,0
2024-01-26,American,N234XX,6244,ORD,CityName,State,DEN,CityName,State,0,0,-14,0,0,,349,2622,0,0,0,0,0
2024-01-26,JetBlue,N896XX,1466,SEA,CityName,State,BOS,CityName,State,0,0,0,0,0,,54,1845,0,0,0,0,0
2024-01-26,JetBlue,N741XX,2859,DFW,CityName,State,JFK,CityName,State,0,0,2,0,0,,359,580,0,0,0,0,0
2024-01-27,JetBlue,N182XX,8872,DEN,CityName,State,DFW,CityName,State,60,1,69,1,0,,323,2391,0,0,69,0,0
2024-01-27,American,N296XX,8253,SEA,CityName,State,MIA,CityName,State,0,0,6,0,0,,128,2548,0,0,0,0,0
2024-01-27,United,N122XX,3907,BOS,CityName,State,MIA,CityName,State,0,0,7,0,0,,240,1530,0,0,0,0,0
2024-01-27,American,N634XX,4738,JFK,CityName,State,LAX,CityName,State,15,1,7,0,0,,347,1027,0,0,0,0,0
2024-01-27,American,N502XX,7330,DEN,CityName,State,LAX,CityName,State,0,0,-2,0,0,,344,1121,0,0,0,0,0
2024-01-27,Delta,N804XX,8962,LAX,CityName,State,MIA,CityName,State,0,0,8,0,0,,233,1386,0,0,0,0,0
2024-01-27,Delta,N493XX,3867,ORD,CityName,State,ORD,CityName,State,15,1,9,0,0,,317,921,0,0,0,0,0
2024-01-27,United,N457XX,7044,SEA,CityName,State,SEA,CityName,State,0,0,10,0,0,,259,2661,0,0,0,0,0
2024-01-27,American,N659XX,9589,DFW,CityName,State,JFK,CityName,State,0,0,1,0,0,,55,1359,0,0,0,0,0
2024-01-27,United,N439XX,253,JFK,CityName,State,DFW,CityName,State,0,0,-2,0,0,,261,1499,0,0,0,0,0
2024-01-27,American,N200XX,5152,ORD,CityName,State,DEN,CityName,State,60,1,66,1,0,,339,980,66,0,0,0,0
2024-01-27,Delta,N248XX,5879,DEN,CityName,State,DEN,CityName,State,0,0,-11,0,0,,303,222,0,0,0,0,0
2024-01-27,Delta,N185XX,8535,BOS,CityName,State,SFO,CityName,State,0,0,5,0,0,,161,1199,0,0,0,0,0
2024-01-27,Southwest,N439XX,6806,ATL,CityName,State,DEN,CityName,State,0,0,-5,0,0,,273,2937,0,0,0,0,0
2024-01-28,JetBlue,N361XX,6391,SEA,CityName,State,DEN,CityName,State,0,0,-7,0,0,,273,2130,0,0,0,0,0
2024-01-28,United,N864XX,5860,BOS,CityName,State,ORD,CityName,State,0,0,10,0,0,,221,2273,0,0,0,0,0
2024-01-28,Delta,N827XX,7639,MIA,CityName,State,SEA,CityName,State,15,1,25,1,0,,275,2260,25,0,0,0,0
2024-01-28,JetBlue,N259XX,3780,JFK,CityName,State,ORD,CityName,State,0,0,9,0,0,,338,1875,0,0,0,0,0
2024-01-28,JetBlue,N685XX,7488,BOS,CityName,State,SFO,CityName,State,0,0,-2,0,0,,229,1157,0,0,0,0,0
2024-01-28,Delta,N357XX,6880,JFK,CityName,State,ORD,CityName,State,0,0,5,0,0,,328,2325,0,0,0,0,0
2024-01-28,Delta,N201XX,9738,SEA,CityName,State,BOS,CityName,State,0,0,8,0,0,,296,1929,0,0,0,0,0
2024-01-28,Southwest,N644XX,6759,DEN,CityName,State,DEN,CityName,State,60,1,56,1,0,,190,2135,0,0,56,0,0
2024-01-28,JetBlue,N115XX,6161,DEN,CityName,State,ORD,CityName,State,0,0,1,0,0,,85,894,0,0,0,0,0
2024-01-28,JetBlue,N221XX,462,BOS,CityName,State,DFW,CityName,State,0,0,4,0,0,,293,2399,0,0,0,0,0
2024-01-28,American,N893XX,1531,LAX,CityName,State,SEA,CityName,State,0,0,-3,0,0,,198,600,0,0,0,0,0
2024-01-29,JetBlue,N310XX,9235,ORD,CityName,State,BOS,CityName,State,0,0,-1,0,0,,239,2472,0,0,0,0,0
2024-01-29,United,N690XX,8822,ATL,CityName,State,ATL,CityName,State,60,1,61,1,0,,64,2962,61,0,0,0,0
2024-01-29,American,N822XX,9608,JFK,CityName,State,ATL,CityName,State,60,1,67,1,0,,92,2637,67,0,0,0,0
2024-01-29,Southwest,N960XX,5295,ATL,CityName,State,SEA,CityName,State,0,0,5,0,0,,127,1837,0,0,0,0,0
2024-01-29,Delta,N991XX,1581,ATL,CityName,State,SEA,CityName,State,0,0,-14,0,0,,280,2374,0,0,0,0,0
2024-01-29,American,N194XX,9661,SFO,CityName,State,LAX,CityName,State,0,0,1,0,0,,63,800,0,0,0,0,0
2024-01-29,JetBlue,N342XX,5143,LAX,CityName,State,SEA,CityName,State,0,0,-10,0,0,,318,2508,0,0,0,0,0
2024-01-29,JetBlue,N317XX,2953,SFO,CityName,State,SFO,CityName,State,0,0,-1,0,0,,266,1438,0,0,0,0,0
2024-01-30,United,N293XX,8153,DEN,CityName,State,DFW,CityName,State,0,0,-14,0,0,,270,1761,0,0,0,0,0
2024-01-30,Delta,N597XX,9454,DFW,CityName,State,ATL,CityName,State,15,1,24,1,0,,341,1399,24,0,0,0,0
2024-01-30,Delta,N797XX,5436,SEA,CityName,State,JFK,CityName,State,0,0,-13,0,0,,315,661,0,0,0,0,0
2024-01-30,Delta,N163XX,2864,DEN,CityName,State,DFW,CityName,State,120,1,127,1,0,,214,2982,0,0,0,0,127
2024-01-30,Southwest,N601XX,3813,LAX,CityName,State,SFO,CityName,State,0,0,2,0,0,,338,597,0,0,0,0,0
2024-01-30,United,N659XX,4396,DFW,CityName,State,DEN,CityName,State,0,0,2,0,0,,135,686,0,0,0,0,0
2024-01-30,JetBlue,N315XX,1093,SEA,CityName,State,ORD,CityName,State,0,0,-3,0,0,,231,1829,0,0,0,0,0
2024-01-30,American,N985XX,2484,BOS,CityName,State,JFK,CityName,State,0,0,-9,0,0,,52,2321,0,0,0,0,0
2024-01-30,Delta,N116XX,9442,ORD,CityName,State,LAX,CityName,State,0,0,1,0,0,,159,2364,0,0,0,0,0
2024-01-30,JetBlue,N470XX,3723,ORD,CityName,State,JFK,CityName,State,0,0,-10,0,0,,179,2347,0,0,0,0,0
2024-01-30,Delta,N189XX,5744,SEA,CityName,State,DEN,CityName,State,0,0,3,0,0,,237,1279,0,0,0,0,0
2024-01-30,Southwest,N310XX,3506,ATL,CityName,State,MIA,CityName,State,0,0,3,0,0,,259,1548,0,0,0,0,0
2024-01-31,Delta,N445XX,2690,SEA,CityName,State,SFO,CityName,State,15,1,21,1,0,,299,2211,21,0,0,0,0
2024-01-31,United,N151XX,5385,LAX,CityName,State,DEN,CityName,State,0,0,-13,0,0,,185,2192,0,0,0,0,0
2024-01-31,Southwest,N891XX,8610,SEA,CityName,State,ATL,CityName,State,0,0,-5,0,0,,166,2843,0,0,0,0,0
2024-01-31,American,N646XX,3286,MIA,CityName,State,DFW,CityName,State,0,0,-3,0,0,,269,2806,0,0,0,0,0
2024-01-31,Delta,N469XX,2032,MIA,CityName,State,DEN,CityName,State,15,1,21,1,0,,120,1226,0,0,0,0,21
2024-01-31,American,N253XX,1944,MIA,CityName,State,DEN,CityName,State,0,0,-4,0,0,,89,2094,0,0,0,0,0
2024-01-31,United,N101XX,7343,DFW,CityName,State,JFK,CityName,State,0,0,-10,0,0,,90,1923,0,0,0,0,0
2024-01-31,JetBlue,N902XX,844,LAX,CityName,State,ATL,CityName,State,0,0,-14,0,0,,346,877,0,0,0,0,0
2024-01-31,American,N987XX,4422,DFW,CityName,State,SEA,CityName,State,0,0,-3,0,0,,140,1858,0,0,0,0,0
2024-01-31,American,N718XX,7725,LAX,CityName,State,DFW,CityName,State,0,0,3,0,0,,264,1888,0,0,0,0,0
2024-01-31,American,N489XX,2206,SEA,CityName,State,SFO,CityName,State,0,0,-14,0,0,,244,2135,0,0,0,0,0
2024-01-31,United,N175XX,5755,ORD,CityName,State,LAX,CityName,State,0,0,-12,0,0,,166,919,0,0,0,0,0
2024-01-31,Southwest,N501XX,6127,MIA,CityName,State,MIA,CityName,State,15,1,1,0,0,,99,1376,0,0,0,0,0
2024-02-01,United,N670XX,7700,DFW,CityName,State,DFW,CityName,State,0,0,1,0,0,,243,603,0,0,0,0,0
2024-02-01,United,N720XX,1381,MIA,CityName,State,SEA,CityName,State,60,1,57,1,0,,231,222,57,0,0,0,0
2024-02-01,Delta,N753XX,3549,DFW,CityName,State,ORD,CityName,State,0,0,-13,0,0,,189,1154,0,0,0,0,0
2024-02-01,JetBlue,N136XX,3952,ATL,CityName,State,JFK,CityName,State,0,0,1,0,0,,163,893,0,0,0,0,0
2024-02-01,Delta,N663XX,7743,DEN,CityName,State,ATL,CityName,State,0,0,10,0,0,,137,1759,0,0,0,0,0
2024-02-01,Delta,N788XX,1783,DEN,CityName,State,MIA,CityName,State,0,0,1,0,0,,118,2063,0,0,0,0,0
2024-02-01,United,N651XX,8939,ATL,CityName,State,BOS,CityName,State,0,0,3,0,0,,214,2409,0,0,0,0,0
2024-02-01,American,N196XX,3877,DFW,CityName,State,ORD,CityName,State,0,0,-6,0,0,,292,1188,0,0,0,0,0
2024-02-01,JetBlue,N918XX,4328,SEA,CityName,State,BOS,CityName,State,0,0,-13,0,0,,318,546,0,0,0,0,0
2024-02-01,United,N731XX,2002,SEA,CityName,State,ORD,CityName,State,30,1,27,1,0,,68,262,27,0,0,0,0
2024-02-01,JetBlue,N514XX,5004,BOS,CityName,State,SEA,CityName,State,0,0,-7,0,0,,332,825,0,0,0,0,0
2024-02-01,American,N190XX,885,MIA,CityName,State,SFO,CityName,State,0,0,-2,0,0,,324,2458,0,0,0,0,0
2024-02-02,United,N550XX,1090,ORD,CityName,State,MIA,CityName,State,0,0,-11,0,0,,172,365,0,0,0,0,0
2024-02-02,American,N200XX,4198,DFW,CityName,State,DFW,CityName,State,15,1,20,1,0,,199,1059,0,0,0,0,20
2024-02-02,United,N988XX,1582,SFO,CityName,State,DEN,CityName,State,0,0,9,0,0,,164,2325,0,0,0,0,0
2024-02-02,JetBlue,N367XX,9021,MIA,CityName,State,MIA,CityName,State,0,0,0,0,0,,85,1220,0,0,0,0,0
2024-02-02,United,N490XX,2280,ATL,CityName,State,SEA,CityName,State,30,1,19,1,0,,47,501,0,0,0,0,19
2024-02-02,United,N470XX,6752,JFK,CityName,State,ORD,CityName,State,0,0,7,0,0,,335,636,0,0,0,0,0
2024-02-02,JetBlue,N922XX,1834,ORD,CityName,State,ORD,CityName,State,0,0,-7,0,0,,285,1898,0,0,0,0,0
2024-02-02,Southwest,N280XX,4145,ORD,CityName,State,MIA,CityName,State,0,0,9,0,0,,61,1100,0,0,0,0,0
2024-02-02,Delta,N989XX,3414,SEA,CityName,State,JFK,CityName,State,15,1,23,1,0,,317,2278,0,0,23,0,0
2024-02-02,JetBlue,N842XX,9001,BOS,CityName,State,BOS,CityName,State,0,0,5,0,0,,336,1877,0,0,0,0,0
2024-02-02,United,N668XX,6167,ORD,CityName,State,DEN,CityName,State,0,0,-11,0,0,,228,2675,0,0,0,0,0
2024-02-02,JetBlue,N967XX,2820,DFW,CityName,State,JFK,CityName,State,0,0,3,0,0,,150,2873,0,0,0,0,0
2024-02-02,Southwest,N344XX,3227,ATL,CityName,State,ORD,CityName,State,0,0,-11,0,0,,46,2296,0,0,0,0,0
2024-02-02,American,N466XX,1227,SFO,CityName,State,SFO,CityName,State,0,0,-3,0,0,,70,327,0,0,0,0,0
2024-02-02,Southwest,N705XX,4427,MIA,CityName,State,ORD,CityName,State,15,1,24,1,0,,133,1832,24,0,0,0,0
2024-02-02,JetBlue,N720XX,8785,ATL,CityName,State,ATL,CityName,State,0,0,10,0,0,,173,2828,0,0,0,0,0
2024-02-02,JetBlue,N462XX,8967,ATL,CityName,State,SEA,CityName,State,45,1,35,1,0,,170,313,35,0,0,0,0
2024-02-02,American,N719XX,4033,DFW,CityName,State,DEN,CityName,State,0,0,-5,0,0,,56,658,0,0,0,0,0
2024-02-03,Delta,N711XX,6707,DFW,CityName,State,DEN,CityName,State,0,0,-2,0,0,,161,1783,0,0,0,0,0
2024-02-03,American,N301XX,8180,DEN,CityName,State,SEA,CityName,State,45,1,31,1,0,,134,1066,31,0,0,0,0
2024-02-03,Delta,N115XX,4965,JFK,CityName,State,DEN,CityName,State,45,1,32,1,0,,135,327,32,0,0,0,0
2024-02-03,United,N230XX,4891,LAX,CityName,State,DEN,CityName,State,0,0,-10,0,0,,108,813,0,0,0,0,0
2024-02-03,United,N361XX,7489,JFK,CityName,State,BOS,CityName,State,0,0,6,0,0,,190,2822,0,0,0,0,0
2024-02-03,Southwest,N668XX,9746,SEA,CityName,State,JFK,CityName,State,0,0,-14,0,0,,110,1457,0,0,0,0,0
2024-02-03,JetBlue,N946XX,1411,ATL,CityName,State,LAX,CityName,State,0,0,10,0,0,,221,1749,0,0,0,0,0
2024-02-03,United,N902XX,4127,DFW,CityName,State,DEN,CityName,State,0,0,-3,0,0,,184,886,0,0,0,0,0
2024-02-03,Southwest,N185XX,4994,JFK,CityName,State,JFK,CityName,State,0,0,3,0,0,,125,2428,0,0,0,0,0
2024-02-03,Delta,N885XX,1028,SFO,CityName,State,SFO,CityName,State,0,0,-10,0,0,,302,2362,0,0,0,0,0
2024-02-03,United,N376XX,6674,ORD,CityName,State,BOS,CityName,State,0,0,1,0,0,,307,169,0,0,0,0,0
2024-02-03,JetBlue,N837XX,5088,BOS,CityName,State,DEN,CityName,State,0,0,-13,0,0,,274,286,0,0,0,0,0
2024-02-03,American,N331XX,3791,SFO,CityName,State,LAX,CityName,State,0,0,-11,0,0,,334,2666,0,0,0,0,0
2024-02-03,American,N171XX,9632,ATL,CityName,State,SFO,CityName,State,120,1,122,1,0,,228,1173,0,0,122,0,0
2024-02-03,JetBlue,N200XX,5134,LAX,CityName,State,JFK,CityName,State,45,1,43,1,0,,188,611,0,43,0,0,0
2024-02-04,American,N375XX,8356,DEN,CityName,State,DEN,CityName,State,30,1,22,1,0,,284,504,0,0,22,0,0
2024-02-04,Delta,N874XX,9442,BOS,CityName,State,BOS,CityName,State,0,0,4,0,0,,61,2634,0,0,0,0,0
2024-02-04,American,N706XX,6021,ORD,CityName,State,DFW,CityName,State,15,1,2,0,0,,294,1320,0,0,0,0,0
2024-02-04,JetBlue,N989XX,1515,MIA,CityName,State,MIA,CityName,State,0,0,2,0,0,,314,2992,0,0,0,0,0
2024-02-04,JetBlue,N111XX,1542,SEA,CityName,State,LAX,CityName,State,0,0,-7,0,0,,64,2894,0,0,0,0,0
2024-02-04,Southwest,N970XX,2856,SEA,CityName,State,LAX,CityName,State,0,0,-14,0,0,,277,1221,0,0,0,0,0
2024-02-04,United,N819XX,3130,MIA,CityName,State,BOS,CityName,State,0,0,-11,0,0,,111,1708,0,0,0,0,0
2024-02-04,American,N727XX,9068,JFK,CityName,State,DFW,CityName,State,0,0,-1,0,0,,294,313,0,0,0,0,0
2024-02-04,United,N158XX,1477,JFK,CityName,State,MIA,CityName,State,15,1,22,1,0,,327,726,0,0,0,0,22
2024-02-04,Delta,N894XX,3083,DEN,CityName,State,DFW,CityName,State,15,1,10,0,0,,146,288,0,0,0,0,0
2024-02-04,American,N479XX,8624,JFK,CityName,State,BOS,CityName,State,45,1,37,1,0,,310,1910,37,0,0,0,0
2024-02-04,American,N218XX,213,ORD,CityName,State,JFK,CityName,State,15,1,17,1,0,,46,2552,0,17,0,0,0
2024-02-04,Southwest,N957XX,5973,DEN,CityName,State,JFK,CityName,State,15,1,11,0,0,,177,1025,0,0,0,0,0
2024-02-04,Southwest,N490XX,6630,ORD,CityName,State,DFW,CityName,State,15,1,11,0,0,,305,237,0,0,0,0,0
2024-02-04,Southwest,N693XX,6387,LAX,CityName,State,SFO,CityName,State,45,1,48,1,0,,310,1385,0,0,0,0,48
2024-02-04,United,N905XX,7861,JFK,CityName,State,ORD,CityName,State,120,1,116,1,0,,246,2213,0,0,116,0,0
2024-02-05,Southwest,N155XX,8514,JFK,CityName,State,SEA,CityName,State,0,0,-12,0,0,,129,2289,0,0,0,0,0
2024-02-05,United,N754XX,1160,MIA,CityName,State,ORD,CityName,State,0,0,7,0,0,,303,787,0,0,0,0,0
2024-02-05,United,N637XX,7914,ATL,CityName,State,MIA,CityName,State,0,0,10,0,0,,350,1989,0,0,0,0,0
2024-02-05,Southwest,N206XX,3293,MIA,CityName,State,SFO,CityName,State,0,0,-8,0,0,,156,2477,0,0,0,0,0
2024-02-05,JetBlue,N114XX,9887,LAX,CityName,State,DFW,CityName,State,0,0,-11,0,0,,95,731,0,0,0,0,0
2024-02-05,Delta,N763XX,1473,DFW,CityName,State,DFW,CityName,State,0,0,-11,0,0,,218,1864,0,0,0,0,0
2024-02-05,Southwest,N886XX,5638,JFK,CityName,State,BOS,CityName,State,0,0,-11,0,0,,65,2532,0,0,0,0,0
2024-02-06,American,N782XX,1002,SEA,CityName,State,JFK,CityName,State,0,0,7,0,0,,350,1497,0,0,0,0,0
2024-02-06,United,N757XX,7439,BOS,CityName,State,ATL,CityName,State,0,0,3,0,0,,69,575,0,0,0,0,0
2024-02-06,Delta,N827XX,9765,DEN,CityName,State,DFW,CityName,State,0,0,-14,0,0,,49,2530,0,0,0,0,0
2024-02-06,JetBlue,N746XX,9592,MIA,CityName,State,DFW,CityName,State,0,0,6,0,0,,92,2895,0,0,0,0,0
2024-02-06,Delta,N451XX,622,MIA,CityName,State,SFO,CityName,State,0,0,-3,0,0,,109,2846,0,0,0,0,0
2024-02-06,Delta,N777XX,2844,SFO,CityName,State,MIA,CityName,State,0,0,-14,0,0,,95,1397,0,0,0,0,0
2024-02-06,JetBlue,N881XX,8848,MIA,CityName,State,SEA,CityName,State,15,1,23,1,0,,152,1624,0,0,0,0,23
2024-02-06,American,N902XX,3701,LAX,CityName,State,SEA,CityName,State,0,0,10,0,0,,314,1720,0,0,0,0,0
2024-02-06,Southwest,N323XX,4143,LAX,CityName,State,ORD,CityName,State,0,0,-12,0,0,,359,2155,0,0,0,0,0
2024-02-06,United,N739XX,4675,DFW,CityName,State,ORD,CityName,State,0,0,2,0,0,,53,473,0,0,0,0,0
2024-02-06,Southwest,N986XX,7342,SFO,CityName,State,ORD,CityName,State,0,0,0,0,1,A,212,1977,0,0,0,0,0
2024-02-06,Delta,N841XX,2437,DEN,CityName,State,LAX,CityName,State,45,1,33,1,0,,344,628,0,0,0,0,33
2024-02-07,JetBlue,N203XX,177,LAX,CityName,State,DEN,CityName,State,0,0,7,0,0,,71,2703,0,0,0,0,0
2024-02-07,Southwest,N343XX,9548,DEN,CityName,State,BOS,CityName,State,60,1,65,1,0,,155,2855,0,65,0,0,0
2024-02-07,Southwest,N677XX,5587,SEA,CityName,State,DFW,CityName,State,0,0,-10,0,0,,103,2152,0,0,0,0,0
2024-02-07,American,N942XX,945,JFK,CityName,State,JFK,CityName,State,30,1,34,1,0,,116,1454,34,0,0,0,0
2024-02-07,JetBlue,N640XX,4666,ATL,CityName,State,LAX,CityName,State,0,0,1,0,0,,139,1822,0,0,0,0,0
2024-02-07,Delta,N718XX,3242,DFW,CityName,State,LAX,CityName,State,0,0,-13,0,0,,112,2113,0,0,0,0,0
2024-02-07,JetBlue,N228XX,1302,DFW,CityName,State,ATL,CityName,State,0,0,-4,0,0,,222,2953,0,0,0,0,0
2024-02-07,Southwest,N982XX,4487,ATL,CityName,State,SFO,CityName,State,0,0,-13,0,0,,358,2183,0,0,0,0,0
2024-02-07,JetBlue,N166XX,5554,BOS,CityName,State,SFO,CityName,State,0,0,3,0,0,,225,2734,0,0,0,0,0
2024-02-07,American,N513XX,8710,ORD,CityName,State,SEA,CityName,State,45,1,45,1,0,,252,529,0,0,45,0,0
2024-02-07,United,N922XX,6027,DFW,CityName,State,JFK,CityName,State,15,1,21,1,0,,262,1729,0,21,0,0,0
2024-02-07,Southwest,N777XX,7839,ORD,CityName,State,ATL,CityName,State,15,1,23,1,0,,185,984,23,0,0,0,0
2024-02-07,United,N741XX,7034,DFW,CityName,State,SFO,CityName,State,0,0,-13,0,0,,224,2326,0,0,0,0,0
2024-02-08,JetBlue,N594XX,8967,DEN,CityName,State,DEN,CityName,State,0,0,-6,0,0,,95,1479,0,0,0,0,0
2024-02-08,United,N630XX,7941,ATL,CityName,State,JFK,CityName,State,0,0,6,0,0,,116,2657,0,0,0,0,0
2024-02-08,United,N542XX,9176,ATL,CityName,State,ORD,CityName,State,0,0,-1,0,0,,165,1428,0,0,0,0,0
2024-02-08,Southwest,N538XX,8939,LAX,CityName,State,BOS,CityName,State,0,0,0,0,0,,55,2571,0,0,0,0,0
2024-02-08,Delta,N977XX,5667,BOS,CityName,State,ATL,CityName,State,0,0,-2,0,0,,241,2259,0,0,0,0,0
2024-02-08,Delta,N897XX,2074,ORD,CityName,State,ORD,CityName,State,0,0,0,0,0,,305,1820,0,0,0,0,0
2024-02-08,JetBlue,N506XX,1508,DEN,CityName,State,SFO,CityName,State,30,1,40,1,0,,317,326,40,0,0,0,0
2024-02-08,Southwest,N564XX,9765,JFK,CityName,State,ORD,CityName,State,15,1,14,0,0,,157,1423,0,0,0,0,0
2024-02-08,JetBlue,N645XX,8294,DEN,CityName,State,SFO,CityName,State,0,0,-9,0,0,,247,1068,0,0,0,0,0
2024-02-08,JetBlue,N212XX,3077,SFO,CityName,State,ATL,CityName,State,15,1,2,0,0,,318,2347,0,0,0,0,0
2024-02-09,JetBlue,N194XX,8079,SFO,CityName,State,MIA,CityName,State,0,0,-6,0,0,,153,2954,0,0,0,0,0
2024-02-09,JetBlue,N286XX,8504,JFK,CityName,State,DFW,CityName,State,0,0,-6,0,0,,47,1910,0,0,0,0,0
2024-02-09,Delta,N243XX,5577,SEA,CityName,State,ORD,CityName,State,0,0,-6,0,0,,242,2838,0,0,0,0,0
2024-02-09,Delta,N847XX,5611,SFO,CityName,State,ATL,CityName,State,0,0,-1,0,0,,168,433,0,0,0,0,0
2024-02-09,United,N381XX,573,DFW,CityName,State,MIA,CityName,State,15,1,1,0,0,,206,662,0,0,0,0,0
2024-02-09,JetBlue,N170XX,3339,BOS,CityName,State,ORD,CityName,State,0,0,2,0,0,,104,1005,0,0,0,0,0
2024-02-09,American,N675XX,8608,DFW,CityName,State,LAX,CityName,State,0,0,-5,0,0,,167,447,0,0,0,0,0
2024-02-09,American,N124XX,5677,LAX,CityName,State,JFK,CityName,State,0,0,1,0,0,,358,398,0,0,0,0,0
2024-02-09,American,N850XX,8428,LAX,CityName,State,ATL,CityName,State,0,0,3,0,0,,285,1246,0,0,0,0,0
2024-02-09,American,N278XX,5189,LAX,CityName,State,DFW,CityName,State,0,0,-7,0,0,,210,1720,0,0,0,0,0
2024-02-09,Delta,N453XX,754,DEN,CityName,State,DFW,CityName,State,0,0,-6,0,0,,274,222,0,0,0,0,0
2024-02-09,Delta,N384XX,9556,ORD,CityName,State,MIA,CityName,State,0,0,-13,0,0,,296,1492,0,0,0,0,0
2024-02-09,JetBlue,N334XX,6852,ORD,CityName,State,ORD,CityName,State,0,0,-1,0,0,,118,548,0,0,0,0,0
2024-02-09,Delta,N400XX,1457,SFO,CityName,State,DFW,CityName,State,0,0,0,0,1,A,236,1149,0,0,0,0,0
2024-02-09,United,N821XX,9749,ATL,CityName,State,SEA,CityName,State,0,0,10,0,0,,108,1850,0,0,0,0,0
2024-02-09,American,N866XX,7870,ATL,CityName,State,LAX,CityName,State,0,0,-11,0,0,,48,245,0,0,0,0,0
2024-02-09,United,N119XX,9198,DFW,CityName,State,LAX,CityName,State,0,0,-5,0,0,,286,2310,0,0,0,0,0
2024-02-09,JetBlue,N795XX,9764,DFW,CityName,State,JFK,CityName,State,45,1,41,1,0,,145,2289,0,0,41,0,0
2024-02-09,JetBlue,N172XX,5923,MIA,CityName,State,BOS,CityName,State,0,0,-13,0,0,,56,1805,0,0,0,0,0
2024-02-09,JetBlue,N686XX,4045,BOS,CityName,State,MIA,CityName,State,0,0,-8,0,0,,113,2162,0,0,0,0,0
2024-02-09,American,N506XX,7072,ATL,CityName,State,DEN,CityName,State,0,0,7,0,0,,320,1664,0,0,0,0,0
2024-02-09,JetBlue,N515XX,1489,ATL,CityName,State,LAX,CityName,State,30,1,23,1,0,,190,2207,23,0,0,0,0
2024-02-10,Southwest,N468XX,3176,DFW,CityName,State,BOS,CityName,State,60,1,48,1,0,,61,2475,0,0,48,0,0
2024-02-10,Delta,N951XX,1014,ATL,CityName,State,ORD,CityName,State,0,0,-1,0,0,,78,1726,0,0,0,0,0
2024-02-10,Southwest,N546XX,9594,MIA,CityName,State,ATL,CityName,State,0,0,3,0,0,,194,1600,0,0,0,0,0
2024-02-10,JetBlue,N871XX,9431,MIA,CityName,State,SEA,CityName,State,0,0,9,0,0,,230,751,0,0,0,0,0
2024-02-10,Delta,N654XX,760,MIA,CityName,State,DEN,CityName,State,0,0,2,0,0,,191,346,0,0,0,0,0
2024-02-10,JetBlue,N873XX,9442,DFW,CityName,State,SEA,CityName,State,0,0,-5,0,0,,229,1173,0,0,0,0,0
2024-02-10,JetBlue,N630XX,471,JFK,CityName,State,LAX,CityName,State,15,1,13,0,0,,299,1228,0,0,0,0,0
2024-02-10,Southwest,N458XX,9465,DEN,CityName,State,JFK,CityName,State,0,0,-12,0,0,,73,2301,0,0,0,0,0
2024-02-10,Delta,N778XX,3341,LAX,CityName,State,DEN,CityName,State,0,0,-13,0,0,,342,1951,0,0,0,0,0
2024-02-10,Delta,N925XX,2611,ATL,CityName,State,JFK,CityName,State,0,0,9,0,0,,310,340,0,0,0,0,0
2024-02-10,Delta,N265XX,2427,DEN,CityName,State,MIA,CityName,State,30,1,24,1,0,,238,1942,0,24,0,0,0
2024-02-10,United,N526XX,6774,DFW,CityName,State,LAX,CityName,State,0,0,6,0,0,,54,2054,0,0,0,0,0
2024-02-10,JetBlue,N684XX,6272,SEA,CityName,State,JFK,CityName,State,45,1,42,1,0,,135,1100,0,42,0,0,0
2024-02-10,Southwest,N667XX,9659,LAX,CityName,State,MIA,CityName,State,0,0,2,0,0,,47,1193,0,0,0,0,0
2024-02-10,Delta,N130XX,7150,LAX,CityName,State,SEA,CityName,State,60,1,62,1,0,,105,1762,62,0,0,0,0
2024-02-10,Southwest,N658XX,4839,DFW,CityName,State,SEA,CityName,State,0,0,-4,0,0,,219,770,0,0,0,0,0
2024-02-10,Southwest,N860XX,1411,SFO,CityName,State,ATL,CityName,State,0,0,3,0,0,,124,2140,0,0,0,0,0
2024-02-11,United,N352XX,7768,LAX,CityName,State,BOS,CityName,State,60,1,62,1,0,,196,1478,0,0,0,0,62
2024-02-11,United,N495XX,8434,MIA,CityName,State,MIA,CityName,State,0,0,-1,0,0,,88,716,0,0,0,0,0
2024-02-11,Southwest,N106XX,6787,BOS,CityName,State,SFO,CityName,State,0,0,0,0,1,A,342,893,0,0,0,0,0
2024-02-11,Southwest,N490XX,5962,BOS,CityName,State,ATL,CityName,State,0,0,4,0,0,,119,918,0,0,0,0,0
2024-02-11,United,N437XX,3623,BOS,CityName,State,DFW,CityName,State,0,0,-4,0,0,,192,2483,0,0,0,0,0
2024-02-11,JetBlue,N265XX,8811,ORD,CityName,State,BOS,CityName,State,0,0,-1,0,0,,80,998,0,0,0,0,0
2024-02-11,JetBlue,N647XX,8835,DEN,CityName,State,MIA,CityName,State,0,0,8,0,0,,293,1928,0,0,0,0,0
2024-02-11,JetBlue,N628XX,6198,DEN,CityName,State,DFW,CityName,State,0,0,-8,0,0,,282,427,0,0,0,0,0
2024-02-11,JetBlue,N806XX,7607,SFO,CityName,State,MIA,CityName,State,15,1,16,1,0,,338,2187,0,16,0,0,0
2024-02-11,United,N801XX,3720,SEA,CityName,State,DEN,CityName,State,240,1,232,1,0,,99,2953,232,0,0,0,0
2024-02-11,Delta,N326XX,5299,ORD,CityName,State,DEN,CityName,State,60,1,59,1,0,,93,565,59,0,0,0,0
2024-02-11,American,N299XX,5311,ORD,CityName,State,DEN,CityName,State,0,0,-9,0,0,,189,1386,0,0,0,0,0
2024-02-11,Delta,N595XX,8497,MIA,CityName,State,ORD,CityName,State,0,0,6,0,0,,53,2840,0,0,0,0,0
2024-02-11,JetBlue,N511XX,4647,MIA,CityName,State,ATL,CityName,State,30,1,25,1,0,,270,2586,25,0,0,0,0
2024-02-11,JetBlue,N571XX,4886,SFO,CityName,State,BOS,CityName,State,0,0,-5,0,0,,305,2152,0,0,0,0,0
2024-02-11,Delta,N825XX,8993,LAX,CityName,State,LAX,CityName,State,0,0,5,0,0,,354,1097,0,0,0,0,0
2024-02-11,United,N163XX,1807,DEN,CityName,State,BOS,CityName,State,0,0,-3,0,0,,240,2340,0,0,0,0,0
2024-02-12,American,N664XX,629,JFK,CityName,State,SEA,CityName,State,0,0,3,0,0,,46,1145,0,0,0,0,0
2024-02-12,Southwest,N775XX,6998,JFK,CityName,State,SEA,CityName,State,15,1,22,1,0,,138,2860,0,0,22,0,0
2024-02-12,United,N358XX,1531,MIA,CityName,State,DFW,CityName,State,0,0,9,0,0,,342,1065,0,0,0,0,0
2024-02-12,Southwest,N108XX,2506,SEA,CityName,State,DFW,CityName,State,0,0,8,0,0,,222,1904,0,0,0,0,0
2024-02-12,Delta,N976XX,5199,ORD,CityName,State,JFK,CityName,State,0,0,0,0,0,,159,2655,0,0,0,0,0
2024-02-12,Delta,N318XX,3904,DFW,CityName,State,BOS,CityName,State,30,1,30,1,0,,146,1184,0,0,30,0,0
2024-02-12,United,N366XX,6869,LAX,CityName,State,BOS,CityName,State,0,0,-2,0,0,,133,593,0,0,0,0,0
2024-02-12,American,N195XX,4664,SEA,CityName,State,ATL,CityName,State,15,1,17,1,0,,137,678,17,0,0,0,0
2024-02-12,Southwest,N703XX,6556,ORD,CityName,State,ATL,CityName,State,15,1,24,1,0,,225,2037,0,0,24,0,0
2024-02-12,JetBlue,N541XX,4062,MIA,CityName,State,SFO,CityName,State,0,0,-4,0,0,,288,1191,0,0,0,0,0
2024-02-12,American,N143XX,8814,MIA,CityName,State,BOS,CityName,State,0,0,-4,0,0,,205,1723,0,0,0,0,0
2024-02-12,United,N328XX,1579,BOS,CityName,State,SEA,CityName,State,0,0,-3,0,0,,47,2548,0,0,0,0,0
2024-02-13,Delta,N124XX,3834,SFO,CityName,State,LAX,CityName,State,0,0,-3,0,0,,185,2744,0,0,0,0,0
2024-02-13,American,N497XX,2738,BOS,CityName,State,DEN,CityName,State,60,1,60,1,0,,176,2995,60,0,0,0,0
2024-02-13,Delta,N583XX,7810,DEN,CityName,State,ORD,CityName,State,0,0,0,0,0,,340,740,0,0,0,0,0
2024-02-13,American,N115XX,3279,SEA,CityName,State,SFO,CityName,State,60,1,56,1,0,,222,1681,0,56,0,0,0
2024-02-13,United,N881XX,7634,SFO,CityName,State,LAX,CityName,State,0,0,8,0,0,,138,2497,0,0,0,0,0
2024-02-13,Delta,N954XX,246,BOS,CityName,State,MIA,CityName,State,0,0,1,0,0,,74,1078,0,0,0,0,0
2024-02-13,American,N381XX,7104,LAX,CityName,State,LAX,CityName,State,0,0,1,0,0,,251,1294,0,0,0,0,0
2024-02-13,JetBlue,N286XX,9685,SFO,CityName,State,JFK,CityName,State,15,1,2,0,0,,213,2681,0,0,0,0,0
2024-02-13,American,N443XX,7482,ATL,CityName,State,MIA,CityName,State,0,0,-13,0,0,,115,1897,0,0,0,0,0
2024-02-13,JetBlue,N853XX,1505,JFK,CityName,State,DEN,CityName,State,0,0,8,0,0,,270,931,0,0,0,0,0
2024-02-14,American,N499XX,6188,DFW,CityName,State,DFW,CityName,State,45,1,37,1,0,,163,1444,37,0,0,0,0
2024-02-14,Delta,N308XX,4157,DFW,CityName,State,BOS,CityName,State,0,0,-8,0,0,,356,1044,0,0,0,0,0
2024-02-14,JetBlue,N183XX,2747,SEA,CityName,State,JFK,CityName,State,0,0,-13,0,0,,175,1298,0,0,0,0,0
2024-02-14,JetBlue,N603XX,608,ATL,CityName,State,DEN,CityName,State,0,0,10,0,0,,48,2206,0,0,0,0,0
2024-02-14,United,N632XX,590,DFW,CityName,State,JFK,CityName,State,0,0,0,0,0,,170,1788,0,0,0,0,0
2024-02-14,Delta,N627XX,945,JFK,CityName,State,SFO,CityName,State,0,0,6,0,0,,299,910,0,0,0,0,0
2024-02-14,Delta,N895XX,5991,ATL,CityName,State,SEA,CityName,State,0,0,3,0,0,,178,2659,0,0,0,0,0
2024-02-14,Delta,N799XX,2966,ATL,CityName,State,JFK,CityName,State,15,1,20,1,0,,89,1448,20,0,0,0,0
2024-02-14,American,N478XX,6527,MIA,CityName,State,ATL,CityName,State,0,0,0,0,0,,340,1106,0,0,0,0,0
2024-02-14,Delta,N594XX,2523,SEA,CityName,State,ORD,CityName,State,0,0,-11,0,0,,106,2171,0,0,0,0,0
2024-02-14,Southwest,N956XX,6720,ORD,CityName,State,SEA,CityName,State,0,0,-6,0,0,,171,1124,0,0,0,0,0
2024-02-14,Delta,N213XX,5696,LAX,CityName,State,SEA,CityName,State,0,0,-2,0,0,,241,698,0,0,0,0,0
2024-02-14,American,N497XX,2399,BOS,CityName,State,ORD,CityName,State,0,0,-2,0,0,,79,1187,0,0,0,0,0
2024-02-14,JetBlue,N147XX,933,LAX,CityName,State,LAX,CityName,State,0,0,-5,0,0,,240,1398,0,0,0,0,0
2024-02-14,JetBlue,N132XX,4897,ORD,CityName,State,JFK,CityName,State,0,0,2,0,0,,148,219,0,0,0,0,0
2024-02-14,JetBlue,N766XX,979,JFK,CityName,State,ORD,CityName,State,0,0,7,0,0,,170,222,0,0,0,0,0
2024-02-14,JetBlue,N366XX,5927,DFW,CityName,State,BOS,CityName,State,0,0,-6,0,0,,169,2208,0,0,0,0,0
2024-02-14,Southwest,N696XX,1312,SEA,CityName,State,JFK,CityName,State,0,0,-11,0,0,,282,798,0,0,0,0,0
2024-02-14,United,N494XX,8983,JFK,CityName,State,DFW,CityName,State,0,0,4,0,0,,166,395,0,0,0,0,0
2024-02-14,Delta,N249XX,5666,LAX,CityName,State,SEA,CityName,State,0,0,-13,0,0,,242,1793,0,0,0,0,0
2024-02-14,American,N543XX,3763,DFW,CityName,State,SFO,CityName,State,30,1,19,1,0,,340,630,19,0,0,0,0
2024-02-15,Delta,N173XX,7449,DFW,CityName,State,SEA,CityName,State,0,0,-12,0,0,,298,2812,0,0,0,0,0
2024-02-15,Delta,N899XX,3693,ORD,CityName,State,DFW,CityName,State,0,0,-10,0,0,,195,220,0,0,0,0,0
2024-02-15,JetBlue,N434XX,6239,SFO,CityName,State,LAX,CityName,State,0,0,-4,0,0,,116,2679,0,0,0,0,0
2024-02-15,Southwest,N349XX,3628,ORD,CityName,State,DFW,CityName,State,0,0,3,0,0,,134,916,0,0,0,0,0
2024-02-15,JetBlue,N484XX,2994,BOS,CityName,State,MIA,CityName,State,0,0,2,0,0,,118,2365,0,0,0,0,0
2024-02-15,American,N254XX,8110,BOS,CityName,State,MIA,CityName,State,0,0,-5,0,0,,244,318,0,0,0,0,0
2024-02-15,Delta,N101XX,8305,ORD,CityName,State,ORD,CityName,State,0,0,0,0,0,,98,2950,0,0,0,0,0
2024-02-15,United,N503XX,6686,SEA,CityName,State,DEN,CityName,State,0,0,10,0,0,,351,1143,0,0,0,0,0
2024-02-15,JetBlue,N569XX,4064,ATL,CityName,State,JFK,CityName,State,30,1,38,1,0,,75,558,0,0,38,0,0
2024-02-15,JetBlue,N781XX,6503,DFW,CityName,State,ATL,CityName,State,0,0,-1,0,0,,250,1020,0,0,0,0,0
2024-02-15,United,N289XX,5129,DFW,CityName,State,DEN,CityName,State,0,0,2,0,0,,105,2592,0,0,0,0,0
2024-02-15,JetBlue,N301XX,9193,SEA,CityName,State,MIA,CityName,State,60,1,69,1,0,,241,2230,0,69,0,0,0
2024-02-15,United,N413XX,7655,MIA,CityName,State,ORD,CityName,State,0,0,-9,0,0,,222,1019,0,0,0,0,0
2024-02-15,JetBlue,N101XX,2070,ATL,CityName,State,DFW,CityName,State,30,1,36,1,0,,336,1103,0,36,0,0,0
2024-02-15,Southwest,N844XX,6007,JFK,CityName,State,DFW,CityName,State,0,0,-12,0,0,,239,2431,0,0,0,0,0
2024-02-15,United,N347XX,3421,BOS,CityName,State,DFW,CityName,State,30,1,39,1,0,,106,1010,0,0,39,0,0
2024-02-16,American,N902XX,6459,SEA,CityName,State,SFO,CityName,State,0,0,8,0,0,,231,2695,0,0,0,0,0
2024-02-16,Delta,N841XX,6880,DFW,CityName,State,ATL,CityName,State,0,0,10,0,0,,185,1647,0,0,0,0,0
2024-02-16,JetBlue,N598XX,3797,ORD,CityName,State,JFK,CityName,State,0,0,10,0,0,,295,2355,0,0,0,0,0
2024-02-16,United,N465XX,2972,DFW,CityName,State,SEA,CityName,State,0,0,1,0,0,,165,2280,0,0,0,0,0
2024-02-16,Delta,N111XX,951,MIA,CityName,State,JFK,CityName,State,0,0,8,0,0,,289,2916,0,0,0,0,0
2024-02-16,Delta,N790XX,381,SFO,CityName,State,BOS,CityName,State,0,0,-11,0,0,,213,2676,0,0,0,0,0
2024-02-16,Southwest,N125XX,2324,DEN,CityName,State,DFW,CityName,State,15,1,16,1,0,,239,1908,0,0,16,0,0
2024-02-16,Delta,N929XX,414,ORD,CityName,State,BOS,CityName,State,0,0,-2,0,0,,178,2919,0,0,0,0,0
2024-02-16,United,N753XX,6465,BOS,CityName,State,JFK,CityName,State,120,1,126,1,0,,264,2917,0,126,0,0,0
2024-02-16,Delta,N178XX,7632,BOS,CityName,State,DFW,CityName,State,0,0,9,0,0,,55,1128,0,0,0,0,0
2024-02-16,JetBlue,N128XX,5683,JFK,CityName,State,LAX,CityName,State,0,0,-11,0,0,,253,2959,0,0,0,0,0
2024-02-16,JetBlue,N362XX,6164,LAX,CityName,State,DEN,CityName,State,0,0,-11,0,0,,95,486,0,0,0,0,0
2024-02-16,United,N736XX,8320,BOS,CityName,State,ORD,CityName,State,0,0,-5,0,0,,264,1187,0,0,0,0,0
2024-02-16,American,N970XX,1082,ORD,CityName,State,SFO,CityName,State,0,0,2,0,0,,126,906,0,0,0,0,0
2024-02-16,Southwest,N393XX,9508,DFW,CityName,State,LAX,CityName,State,0,0,-5,0,0,,219,2198,0,0,0,0,0
2024-02-17,Southwest,N664XX,3275,ORD,CityName,State,BOS,CityName,State,60,1,56,1,0,,308,2009,0,0,0,0,56
2024-02-17,JetBlue,N675XX,8753,LAX,CityName,State,SFO,CityName,State,0,0,-11,0,0,,176,963,0,0,0,0,0
2024-02-17,United,N470XX,4210,DEN,CityName,State,JFK,CityName,State,120,1,115,1,0,,219,1956,0,115,0,0,0
2024-02-17,American,N240XX,4670,SEA,CityName,State,SEA,CityName,State,45,1,38,1,0,,108,1580,0,38,0,0,0
2024-02-17,Southwest,N596XX,7153,DEN,CityName,State,DFW,CityName,State,15,1,17,1,0,,219,880,17,0,0,0,0
2024-02-17,American,N668XX,4309,ATL,CityName,State,DEN,CityName,State,0,0,5,0,0,,216,686,0,0,0,0,0
2024-02-17,Delta,N235XX,7267,DFW,CityName,State,ORD,CityName,State,0,0,-2,0,0,,118,803,0,0,0,0,0
2024-02-17,Delta,N880XX,8913,SEA,CityName,State,SFO,CityName,State,0,0,-8,0,0,,199,2598,0,0,0,0,0
2024-02-17,United,N470XX,9519,JFK,CityName,State,ATL,CityName,State,0,0,0,0,0,,311,1960,0,0,0,0,0
2024-02-17,Delta,N292XX,9838,JFK,CityName,State,SFO,CityName,State,0,0,9,0,0,,229,919,0,0,0,0,0
2024-02-17,United,N116XX,9567,BOS,CityName,State,ORD,CityName,State,60,1,55,1,0,,281,1767,0,0,0,0,55
2024-02-18,American,N708XX,5678,LAX,CityName,State,MIA,CityName,State,0,0,-10,0,0,,318,1820,0,0,0,0,0
2024-02-18,Southwest,N333XX,7601,DFW,CityName,State,ATL,CityName,State,0,0,-3,0,0,,224,380,0,0,0,0,0
2024-02-18,Southwest,N725XX,412,SEA,CityName,State,SFO,CityName,State,0,0,-12,0,0,,305,974,0,0,0,0,0
2024-02-18,Delta,N608XX,2269,BOS,CityName,State,ORD,CityName,State,0,0,0,0,0,,222,2320,0,0,0,0,0
2024-02-18,United,N546XX,2352,BOS,CityName,State,SEA,CityName,State,0,0,-6,0,0,,139,2364,0,0,0,0,0
2024-02-18,Southwest,N886XX,7355,SFO,CityName,State,LAX,CityName,State,30,1,31,1,0,,231,196,0,0,0,0,31
2024-02-18,American,N471XX,4800,DFW,CityName,State,JFK,CityName,State,45,1,36,1,0,,340,2016,0,0,36,0,0
2024-02-18,Southwest,N925XX,5082,LAX,CityName,State,JFK,CityName,State,0,0,4,0,0,,299,2869,0,0,0,0,0
2024-02-18,United,N660XX,3688,ORD,CityName,State,ATL,CityName,State,0,0,5,0,0,,312,185,0,0,0,0,0
2024-02-18,United,N950XX,2710,SEA,CityName,State,DFW,CityName,State,0,0,3,0,0,,353,2720,0,0,0,0,0
2024-02-18,Southwest,N814XX,6629,SEA,CityName,State,ATL,CityName,State,240,1,250,1,0,,148,905,250,0,0,0,0
2024-02-19,JetBlue,N209XX,3892,BOS,CityName,State,JFK,CityName,State,0,0,-11,0,0,,137,598,0,0,0,0,0
2024-02-19,Southwest,N169XX,2113,ATL,CityName,State,ATL,CityName,State,15,1,18,1,0,,166,1157,18,0,0,0,0
2024-02-19,Southwest,N138XX,2330,LAX,CityName,State,BOS,CityName,State,45,1,46,1,0,,218,2601,0,0,0,0,46
2024-02-19,JetBlue,N781XX,7907,SFO,CityName,State,ORD,CityName,State,0,0,1,0,0,,300,600,0,0,0,0,0
2024-02-19,American,N840XX,7739,DEN,CityName,State,BOS,CityName,State,0,0,-8,0,0,,298,2869,0,0,0,0,0
2024-02-19,JetBlue,N313XX,708,JFK,CityName,State,LAX,CityName,State,0,0,-2,0,0,,205,730,0,0,0,0,0
2024-02-19,American,N396XX,3453,MIA,CityName,State,DFW,CityName,State,0,0,-11,0,0,,263,566,0,0,0,0,0
2024-02-19,American,N183XX,8116,ORD,CityName,State,JFK,CityName,State,0,0,-13,0,0,,54,1150,0,0,0,0,0
2024-02-19,American,N467XX,5006,DEN,CityName,State,ATL,CityName,State,0,0,2,0,0,,228,1118,0,0,0,0,0
2024-02-19,Southwest,N517XX,2869,MIA,CityName,State,ATL,CityName,State,0,0,4,0,0,,65,2134,0,0,0,0,0
2024-02-20,Southwest,N374XX,5183,ORD,CityName,State,SEA,CityName,State,0,0,-2,0,0,,178,1327,0,0,0,0,0
2024-02-20,United,N174XX,8530,MIA,CityName,State,BOS,CityName,State,0,0,-10,0,0,,226,724,0,0,0,0,0
2024-02-20,JetBlue,N492XX,9038,LAX,CityName,State,MIA,CityName,State,0,0,-13,0,0,,295,323,0,0,0,0,0
2024-02-20,American,N766XX,6462,BOS,CityName,State,ORD,CityName,State,0,0,-7,0,0,,353,1296,0,0,0,0,0
2024-02-20,Delta,N829XX,1063,JFK,CityName,State,SEA,CityName,State,15,1,25,1,0,,285,2458,0,0,0,0,25
2024-02-20,Southwest,N849XX,5308,LAX,CityName,State,MIA,CityName,State,0,0,-2,0,0,,214,2803,0,0,0,0,0
2024-02-20,Delta,N417XX,1205,LAX,CityName,State,LAX,CityName,State,0,0,5,0,0,,345,293,0,0,0,0,0
2024-02-20,American,N615XX,9747,LAX,CityName,State,BOS,CityName,State,60,1,51,1,0,,325,334,51,0,0,0,0
2024-02-20,Southwest,N234XX,2149,BOS,CityName,State,JFK,CityName,State,0,0,6,0,0,,233,1967,0,0,0,0,0
2024-02-20,United,N211XX,5114,SFO,CityName,State,JFK,CityName,State,15,1,16,1,0,,136,2242,0,0,0,0,16
2024-02-21,United,N826XX,5778,JFK,CityName,State,JFK,CityName,State,0,0,-7,0,0,,288,1614,0,0,0,0,0
2024-02-21,American,N809XX,2305,SFO,CityName,State,SEA,CityName,State,0,0,-2,0,0,,332,2136,0,0,0,0,0
2024-02-21,American,N441XX,5303,SFO,CityName,State,ORD,CityName,State,45,1,34,1,0,,120,1059,0,0,34,0,0
2024-02-21,United,N790XX,3476,SEA,CityName,State,SEA,CityName,State,15,1,2,0,0,,93,625,0,0,0,0,0
2024-02-21,JetBlue,N646XX,4290,ORD,CityName,State,ATL,CityName,State,0,0,9,0,0,,344,1770,0,0,0,0,0
2024-02-21,Southwest,N258XX,7376,BOS,CityName,State,BOS,CityName,State,30,1,39,1,0,,256,2902,0,0,39,0,0
2024-02-21,Southwest,N653XX,6078,SFO,CityName,State,ORD,CityName,State,15,1,8,0,0,,246,2183,0,0,0,0,0
2024-02-21,Southwest,N293XX,3942,DEN,CityName,State,MIA,CityName,State,0,0,-10,0,0,,204,1020,0,0,0,0,0
2024-02-22,American,N526XX,4105,SEA,CityName,State,LAX,CityName,State,0,0,6,0,0,,230,1493,0,0,0,0,0
2024-02-22,United,N266XX,4839,MIA,CityName,State,ATL,CityName,State,0,0,9,0,0,,309,2727,0,0,0,0,0
2024-02-22,Southwest,N944XX,9112,SFO,CityName,State,ORD,CityName,State,0,0,9,0,0,,146,2488,0,0,0,0,0
2024-02-22,JetBlue,N379XX,2030,ATL,CityName,State,SEA,CityName,State,0,0,-6,0,0,,81,1859,0,0,0,0,0
2024-02-22,Delta,N559XX,2969,MIA,CityName,State,MIA,CityName,State,0,0,7,0,0,,220,2650,0,0,0,0,0
2024-02-22,Delta,N985XX,2152,MIA,CityName,State,BOS,CityName,State,0,0,-13,0,0,,77,1617,0,0,0,0,0
2024-02-22,American,N900XX,2715,LAX,CityName,State,MIA,CityName,State,0,0,-14,0,0,,238,1912,0,0,0,0,0
2024-02-22,Southwest,N397XX,4610,ATL,CityName,State,JFK,CityName,State,15,1,9,0,0,,176,832,0,0,0,0,0
2024-02-22,American,N572XX,4790,BOS,CityName,State,JFK,CityName,State,0,0,2,0,0,,357,1229,0,0,0,0,0
2024-02-22,United,N183XX,4992,DEN,CityName,State,MIA,CityName,State,45,1,43,1,0,,69,1468,0,0,0,0,43
2024-02-22,American,N515XX,4752,LAX,CityName,State,SFO,CityName,State,0,0,-9,0,0,,249,1060,0,0,0,0,0
2024-02-22,Delta,N718XX,5314,MIA,CityName,State,MIA,CityName,State,0,0,-3,0,0,,168,1633,0,0,0,0,0
2024-02-22,American,N642XX,673,SFO,CityName,State,BOS,CityName,State,30,1,32,1,0,,339,220,0,0,0,0,32
2024-02-22,Delta,N667XX,7948,BOS,CityName,State,LAX,CityName,State,0,0,6,0,0,,172,1519,0,0,0,0,0
2024-02-22,Delta,N177XX,2829,SFO,CityName,State,JFK,CityName,State,0,0,-2,0,0,,317,1335,0,0,0,0,0
2024-02-22,American,N577XX,5520,SEA,CityName,State,DFW,CityName,State,0,0,-9,0,0,,301,1579,0,0,0,0,0
2024-02-22,American,N281XX,4031,DFW,CityName,State,DFW,CityName,State,0,0,-1,0,0,,59,861,0,0,0,0,0
2024-02-23,United,N393XX,319,ATL,CityName,State,ORD,CityName,State,15,1,8,0,0,,149,229,0,0,0,0,0
2024-02-23,JetBlue,N927XX,623,ATL,CityName,State,JFK,CityName,State,0,0,-10,0,0,,207,1856,0,0,0,0,0
2024-02-23,United,N123XX,874,ORD,CityName,State,SEA,CityName,State,0,0,-11,0,0,,204,507,0,0,0,0,0
2024-02-23,JetBlue,N892XX,1787,MIA,CityName,State,JFK,CityName,State,0,0,-2,0,0,,208,1095,0,0,0,0,0
2024-02-23,Delta,N985XX,2704,MIA,CityName,State,LAX,CityName,State,0,0,1,0,0,,276,2320,0,0,0,0,0
2024-02-23,JetBlue,N151XX,8241,SFO,CityName,State,DEN,CityName,State,0,0,-2,0,0,,342,643,0,0,0,0,0
2024-02-23,American,N721XX,5686,SFO,CityName,State,JFK,CityName,State,0,0,4,0,0,,311,2436,0,0,0,0,0
2024-02-24,JetBlue,N843XX,1775,SEA,CityName,State,SEA,CityName,State,0,0,7,0,0,,209,2558,0,0,0,0,0
2024-02-24,American,N193XX,4257,SEA,CityName,State,SEA,CityName,State,240,1,246,1,0,,65,865,0,246,0,0,0
2024-02-24,American,N464XX,7209,JFK,CityName,State,JFK,CityName,State,0,0,7,0,0,,305,2686,0,0,0,0,0
2024-02-24,United,N936XX,9520,SEA,CityName,State,BOS,CityName,State,0,0,-10,0,0,,89,2712,0,0,0,0,0
2024-02-24,United,N639XX,9503,BOS,CityName,State,JFK,CityName,State,0,0,6,0,0,,306,729,0,0,0,0,0
2024-02-24,United,N647XX,5917,JFK,CityName,State,LAX,CityName,State,0,0,-3,0,0,,330,2343,0,0,0,0,0
2024-02-24,Delta,N824XX,6095,MIA,CityName,State,DFW,CityName,State,0,0,-2,0,0,,155,391,0,0,0,0,0
2024-02-24,Southwest,N237XX,9321,LAX,CityName,State,SFO,CityName,State,0,0,5,0,0,,259,277,0,0,0,0,0
2024-02-24,JetBlue,N603XX,3363,DFW,CityName,State,DEN,CityName,State,0,0,10,0,0,,81,894,0,0,0,0,0
2024-02-24,Southwest,N938XX,7677,BOS,CityName,State,DFW,CityName,State,0,0,-12,0,0,,229,1819,0,0,0,0,0
2024-02-24,JetBlue,N737XX,3983,ATL,CityName,State,MIA,CityName,State,15,1,12,0,0,,247,1857,0,0,0,0,0
2024-02-24,JetBlue,N509XX,6484,ATL,CityName,State,ATL,CityName,State,60,1,50,1,0,,239,610,0,0,0,0,50
2024-02-24,JetBlue,N651XX,7162,MIA,CityName,State,SEA,CityName,State,0,0,5,0,0,,70,2058,0,0,0,0,0
2024-02-25,JetBlue,N914XX,6387,BOS,CityName,State,DEN,CityName,State,15,1,1,0,0,,56,2662,0,0,0,0,0
2024-02-25,Delta,N342XX,1531,DFW,CityName,State,DFW,CityName,State,0,0,10,0,0,,313,592,0,0,0,0,0
2024-02-25,JetBlue,N629XX,2263,ORD,CityName,State,LAX,CityName,State,0,0,-12,0,0,,262,259,0,0,0,0,0
2024-02-25,American,N514XX,3780,BOS,CityName,State,SFO,CityName,State,120,1,109,1,0,,55,1564,0,0,0,0,109
2024-02-25,Southwest,N753XX,7856,MIA,CityName,State,DFW,CityName,State,0,0,-10,0,0,,140,1659,0,0,0,0,0
2024-02-25,United,N990XX,1444,DEN,CityName,State,BOS,CityName,State,15,1,17,1,0,,94,1039,17,0,0,0,0
2024-02-25,American,N343XX,3154,JFK,CityName,State,DFW,CityName,State,15,1,11,0,0,,214,676,0,0,0,0,0
2024-02-25,JetBlue,N965XX,857,JFK,CityName,State,DFW,CityName,State,0,0,4,0,0,,224,312,0,0,0,0,0
2024-02-25,JetBlue,N640XX,7912,ATL,CityName,State,SFO,CityName,State,0,0,7,0,0,,119,589,0,0,0,0,0
2024-02-25,American,N941XX,2611,DFW,CityName,State,DEN,CityName,State,15,1,6,0,0,,60,545,0,0,0,0,0
2024-02-25,American,N687XX,151,MIA,CityName,State,LAX,CityName,State,0,0,-14,0,0,,213,926,0,0,0,0,0
2024-02-25,JetBlue,N283XX,2742,BOS,CityName,State,JFK,CityName,State,0,0,8,0,0,,198,1249,0,0,0,0,0
2024-02-25,American,N972XX,9423,JFK,CityName,State,SFO,CityName,State,0,0,8,0,0,,121,557,0,0,0,0,0
2024-02-25,Delta,N232XX,2927,DEN,CityName,State,SEA,CityName,State,0,0,-14,0,0,,305,2737,0,0,0,0,0
2024-02-25,United,N524XX,7910,ATL,CityName,State,ORD,CityName,State,15,1,7,0,0,,227,1028,0,0,0,0,0
2024-02-25,American,N137XX,4322,LAX,CityName,State,BOS,CityName,State,0,0,-5,0,0,,223,1257,0,0,0,0,0
2024-02-25,JetBlue,N857XX,4045,SFO,CityName,State,ATL,CityName,State,0,0,6,0,0,,334,2916,0,0,0,0,0
2024-02-26,Delta,N660XX,433,DEN,CityName,State,JFK,CityName,State,0,0,-12,0,0,,291,1101,0,0,0,0,0
2024-02-26,Delta,N645XX,1587,DFW,CityName,State,MIA,CityName,State,0,0,-13,0,0,,301,2175,0,0,0,0,0
2024-02-26,United,N624XX,1503,ATL,CityName,State,BOS,CityName,State,0,0,3,0,0,,291,1654,0,0,0,0,0
2024-02-26,Southwest,N909XX,2219,BOS,CityName,State,JFK,CityName,State,0,0,-7,0,0,,130,1761,0,0,0,0,0
2024-02-26,United,N660XX,517,JFK,CityName,State,MIA,CityName,State,0,0,4,0,0,,94,1073,0,0,0,0,0
2024-02-26,American,N155XX,3334,ATL,CityName,State,DEN,CityName,State,0,0,-12,0,0,,186,1172,0,0,0,0,0
2024-02-26,Delta,N608XX,7634,LAX,CityName,State,LAX,CityName,State,0,0,7,0,0,,338,1292,0,0,0,0,0
2024-02-26,Delta,N870XX,2021,ATL,CityName,State,JFK,CityName,State,240,1,241,1,0,,124,319,241,0,0,0,0
2024-02-26,United,N491XX,9022,DEN,CityName,State,ATL,CityName,State,0,0,0,0,0,,150,1381,0,0,0,0,0
2024-02-26,Southwest,N959XX,5859,JFK,CityName,State,ORD,CityName,State,0,0,6,0,0,,47,760,0,0,0,0,0
2024-02-26,United,N529XX,5635,LAX,CityName,State,ATL,CityName,State,0,0,-5,0,0,,195,1718,0,0,0,0,0
2024-02-26,Southwest,N444XX,5041,ORD,CityName,State,JFK,CityName,State,0,0,10,0,0,,335,847,0,0,0,0,0
2024-02-26,Southwest,N931XX,955,JFK,CityName,State,SFO,CityName,State,60,1,55,1,0,,210,2167,55,0,0,0,0
2024-02-26,JetBlue,N137XX,4373,BOS,CityName,State,ORD,CityName,State,0,0,-12,0,0,,52,683,0,0,0,0,0
2024-02-26,Southwest,N722XX,9197,ORD,CityName,State,MIA,CityName,State,0,0,2,0,0,,175,587,0,0,0,0,0
2024-02-27,American,N428XX,403,BOS,CityName,State,JFK,CityName,State,0,0,3,0,0,,245,2124,0,0,0,0,0
2024-02-27,Southwest,N283XX,7639,DFW,CityName,State,LAX,CityName,State,0,0,-9,0,0,,207,2577,0,0,0,0,0
2024-02-27,American,N484XX,6211,DEN,CityName,State,DFW,CityName,State,0,0,-7,0,0,,299,333,0,0,0,0,0
2024-02-27,Delta,N814XX,8597,DEN,CityName,State,JFK,CityName,State,0,0,-10,0,0,,271,1035,0,0,0,0,0
2024-02-27,Delta,N889XX,2117,MIA,CityName,State,ORD,CityName,State,30,1,25,1,0,,349,1465,0,0,0,0,25
2024-02-27,American,N268XX,4604,ORD,CityName,State,DFW,CityName,State,0,0,-12,0,0,,90,1799,0,0,0,0,0
2024-02-27,JetBlue,N861XX,3227,SFO,CityName,State,SEA,CityName,State,0,0,-3,0,0,,129,2221,0,0,0,0,0
2024-02-27,JetBlue,N643XX,6708,BOS,CityName,State,JFK,CityName,State,0,0,2,0,0,,206,675,0,0,0,0,0
2024-02-27,Southwest,N991XX,2496,ORD,CityName,State,MIA,CityName,State,0,0,-11,0,0,,52,1433,0,0,0,0,0
2024-02-27,Delta,N351XX,535,ATL,CityName,State,MIA,CityName,State,0,0,-14,0,0,,80,2744,0,0,0,0,0
2024-02-27,JetBlue,N290XX,3691,ORD,CityName,State,ATL,CityName,State,0,0,10,0,0,,137,2100,0,0,0,0,0
2024-02-27,American,N523XX,2245,ATL,CityName,State,ATL,CityName,State,15,1,20,1,0,,241,2757,0,0,0,0,20
2024-02-27,Delta,N891XX,6034,MIA,CityName,State,BOS,CityName,State,0,0,-3,0,0,,272,1213,0,0,0,0,0
2024-02-27,United,N756XX,3450,SFO,CityName,State,MIA,CityName,State,0,0,-11,0,0,,58,2437,0,0,0,0,0
2024-02-27,United,N216XX,4746,BOS,CityName,State,LAX,CityName,State,0,0,0,0,1,A,85,184,0,0,0,0,0
2024-02-27,United,N998XX,9993,ORD,CityName,State,BOS,CityName,State,0,0,1,0,0,,228,2619,0,0,0,0,0
2024-02-27,American,N907XX,8025,DEN,CityName,State,DFW,CityName,State,0,0,6,0,0,,94,2007,0,0,0,0,0
2024-02-27,American,N579XX,6739,BOS,CityName,State,ATL,CityName,State,0,0,4,0,0,,95,586,0,0,0,0,0
2024-02-27,United,N632XX,6775,ORD,CityName,State,ATL,CityName,State,0,0,0,0,0,,329,1456,0,0,0,0,0
2024-02-28,American,N759XX,9047,MIA,CityName,State,BOS,CityName,State,0,0,4,0,0,,244,375,0,0,0,0,0
2024-02-28,American,N689XX,6768,SFO,CityName,State,SFO,CityName,State,0,0,-13,0,0,,278,179,0,0,0,0,0
2024-02-28,American,N243XX,2295,SFO,CityName,State,DFW,CityName,State,0,0,-4,0,0,,171,2904,0,0,0,0,0
2024-02-28,United,N789XX,3276,DFW,CityName,State,ATL,CityName,State,15,1,9,0,0,,304,684,0,0,0,0,0
2024-02-28,United,N503XX,1607,ATL,CityName,State,DEN,CityName,State,0,0,4,0,0,,245,449,0,0,0,0,0
2024-02-28,Delta,N831XX,9022,MIA,CityName,State,JFK,CityName,State,0,0,0,0,0,,119,1852,0,0,0,0,0
2024-02-28,Delta,N384XX,7262,BOS,CityName,State,ORD,CityName,State,120,1,108,1,0,,202,796,0,108,0,0,0
2024-02-28,American,N922XX,1847,MIA,CityName,State,ORD,CityName,State,0,0,3,0,0,,223,192,0,0,0,0,0
2024-02-28,JetBlue,N665XX,3121,ORD,CityName,State,LAX,CityName,State,0,0,-13,0,0,,172,2288,0,0,0,0,0
2024-02-28,Southwest,N791XX,699,SEA,CityName,State,SEA,CityName,State,15,1,25,1,0,,51,1870,0,0,25,0,0
2024-02-28,American,N432XX,3264,LAX,CityName,State,DFW,CityName,State,0,0,2,0,0,,199,2748,0,0,0,0,0
2024-02-28,JetBlue,N875XX,1921,ATL,CityName,State,JFK,CityName,State,15,1,5,0,0,,223,2925,0,0,0,0,0
2024-02-28,JetBlue,N888XX,5078,ORD,CityName,State,DEN,CityName,State,45,1,37,1,0,,191,1293,37,0,0,0,0
2024-02-28,Southwest,N770XX,1965,MIA,CityName,State,LAX,CityName,State,0,0,-4,0,0,,72,2781,0,0,0,0,0
2024-02-28,Southwest,N519XX,5656,MIA,CityName,State,ATL,CityName,State,0,0,-6,0,0,,274,323,0,0,0,0,0
2024-02-28,Delta,N829XX,8984,DFW,CityName,State,LAX,CityName,State,0,0,0,0,0,,208,1307,0,0,0,0,0
2024-02-29,JetBlue,N895XX,8131,ORD,CityName,State,ATL,CityName,State,15,1,24,1,0,,150,1804,24,0,0,0,0
2024-02-29,Delta,N228XX,4501,MIA,CityName,State,ORD,CityName,State,0,0,8,0,0,,217,239,0,0,0,0,0
2024-02-29,United,N716XX,5648,ORD,CityName,State,BOS,CityName,State,0,0,-9,0,0,,294,1856,0,0,0,0,0
2024-02-29,American,N105XX,809,MIA,CityName,State,JFK,CityName,State,0,0,-6,0,0,,287,812,0,0,0,0,0
2024-02-29,United,N507XX,4715,SEA,CityName,State,MIA,CityName,State,0,0,-10,0,0,,166,1332,0,0,0,0,0
2024-02-29,JetBlue,N803XX,8279,SEA,CityName,State,SFO,CityName,State,0,0,9,0,0,,232,601,0,0,0,0,0
2024-02-29,Delta,N757XX,5061,SFO,CityName,State,DEN,CityName,State,45,1,43,1,0,,216,2147,0,0,0,0,43
2024-02-29,Delta,N810XX,4531,BOS,CityName,State,DEN,CityName,State,0,0,-10,0,0,,60,1624,0,0,0,0,0
2024-02-29,American,N631XX,6511,SEA,CityName,State,DEN,CityName,State,0,0,-3,0,0,,339,355,0,0,0,0,0
2024-02-29,Delta,N129XX,4047,DFW,CityName,State,DEN,CityName,State,0,0,10,0,0,,313,2068,0,0,0,0,0
2024-02-29,United,N409XX,5947,ORD,CityName,State,LAX,CityName,State,0,0,-6,0,0,,163,319,0,0,0,0,0
2024-02-29,JetBlue,N473XX,2793,JFK,CityName,State,DFW,CityName,State,0,0,-12,0,0,,111,1227,0,0,0,0,0
2024-03-01,JetBlue,N996XX,8643,LAX,CityName,State,BOS,CityName,State,0,0,-2,0,0,,54,720,0,0,0,0,0
2024-03-01,United,N270XX,3401,JFK,CityName,State,DFW,CityName,State,60,1,58,1,0,,196,2770,0,58,0,0,0
2024-03-01,United,N204XX,7050,LAX,CityName,State,DEN,CityName,State,0,0,-1,0,0,,211,2111,0,0,0,0,0
2024-03-01,United,N821XX,5035,ORD,CityName,State,SFO,CityName,State,0,0,-4,0,0,,50,734,0,0,0,0,0
2024-03-01,United,N283XX,4553,ATL,CityName,State,LAX,CityName,State,0,0,-5,0,0,,260,2518,0,0,0,0,0
2024-03-01,Delta,N630XX,6308,DEN,CityName,State,SFO,CityName,State,0,0,0,0,1,A,334,1960,0,0,0,0,0
2024-03-01,Delta,N335XX,3722,ATL,CityName,State,BOS,CityName,State,0,0,-6,0,0,,271,2703,0,0,0,0,0
2024-03-01,Delta,N871XX,1594,ATL,CityName,State,SFO,CityName,State,0,0,-13,0,0,,333,2502,0,0,0,0,0
2024-03-01,JetBlue,N472XX,3526,BOS,CityName,State,SEA,CityName,State,0,0,-10,0,0,,202,2877,0,0,0,0,0
2024-03-01,JetBlue,N559XX,3815,SFO,CityName,State,ATL,CityName,State,30,1,31,1,0,,119,487,31,0,0,0,0
2024-03-01,United,N127XX,5553,SEA,CityName,State,SEA,CityName,State,0,0,1,0,0,,98,824,0,0,0,0,0
2024-03-01,Delta,N384XX,8358,MIA,CityName,State,ORD,CityName,State,30,1,19,1,0,,340,2682,0,0,19,0,0
2024-03-01,Southwest,N486XX,2666,ATL,CityName,State,SFO,CityName,State,0,0,1,0,0,,203,1541,0,0,0,0,0
2024-03-01,Delta,N462XX,7136,LAX,CityName,State,JFK,CityName,State,15,1,4,0,0,,130,1939,0,0,0,0,0
2024-03-02,United,N768XX,6190,ATL,CityName,State,ATL,CityName,State,15,1,3,0,0,,266,944,0,0,0,0,0
2024-03-02,United,N485XX,4309,MIA,CityName,State,ORD,CityName,State,0,0,-13,0,0,,150,1595,0,0,0,0,0
2024-03-02,Delta,N447XX,278,DFW,CityName,State,DFW,CityName,State,0,0,-2,0,0,,164,954,0,0,0,0,0
2024-03-02,JetBlue,N226XX,6398,DEN,CityName,State,BOS,CityName,State,0,0,5,0,0,,57,1946,0,0,0,0,0
2024-03-02,Southwest,N566XX,6179,JFK,CityName,State,JFK,CityName,State,0,0,-7,0,0,,179,2962,0,0,0,0,0
2024-03-02,Delta,N236XX,4437,DFW,CityName,State,SFO,CityName,State,0,0,6,0,0,,229,1139,0,0,0,0,0
2024-03-02,United,N507XX,424,ATL,CityName,State,ATL,CityName,State,0,0,-5,0,0,,127,362,0,0,0,0,0
2024-03-02,Delta,N391XX,8859,MIA,CityName,State,BOS,CityName,State,0,0,7,0,0,,69,2265,0,0,0,0,0
2024-03-02,Delta,N909XX,2794,DEN,CityName,State,LAX,CityName,State,15,1,23,1,0,,76,739,0,0,0,0,23
2024-03-02,American,N275XX,7476,DFW,CityName,State,LAX,CityName,State,60,1,70,1,0,,315,1914,70,0,0,0,0
2024-03-02,JetBlue,N954XX,6188,ORD,CityName,State,DEN,CityName,State,0,0,3,0,0,,189,1297,0,0,0,0,0
2024-03-02,Southwest,N841XX,599,JFK,CityName,State,SEA,CityName,State,15,1,22,1,0,,237,337,0,22,0,0,0
2024-03-02,American,N585XX,9808,BOS,CityName,State,SFO,CityName,State,0,0,-13,0,0,,154,1823,0,0,0,0,0
2024-03-02,Southwest,N435XX,3603,ATL,CityName,State,DFW,CityName,State,15,1,23,1,0,,178,1631,23,0,0,0,0
2024-03-03,United,N673XX,112,SFO,CityName,State,ATL,CityName,State,30,1,19,1,0,,68,2349,0,0,0,0,19
2024-03-03,Southwest,N512XX,5556,DFW,CityName,State,LAX,CityName,State,0,0,-7,0,0,,201,1374,0,0,0,0,0
2024-03-03,United,N236XX,2701,ATL,CityName,State,DFW,CityName,State,0,0,-5,0,0,,178,1201,0,0,0,0,0
2024-03-03,Delta,N298XX,1513,LAX,CityName,State,DFW,CityName,State,30,1,28,1,0,,276,1135,0,0,28,0,0
2024-03-03,JetBlue,N868XX,6356,ORD,CityName,State,MIA,CityName,State,30,1,30,1,0,,189,2262,30,0,0,0,0
2024-03-03,JetBlue,N845XX,5919,MIA,CityName,State,JFK,CityName,State,0,0,-13,0,0,,172,277,0,0,0,0,0
2024-03-03,Southwest,N610XX,5042,MIA,CityName,State,SFO,CityName,State,0,0,-1,0,0,,234,945,0,0,0,0,0
2024-03-03,JetBlue,N259XX,4920,ATL,CityName,State,SEA,CityName,State,0,0,10,0,0,,68,2639,0,0,0,0,0
2024-03-03,United,N317XX,7299,DFW,CityName,State,BOS,CityName,State,0,0,-4,0,0,,204,464,0,0,0,0,0
2024-03-03,American,N579XX,4813,DFW,CityName,State,MIA,CityName,State,0,0,-9,0,0,,140,1617,0,0,0,0,0
2024-03-03,American,N696XX,7112,DFW,CityName,State,SEA,CityName,State,0,0,8,0,0,,322,1537,0,0,0,0,0
2024-03-03,American,N468XX,7660,BOS,CityName,State,LAX,CityName,State,0,0,7,0,0,,315,2048,0,0,0,0,0
2024-03-03,Southwest,N192XX,4249,SEA,CityName,State,ORD,CityName,State,15,1,2,0,0,,261,997,0,0,0,0,0
2024-03-04,United,N607XX,397,DEN,CityName,State,LAX,CityName,State,0,0,-4,0,0,,76,943,0,0,0,0,0
2024-03-04,JetBlue,N632XX,3174,SEA,CityName,State,DEN,CityName,State,0,0,5,0,0,,324,1146,0,0,0,0,0
2024-03-04,American,N274XX,2638,ATL,CityName,State,LAX,CityName,State,0,0,5,0,0,,89,2224,0,0,0,0,0
2024-03-04,JetBlue,N474XX,4290,ATL,CityName,State,SFO,CityName,State,0,0,5,0,0,,59,1480,0,0,0,0,0
2024-03-04,United,N272XX,2605,DFW,CityName,State,JFK,CityName,State,45,1,34,1,0,,320,1166,0,0,34,0,0
2024-03-04,JetBlue,N811XX,2038,ATL,CityName,State,SFO,CityName,State,0,0,-11,0,0,,285,2687,0,0,0,0,0
2024-03-04,Delta,N734XX,2357,ATL,CityName,State,SFO,CityName,State,30,1,40,1,0,,227,1149,0,0,0,0,40
2024-03-04,JetBlue,N200XX,2858,ORD,CityName,State,ATL,CityName,State,0,0,0,0,0,,175,536,0,0,0,0,0
2024-03-04,Southwest,N428XX,9020,ATL,CityName,State,ATL,CityName,State,15,1,3,0,0,,223,896,0,0,0,0,0
2024-03-04,United,N658XX,4496,ORD,CityName,State,SEA,CityName,State,45,1,37,1,0,,328,2786,0,37,0,0,0
2024-03-05,JetBlue,N742XX,4395,SEA,CityName,State,MIA,CityName,State,0,0,-1,0,0,,325,1500,0,0,0,0,0
2024-03-05,JetBlue,N749XX,3625,LAX,CityName,State,ATL,CityName,State,15,1,19,1,0,,83,1421,0,0,0,0,19
2024-03-05,JetBlue,N563XX,412,SFO,CityName,State,DFW,CityName,State,60,1,69,1,0,,267,1634,69,0,0,0,0
2024-03-05,JetBlue,N733XX,8000,SFO,CityName,State,ORD,CityName,State,0,0,-4,0,0,,183,892,0,0,0,0,0
2024-03-05,United,N678XX,6876,BOS,CityName,State,DEN,CityName,State,60,1,57,1,0,,74,2570,0,0,57,0,0
2024-03-05,Delta,N233XX,3846,DEN,CityName,State,MIA,CityName,State,30,1,36,1,0,,281,1601,0,0,0,0,36
2024-03-05,United,N299XX,5207,SEA,CityName,State,BOS,CityName,State,0,0,-2,0,0,,303,477,0,0,0,0,0
2024-03-05,United,N483XX,5241,SEA,CityName,State,JFK,CityName,State,30,1,24,1,0,,247,2682,24,0,0,0,0
2024-03-05,American,N742XX,6308,DFW,CityName,State,DEN,CityName,State,0,0,-11,0,0,,221,1243,0,0,0,0,0
2024-03-05,JetBlue,N718XX,1954,DEN,CityName,State,BOS,CityName,State,0,0,-2,0,0,,95,1675,0,0,0,0,0
2024-03-05,Delta,N605XX,9936,JFK,CityName,State,ATL,CityName,State,0,0,-4,0,0,,134,2017,0,0,0,0,0
2024-03-05,JetBlue,N241XX,4043,SEA,CityName,State,ORD,CityName,State,0,0,7,0,0,,219,1081,0,0,0,0,0
2024-03-05,Delta,N228XX,8397,BOS,CityName,State,DFW,CityName,State,45,1,37,1,0,,198,215,37,0,0,0,0
2024-03-05,American,N521XX,150,ATL,CityName,State,LAX,CityName,State,0,0,2,0,0,,264,426,0,0,0,0,0
2024-03-06,Southwest,N809XX,6478,DFW,CityName,State,ORD,CityName,State,0,0,-10,0,0,,78,2827,0,0,0,0,0
2024-03-06,American,N642XX,539,MIA,CityName,State,JFK,CityName,State,0,0,-6,0,0,,109,2915,0,0,0,0,0
2024-03-06,JetBlue,N172XX,2966,DEN,CityName,State,JFK,CityName,State,0,0,-9,0,0,,92,591,0,0,0,0,0
2024-03-06,Southwest,N151XX,9010,BOS,CityName,State,ORD,CityName,State,0,0,-13,0,0,,317,873,0,0,0,0,0
2024-03-06,Delta,N168XX,5788,ORD,CityName,State,SEA,CityName,State,30,1,19,1,0,,103,2834,19,0,0,0,0
2024-03-06,JetBlue,N574XX,687,BOS,CityName,State,JFK,CityName,State,0,0,6,0,0,,270,1638,0,0,0,0,0
2024-03-06,Southwest,N262XX,2019,SFO,CityName,State,SFO,CityName,State,60,1,57,1,0,,261,556,57,0,0,0,0
2024-03-06,American,N799XX,1535,SFO,CityName,State,MIA,CityName,State,0,0,-4,0,0,,242,289,0,0,0,0,0
2024-03-06,United,N138XX,4454,LAX,CityName,State,DFW,CityName,State,0,0,-7,0,0,,54,2300,0,0,0,0,0
2024-03-06,JetBlue,N813XX,4920,BOS,CityName,State,DFW,CityName,State,0,0,1,0,0,,206,2806,0,0,0,0,0
2024-03-06,United,N280XX,1621,MIA,CityName,State,JFK,CityName,State,0,0,8,0,0,,65,1471,0,0,0,0,0
2024-03-06,United,N502XX,2187,SEA,CityName,State,DFW,CityName,State,0,0,-3,0,0,,356,549,0,0,0,0,0
2024-03-06,United,N236XX,1860,ATL,CityName,State,SFO,CityName,State,0,0,7,0,0,,130,559,0,0,0,0,0
2024-03-06,Southwest,N524XX,5691,ATL,CityName,State,JFK,CityName,State,0,0,-12,0,0,,338,1376,0,0,0,0,0
2024-03-06,JetBlue,N508XX,9692,DFW,CityName,State,MIA,CityName,State,0,0,-6,0,0,,299,1091,0,0,0,0,0
2024-03-06,Southwest,N106XX,7862,SEA,CityName,State,ATL,CityName,State,0,0,2,0,0,,122,1744,0,0,0,0,0
2024-03-07,Delta,N833XX,1969,BOS,CityName,State,ORD,CityName,State,0,0,2,0,0,,49,1583,0,0,0,0,0
2024-03-07,Delta,N203XX,9523,DFW,CityName,State,DEN,CityName,State,0,0,-3,0,0,,346,1272,0,0,0,0,0
2024-03-07,United,N865XX,4890,ATL,CityName,State,ATL,CityName,State,0,0,3,0,0,,325,2162,0,0,0,0,0
2024-03-07,Delta,N194XX,9918,SFO,CityName,State,SEA,CityName,State,0,0,3,0,0,,91,1820,0,0,0,0,0
2024-03-07,Southwest,N253XX,9527,LAX,CityName,State,SEA,CityName,State,0,0,-8,0,0,,127,1683,0,0,0,0,0
2024-03-07,American,N642XX,4804,SFO,CityName,State,MIA,CityName,State,0,0,-9,0,0,,156,1934,0,0,0,0,0
2024-03-07,Southwest,N740XX,5162,SFO,CityName,State,ORD,CityName,State,0,0,-3,0,0,,113,1942,0,0,0,0,0
2024-03-07,United,N907XX,5841,ATL,CityName,State,JFK,CityName,State,0,0,3,0,0,,290,1667,0,0,0,0,0
2024-03-07,United,N428XX,9066,ORD,CityName,State,SFO,CityName,State,15,1,16,1,0,,106,1334,16,0,0,0,0
2024-03-07,Southwest,N367XX,5742,LAX,CityName,State,ORD,CityName,State,60,1,67,1,0,,99,349,0,0,67,0,0
2024-03-07,United,N350XX,6997,MIA,CityName,State,DFW,CityName,State,0,0,2,0,0,,84,490,0,0,0,0,0
2024-03-07,JetBlue,N433XX,8762,SEA,CityName,State,MIA,CityName,State,0,0,6,0,0,,123,1280,0,0,0,0,0
2024-03-07,Southwest,N209XX,5715,DEN,CityName,State,SEA,CityName,State,0,0,-10,0,0,,324,2166,0,0,0,0,0
2024-03-07,United,N826XX,4489,SEA,CityName,State,ORD,CityName,State,0,0,-4,0,0,,172,1072,0,0,0,0,0
2024-03-08,Southwest,N834XX,491,SEA,CityName,State,DEN,CityName,State,0,0,-12,0,0,,92,1685,0,0,0,0,0
2024-03-08,American,N369XX,6046,MIA,CityName,State,BOS,CityName,State,45,1,46,1,0,,192,2618,0,0,46,0,0
2024-03-08,Delta,N955XX,3141,SFO,CityName,State,DFW,CityName,State,0,0,-14,0,0,,306,1352,0,0,0,0,0
2024-03-08,JetBlue,N389XX,7718,SEA,CityName,State,LAX,CityName,State,0,0,-4,0,0,,196,2396,0,0,0,0,0
2024-03-08,American,N682XX,1438,SFO,CityName,State,BOS,CityName,State,0,0,9,0,0,,287,244,0,0,0,0,0
2024-03-08,Southwest,N967XX,4787,ORD,CityName,State,LAX,CityName,State,0,0,10,0,0,,127,627,0,0,0,0,0
2024-03-08,JetBlue,N107XX,581,BOS,CityName,State,MIA,CityName,State,30,1,26,1,0,,270,2289,26,0,0,0,0
2024-03-08,Delta,N349XX,4482,JFK,CityName,State,DEN,CityName,State,15,1,7,0,0,,148,1682,0,0,0,0,0
2024-03-08,Delta,N715XX,7831,MIA,CityName,State,SEA,CityName,State,15,1,4,0,0,,101,787,0,0,0,0,0
2024-03-08,Southwest,N742XX,4074,LAX,CityName,State,JFK,CityName,State,0,0,-9,0,0,,296,1532,0,0,0,0,0
2024-03-09,United,N626XX,3295,BOS,CityName,State,ORD,CityName,State,30,1,35,1,0,,234,2616,35,0,0,0,0
2024-03-09,JetBlue,N328XX,1048,ATL,CityName,State,MIA,CityName,State,0,0,-3,0,0,,256,2684,0,0,0,0,0
2024-03-09,American,N865XX,2449,JFK,CityName,State,BOS,CityName,State,0,0,4,0,0,,144,1518,0,0,0,0,0
2024-03-09,Delta,N861XX,8679,ATL,CityName,State,MIA,CityName,State,0,0,-12,0,0,,146,184,0,0,0,0,0
2024-03-09,JetBlue,N229XX,8098,DFW,CityName,State,SFO,CityName,State,0,0,10,0,0,,336,2885,0,0,0,0,0
2024-03-09,Southwest,N358XX,720,SFO,CityName,State,JFK,CityName,State,0,0,7,0,0,,167,412,0,0,0,0,0
2024-03-09,Southwest,N310XX,7629,MIA,CityName,State,SEA,CityName,State,60,1,62,1,0,,66,2105,0,62,0,0,0
2024-03-09,Delta,N586XX,8813,SEA,CityName,State,MIA,CityName,State,0,0,-8,0,0,,285,2392,0,0,0,0,0
2024-03-09,Southwest,N223XX,784,SFO,CityName,State,SEA,CityName,State,45,1,50,1,0,,98,2527,50,0,0,0,0
2024-03-09,Delta,N153XX,1852,LAX,CityName,State,BOS,CityName,State,0,0,1,0,0,,306,2800,0,0,0,0,0
2024-03-09,Delta,N573XX,9677,ATL,CityName,State,MIA,CityName,State,0,0,-7,0,0,,196,968,0,0,0,0,0
2024-03-09,Southwest,N560XX,1170,BOS,CityName,State,ORD,CityName,State,15,1,13,0,0,,266,448,0,0,0,0,0
2024-03-09,Southwest,N608XX,3245,SEA,CityName,State,SEA,CityName,State,240,1,235,1,0,,136,1229,0,235,0,0,0
2024-03-10,Southwest,N749XX,7257,JFK,CityName,State,DFW,CityName,State,0,0,-11,0,0,,296,2777,0,0,0,0,0
2024-03-10,Delta,N585XX,2076,DEN,CityName,State,LAX,CityName,State,0,0,8,0,0,,216,1733,0,0,0,0,0
2024-03-10,United,N516XX,1580,ORD,CityName,State,BOS,CityName,State,0,0,-10,0,0,,274,959,0,0,0,0,0
2024-03-10,United,N827XX,1769,ORD,CityName,State,ATL,CityName,State,0,0,-4,0,0,,280,1853,0,0,0,0,0
2024-03-10,Southwest,N721XX,7623,SFO,CityName,State,SEA,CityName,State,240,1,234,1,0,,229,1852,0,0,234,0,0
2024-03-10,JetBlue,N661XX,9069,SEA,CityName,State,ATL,CityName,State,0,0,4,0,0,,254,2454,0,0,0,0,0
2024-03-10,Delta,N911XX,4062,SFO,CityName,State,BOS,CityName,State,0,0,4,0,0,,141,1812,0,0,0,0,0
2024-03-10,American,N594XX,5168,JFK,CityName,State,DEN,CityName,State,0,0,-10,0,0,,275,2731,0,0,0,0,0
2024-03-10,United,N307XX,5212,BOS,CityName,State,ORD,CityName,State,30,1,29,1,0,,106,561,29,0,0,0,0
2024-03-10,Delta,N618XX,678,ATL,CityName,State,SEA,CityName,State,15,1,13,0,0,,161,474,0,0,0,0,0
2024-03-10,United,N409XX,3462,DFW,CityName,State,SEA,CityName,State,0,0,-8,0,0,,205,1923,0,0,0,0,0
2024-03-11,Delta,N702XX,4752,ATL,CityName,State,SEA,CityName,State,0,0,-14,0,0,,224,2027,0,0,0,0,0
2024-03-11,Delta,N170XX,1819,SFO,CityName,State,SEA,CityName,State,0,0,-8,0,0,,230,975,0,0,0,0,0
2024-03-11,United,N741XX,1775,SEA,CityName,State,LAX,CityName,State,0,0,8,0,0,,315,1645,0,0,0,0,0
2024-03-11,Delta,N352XX,9516,SFO,CityName,State,ORD,CityName,State,0,0,-5,0,0,,236,2953,0,0,0,0,0
2024-03-11,American,N510XX,4084,DFW,CityName,State,DEN,CityName,State,0,0,-9,0,0,,357,2292,0,0,0,0,0
2024-03-11,United,N896XX,1373,BOS,CityName,State,LAX,CityName,State,0,0,-7,0,0,,247,1122,0,0,0,0,0
2024-03-11,United,N927XX,3894,ATL,CityName,State,DFW,CityName,State,0,0,10,0,0,,237,2021,0,0,0,0,0
2024-03-11,American,N309XX,8844,JFK,CityName,State,DFW,CityName,State,0,0,5,0,0,,80,702,0,0,0,0,0
2024-03-11,Delta,N474XX,8805,ATL,CityName,State,LAX,CityName,State,120,1,121,1,0,,288,1132,121,0,0,0,0
2024-03-11,Delta,N819XX,3829,JFK,CityName,State,JFK,CityName,State,0,0,2,0,0,,287,2111,0,0,0,0,0
2024-03-11,Southwest,N832XX,5763,BOS,CityName,State,BOS,CityName,State,15,1,25,1,0,,185,961,0,0,25,0,0
2024-03-12,Southwest,N404XX,4748,MIA,CityName,State,ATL,CityName,State,0,0,1,0,0,,61,2918,0,0,0,0,0
2024-03-12,American,N842XX,6343,LAX,CityName,State,SEA,CityName,State,0,0,-7,0,0,,193,2472,0,0,0,0,0
2024-03-12,Southwest,N146XX,2471,MIA,CityName,State,SFO,CityName,State,15,1,17,1,0,,53,1006,0,0,0,0,17
2024-03-12,United,N591XX,6918,SFO,CityName,State,ORD,CityName,State,0,0,0,0,0,,325,627,0,0,0,0,0
2024-03-12,Southwest,N994XX,8223,MIA,CityName,State,LAX,CityName,State,60,1,56,1,0,,320,1535,56,0,0,0,0
2024-03-12,JetBlue,N875XX,1409,BOS,CityName,State,LAX,CityName,State,0,0,-7,0,0,,170,350,0,0,0,0,0
2024-03-12,Southwest,N111XX,5838,ATL,CityName,State,ORD,CityName,State,0,0,-14,0,0,,305,1247,0,0,0,0,0
2024-03-12,Delta,N201XX,5579,ATL,CityName,State,ATL,CityName,State,0,0,-8,0,0,,117,423,0,0,0,0,0
2024-03-12,Southwest,N822XX,9598,ATL,CityName,State,SFO,CityName,State,0,0,-14,0,0,,296,1140,0,0,0,0,0
2024-03-12,Southwest,N393XX,2729,DFW,CityName,State,BOS,CityName,State,0,0,1,0,0,,359,1632,0,0,0,0,0
2024-03-12,Southwest,N488XX,2738,DEN,CityName,State,DFW,CityName,State,0,0,-1,0,0,,201,533,0,0,0,0,0
2024-03-12,JetBlue,N780XX,4291,LAX,CityName,State,ATL,CityName,State,0,0,-9,0,0,,336,2357,0,0,0,0,0
2024-03-12,JetBlue,N577XX,7660,JFK,CityName,State,JFK,CityName,State,0,0,0,0,0,,126,973,0,0,0,0,0
2024-03-13,Delta,N623XX,9977,DFW,CityName,State,BOS,CityName,State,0,0,-12,0,0,,54,902,0,0,0,0,0
2024-03-13,Southwest,N658XX,9681,ATL,CityName,State,ORD,CityName,State,0,0,3,0,0,,145,532,0,0,0,0,0
2024-03-13,Southwest,N368XX,4039,ATL,CityName,State,SFO,CityName,State,0,0,3,0,0,,301,1238,0,0,0,0,0
2024-03-13,American,N825XX,5824,DFW,CityName,State,ORD,CityName,State,0,0,-2,0,0,,155,895,0,0,0,0,0
2024-03-13,United,N612XX,824,SFO,CityName,State,JFK,CityName,State,0,0,6,0,0,,282,1823,0,0,0,0,0
2024-03-13,Southwest,N389XX,2945,ORD,CityName,State,SEA,CityName,State,0,0,-8,0,0,,328,1321,0,0,0,0,0
2024-03-13,Delta,N193XX,3948,SEA,CityName,State,JFK,CityName,State,0,0,-11,0,0,,51,374,0,0,0,0,0
2024-03-13,United,N693XX,560,SEA,CityName,State,DEN,CityName,State,15,1,18,1,0,,69,2411,0,0,18,0,0
2024-03-13,JetBlue,N191XX,2823,MIA,CityName,State,DFW,CityName,State,0,0,-10,0,0,,117,377,0,0,0,0,0
2024-03-13,United,N326XX,9350,DEN,CityName,State,DFW,CityName,State,0,0,-2,0,0,,357,2952,0,0,0,0,0
2024-03-13,American,N440XX,6004,ATL,CityName,State,DFW,CityName,State,45,1,52,1,0,,140,2213,0,52,0,0,0
2024-03-13,Southwest,N140XX,8675,DEN,CityName,State,LAX,CityName,State,0,0,6,0,0,,293,1565,0,0,0,0,0
2024-03-14,American,N941XX,6199,BOS,CityName,State,ORD,CityName,State,15,1,15,1,0,,163,2757,15,0,0,0,0
2024-03-14,Delta,N760XX,5850,ATL,CityName,State,BOS,CityName,State,30,1,21,1,0,,160,408,21,0,0,0,0
2024-03-14,Southwest,N385XX,9611,ORD,CityName,State,ATL,CityName,State,0,0,-3,0,0,,247,869,0,0,0,0,0
2024-03-14,JetBlue,N657XX,6835,DEN,CityName,State,JFK,CityName,State,0,0,-14,0,0,,102,2958,0,0,0,0,0
2024-03-14,American,N641XX,8329,ORD,CityName,State,ATL,CityName,State,0,0,-14,0,0,,354,196,0,0,0,0,0
2024-03-14,Delta,N216XX,3380,LAX,CityName,State,ATL,CityName,State,0,0,8,0,0,,82,1251,0,0,0,0,0
2024-03-14,United,N851XX,6776,JFK,CityName,State,SFO,CityName,State,0,0,5,0,0,,120,1868,0,0,0,0,0
2024-03-14,JetBlue,N366XX,5304,SFO,CityName,State,LAX,CityName,State,0,0,10,0,0,,232,1442,0,0,0,0,0
2024-03-14,American,N980XX,6836,ORD,CityName,State,SFO,CityName,State,0,0,-14,0,0,,208,1346,0,0,0,0,0
2024-03-14,JetBlue,N157XX,8042,DEN,CityName,State,LAX,CityName,State,30,1,28,1,0,,139,2400,28,0,0,0,0
2024-03-14,Southwest,N405XX,5125,BOS,CityName,State,SEA,CityName,State,0,0,-13,0,0,,93,2300,0,0,0,0,0
2024-03-14,Delta,N561XX,6170,BOS,CityName,State,MIA,CityName,State,0,0,7,0,0,,154,2884,0,0,0,0,0
2024-03-15,JetBlue,N740XX,6471,SEA,CityName,State,BOS,CityName,State,45,1,45,1,0,,264,2651,0,45,0,0,0
2024-03-15,Southwest,N814XX,5088,ORD,CityName,State,SEA,CityName,State,0,0,-1,0,0,,200,2882,0,0,0,0,0
2024-03-15,United,N463XX,6673,ATL,CityName,State,MIA,CityName,State,0,0,9,0,0,,241,1410,0,0,0,0,0
2024-03-15,American,N819XX,803,BOS,CityName,State,MIA,CityName,State,0,0,-12,0,0,,104,2170,0,0,0,0,0
2024-03-15,American,N643XX,4780,JFK,CityName,State,BOS,CityName,State,0,0,1,0,0,,298,2170,0,0,0,0,0
2024-03-15,American,N172XX,7342,ORD,CityName,State,DFW,CityName,State,0,0,-2,0,0,,185,2563,0,0,0,0,0
2024-03-15,Southwest,N726XX,4854,SEA,CityName,State,MIA,CityName,State,0,0,-12,0,0,,223,1679,0,0,0,0,0
2024-03-15,Delta,N857XX,1188,ORD,CityName,State,JFK,CityName,State,0,0,0,0,0,,183,2907,0,0,0,0,0
2024-03-15,Southwest,N544XX,4260,ORD,CityName,State,BOS,CityName,State,0,0,2,0,0,,272,1067,0,0,0,0,0
2024-03-15,United,N693XX,9747,DFW,CityName,State,MIA,CityName,State,0,0,-7,0,0,,189,572,0,0,0,0,0
2024-03-16,Southwest,N662XX,9568,BOS,CityName,State,DFW,CityName,State,15,1,9,0,0,,92,812,0,0,0,0,0
2024-03-16,Delta,N770XX,6596,BOS,CityName,State,BOS,CityName,State,0,0,8,0,0,,99,1429,0,0,0,0,0
2024-03-16,American,N659XX,3549,ORD,CityName,State,SEA,CityName,State,0,0,7,0,0,,350,686,0,0,0,0,0
2024-03-16,JetBlue,N357XX,4169,SFO,CityName,State,LAX,CityName,State,30,1,28,1,0,,119,2940,28,0,0,0,0
2024-03-16,JetBlue,N928XX,2923,LAX,CityName,State,ORD,CityName,State,0,0,0,0,1,A,106,2261,0,0,0,0,0
2024-03-16,Delta,N959XX,1150,MIA,CityName,State,SEA,CityName,State,120,1,122,1,0,,239,1963,0,0,122,0,0
2024-03-16,JetBlue,N694XX,841,BOS,CityName,State,MIA,CityName,State,0,0,0,0,0,,110,1428,0,0,0,0,0
2024-03-16,JetBlue,N997XX,3526,DFW,CityName,State,DFW,CityName,State,0,0,-9,0,0,,255,1363,0,0,0,0,0
2024-03-16,Southwest,N934XX,1185,DFW,CityName,State,DFW,CityName,State,30,1,19,1,0,,335,547,19,0,0,0,0
2024-03-16,American,N407XX,1394,DEN,CityName,State,BOS,CityName,State,0,0,-6,0,0,,347,240,0,0,0,0,0
2024-03-16,United,N357XX,9498,SFO,CityName,State,JFK,CityName,State,0,0,-9,0,0,,196,506,0,0,0,0,0
2024-03-16,Delta,N896XX,1915,BOS,CityName,State,JFK,CityName,State,0,0,-4,0,0,,355,1043,0,0,0,0,0
2024-03-16,JetBlue,N976XX,222,SEA,CityName,State,ORD,CityName,State,15,1,13,0,0,,179,1299,0,0,0,0,0
2024-03-16,Delta,N662XX,8148,DFW,CityName,State,JFK,CityName,State,0,0,4,0,0,,73,2398,0,0,0,0,0
2024-03-16,JetBlue,N319XX,6823,DEN,CityName,State,DFW,CityName,State,0,0,-11,0,0,,109,1148,0,0,0,0,0
2024-03-16,JetBlue,N954XX,5342,MIA,CityName,State,DEN,CityName,State,30,1,28,1,0,,277,2337,28,0,0,0,0
2024-03-16,Southwest,N887XX,8290,ORD,CityName,State,LAX,CityName,State,0,0,-9,0,0,,232,2640,0,0,0,0,0
2024-03-17,United,N881XX,5978,DFW,CityName,State,BOS,CityName,State,0,0,-6,0,0,,141,966,0,0,0,0,0
2024-03-17,Delta,N628XX,8405,JFK,CityName,State,JFK,CityName,State,120,1,126,1,0,,205,2426,126,0,0,0,0
2024-03-17,Delta,N294XX,7405,SFO,CityName,State,LAX,CityName,State,0,0,5,0,0,,185,1673,0,0,0,0,0
2024-03-17,Delta,N965XX,7034,MIA,CityName,State,DFW,CityName,State,0,0,0,0,0,,284,1872,0,0,0,0,0
2024-03-17,Southwest,N165XX,1802,ORD,CityName,State,MIA,CityName,State,15,1,8,0,0,,143,2729,0,0,0,0,0
2024-03-17,United,N401XX,9614,JFK,CityName,State,MIA,CityName,State,240,1,239,1,0,,51,1130,0,0,0,0,239
2024-03-17,American,N567XX,1981,DFW,CityName,State,SFO,CityName,State,0,0,7,0,0,,176,2097,0,0,0,0,0
2024-03-17,United,N778XX,171,SEA,CityName,State,LAX,CityName,State,15,1,10,0,0,,163,2014,0,0,0,0,0
2024-03-17,Delta,N139XX,6338,MIA,CityName,State,SEA,CityName,State,60,1,54,1,0,,275,2860,54,0,0,0,0
2024-03-17,United,N925XX,6844,LAX,CityName,State,JFK,CityName,State,0,0,-1,0,0,,330,1488,0,0,0,0,0
2024-03-17,Delta,N782XX,198,LAX,CityName,State,DEN,CityName,State,0,0,9,0,0,,67,1688,0,0,0,0,0
2024-03-17,Southwest,N405XX,9916,ATL,CityName,State,JFK,CityName,State,0,0,-8,0,0,,272,2623,0,0,0,0,0
2024-03-17,American,N704XX,1984,ORD,CityName,State,JFK,CityName,State,0,0,-13,0,0,,268,1081,0,0,0,0,0
2024-03-17,Southwest,N619XX,1056,MIA,CityName,State,ATL,CityName,State,0,0,6,0,0,,176,1336,0,0,0,0,0
2024-03-18,United,N784XX,1514,ORD,CityName,State,JFK,CityName,State,0,0,-5,0,0,,318,2441,0,0,0,0,0
2024-03-18,American,N227XX,2821,DEN,CityName,State,SFO,CityName,State,0,0,7,0,0,,51,726,0,0,0,0,0
2024-03-18,Southwest,N332XX,1038,SEA,CityName,State,ORD,CityName,State,0,0,-4,0,0,,273,1275,0,0,0,0,0
2024-03-18,Southwest,N230XX,3083,ORD,CityName,State,LAX,CityName,State,0,0,-5,0,0,,275,2926,0,0,0,0,0
2024-03-18,American,N140XX,3746,JFK,CityName,State,ATL,CityName,State,0,0,-11,0,0,,96,220,0,0,0,0,0
2024-03-18,American,N376XX,2388,MIA,CityName,State,ORD,CityName,State,0,0,5,0,0,,122,2773,0,0,0,0,0
2024-03-18,American,N585XX,540,ATL,CityName,State,LAX,CityName,State,0,0,-5,0,0,,199,2679,0,0,0,0,0
2024-03-18,Delta,N780XX,3721,SEA,CityName,State,DEN,CityName,State,15,1,9,0,0,,339,2276,0,0,0,0,0
2024-03-18,American,N641XX,8289,MIA,CityName,State,DFW,CityName,State,0,0,2,0,0,,162,1643,0,0,0,0,0
2024-03-18,United,N812XX,6434,SEA,CityName,State,SEA,CityName,State,0,0,5,0,0,,262,2241,0,0,0,0,0
2024-03-18,Southwest,N971XX,2748,DEN,CityName,State,JFK,CityName,State,0,0,2,0,0,,47,1889,0,0,0,0,0
2024-03-18,Delta,N199XX,5523,SFO,CityName,State,ATL,CityName,State,0,0,1,0,0,,117,622,0,0,0,0,0
2024-03-18,Delta,N410XX,867,MIA,CityName,State,ORD,CityName,State,0,0,-2,0,0,,67,2551,0,0,0,0,0
2024-03-19,American,N283XX,4498,MIA,CityName,State,SEA,CityName,State,0,0,8,0,0,,358,2100,0,0,0,0,0
2024-03-19,Southwest,N573XX,9390,MIA,CityName,State,DEN,CityName,State,0,0,0,0,0,,201,801,0,0,0,0,0
2024-03-19,American,N754XX,559,SEA,CityName,State,BOS,CityName,State,15,1,19,1,0,,52,2784,0,19,0,0,0
2024-03-19,Southwest,N715XX,3269,JFK,CityName,State,ORD,CityName,State,0,0,2,0,0,,308,2351,0,0,0,0,0
2024-03-19,Southwest,N496XX,9393,DFW,CityName,State,DEN,CityName,State,0,0,-10,0,0,,63,2942,0,0,0,0,0
2024-03-19,United,N655XX,9534,ORD,CityName,State,DFW,CityName,State,0,0,8,0,0,,216,1746,0,0,0,0,0
2024-03-19,JetBlue,N428XX,1667,MIA,CityName,State,SEA,CityName,State,0,0,-7,0,0,,265,208,0,0,0,0,0
2024-03-19,Southwest,N422XX,3509,JFK,CityName,State,ORD,CityName,State,0,0,10,0,0,,248,699,0,0,0,0,0
2024-03-19,United,N401XX,6375,SEA,CityName,State,SEA,CityName,State,0,0,0,0,0,,232,1617,0,0,0,0,0
2024-03-19,Southwest,N854XX,9706,ATL,CityName,State,ORD,CityName,State,0,0,1,0,0,,191,2137,0,0,0,0,0
2024-03-19,JetBlue,N969XX,6750,LAX,CityName,State,DFW,CityName,State,0,0,9,0,0,,149,323,0,0,0,0,0
2024-03-19,Delta,N403XX,6690,DEN,CityName,State,DEN,CityName,State,0,0,-3,0,0,,109,1661,0,0,0,0,0
2024-03-19,United,N464XX,4445,ATL,CityName,State,MIA,CityName,State,0,0,-10,0,0,,95,2645,0,0,0,0,0
2024-03-19,JetBlue,N557XX,9192,LAX,CityName,State,ORD,CityName,State,0,0,-13,0,0,,60,256,0,0,0,0,0
2024-03-20,Delta,N402XX,7604,SFO,CityName,State,BOS,CityName,State,0,0,-8,0,0,,250,2761,0,0,0,0,0
2024-03-20,United,N293XX,136,ORD,CityName,State,DFW,CityName,State,0,0,4,0,0,,55,1538,0,0,0,0,0
2024-03-20,JetBlue,N632XX,9707,DEN,CityName,State,MIA,CityName,State,0,0,5,0,0,,173,1353,0,0,0,0,0
2024-03-20,Southwest,N178XX,917,ORD,CityName,State,DFW,CityName,State,15,1,17,1,0,,271,1755,17,0,0,0,0
2024-03-20,Southwest,N519XX,1208,SEA,CityName,State,JFK,CityName,State,30,1,37,1,0,,276,2712,0,0,0,0,37
2024-03-20,Southwest,N957XX,1721,SEA,CityName,State,MIA,CityName,State,45,1,49,1,0,,58,219,49,0,0,0,0
2024-03-20,United,N390XX,965,DFW,CityName,State,ORD,CityName,State,0,0,8,0,0,,123,1240,0,0,0,0,0
2024-03-20,Delta,N256XX,1971,DEN,CityName,State,DEN,CityName,State,0,0,-12,0,0,,183,1034,0,0,0,0,0
2024-03-20,United,N401XX,5439,SFO,CityName,State,ATL,CityName,State,0,0,-5,0,0,,292,1077,0,0,0,0,0
2024-03-20,Southwest,N345XX,6921,SFO,CityName,State,BOS,CityName,State,15,1,14,0,0,,284,314,0,0,0,0,0
2024-03-20,American,N524XX,1136,SEA,CityName,State,DFW,CityName,State,15,1,24,1,0,,77,2495,0,0,0,0,24
2024-03-21,JetBlue,N664XX,4674,JFK,CityName,State,SFO,CityName,State,0,0,0,0,0,,342,2894,0,0,0,0,0
2024-03-21,American,N324XX,6977,LAX,CityName,State,SFO,CityName,State,0,0,-11,0,0,,246,2281,0,0,0,0,0
2024-03-21,Delta,N476XX,8035,DFW,CityName,State,MIA,CityName,State,0,0,8,0,0,,139,640,0,0,0,0,0
2024-03-21,Southwest,N960XX,1226,DEN,CityName,State,LAX,CityName,State,0,0,-8,0,0,,324,2831,0,0,0,0,0
2024-03-21,Delta,N649XX,2249,BOS,CityName,State,JFK,CityName,State,0,0,-11,0,0,,173,1454,0,0,0,0,0
2024-03-21,Southwest,N835XX,2953,SEA,CityName,State,ATL,CityName,State,15,1,13,0,0,,304,2964,0,0,0,0,0
2024-03-21,JetBlue,N355XX,9817,BOS,CityName,State,BOS,CityName,State,120,1,109,1,0,,109,1477,0,109,0,0,0
2024-03-21,Delta,N430XX,3798,LAX,CityName,State,ATL,CityName,State,15,1,18,1,0,,255,877,0,18,0,0,0
2024-03-21,United,N134XX,3167,SEA,CityName,State,LAX,CityName,State,0,0,-5,0,0,,334,2952,0,0,0,0,0
2024-03-21,American,N125XX,5657,LAX,CityName,State,LAX,CityName,State,30,1,23,1,0,,135,209,0,23,0,0,0
2024-03-21,American,N809XX,6738,SFO,CityName,State,BOS,CityName,State,0,0,-13,0,0,,95,305,0,0,0,0,0
2024-03-21,JetBlue,N784XX,3035,JFK,CityName,State,BOS,CityName,State,0,0,-14,0,0,,288,632,0,0,0,0,0
2024-03-21,United,N987XX,3307,SFO,CityName,State,DEN,CityName,State,0,0,-4,0,0,,201,2081,0,0,0,0,0
2024-03-21,American,N256XX,1615,BOS,CityName,State,ATL,CityName,State,0,0,-7,0,0,,121,162,0,0,0,0,0
2024-03-22,JetBlue,N933XX,4824,DEN,CityName,State,ORD,CityName,State,0,0,-6,0,0,,149,1800,0,0,0,0,0
2024-03-22,Southwest,N371XX,2776,JFK,CityName,State,JFK,CityName,State,60,1,64,1,0,,251,2221,0,0,64,0,0
2024-03-22,American,N715XX,5802,MIA,CityName,State,DFW,CityName,State,15,1,15,1,0,,193,834,0,0,15,0,0
2024-03-22,United,N767XX,6397,SFO,CityName,State,JFK,CityName,State,15,1,6,0,0,,84,1053,0,0,0,0,0
2024-03-22,Southwest,N334XX,4726,BOS,CityName,State,SFO,CityName,State,0,0,6,0,0,,55,1098,0,0,0,0,0
2024-03-22,JetBlue,N836XX,4815,LAX,CityName,State,BOS,CityName,State,0,0,9,0,0,,126,313,0,0,0,0,0
2024-03-22,Southwest,N287XX,9673,SEA,CityName,State,SFO,CityName,State,15,1,16,1,0,,180,1513,0,0,0,0,16
2024-03-22,Delta,N906XX,761,ORD,CityName,State,LAX,CityName,State,0,0,-12,0,0,,146,1288,0,0,0,0,0
2024-03-22,American,N805XX,3750,SEA,CityName,State,ORD,CityName,State,60,1,62,1,0,,230,2879,62,0,0,0,0
2024-03-22,JetBlue,N817XX,628,SEA,CityName,State,ORD,CityName,State,0,0,-10,0,0,,82,297,0,0,0,0,0
2024-03-22,Delta,N469XX,7022,DFW,CityName,State,ATL,CityName,State,0,0,1,0,0,,180,1974,0,0,0,0,0
2024-03-22,Southwest,N545XX,2608,DFW,CityName,State,SFO,CityName,State,0,0,8,0,0,,257,2951,0,0,0,0,0
2024-03-22,American,N903XX,5860,ATL,CityName,State,SEA,CityName,State,0,0,-2,0,0,,98,1378,0,0,0,0,0
2024-03-22,United,N836XX,4491,SEA,CityName,State,JFK,CityName,State,45,1,35,1,0,,60,1614,0,0,35,0,0
2024-03-22,United,N952XX,4265,JFK,CityName,State,LAX,CityName,State,0,0,-4,0,0,,60,1925,0,0,0,0,0
2024-03-22,United,N592XX,1546,BOS,CityName,State,LAX,CityName,State,0,0,-9,0,0,,89,1439,0,0,0,0,0
2024-03-23,JetBlue,N866XX,3531,SEA,CityName,State,JFK,CityName,State,15,1,14,0,0,,125,489,0,0,0,0,0
2024-03-23,Southwest,N123XX,8763,ORD,CityName,State,ORD,CityName,State,0,0,0,0,0,,247,1252,0,0,0,0,0
2024-03-23,Delta,N333XX,1988,LAX,CityName,State,ATL,CityName,State,0,0,10,0,0,,216,2432,0,0,0,0,0
2024-03-23,American,N627XX,4716,JFK,CityName,State,ATL,CityName,State,0,0,-14,0,0,,164,1054,0,0,0,0,0
2024-03-23,Delta,N553XX,5308,DFW,CityName,State,SEA,CityName,State,15,1,19,1,0,,257,365,19,0,0,0,0
2024-03-23,JetBlue,N585XX,9358,SFO,CityName,State,ORD,CityName,State,0,0,-1,0,0,,169,313,0,0,0,0,0
2024-03-23,United,N128XX,6584,DEN,CityName,State,DFW,CityName,State,0,0,0,0,1,A,46,1652,0,0,0,0,0
2024-03-23,Southwest,N277XX,6002,ATL,CityName,State,DEN,CityName,State,0,0,-9,0,0,,125,1827,0,0,0,0,0
2024-03-23,American,N513XX,3992,ORD,CityName,State,ATL,CityName,State,15,1,3,0,0,,292,1195,0,0,0,0,0
2024-03-23,JetBlue,N160XX,9463,DFW,CityName,State,DEN,CityName,State,0,0,-10,0,0,,175,2828,0,0,0,0,0
2024-03-23,Southwest,N789XX,8813,ORD,CityName,State,MIA,CityName,State,0,0,-2,0,0,,169,2951,0,0,0,0,0
2024-03-24,JetBlue,N982XX,6777,DEN,CityName,State,ORD,CityName,State,0,0,-9,0,0,,277,655,0,0,0,0,0
2024-03-24,United,N849XX,9257,ORD,CityName,State,ATL,CityName,State,15,1,8,0,0,,259,1009,0,0,0,0,0
2024-03-24,JetBlue,N255XX,4799,LAX,CityName,State,MIA,CityName,State,30,1,19,1,0,,95,2489,19,0,0,0,0
2024-03-24,American,N245XX,927,ATL,CityName,State,SEA,CityName,State,0,0,-5,0,0,,128,1514,0,0,0,0,0
2024-03-24,JetBlue,N489XX,3812,BOS,CityName,State,MIA,CityName,State,0,0,3,0,0,,73,1869,0,0,0,0,0
2024-03-24,United,N899XX,1583,LAX,CityName,State,DEN,CityName,State,0,0,3,0,0,,299,2961,0,0,0,0,0
2024-03-24,Southwest,N548XX,9317,BOS,CityName,State,LAX,CityName,State,0,0,-13,0,0,,314,1325,0,0,0,0,0
2024-03-24,JetBlue,N695XX,1117,DEN,CityName,State,SEA,CityName,State,0,0,3,0,0,,110,2620,0,0,0,0,0
2024-03-24,Delta,N152XX,2827,DFW,CityName,State,MIA,CityName,State,15,1,19,1,0,,162,225,0,0,19,0,0
2024-03-24,American,N779XX,4923,DEN,CityName,State,LAX,CityName,State,15,1,9,0,0,,237,1753,0,0,0,0,0
2024-03-24,Southwest,N448XX,7818,DFW,CityName,State,SFO,CityName,State,60,1,48,1,0,,110,1930,48,0,0,0,0
2024-03-24,JetBlue,N336XX,3288,LAX,CityName,State,LAX,CityName,State,120,1,121,1,0,,270,1031,121,0,0,0,0
2024-03-24,Southwest,N381XX,2229,MIA,CityName,State,LAX,CityName,State,0,0,4,0,0,,347,2374,0,0,0,0,0
2024-03-24,JetBlue,N257XX,6159,DFW,CityName,State,JFK,CityName,State,0,0,-1,0,0,,129,2693,0,0,0,0,0
2024-03-24,Delta,N401XX,9072,BOS,CityName,State,LAX,CityName,State,15,1,10,0,0,,63,1159,0,0,0,0,0
2024-03-24,Delta,N167XX,1022,ORD,CityName,State,DFW,CityName,State,0,0,9,0,0,,242,304,0,0,0,0,0
2024-03-24,JetBlue,N187XX,1196,LAX,CityName,State,DEN,CityName,State,0,0,-11,0,0,,260,1216,0,0,0,0,0
2024-03-25,JetBlue,N370XX,4430,ATL,CityName,State,DFW,CityName,State,0,0,-7,0,0,,312,2048,0,0,0,0,0
2024-03-25,United,N924XX,7142,LAX,CityName,State,BOS,CityName,State,0,0,5,0,0,,326,1359,0,0,0,0,0
2024-03-25,Delta,N556XX,6962,MIA,CityName,State,MIA,CityName,State,0,0,8,0,0,,141,1519,0,0,0,0,0
2024-03-25,United,N676XX,3111,BOS,CityName,State,SEA,CityName,State,30,1,31,1,0,,58,1321,31,0,0,0,0
2024-03-25,Southwest,N365XX,4958,ORD,CityName,State,MIA,CityName,State,0,0,-2,0,0,,347,2347,0,0,0,0,0
2024-03-25,American,N251XX,8177,DFW,CityName,State,DEN,CityName,State,0,0,-9,0,0,,71,2109,0,0,0,0,0
2024-03-25,Southwest,N543XX,8374,DEN,CityName,State,LAX,CityName,State,0,0,-11,0,0,,332,360,0,0,0,0,0
2024-03-25,American,N975XX,7192,SEA,CityName,State,DFW,CityName,State,60,1,60,1,0,,268,2348,0,60,0,0,0
2024-03-25,JetBlue,N834XX,8915,BOS,CityName,State,LAX,CityName,State,0,0,3,0,0,,64,2002,0,0,0,0,0
2024-03-25,Southwest,N484XX,356,DFW,CityName,State,ORD,CityName,State,0,0,-6,0,0,,138,2963,0,0,0,0,0
2024-03-25,Delta,N896XX,4862,DFW,CityName,State,SEA,CityName,State,0,0,2,0,0,,67,1173,0,0,0,0,0
2024-03-25,American,N690XX,6802,BOS,CityName,State,ATL,CityName,State,0,0,-7,0,0,,73,2187,0,0,0,0,0
2024-03-26,JetBlue,N425XX,2250,ORD,CityName,State,LAX,CityName,State,0,0,-13,0,0,,275,862,0,0,0,0,0
2024-03-26,American,N662XX,2920,BOS,CityName,State,JFK,CityName,State,0,0,-6,0,0,,266,1582,0,0,0,0,0
2024-03-26,Southwest,N593XX,7179,ORD,CityName,State,LAX,CityName,State,0,0,5,0,0,,126,378,0,0,0,0,0
2024-03-26,Delta,N266XX,7204,LAX,CityName,State,SEA,CityName,State,60,1,54,1,0,,51,2109,0,0,54,0,0
2024-03-26,JetBlue,N948XX,7793,ATL,CityName,State,LAX,CityName,State,120,1,119,1,0,,163,1807,0,119,0,0,0
2024-03-26,Delta,N457XX,5671,ORD,CityName,State,BOS,CityName,State,30,1,39,1,0,,299,611,39,0,0,0,0
2024-03-26,United,N303XX,2237,LAX,CityName,State,DEN,CityName,State,0,0,10,0,0,,113,1657,0,0,0,0,0
2024-03-26,Delta,N181XX,7104,SFO,CityName,State,MIA,CityName,State,0,0,-10,0,0,,129,2612,0,0,0,0,0
2024-03-26,Delta,N845XX,5911,MIA,CityName,State,ATL,CityName,State,15,1,25,1,0,,281,2859,25,0,0,0,0
2024-03-26,United,N153XX,8426,DFW,CityName,State,DEN,CityName,State,0,0,-5,0,0,,114,1617,0,0,0,0,0
2024-03-26,Southwest,N485XX,4348,JFK,CityName,State,ATL,CityName,State,0,0,-8,0,0,,91,2179,0,0,0,0,0
2024-03-26,JetBlue,N584XX,5785,SFO,CityName,State,SFO,CityName,State,0,0,9,0,0,,203,2758,0,0,0,0,0
2024-03-26,American,N240XX,4594,DFW,CityName,State,SFO,CityName,State,30,1,33,1,0,,102,233,33,0,0,0,0
2024-03-26,JetBlue,N749XX,9920,LAX,CityName,State,ATL,CityName,State,15,1,24,1,0,,125,2847,0,0,24,0,0
2024-03-26,American,N657XX,4724,MIA,CityName,State,SFO,CityName,State,0,0,7,0,0,,134,589,0,0,0,0,0
2024-03-26,Delta,N276XX,8006,ATL,CityName,State,SEA,CityName,State,0,0,-14,0,0,,135,1083,0,0,0,0,0
2024-03-27,United,N615XX,7843,BOS,CityName,State,ORD,CityName,State,0,0,-1,0,0,,50,645,0,0,0,0,0
2024-03-27,JetBlue,N207XX,8469,ATL,CityName,State,SFO,CityName,State,15,1,15,1,0,,257,1579,15,0,0,0,0
2024-03-27,JetBlue,N734XX,8640,SFO,CityName,State,ORD,CityName,State,0,0,7,0,0,,345,2171,0,0,0,0,0
2024-03-27,American,N822XX,6295,SFO,CityName,State,MIA,CityName,State,0,0,1,0,0,,142,2516,0,0,0,0,0
2024-03-27,United,N818XX,5811,SEA,CityName,State,DFW,CityName,State,0,0,-13,0,0,,106,652,0,0,0,0,0
2024-03-27,JetBlue,N474XX,4783,JFK,CityName,State,ORD,CityName,State,240,1,226,1,0,,232,2867,0,0,226,0,0
2024-03-27,JetBlue,N365XX,3495,ORD,CityName,State,ORD,CityName,State,0,0,2,0,0,,275,2268,0,0,0,0,0
2024-03-27,Southwest,N223XX,4940,ATL,CityName,State,ORD,CityName,State,15,1,3,0,0,,222,1258,0,0,0,0,0
2024-03-27,American,N773XX,2077,BOS,CityName,State,MIA,CityName,State,0,0,-13,0,0,,231,900,0,0,0,0,0
2024-03-27,American,N847XX,6516,ORD,CityName,State,BOS,CityName,State,15,1,16,1,0,,222,2399,0,0,16,0,0
2024-03-27,United,N780XX,3527,BOS,CityName,State,DFW,CityName,State,0,0,6,0,0,,229,2600,0,0,0,0,0
2024-03-27,Southwest,N278XX,4813,ATL,CityName,State,SFO,CityName,State,0,0,-5,0,0,,157,201,0,0,0,0,0
2024-03-27,American,N673XX,7994,LAX,CityName,State,SFO,CityName,State,0,0,2,0,0,,271,1917,0,0,0,0,0
2024-03-27,Delta,N599XX,5274,LAX,CityName,State,LAX,CityName,State,15,1,20,1,0,,253,1218,0,20,0,0,0
2024-03-27,United,N786XX,2026,SEA,CityName,State,SEA,CityName,State,0,0,10,0,0,,306,2300,0,0,0,0,0
2024-03-27,United,N304XX,8623,LAX,CityName,State,BOS,CityName,State,0,0,-8,0,0,,116,274,0,0,0,0,0
2024-03-27,American,N401XX,3744,DEN,CityName,State,DEN,CityName,State,0,0,-3,0,0,,70,1300,0,0,0,0,0
2024-03-28,United,N635XX,5420,MIA,CityName,State,BOS,CityName,State,0,0,-7,0,0,,143,2951,0,0,0,0,0
2024-03-28,JetBlue,N410XX,319,LAX,CityName,State,JFK,CityName,State,0,0,-7,0,0,,180,1629,0,0,0,0,0
2024-03-28,JetBlue,N279XX,6445,MIA,CityName,State,ORD,CityName,State,0,0,9,0,0,,100,2406,0,0,0,0,0
2024-03-28,Delta,N201XX,4425,DFW,CityName,State,JFK,CityName,State,0,0,0,0,0,,95,1216,0,0,0,0,0
2024-03-28,JetBlue,N590XX,5561,ATL,CityName,State,SFO,CityName,State,0,0,5,0,0,,181,2781,0,0,0,0,0
2024-03-28,Southwest,N254XX,1063,LAX,CityName,State,ORD,CityName,State,0,0,-9,0,0,,345,1773,0,0,0,0,0
2024-03-28,Delta,N383XX,9386,SFO,CityName,State,SEA,CityName,State,0,0,-2,0,0,,318,1797,0,0,0,0,0
2024-03-28,American,N861XX,6140,JFK,CityName,State,ORD,CityName,State,0,0,-8,0,0,,233,893,0,0,0,0,0
2024-03-28,United,N704XX,905,JFK,CityName,State,DEN,CityName,State,0,0,0,0,0,,147,1663,0,0,0,0,0
2024-03-28,United,N193XX,8480,BOS,CityName,State,SFO,CityName,State,0,0,2,0,0,,302,530,0,0,0,0,0
2024-03-28,American,N704XX,5905,ORD,CityName,State,ATL,CityName,State,0,0,-12,0,0,,101,2714,0,0,0,0,0
2024-03-28,Southwest,N617XX,3820,SEA,CityName,State,DFW,CityName,State,0,0,7,0,0,,209,1900,0,0,0,0,0
2024-03-28,Southwest,N313XX,5512,JFK,CityName,State,SFO,CityName,State,0,0,6,0,0,,176,701,0,0,0,0,0
2024-03-28,Southwest,N675XX,7954,DEN,CityName,State,ATL,CityName,State,0,0,9,0,0,,65,1671,0,0,0,0,0
2024-03-28,JetBlue,N187XX,3373,ORD,CityName,State,LAX,CityName,State,0,0,9,0,0,,181,1408,0,0,0,0,0
2024-03-28,JetBlue,N634XX,9538,SEA,CityName,State,SEA,CityName,State,0,0,0,0,0,,243,1406,0,0,0,0,0
2024-03-29,American,N676XX,4589,BOS,CityName,State,JFK,CityName,State,0,0,-4,0,0,,236,151,0,0,0,0,0
2024-03-29,JetBlue,N843XX,6984,ORD,CityName,State,MIA,CityName,State,0,0,-1,0,0,,240,1224,0,0,0,0,0
2024-03-29,United,N134XX,3693,BOS,CityName,State,SFO,CityName,State,60,1,69,1,0,,133,380,0,0,69,0,0
2024-03-29,Delta,N626XX,8124,JFK,CityName,State,ORD,CityName,State,0,0,2,0,0,,196,1734,0,0,0,0,0
2024-03-29,Delta,N253XX,5506,BOS,CityName,State,SFO,CityName,State,0,0,2,0,0,,256,2547,0,0,0,0,0
2024-03-29,United,N939XX,3987,DFW,CityName,State,MIA,CityName,State,0,0,2,0,0,,298,587,0,0,0,0,0
2024-03-29,JetBlue,N514XX,6805,BOS,CityName,State,ORD,CityName,State,0,0,4,0,0,,193,2814,0,0,0,0,0
2024-03-29,JetBlue,N572XX,9058,DEN,CityName,State,BOS,CityName,State,0,0,-11,0,0,,275,1709,0,0,0,0,0
2024-03-29,American,N603XX,7937,DEN,CityName,State,ORD,CityName,State,0,0,-6,0,0,,75,2449,0,0,0,0,0
2024-03-29,Delta,N472XX,6682,DEN,CityName,State,BOS,CityName,State,0,0,-13,0,0,,252,402,0,0,0,0,0
2024-03-29,American,N170XX,5963,MIA,CityName,State,DFW,CityName,State,45,1,38,1,0,,80,1062,38,0,0,0,0
2024-03-29,JetBlue,N740XX,8917,DEN,CityName,State,SEA,CityName,State,0,0,10,0,0,,234,2947,0,0,0,0,0
2024-03-29,JetBlue,N980XX,3735,ATL,CityName,State,ORD,CityName,State,15,1,12,0,0,,149,551,0,0,0,0,0
2024-03-30,JetBlue,N906XX,1381,JFK,CityName,State,JFK,CityName,State,30,1,39,1,0,,221,1282,39,0,0,0,0
2024-03-30,American,N308XX,8497,ATL,CityName,State,SEA,CityName,State,0,0,4,0,0,,293,2142,0,0,0,0,0
2024-03-30,United,N856XX,5309,BOS,CityName,State,SFO,CityName,State,0,0,10,0,0,,157,2415,0,0,0,0,0
2024-03-30,Southwest,N917XX,427,BOS,CityName,State,DEN,CityName,State,0,0,-5,0,0,,289,847,0,0,0,0,0
2024-03-30,American,N610XX,9991,ORD,CityName,State,SFO,CityName,State,0,0,-4,0,0,,80,1571,0,0,0,0,0
2024-03-30,Southwest,N459XX,4431,DFW,CityName,State,LAX,CityName,State,60,1,58,1,0,,261,449,0,0,58,0,0
2024-03-30,United,N979XX,8789,ORD,CityName,State,JFK,CityName,State,30,1,39,1,0,,99,1280,0,39,0,0,0
2024-03-30,Southwest,N521XX,4281,SFO,CityName,State,ORD,CityName,State,0,0,0,0,1,A,237,2350,0,0,0,0,0
2024-03-30,Southwest,N119XX,6297,ATL,CityName,State,LAX,CityName,State,0,0,4,0,0,,241,419,0,0,0,0,0
2024-03-31,American,N318XX,8928,MIA,CityName,State,MIA,CityName,State,0,0,-1,0,0,,82,2275,0,0,0,0,0
2024-03-31,Delta,N248XX,7710,ATL,CityName,State,DEN,CityName,State,0,0,-2,0,0,,287,1626,0,0,0,0,0
2024-03-31,Southwest,N248XX,6928,JFK,CityName,State,DFW,CityName,State,0,0,9,0,0,,145,209,0,0,0,0,0
2024-03-31,JetBlue,N557XX,8027,LAX,CityName,State,DEN,CityName,State,60,1,67,1,0,,196,383,0,0,0,0,67
2024-03-31,Delta,N663XX,5967,LAX,CityName,State,ATL,CityName,State,0,0,3,0,0,,335,1919,0,0,0,0,0
2024-03-31,American,N313XX,4129,SFO,CityName,State,DEN,CityName,State,0,0,1,0,0,,341,819,0,0,0,0,0
2024-03-31,Delta,N270XX,2567,LAX,CityName,State,DEN,CityName,State,0,0,-3,0,0,,50,832,0,0,0,0,0
2024-03-31,American,N994XX,1088,SEA,CityName,State,DFW,CityName,State,0,0,-10,0,0,,85,2198,0,0,0,0,0
2024-03-31,JetBlue,N107XX,2987,ATL,CityName,State,DEN,CityName,State,15,1,20,1,0,,246,265,20,0,0,0,0
2024-03-31,Delta,N506XX,7102,SFO,CityName,State,DFW,CityName,State,0,0,7,0,0,,200,2726,0,0,0,0,0
2024-03-31,American,N819XX,3382,DEN,CityName,State,SEA,CityName,State,30,1,30,1,0,,136,2778,30,0,0,0,0
2024-03-31,Southwest,N411XX,3921,BOS,CityName,State,ATL,CityName,State,0,0,-14,0,0,,285,2438,0,0,0,0,0
2024-03-31,United,N727XX,5640,LAX,CityName,State,MIA,CityName,State,0,0,-13,0,0,,340,446,0,0,0,0,0
2024-03-31,Delta,N628XX,2793,LAX,CityName,State,LAX,CityName,State,0,0,-7,0,0,,250,457,0,0,0,0,0
2024-03-31,United,N379XX,5227,SFO,CityName,State,SEA,CityName,State,0,0,-5,0,0,,233,616,0,0,0,0,0
2024-03-31,American,N777XX,6061,SFO,CityName,State,SFO,CityName,State,0,0,-4,0,0,,348,2038,0,0,0,0,0
2024-03-31,United,N785XX,3043,ATL,CityName,State,JFK,CityName,State,0,0,-5,0,0,,265,786,0,0,0,0,0
2024-04-01,United,N255XX,8524,BOS,CityName,State,BOS,CityName,State,60,1,55,1,0,,135,1719,0,0,55,0,0
2024-04-01,American,N394XX,2859,BOS,CityName,State,DFW,CityName,State,0,0,-14,0,0,,50,384,0,0,0,0,0
2024-04-01,JetBlue,N518XX,4259,ATL,CityName,State,DEN,CityName,State,0,0,2,0,0,,240,1029,0,0,0,0,0
2024-04-01,American,N756XX,3597,ORD,CityName,State,JFK,CityName,State,45,1,55,1,0,,88,433,55,0,0,0,0
2024-04-01,Southwest,N353XX,1885,SFO,CityName,State,ORD,CityName,State,0,0,-8,0,0,,190,2998,0,0,0,0,0
2024-04-01,JetBlue,N329XX,8948,BOS,CityName,State,LAX,CityName,State,0,0,0,0,0,,129,924,0,0,0,0,0
2024-04-01,American,N594XX,2943,SFO,CityName,State,DEN,CityName,State,0,0,-10,0,0,,306,546,0,0,0,0,0
2024-04-01,United,N267XX,1190,JFK,CityName,State,ORD,CityName,State,0,0,-12,0,0,,262,2404,0,0,0,0,0
2024-04-01,JetBlue,N647XX,740,DFW,CityName,State,ATL,CityName,State,30,1,36,1,0,,214,1165,0,0,36,0,0
2024-04-01,Delta,N795XX,9294,DFW,CityName,State,SFO,CityName,State,0,0,7,0,0,,358,2261,0,0,0,0,0
2024-04-01,Southwest,N951XX,4286,SFO,CityName,State,ORD,CityName,State,0,0,-11,0,0,,230,1394,0,0,0,0,0
2024-04-01,Southwest,N597XX,5147,DEN,CityName,State,JFK,CityName,State,120,1,120,1,0,,338,1281,0,0,120,0,0
2024-04-01,Delta,N585XX,7010,BOS,CityName,State,SFO,CityName,State,15,1,13,0,0,,54,843,0,0,0,0,0
2024-04-01,Delta,N768XX,2322,DFW,CityName,State,BOS,CityName,State,0,0,-13,0,0,,99,708,0,0,0,0,0
2024-04-01,JetBlue,N539XX,6515,ORD,CityName,State,JFK,CityName,State,15,1,9,0,0,,219,484,0,0,0,0,0
2024-04-01,American,N835XX,7026,ORD,CityName,State,DEN,CityName,State,15,1,24,1,0,,347,963,0,24,0,0,0
2024-04-02,Southwest,N274XX,1706,DEN,CityName,State,JFK,CityName,State,60,1,67,1,0,,192,2095,0,0,0,0,67
2024-04-02,Southwest,N214XX,8140,ATL,CityName,State,JFK,CityName,State,45,1,39,1,0,,52,1463,0,39,0,0,0
2024-04-02,JetBlue,N307XX,5498,SEA,CityName,State,DEN,CityName,State,0,0,-6,0,0,,359,1943,0,0,0,0,0
2024-04-02,Delta,N268XX,2098,BOS,CityName,State,SFO,CityName,State,0,0,1,0,0,,52,2936,0,0,0,0,0
2024-04-02,United,N303XX,4266,LAX,CityName,State,LAX,CityName,State,0,0,3,0,0,,64,468,0,0,0,0,0
2024-04-02,Delta,N333XX,4707,DFW,CityName,State,DFW,CityName,State,120,1,123,1,0,,194,1383,123,0,0,0,0
2024-04-02,Delta,N625XX,6533,ORD,CityName,State,LAX,CityName,State,0,0,7,0,0,,330,2506,0,0,0,0,0
2024-04-02,JetBlue,N284XX,7403,DEN,CityName,State,DEN,CityName,State,0,0,-3,0,0,,179,1676,0,0,0,0,0
2024-04-02,United,N468XX,9619,DFW,CityName,State,LAX,CityName,State,0,0,-13,0,0,,200,1908,0,0,0,0,0
2024-04-02,JetBlue,N514XX,4910,SEA,CityName,State,DEN,CityName,State,0,0,-5,0,0,,223,2345,0,0,0,0,0
2024-04-02,JetBlue,N948XX,654,DEN,CityName,State,BOS,CityName,State,0,0,10,0,0,,105,1346,0,0,0,0,0
2024-04-03,Delta,N916XX,6472,DFW,CityName,State,LAX,CityName,State,15,1,13,0,0,,165,1103,0,0,0,0,0
2024-04-03,United,N824XX,9711,SEA,CityName,State,ATL,CityName,State,0,0,-5,0,0,,81,1849,0,0,0,0,0
2024-04-03,JetBlue,N559XX,176,JFK,CityName,State,DEN,CityName,State,0,0,9,0,0,,174,2874,0,0,0,0,0
2024-04-03,Delta,N623XX,1493,SFO,CityName,State,MIA,CityName,State,0,0,6,0,0,,320,776,0,0,0,0,0
2024-04-03,United,N119XX,8126,MIA,CityName,State,ORD,CityName,State,0,0,10,0,0,,200,1612,0,0,0,0,0
2024-04-03,American,N623XX,4108,SFO,CityName,State,DEN,CityName,State,0,0,-5,0,0,,162,1608,0,0,0,0,0
2024-04-03,JetBlue,N749XX,7221,JFK,CityName,State,DFW,CityName,State,0,0,-11,0,0,,65,2659,0,0,0,0,0
2024-04-03,JetBlue,N687XX,439,SEA,CityName,State,BOS,CityName,State,0,0,-11,0,0,,163,2662,0,0,0,0,0
2024-04-04,United,N141XX,5359,LAX,CityName,State,LAX,CityName,State,120,1,130,1,0,,164,910,0,130,0,0,0
2024-04-04,American,N822XX,4262,LAX,CityName,State,JFK,CityName,State,60,1,49,1,0,,240,906,49,0,0,0,0
2024-04-04,JetBlue,N546XX,1756,ATL,CityName,State,SEA,CityName,State,0,0,-6,0,0,,350,2150,0,0,0,0,0
2024-04-04,JetBlue,N914XX,8942,ORD,CityName,State,ATL,CityName,State,0,0,-3,0,0,,101,2416,0,0,0,0,0
2024-04-04,American,N700XX,7445,BOS,CityName,State,DFW,CityName,State,45,1,55,1,0,,192,2010,55,0,0,0,0
2024-04-04,United,N436XX,7374,MIA,CityName,State,ORD,CityName,State,0,0,5,0,0,,239,2339,0,0,0,0,0
2024-04-04,American,N590XX,2786,MIA,CityName,State,BOS,CityName,State,0,0,-11,0,0,,329,2015,0,0,0,0,0
2024-04-04,American,N205XX,4538,MIA,CityName,State,DFW,CityName,State,0,0,9,0,0,,94,883,0,0,0,0,0
2024-04-04,Delta,N390XX,1515,ORD,CityName,State,LAX,CityName,State,60,1,55,1,0,,71,2910,55,0,0,0,0
2024-04-04,American,N776XX,8728,MIA,CityName,State,MIA,CityName,State,0,0,-10,0,0,,109,2679,0,0,0,0,0
2024-04-04,American,N599XX,4459,SFO,CityName,State,MIA,CityName,State,0,0,0,0,0,,200,2706,0,0,0,0,0
2024-04-04,United,N982XX,5356,ORD,CityName,State,LAX,CityName,State,0,0,-9,0,0,,316,1861,0,0,0,0,0
2024-04-04,Delta,N517XX,283,SEA,CityName,State,ATL,CityName,State,15,1,5,0,0,,105,1177,0,0,0,0,0
2024-04-04,JetBlue,N878XX,9637,SFO,CityName,State,SEA,CityName,State,0,0,-2,0,0,,178,551,0,0,0,0,0
2024-04-04,American,N431XX,2753,ATL,CityName,State,ATL,CityName,State,0,0,0,0,0,,147,2146,0,0,0,0,0
2024-04-05,United,N796XX,8110,BOS,CityName,State,DEN,CityName,State,0,0,7,0,0,,155,1790,0,0,0,0,0
2024-04-05,Delta,N713XX,9435,ATL,CityName,State,DEN,CityName,State,0,0,2,0,0,,169,1899,0,0,0,0,0
2024-04-05,Southwest,N577XX,7027,BOS,CityName,State,ATL,CityName,State,0,0,0,0,1,A,234,2228,0,0,0,0,0
2024-04-05,JetBlue,N869XX,2307,ATL,CityName,State,SEA,CityName,State,0,0,-11,0,0,,118,2858,0,0,0,0,0
2024-04-05,Southwest,N983XX,2579,MIA,CityName,State,DEN,CityName,State,15,1,14,0,0,,87,839,0,0,0,0,0
2024-04-05,Delta,N721XX,9472,DFW,CityName,State,LAX,CityName,State,0,0,-14,0,0,,338,317,0,0,0,0,0
2024-04-05,Southwest,N978XX,4478,JFK,CityName,State,LAX,CityName,State,0,0,-9,0,0,,198,2851,0,0,0,0,0
2024-04-05,Delta,N733XX,5839,JFK,CityName,State,DFW,CityName,State,0,0,-11,0,0,,251,207,0,0,0,0,0
2024-04-05,United,N821XX,8880,BOS,CityName,State,ATL,CityName,State,0,0,5,0,0,,249,1387,0,0,0,0,0
2024-04-05,American,N122XX,8751,ORD,CityName,State,ATL,CityName,State,0,0,-9,0,0,,92,651,0,0,0,0,0
2024-04-05,Delta,N331XX,8979,DFW,CityName,State,BOS,CityName,State,120,1,130,1,0,,259,2017,0,0,130,0,0
2024-04-05,United,N185XX,7254,SFO,CityName,State,DEN,CityName,State,0,0,-6,0,0,,272,1672,0,0,0,0,0
2024-04-05,American,N123XX,8545,MIA,CityName,State,ORD,CityName,State,120,1,121,1,0,,191,711,0,0,0,0,121
2024-04-05,Southwest,N112XX,9939,ORD,CityName,State,SEA,CityName,State,15,1,16,1,0,,46,1331,0,0,0,0,16
2024-04-06,United,N513XX,5192,ATL,CityName,State,SFO,CityName,State,30,1,21,1,0,,137,2127,21,0,0,0,0
2024-04-06,JetBlue,N795XX,3884,DFW,CityName,State,MIA,CityName,State,0,0,6,0,0,,157,2134,0,0,0,0,0
2024-04-06,Delta,N850XX,3556,ORD,CityName,State,JFK,CityName,State,0,0,-6,0,0,,105,373,0,0,0,0,0
2024-04-06,United,N541XX,9994,BOS,CityName,State,BOS,CityName,State,0,0,-11,0,0,,297,392,0,0,0,0,0
2024-04-06,Southwest,N208XX,2609,DEN,CityName,State,JFK,CityName,State,0,0,-9,0,0,,114,449,0,0,0,0,0
2024-04-06,Delta,N753XX,5168,BOS,CityName,State,ATL,CityName,State,15,1,16,1,0,,350,1947,0,0,16,0,0
2024-04-06,United,N543XX,9939,DFW,CityName,State,LAX,CityName,State,15,1,4,0,0,,325,2480,0,0,0,0,0
2024-04-06,Southwest,N920XX,4337,LAX,CityName,State,BOS,CityName,State,0,0,1,0,0,,65,156,0,0,0,0,0
2024-04-07,American,N444XX,3910,SFO,CityName,State,MIA,CityName,State,15,1,13,0,0,,160,2550,0,0,0,0,0
2024-04-07,Delta,N192XX,8274,MIA,CityName,State,JFK,CityName,State,120,1,117,1,0,,237,2434,117,0,0,0,0
2024-04-07,American,N298XX,4136,MIA,CityName,State,BOS,CityName,State,0,0,7,0,0,,91,2716,0,0,0,0,0
2024-04-07,American,N776XX,1649,SFO,CityName,State,SEA,CityName,State,0,0,9,0,0,,327,2910,0,0,0,0,0
2024-04-07,Delta,N394XX,6255,LAX,CityName,State,SEA,CityName,State,0,0,-1,0,0,,303,169,0,0,0,0,0
2024-04-07,United,N568XX,885,LAX,CityName,State,ORD,CityName,State,0,0,-5,0,0,,180,2829,0,0,0,0,0
2024-04-07,Delta,N308XX,340,ORD,CityName,State,ATL,CityName,State,0,0,1,0,0,,93,2973,0,0,0,0,0
2024-04-07,American,N473XX,360,JFK,CityName,State,SEA,CityName,State,0,0,-12,0,0,,65,596,0,0,0,0,0
2024-04-07,United,N147XX,3402,ATL,CityName,State,JFK,CityName,State,15,1,19,1,0,,117,2157,0,0,0,0,19
2024-04-07,American,N878XX,6568,LAX,CityName,State,BOS,CityName,State,60,1,60,1,0,,121,2334,0,60,0,0,0
2024-04-07,Southwest,N246XX,1471,LAX,CityName,State,ATL,CityName,State,0,0,-9,0,0,,335,581,0,0,0,0,0
2024-04-07,United,N279XX,1056,BOS,CityName,State,SFO,CityName,State,15,1,2,0,0,,150,1126,0,0,0,0,0
2024-04-07,American,N359XX,6085,JFK,CityName,State,DFW,CityName,State,0,0,3,0,0,,112,1608,0,0,0,0,0
2024-04-07,American,N829XX,7340,LAX,CityName,State,DFW,CityName,State,0,0,0,0,0,,131,717,0,0,0,0,0
2024-04-07,JetBlue,N635XX,9992,ORD,CityName,State,DEN,CityName,State,0,0,-5,0,0,,187,1450,0,0,0,0,0
2024-04-07,JetBlue,N339XX,5356,DEN,CityName,State,ORD,CityName,State,0,0,-7,0,0,,66,557,0,0,0,0,0
2024-04-08,JetBlue,N595XX,1241,SFO,CityName,State,JFK,CityName,State,30,1,24,1,0,,245,2626,0,0,24,0,0
2024-04-08,United,N860XX,105,DFW,CityName,State,BOS,CityName,State,0,0,10,0,0,,81,609,0,0,0,0,0
2024-04-08,United,N437XX,8616,ATL,CityName,State,JFK,CityName,State,0,0,2,0,0,,66,810,0,0,0,0,0
2024-04-08,Delta,N870XX,5581,DEN,CityName,State,LAX,CityName,State,30,1,17,1,0,,337,251,17,0,0,0,0
2024-04-08,JetBlue,N886XX,2678,DFW,CityName,State,DFW,CityName,State,0,0,-8,0,0,,292,1266,0,0,0,0,0
2024-04-08,Southwest,N535XX,2446,SEA,CityName,State,DFW,CityName,State,0,0,-14,0,0,,114,2271,0,0,0,0,0
2024-04-08,JetBlue,N291XX,4848,JFK,CityName,State,DFW,CityName,State,0,0,5,0,0,,120,1806,0,0,0,0,0
2024-04-08,American,N623XX,6394,DEN,CityName,State,ATL,CityName,State,0,0,5,0,0,,226,1432,0,0,0,0,0
2024-04-08,JetBlue,N509XX,7890,DEN,CityName,State,MIA,CityName,State,0,0,-8,0,0,,136,1243,0,0,0,0,0
2024-04-08,Southwest,N299XX,8115,SFO,CityName,State,ATL,CityName,State,0,0,6,0,0,,140,2603,0,0,0,0,0
2024-04-09,Southwest,N751XX,1631,DEN,CityName,State,MIA,CityName,State,120,1,120,1,0,,348,297,0,0,0,0,120
2024-04-09,United,N707XX,649,DEN,CityName,State,MIA,CityName,State,45,1,48,1,0,,150,2079,0,0,48,0,0
2024-04-09,United,N974XX,4226,LAX,CityName,State,JFK,CityName,State,15,1,18,1,0,,298,1582,0,0,18,0,0
2024-04-09,Delta,N494XX,6674,SEA,CityName,State,LAX,CityName,State,0,0,2,0,0,,152,1447,0,0,0,0,0
2024-04-09,JetBlue,N992XX,4418,DEN,CityName,State,ORD,CityName,State,0,0,-7,0,0,,123,739,0,0,0,0,0
2024-04-09,American,N197XX,300,JFK,CityName,State,SFO,CityName,State,0,0,5,0,0,,255,2987,0,0,0,0,0
2024-04-09,American,N525XX,161,MIA,CityName,State,DFW,CityName,State,0,0,5,0,0,,258,2002,0,0,0,0,0
2024-04-09,Southwest,N750XX,9154,MIA,CityName,State,JFK,CityName,State,45,1,35,1,0,,156,2202,35,0,0,0,0
2024-04-09,American,N741XX,1342,MIA,CityName,State,SEA,CityName,State,15,1,20,1,0,,137,2398,0,20,0,0,0
2024-04-09,Southwest,N206XX,764,ORD,CityName,State,SFO,CityName,State,0,0,-13,0,0,,271,2951,0,0,0,0,0
2024-04-09,Southwest,N413XX,1733,SEA,CityName,State,SFO,CityName,State,0,0,1,0,0,,100,514,0,0,0,0,0
2024-04-09,American,N993XX,1902,ATL,CityName,State,DEN,CityName,State,0,0,9,0,0,,331,1259,0,0,0,0,0
2024-04-09,Delta,N843XX,5376,ATL,CityName,State,DEN,CityName,State,120,1,125,1,0,,255,2518,0,0,0,0,125
2024-04-09,JetBlue,N830XX,1934,MIA,CityName,State,SEA,CityName,State,0,0,-3,0,0,,244,1981,0,0,0,0,0
2024-04-09,JetBlue,N871XX,6576,SEA,CityName,State,MIA,CityName,State,15,1,19,1,0,,314,645,0,0,0,0,19
2024-04-09,United,N762XX,5049,LAX,CityName,State,DFW,CityName,State,15,1,11,0,0,,103,2899,0,0,0,0,0
2024-04-10,JetBlue,N353XX,4296,LAX,CityName,State,ATL,CityName,State,60,1,46,1,0,,85,2830,46,0,0,0,0
2024-04-10,Southwest,N887XX,7940,DEN,CityName,State,JFK,CityName,State,0,0,-8,0,0,,90,1171,0,0,0,0,0
2024-04-10,Southwest,N605XX,5612,ORD,CityName,State,ATL,CityName,State,0,0,5,0,0,,192,1725,0,0,0,0,0
2024-04-10,JetBlue,N342XX,5720,SFO,CityName,State,DFW,CityName,State,0,0,-11,0,0,,237,2610,0,0,0,0,0
2024-04-10,JetBlue,N162XX,6877,DFW,CityName,State,SEA,CityName,State,30,1,31,1,0,,139,1553,0,0,31,0,0
2024-04-10,United,N372XX,4965,DEN,CityName,State,BOS,CityName,State,0,0,0,0,1,A,144,2373,0,0,0,0,0
2024-04-10,American,N943XX,3048,BOS,CityName,State,ATL,CityName,State,0,0,4,0,0,,337,1368,0,0,0,0,0
2024-04-10,Southwest,N532XX,7135,SEA,CityName,State,JFK,CityName,State,15,1,13,0,0,,310,1943,0,0,0,0,0
2024-04-10,United,N512XX,6317,DEN,CityName,State,DEN,CityName,State,0,0,-2,0,0,,324,2814,0,0,0,0,0
2024-04-10,American,N653XX,9058,BOS,CityName,State,DFW,CityName,State,0,0,-5,0,0,,197,2359,0,0,0,0,0
2024-04-10,JetBlue,N403XX,1285,JFK,CityName,State,LAX,CityName,State,0,0,8,0,0,,356,1234,0,0,0,0,0
2024-04-11,American,N930XX,9287,ORD,CityName,State,DFW,CityName,State,60,1,48,1,0,,219,2597,0,0,48,0,0
2024-04-11,United,N435XX,4212,LAX,CityName,State,SEA,CityName,State,15,1,16,1,0,,292,491,0,16,0,0,0
2024-04-11,JetBlue,N897XX,8377,ATL,CityName,State,JFK,CityName,State,0,0,-4,0,0,,204,2926,0,0,0,0,0
2024-04-11,Southwest,N542XX,7883,BOS,CityName,State,MIA,CityName,State,0,0,10,0,0,,217,1743,0,0,0,0,0
2024-04-11,JetBlue,N955XX,1854,SFO,CityName,State,DFW,CityName,State,0,0,3,0,0,,50,1582,0,0,0,0,0
2024-04-11,Southwest,N429XX,5774,ORD,CityName,State,LAX,CityName,State,0,0,-14,0,0,,265,1765,0,0,0,0,0
2024-04-11,Delta,N102XX,5100,SEA,CityName,State,SFO,CityName,State,0,0,0,0,0,,84,2327,0,0,0,0,0
2024-04-11,United,N459XX,8691,ORD,CityName,State,SFO,CityName,State,0,0,9,0,0,,120,564,0,0,0,0,0
2024-04-11,Delta,N399XX,9835,MIA,CityName,State,SEA,CityName,State,0,0,-8,0,0,,197,1792,0,0,0,0,0
2024-04-11,American,N564XX,5611,JFK,CityName,State,SFO,CityName,State,0,0,-2,0,0,,339,626,0,0,0,0,0
2024-04-11,Delta,N522XX,3483,ATL,CityName,State,DEN,CityName,State,15,1,6,0,0,,310,192,0,0,0,0,0
2024-04-11,JetBlue,N427XX,938,JFK,CityName,State,ORD,CityName,State,0,0,-1,0,0,,305,2137,0,0,0,0,0
2024-04-11,American,N937XX,5858,LAX,CityName,State,ORD,CityName,State,0,0,6,0,0,,46,2361,0,0,0,0,0
2024-04-11,Delta,N613XX,5929,DEN,CityName,State,BOS,CityName,State,0,0,-13,0,0,,256,2162,0,0,0,0,0
2024-04-11,United,N217XX,5757,ATL,CityName,State,ATL,CityName,State,0,0,-14,0,0,,60,1534,0,0,0,0,0
2024-04-11,Delta,N106XX,7708,LAX,CityName,State,DFW,CityName,State,0,0,-12,0,0,,125,1125,0,0,0,0,0
2024-04-12,American,N875XX,6641,LAX,CityName,State,DFW,CityName,State,0,0,-1,0,0,,250,2667,0,0,0,0,0
2024-04-12,Delta,N508XX,1772,SFO,CityName,State,BOS,CityName,State,0,0,3,0,0,,226,1963,0,0,0,0,0
2024-04-12,JetBlue,N895XX,668,SEA,CityName,State,DEN,CityName,State,45,1,54,1,0,,143,165,54,0,0,0,0
2024-04-12,JetBlue,N580XX,2906,ORD,CityName,State,DEN,CityName,State,0,0,-7,0,0,,238,380,0,0,0,0,0
2024-04-12,JetBlue,N499XX,1219,DFW,CityName,State,DFW,CityName,State,0,0,-2,0,0,,60,1455,0,0,0,0,0
2024-04-12,JetBlue,N918XX,4513,DFW,CityName,State,SEA,CityName,State,0,0,-3,0,0,,253,1930,0,0,0,0,0
2024-04-12,American,N660XX,7147,ORD,CityName,State,DFW,CityName,State,0,0,-8,0,0,,308,370,0,0,0,0,0
2024-04-12,JetBlue,N294XX,5969,ORD,CityName,State,SEA,CityName,State,30,1,39,1,0,,256,1912,0,39,0,0,0
2024-04-13,Delta,N838XX,8890,BOS,CityName,State,MIA,CityName,State,0,0,2,0,0,,161,2016,0,0,0,0,0
2024-04-13,United,N919XX,7982,SEA,CityName,State,LAX,CityName,State,45,1,49,1,0,,68,2128,0,0,0,0,49
2024-04-13,Delta,N680XX,5582,SEA,CityName,State,MIA,CityName,State,45,1,45,1,0,,138,337,45,0,0,0,0
2024-04-13,American,N200XX,1439,ATL,CityName,State,JFK,CityName,State,0,0,6,0,0,,127,1716,0,0,0,0,0
2024-04-13,Southwest,N530XX,7514,SFO,CityName,State,ORD,CityName,State,0,0,7,0,0,,275,2271,0,0,0,0,0
2024-04-13,Southwest,N968XX,203,ORD,CityName,State,BOS,CityName,State,0,0,7,0,0,,309,213,0,0,0,0,0
2024-04-13,American,N778XX,8526,MIA,CityName,State,LAX,CityName,State,0,0,-7,0,0,,234,829,0,0,0,0,0
2024-04-14,Delta,N168XX,4530,ORD,CityName,State,ORD,CityName,State,45,1,34,1,0,,83,2698,0,0,34,0,0
2024-04-14,JetBlue,N659XX,771,LAX,CityName,State,ATL,CityName,State,0,0,0,0,0,,313,2517,0,0,0,0,0
2024-04-14,Delta,N712XX,5863,LAX,CityName,State,MIA,CityName,State,0,0,-8,0,0,,136,2255,0,0,0,0,0
2024-04-14,Southwest,N204XX,7296,DEN,CityName,State,ATL,CityName,State,0,0,-12,0,0,,303,2720,0,0,0,0,0
2024-04-14,JetBlue,N262XX,2549,BOS,CityName,State,ORD,CityName,State,0,0,-12,0,0,,92,234,0,0,0,0,0
2024-04-14,Southwest,N385XX,6958,ORD,CityName,State,JFK,CityName,State,15,1,6,0,0,,147,1145,0,0,0,0,0
2024-04-14,Southwest,N102XX,3826,ORD,CityName,State,ATL,CityName,State,0,0,0,0,0,,48,905,0,0,0,0,0
2024-04-14,American,N744XX,8348,ORD,CityName,State,MIA,CityName,State,0,0,5,0,0,,215,877,0,0,0,0,0
2024-04-14,United,N339XX,9025,ATL,CityName,State,DEN,CityName,State,0,0,-13,0,0,,250,1109,0,0,0,0,0
2024-04-14,United,N405XX,9642,ORD,CityName,State,JFK,CityName,State,30,1,36,1,0,,246,1780,0,0,0,0,36
2024-04-14,Delta,N398XX,2570,SEA,CityName,State,LAX,CityName,State,0,0,-3,0,0,,282,1509,0,0,0,0,0
2024-04-14,Delta,N951XX,8189,BOS,CityName,State,SEA,CityName,State,120,1,117,1,0,,353,1766,0,0,117,0,0
2024-04-14,American,N966XX,3551,BOS,CityName,State,SEA,CityName,State,0,0,3,0,0,,233,1931,0,0,0,0,0
2024-04-14,JetBlue,N534XX,9944,DFW,CityName,State,JFK,CityName,State,0,0,10,0,0,,287,2844,0,0,0,0,0
2024-04-14,United,N163XX,5375,SFO,CityName,State,DEN,CityName,State,0,0,0,0,0,,191,2197,0,0,0,0,0
2024-04-14,United,N367XX,9967,MIA,CityName,State,MIA,CityName,State,0,0,-9,0,0,,337,201,0,0,0,0,0
2024-04-15,United,N473XX,9813,ORD,CityName,State,MIA,CityName,State,0,0,-6,0,0,,232,2352,0,0,0,0,0
2024-04-15,Southwest,N239XX,540,ATL,CityName,State,LAX,CityName,State,0,0,1,0,0,,201,1996,0,0,0,0,0
2024-04-15,United,N184XX,4854,DEN,CityName,State,JFK,CityName,State,0,0,-14,0,0,,329,762,0,0,0,0,0
2024-04-15,Delta,N719XX,3965,JFK,CityName,State,DEN,CityName,State,0,0,0,0,0,,301,2448,0,0,0,0,0
2024-04-15,Delta,N212XX,1793,MIA,CityName,State,MIA,CityName,State,0,0,-5,0,0,,60,2083,0,0,0,0,0
2024-04-15,American,N743XX,4534,SEA,CityName,State,SEA,CityName,State,15,1,9,0,0,,261,1105,0,0,0,0,0
2024-04-15,Southwest,N656XX,9142,ORD,CityName,State,BOS,CityName,State,15,1,9,0,0,,352,1797,0,0,0,0,0
2024-04-15,American,N321XX,7418,ATL,CityName,State,DEN,CityName,State,0,0,-4,0,0,,69,2151,0,0,0,0,0
2024-04-15,United,N620XX,2649,BOS,CityName,State,BOS,CityName,State,0,0,-4,0,0,,73,554,0,0,0,0,0
2024-04-15,Southwest,N577XX,3110,DFW,CityName,State,ATL,CityName,State,0,0,-3,0,0,,53,1171,0,0,0,0,0
2024-04-15,JetBlue,N915XX,7199,ATL,CityName,State,SEA,CityName,State,30,1,18,1,0,,240,192,0,0,18,0,0
2024-04-15,United,N249XX,6541,SFO,CityName,State,ORD,CityName,State,0,0,-2,0,0,,304,2109,0,0,0,0,0
2024-04-15,Delta,N641XX,5247,BOS,CityName,State,JFK,CityName,State,0,0,-6,0,0,,132,561,0,0,0,0,0
2024-04-15,JetBlue,N825XX,2773,ATL,CityName,State,ATL,CityName,State,0,0,5,0,0,,217,1801,0,0,0,0,0
2024-04-15,JetBlue,N729XX,329,LAX,CityName,State,SEA,CityName,State,30,1,31,1,0,,76,2281,31,0,0,0,0
2024-04-15,American,N237XX,2766,DFW,CityName,State,SFO,CityName,State,0,0,-11,0,0,,317,252,0,0,0,0,0
2024-04-16,United,N516XX,8857,SFO,CityName,State,DFW,CityName,State,0,0,9,0,0,,136,1429,0,0,0,0,0
2024-04-16,American,N921XX,2787,BOS,CityName,State,JFK,CityName,State,0,0,-14,0,0,,342,1946,0,0,0,0,0
2024-04-16,JetBlue,N922XX,7025,MIA,CityName,State,JFK,CityName,State,0,0,7,0,0,,339,1613,0,0,0,0,0
2024-04-16,Southwest,N760XX,2916,BOS,CityName,State,LAX,CityName,State,0,0,-9,0,0,,306,1920,0,0,0,0,0
2024-04-16,United,N415XX,6276,LAX,CityName,State,DFW,CityName,State,0,0,-7,0,0,,245,2127,0,0,0,0,0
2024-04-16,Southwest,N575XX,3954,MIA,CityName,State,SEA,CityName,State,30,1,22,1,0,,54,1408,0,0,22,0,0
2024-04-16,JetBlue,N237XX,4662,DEN,CityName,State,BOS,CityName,State,45,1,35,1,0,,228,921,35,0,0,0,0
2024-04-16,JetBlue,N910XX,6712,ATL,CityName,State,MIA,CityName,State,0,0,-6,0,0,,343,2130,0,0,0,0,0
2024-04-16,Southwest,N136XX,5587,JFK,CityName,State,SFO,CityName,State,0,0,-9,0,0,,308,2756,0,0,0,0,0
2024-04-16,Delta,N142XX,4830,MIA,CityName,State,BOS,CityName,State,0,0,-1,0,0,,285,439,0,0,0,0,0
2024-04-16,American,N890XX,808,LAX,CityName,State,ORD,CityName,State,0,0,1,0,0,,49,2139,0,0,0,0,0
2024-04-16,American,N218XX,1218,BOS,CityName,State,ATL,CityName,State,15,1,1,0,0,,84,1445,0,0,0,0,0
2024-04-17,Delta,N683XX,7798,LAX,CityName,State,ORD,CityName,State,0,0,-8,0,0,,353,2977,0,0,0,0,0
2024-04-17,American,N944XX,5473,DFW,CityName,State,DEN,CityName,State,0,0,1,0,0,,231,726,0,0,0,0,0
2024-04-17,Southwest,N102XX,4884,DFW,CityName,State,ATL,CityName,State,0,0,1,0,0,,137,1537,0,0,0,0,0
2024-04-17,United,N215XX,3806,SEA,CityName,State,ORD,CityName,State,0,0,-11,0,0,,105,494,0,0,0,0,0
2024-04-17,Delta,N452XX,5672,SFO,CityName,State,ORD,CityName,State,15,1,7,0,0,,302,2892,0,0,0,0,0
2024-04-17,American,N998XX,5720,DFW,CityName,State,DFW,CityName,State,15,1,16,1,0,,258,1668,16,0,0,0,0
2024-04-17,United,N669XX,7188,SEA,CityName,State,DEN,CityName,State,0,0,-5,0,0,,242,2187,0,0,0,0,0
2024-04-17,American,N294XX,6209,LAX,CityName,State,BOS,CityName,State,30,1,24,1,0,,197,2434,0,0,24,0,0
2024-04-17,Delta,N708XX,9723,JFK,CityName,State,JFK,CityName,State,0,0,-8,0,0,,346,1403,0,0,0,0,0
2024-04-17,Delta,N123XX,1675,ATL,CityName,State,JFK,CityName,State,120,1,107,1,0,,115,1098,0,0,0,0,107
2024-04-17,JetBlue,N113XX,9246,MIA,CityName,State,ORD,CityName,State,0,0,0,0,0,,187,561,0,0,0,0,0
2024-04-17,Delta,N562XX,9878,BOS,CityName,State,ATL,CityName,State,0,0,2,0,0,,275,2249,0,0,0,0,0
2024-04-17,United,N743XX,599,SEA,CityName,State,MIA,CityName,State,0,0,-1,0,0,,234,399,0,0,0,0,0
2024-04-17,Delta,N778XX,9232,BOS,CityName,State,MIA,CityName,State,0,0,-1,0,0,,133,685,0,0,0,0,0
2024-04-17,JetBlue,N586XX,859,JFK,CityName,State,SFO,CityName,State,30,1,27,1,0,,136,1077,0,0,27,0,0
2024-04-17,JetBlue,N177XX,4655,SFO,CityName,State,ORD,CityName,State,0,0,-13,0,0,,184,948,0,0,0,0,0
2024-04-17,Southwest,N733XX,4750,BOS,CityName,State,LAX,CityName,State,0,0,-12,0,0,,165,542,0,0,0,0,0
2024-04-17,United,N963XX,6979,ATL,CityName,State,JFK,CityName,State,0,0,-2,0,0,,111,772,0,0,0,0,0
2024-04-17,Southwest,N726XX,6480,BOS,CityName,State,LAX,CityName,State,0,0,-13,0,0,,277,1352,0,0,0,0,0
2024-04-17,Southwest,N487XX,796,DFW,CityName,State,ATL,CityName,State,15,1,24,1,0,,167,751,24,0,0,0,0
2024-04-17,United,N709XX,6474,DEN,CityName,State,DFW,CityName,State,0,0,6,0,0,,117,888,0,0,0,0,0
2024-04-18,Southwest,N131XX,3631,LAX,CityName,State,JFK,CityName,State,0,0,-2,0,0,,280,2339,0,0,0,0,0
2024-04-18,Delta,N453XX,2389,BOS,CityName,State,MIA,CityName,State,0,0,-3,0,0,,185,2533,0,0,0,0,0
2024-04-18,United,N422XX,5555,ATL,CityName,State,SEA,CityName,State,0,0,-7,0,0,,347,380,0,0,0,0,0
2024-04-18,American,N614XX,1811,DEN,CityName,State,SFO,CityName,State,0,0,-2,0,0,,100,540,0,0,0,0,0
2024-04-18,American,N638XX,7842,DEN,CityName,State,JFK,CityName,State,0,0,-2,0,0,,289,633,0,0,0,0,0
2024-04-18,American,N327XX,7467,SFO,CityName,State,SFO,CityName,State,0,0,-9,0,0,,68,912,0,0,0,0,0
2024-04-18,Southwest,N232XX,5601,DEN,CityName,State,MIA,CityName,State,0,0,9,0,0,,293,1964,0,0,0,0,0
2024-04-18,Southwest,N756XX,2105,DFW,CityName,State,ORD,CityName,State,0,0,-11,0,0,,214,1038,0,0,0,0,0
2024-04-18,Southwest,N523XX,2960,JFK,CityName,State,DEN,CityName,State,0,0,0,0,0,,108,1233,0,0,0,0,0
2024-04-18,American,N751XX,4667,ATL,CityName,State,ATL,CityName,State,0,0,-10,0,0,,101,906,0,0,0,0,0
2024-04-18,Southwest,N247XX,8047,JFK,CityName,State,DEN,CityName,State,0,0,0,0,0,,173,496,0,0,0,0,0
2024-04-18,Delta,N753XX,136,MIA,CityName,State,MIA,CityName,State,0,0,10,0,0,,205,1256,0,0,0,0,0
2024-04-18,Delta,N984XX,7190,LAX,CityName,State,ORD,CityName,State,120,1,120,1,0,,151,626,120,0,0,0,0
2024-04-18,JetBlue,N266XX,6209,MIA,CityName,State,ORD,CityName,State,0,0,10,0,0,,64,1298,0,0,0,0,0
2024-04-18,Delta,N667XX,1006,BOS,CityName,State,MIA,CityName,State,0,0,10,0,0,,233,2618,0,0,0,0,0
2024-04-18,Delta,N746XX,2736,SEA,CityName,State,ATL,CityName,State,0,0,10,0,0,,84,1930,0,0,0,0,0
2024-04-18,Southwest,N811XX,1929,JFK,CityName,State,BOS,CityName,State,15,1,22,1,0,,142,829,0,22,0,0,0
2024-04-18,JetBlue,N290XX,8435,MIA,CityName,State,SFO,CityName,State,0,0,3,0,0,,79,1442,0,0,0,0,0
2024-04-18,Southwest,N536XX,2066,JFK,CityName,State,JFK,CityName,State,0,0,-13,0,0,,204,1344,0,0,0,0,0
2024-04-19,United,N570XX,5917,ATL,CityName,State,DEN,CityName,State,15,1,3,0,0,,122,1395,0,0,0,0,0
2024-04-19,United,N810XX,5357,DEN,CityName,State,JFK,CityName,State,30,1,17,1,0,,242,484,0,0,0,0,17
2024-04-19,Southwest,N937XX,4932,ATL,CityName,State,BOS,CityName,State,0,0,1,0,0,,232,1621,0,0,0,0,0
2024-04-19,Southwest,N898XX,2943,SEA,CityName,State,SEA,CityName,State,120,1,119,1,0,,179,1990,119,0,0,0,0
2024-04-19,Southwest,N755XX,6392,BOS,CityName,State,DEN,CityName,State,30,1,40,1,0,,164,1166,0,0,0,0,40
2024-04-19,American,N645XX,9379,SEA,CityName,State,SFO,CityName,State,15,1,8,0,0,,256,950,0,0,0,0,0
2024-04-19,American,N190XX,2882,DEN,CityName,State,DFW,CityName,State,0,0,10,0,0,,92,2937,0,0,0,0,0
2024-04-19,American,N701XX,5624,BOS,CityName,State,DEN,CityName,State,15,1,7,0,0,,113,2932,0,0,0,0,0
2024-04-19,Southwest,N836XX,4756,DEN,CityName,State,MIA,CityName,State,30,1,38,1,0,,242,794,0,38,0,0,0
2024-04-19,American,N267XX,8190,ATL,CityName,State,BOS,CityName,State,0,0,-11,0,0,,75,2023,0,0,0,0,0
2024-04-19,United,N380XX,2792,SFO,CityName,State,BOS,CityName,State,0,0,4,0,0,,73,1194,0,0,0,0,0
2024-04-19,United,N603XX,2872,DEN,CityName,State,DFW,CityName,State,15,1,14,0,0,,325,1284,0,0,0,0,0
2024-04-19,Southwest,N450XX,7722,SFO,CityName,State,DEN,CityName,State,0,0,-5,0,0,,66,192,0,0,0,0,0
2024-04-19,United,N171XX,9395,LAX,CityName,State,DEN,CityName,State,0,0,-14,0,0,,359,332,0,0,0,0,0
2024-04-19,JetBlue,N521XX,7124,DEN,CityName,State,JFK,CityName,State,0,0,-3,0,0,,92,2668,0,0,0,0,0
2024-04-20,Southwest,N200XX,984,ATL,CityName,State,ORD,CityName,State,60,1,48,1,0,,105,2311,0,0,0,0,48
2024-04-20,Delta,N582XX,7840,BOS,CityName,State,ORD,CityName,State,0,0,10,0,0,,248,1172,0,0,0,0,0
2024-04-20,JetBlue,N905XX,2298,JFK,CityName,State,LAX,CityName,State,0,0,-5,0,0,,151,1525,0,0,0,0,0
2024-04-20,Delta,N255XX,3670,SEA,CityName,State,ATL,CityName,State,0,0,6,0,0,,264,1133,0,0,0,0,0
2024-04-20,American,N687XX,5424,SFO,CityName,State,JFK,CityName,State,15,1,4,0,0,,55,2276,0,0,0,0,0
2024-04-20,Delta,N421XX,8819,DFW,CityName,State,DFW,CityName,State,0,0,1,0,0,,192,1476,0,0,0,0,0
2024-04-20,Southwest,N925XX,463,MIA,CityName,State,ORD,CityName,State,30,1,18,1,0,,316,946,18,0,0,0,0
2024-04-20,American,N141XX,5679,SEA,CityName,State,SEA,CityName,State,15,1,12,0,0,,142,1499,0,0,0,0,0
2024-04-20,JetBlue,N660XX,8599,LAX,CityName,State,ATL,CityName,State,0,0,-2,0,0,,353,891,0,0,0,0,0
2024-04-20,American,N443XX,8811,ORD,CityName,State,DFW,CityName,State,0,0,0,0,0,,58,1722,0,0,0,0,0
2024-04-20,JetBlue,N873XX,9311,DFW,CityName,State,BOS,CityName,State,0,0,-4,0,0,,211,679,0,0,0,0,0
2024-04-20,American,N888XX,2772,SFO,CityName,State,ATL,CityName,State,30,1,23,1,0,,90,1699,23,0,0,0,0
2024-04-20,United,N872XX,6541,ATL,CityName,State,DEN,CityName,State,0,0,6,0,0,,69,214,0,0,0,0,0
2024-04-20,United,N248XX,3704,MIA,CityName,State,ATL,CityName,State,30,1,24,1,0,,85,2027,24,0,0,0,0
2024-04-20,Delta,N654XX,3031,SEA,CityName,State,DEN,CityName,State,0,0,10,0,0,,356,1700,0,0,0,0,0
2024-04-20,Delta,N861XX,4106,SFO,CityName,State,SEA,CityName,State,240,1,228,1,0,,112,2567,228,0,0,0,0
2024-04-20,United,N491XX,1129,MIA,CityName,State,DFW,CityName,State,0,0,6,0,0,,180,2845,0,0,0,0,0
2024-04-21,Delta,N373XX,3428,BOS,CityName,State,SFO,CityName,State,0,0,-12,0,0,,305,279,0,0,0,0,0
2024-04-21,United,N137XX,2103,SFO,CityName,State,ATL,CityName,State,0,0,1,0,0,,81,712,0,0,0,0,0
2024-04-21,American,N664XX,9752,MIA,CityName,State,LAX,CityName,State,0,0,-5,0,0,,107,884,0,0,0,0,0
2024-04-21,American,N956XX,6887,LAX,CityName,State,ORD,CityName,State,0,0,-14,0,0,,230,158,0,0,0,0,0
2024-04-21,JetBlue,N483XX,8961,DEN,CityName,State,DFW,CityName,State,0,0,6,0,0,,54,2908,0,0,0,0,0
2024-04-21,American,N381XX,875,ATL,CityName,State,JFK,CityName,State,0,0,-2,0,0,,287,1419,0,0,0,0,0
2024-04-21,JetBlue,N500XX,9400,ORD,CityName,State,MIA,CityName,State,120,1,125,1,0,,135,2816,0,0,125,0,0
2024-04-21,American,N719XX,8510,DEN,CityName,State,SEA,CityName,State,0,0,-13,0,0,,351,2257,0,0,0,0,0
2024-04-21,American,N381XX,733,ATL,CityName,State,BOS,CityName,State,0,0,-14,0,0,,116,2169,0,0,0,0,0
2024-04-21,JetBlue,N848XX,7080,ORD,CityName,State,MIA,CityName,State,30,1,27,1,0,,139,361,0,0,0,0,27
2024-04-21,Southwest,N550XX,9088,DFW,CityName,State,DEN,CityName,State,0,0,-8,0,0,,211,2517,0,0,0,0,0
2024-04-21,Southwest,N648XX,1222,DEN,CityName,State,JFK,CityName,State,0,0,-5,0,0,,319,244,0,0,0,0,0
2024-04-21,United,N909XX,7604,DFW,CityName,State,DFW,CityName,State,0,0,10,0,0,,314,610,0,0,0,0,0
2024-04-21,JetBlue,N718XX,558,LAX,CityName,State,LAX,CityName,State,0,0,-1,0,0,,53,2631,0,0,0,0,0
2024-04-21,JetBlue,N477XX,8176,DEN,CityName,State,SFO,CityName,State,0,0,8,0,0,,288,2547,0,0,0,0,0
2024-04-21,JetBlue,N381XX,718,JFK,CityName,State,ATL,CityName,State,0,0,9,0,0,,200,465,0,0,0,0,0
2024-04-21,JetBlue,N815XX,9994,MIA,CityName,State,JFK,CityName,State,0,0,4,0,0,,256,2972,0,0,0,0,0
2024-04-21,American,N586XX,425,MIA,CityName,State,ATL,CityName,State,0,0,-6,0,0,,275,463,0,0,0,0,0
2024-04-21,United,N689XX,839,SEA,CityName,State,BOS,CityName,State,0,0,-2,0,0,,296,2566,0,0,0,0,0
2024-04-22,Delta,N839XX,8607,JFK,CityName,State,SFO,CityName,State,0,0,7,0,0,,328,1964,0,0,0,0,0
2024-04-22,United,N194XX,8631,BOS,CityName,State,DEN,CityName,State,0,0,8,0,0,,148,1482,0,0,0,0,0
2024-04-22,United,N984XX,3476,LAX,CityName,State,DEN,CityName,State,0,0,6,0,0,,64,1376,0,0,0,0,0
2024-04-22,JetBlue,N632XX,1709,ATL,CityName,State,JFK,CityName,State,120,1,113,1,0,,48,2015,113,0,0,0,0
2024-04-22,American,N566XX,334,SEA,CityName,State,DEN,CityName,State,0,0,-10,0,0,,264,280,0,0,0,0,0
2024-04-22,United,N895XX,4029,ORD,CityName,State,ATL,CityName,State,0,0,-11,0,0,,144,1504,0,0,0,0,0
2024-04-22,American,N512XX,1488,DFW,CityName,State,BOS,CityName,State,120,1,124,1,0,,96,1809,124,0,0,0,0
2024-04-22,United,N891XX,3556,BOS,CityName,State,SEA,CityName,State,0,0,-12,0,0,,82,2569,0,0,0,0,0
2024-04-22,Delta,N172XX,5130,ORD,CityName,State,DEN,CityName,State,0,0,-12,0,0,,294,1330,0,0,0,0,0
2024-04-22,Southwest,N557XX,9099,ATL,CityName,State,DFW,CityName,State,15,1,20,1,0,,79,2647,0,0,0,0,20
2024-04-22,Southwest,N832XX,9828,DEN,CityName,State,BOS,CityName,State,0,0,-14,0,0,,88,2726,0,0,0,0,0
2024-04-22,Delta,N487XX,9771,DEN,CityName,State,SFO,CityName,State,0,0,5,0,0,,300,2809,0,0,0,0,0
2024-04-22,Southwest,N216XX,1814,SFO,CityName,State,BOS,CityName,State,30,1,28,1,0,,84,1308,28,0,0,0,0
2024-04-22,United,N732XX,5253,SEA,CityName,State,ATL,CityName,State,0,0,-3,0,0,,321,585,0,0,0,0,0
2024-04-23,JetBlue,N345XX,1257,BOS,CityName,State,DEN,CityName,State,0,0,3,0,0,,276,1039,0,0,0,0,0
2024-04-23,Southwest,N363XX,2491,BOS,CityName,State,JFK,CityName,State,60,1,57,1,0,,225,314,0,0,57,0,0
2024-04-23,United,N894XX,5687,BOS,CityName,State,SFO,CityName,State,0,0,-11,0,0,,281,1688,0,0,0,0,0
2024-04-23,Delta,N846XX,5099,LAX,CityName,State,JFK,CityName,State,0,0,-7,0,0,,289,485,0,0,0,0,0
2024-04-23,JetBlue,N628XX,5934,DFW,CityName,State,DEN,CityName,State,45,1,44,1,0,,101,901,0,0,44,0,0
2024-04-23,United,N687XX,5737,ORD,CityName,State,LAX,CityName,State,0,0,-6,0,0,,81,337,0,0,0,0,0
2024-04-23,American,N814XX,3936,JFK,CityName,State,DFW,CityName,State,0,0,3,0,0,,115,616,0,0,0,0,0
2024-04-23,American,N774XX,2594,LAX,CityName,State,SFO,CityName,State,60,1,60,1,0,,293,2397,0,0,0,0,60
2024-04-23,Delta,N521XX,6511,DEN,CityName,State,SFO,CityName,State,0,0,-1,0,0,,168,593,0,0,0,0,0
2024-04-23,Delta,N135XX,788,JFK,CityName,State,SEA,CityName,State,0,0,1,0,0,,267,2165,0,0,0,0,0
2024-04-23,Delta,N170XX,8060,MIA,CityName,State,ATL,CityName,State,0,0,-4,0,0,,280,644,0,0,0,0,0
2024-04-23,United,N893XX,7667,DFW,CityName,State,DFW,CityName,State,0,0,2,0,0,,80,1906,0,0,0,0,0
2024-04-23,Southwest,N554XX,1028,JFK,CityName,State,SEA,CityName,State,30,1,29,1,0,,310,1002,0,0,29,0,0
2024-04-24,American,N712XX,749,DFW,CityName,State,SFO,CityName,State,0,0,-12,0,0,,233,2723,0,0,0,0,0
2024-04-24,Southwest,N146XX,7943,LAX,CityName,State,SFO,CityName,State,0,0,-13,0,0,,327,1932,0,0,0,0,0
2024-04-24,Delta,N911XX,2240,BOS,CityName,State,ATL,CityName,State,240,1,248,1,0,,51,1017,0,0,248,0,0
2024-04-24,JetBlue,N282XX,5064,SFO,CityName,State,DFW,CityName,State,0,0,-1,0,0,,166,163,0,0,0,0,0
2024-04-24,United,N306XX,899,ATL,CityName,State,MIA,CityName,State,0,0,0,0,1,A,134,2444,0,0,0,0,0
2024-04-24,JetBlue,N236XX,6603,BOS,CityName,State,JFK,CityName,State,30,1,27,1,0,,352,1466,0,0,0,0,27
2024-04-24,Southwest,N958XX,410,SEA,CityName,State,ATL,CityName,State,60,1,56,1,0,,47,299,56,0,0,0,0
2024-04-24,American,N133XX,1655,ATL,CityName,State,LAX,CityName,State,0,0,7,0,0,,285,2997,0,0,0,0,0
2024-04-24,Southwest,N942XX,155,MIA,CityName,State,SFO,CityName,State,120,1,124,1,0,,296,2210,124,0,0,0,0
2024-04-24,JetBlue,N854XX,6153,BOS,CityName,State,SEA,CityName,State,0,0,-3,0,0,,140,2132,0,0,0,0,0
2024-04-24,JetBlue,N404XX,488,MIA,CityName,State,MIA,CityName,State,15,1,11,0,0,,182,1778,0,0,0,0,0
2024-04-24,JetBlue,N132XX,5484,DEN,CityName,State,BOS,CityName,State,0,0,-4,0,0,,216,2895,0,0,0,0,0
2024-04-24,United,N562XX,7532,ATL,CityName,State,ORD,CityName,State,0,0,-4,0,0,,280,2724,0,0,0,0,0
2024-04-24,Delta,N903XX,3342,SFO,CityName,State,DFW,CityName,State,15,1,4,0,0,,214,871,0,0,0,0,0
2024-04-24,Southwest,N279XX,5571,BOS,CityName,State,MIA,CityName,State,0,0,-14,0,0,,177,752,0,0,0,0,0
2024-04-24,American,N199XX,3937,LAX,CityName,State,DFW,CityName,State,0,0,-4,0,0,,297,1878,0,0,0,0,0
2024-04-24,JetBlue,N330XX,6988,SFO,CityName,State,SFO,CityName,State,0,0,3,0,0,,209,1243,0,0,0,0,0
2024-04-24,American,N162XX,5146,DEN,CityName,State,SEA,CityName,State,0,0,-3,0,0,,61,709,0,0,0,0,0
2024-04-24,American,N810XX,6783,BOS,CityName,State,ATL,CityName,State,0,0,5,0,0,,332,1359,0,0,0,0,0
2024-04-25,Delta,N720XX,8016,ORD,CityName,State,SEA,CityName,State,0,0,-1,0,0,,92,1126,0,0,0,0,0
2024-04-25,JetBlue,N319XX,5161,DEN,CityName,State,SFO,CityName,State,0,0,2,0,0,,289,2384,0,0,0,0,0
2024-04-25,Delta,N299XX,318,MIA,CityName,State,SFO,CityName,State,15,1,6,0,0,,319,1548,0,0,0,0,0
2024-04-25,Southwest,N606XX,5581,SEA,CityName,State,DEN,CityName,State,0,0,7,0,0,,266,1635,0,0,0,0,0
2024-04-25,Southwest,N973XX,6482,LAX,CityName,State,LAX,CityName,State,15,1,23,1,0,,312,747,0,0,23,0,0
2024-04-25,Delta,N265XX,2149,LAX,CityName,State,LAX,CityName,State,0,0,0,0,1,A,116,1023,0,0,0,0,0
2024-04-25,JetBlue,N473XX,8816,DEN,CityName,State,SFO,CityName,State,30,1,27,1,0,,276,1684,0,0,0,0,27
2024-04-25,Delta,N140XX,1446,ORD,CityName,State,ORD,CityName,State,0,0,7,0,0,,224,879,0,0,0,0,0
2024-04-25,American,N413XX,4726,JFK,CityName,State,JFK,CityName,State,0,0,5,0,0,,95,1607,0,0,0,0,0
2024-04-25,Delta,N359XX,5473,MIA,CityName,State,ATL,CityName,State,15,1,6,0,0,,276,2996,0,0,0,0,0
2024-04-25,JetBlue,N978XX,9115,DEN,CityName,State,DFW,CityName,State,0,0,5,0,0,,258,2437,0,0,0,0,0
2024-04-25,American,N679XX,8884,MIA,CityName,State,SFO,CityName,State,0,0,8,0,0,,131,1741,0,0,0,0,0
2024-04-25,JetBlue,N848XX,1857,ORD,CityName,State,LAX,CityName,State,0,0,7,0,0,,250,1548,0,0,0,0,0
2024-04-26,United,N696XX,8885,JFK,CityName,State,LAX,CityName,State,0,0,9,0,0,,339,370,0,0,0,0,0
2024-04-26,American,N105XX,4946,BOS,CityName,State,DEN,CityName,State,15,1,16,1,0,,130,1675,0,0,0,0,16
2024-04-26,United,N745XX,7740,JFK,CityName,State,JFK,CityName,State,0,0,-11,0,0,,52,356,0,0,0,0,0
2024-04-26,Southwest,N725XX,5199,JFK,CityName,State,DFW,CityName,State,0,0,-14,0,0,,250,1262,0,0,0,0,0
2024-04-26,JetBlue,N702XX,369,MIA,CityName,State,ORD,CityName,State,0,0,1,0,0,,355,723,0,0,0,0,0
2024-04-26,Southwest,N340XX,4124,JFK,CityName,State,DEN,CityName,State,0,0,-11,0,0,,181,2823,0,0,0,0,0
2024-04-26,Delta,N513XX,3834,LAX,CityName,State,LAX,CityName,State,0,0,-9,0,0,,344,2782,0,0,0,0,0
2024-04-26,Delta,N555XX,7823,DFW,CityName,State,LAX,CityName,State,0,0,-2,0,0,,289,225,0,0,0,0,0
2024-04-26,Southwest,N743XX,8530,DEN,CityName,State,SEA,CityName,State,0,0,6,0,0,,342,2908,0,0,0,0,0
2024-04-26,Southwest,N594XX,2638,DEN,CityName,State,LAX,CityName,State,0,0,-3,0,0,,331,751,0,0,0,0,0
2024-04-26,JetBlue,N527XX,4956,MIA,CityName,State,ATL,CityName,State,0,0,-9,0,0,,173,2550,0,0,0,0,0
2024-04-26,Delta,N723XX,4221,BOS,CityName,State,ATL,CityName,State,120,1,108,1,0,,161,1021,108,0,0,0,0
2024-04-26,Southwest,N569XX,154,DEN,CityName,State,MIA,CityName,State,0,0,3,0,0,,198,2989,0,0,0,0,0
2024-04-26,JetBlue,N342XX,4155,SFO,CityName,State,JFK,CityName,State,0,0,-13,0,0,,294,411,0,0,0,0,0
2024-04-27,Delta,N594XX,4757,SFO,CityName,State,SFO,CityName,State,0,0,-11,0,0,,57,1681,0,0,0,0,0
2024-04-27,United,N221XX,1419,SFO,CityName,State,ORD,CityName,State,0,0,-7,0,0,,198,930,0,0,0,0,0
2024-04-27,Southwest,N615XX,3618,LAX,CityName,State,SFO,CityName,State,0,0,-3,0,0,,310,2592,0,0,0,0,0
2024-04-27,JetBlue,N766XX,3226,SFO,CityName,State,SEA,CityName,State,0,0,7,0,0,,120,2233,0,0,0,0,0
2024-04-27,JetBlue,N177XX,1899,LAX,CityName,State,BOS,CityName,State,0,0,-10,0,0,,349,391,0,0,0,0,0
2024-04-27,JetBlue,N637XX,8703,DFW,CityName,State,MIA,CityName,State,0,0,-6,0,0,,215,2273,0,0,0,0,0
2024-04-27,Delta,N758XX,6689,MIA,CityName,State,DEN,CityName,State,0,0,-1,0,0,,187,2225,0,0,0,0,0
2024-04-28,Delta,N672XX,9752,ORD,CityName,State,DEN,CityName,State,15,1,8,0,0,,260,1666,0,0,0,0,0
2024-04-28,JetBlue,N528XX,4858,MIA,CityName,State,ORD,CityName,State,0,0,2,0,0,,255,2016,0,0,0,0,0
2024-04-28,United,N123XX,5799,ATL,CityName,State,LAX,CityName,State,0,0,3,0,0,,129,1586,0,0,0,0,0
2024-04-28,American,N507XX,3507,ATL,CityName,State,ATL,CityName,State,30,1,17,1,0,,301,2077,0,17,0,0,0
2024-04-28,American,N667XX,8757,SEA,CityName,State,SEA,CityName,State,0,0,-9,0,0,,208,1852,0,0,0,0,0
2024-04-28,Delta,N939XX,3342,MIA,CityName,State,ATL,CityName,State,0,0,-10,0,0,,251,1293,0,0,0,0,0
2024-04-28,American,N406XX,2390,ORD,CityName,State,DEN,CityName,State,0,0,-5,0,0,,302,983,0,0,0,0,0
2024-04-28,American,N733XX,5273,LAX,CityName,State,JFK,CityName,State,0,0,-13,0,0,,324,222,0,0,0,0,0
2024-04-28,Southwest,N375XX,2627,MIA,CityName,State,MIA,CityName,State,0,0,9,0,0,,231,2242,0,0,0,0,0
2024-04-28,United,N643XX,7322,JFK,CityName,State,DEN,CityName,State,0,0,0,0,0,,290,934,0,0,0,0,0
2024-04-28,JetBlue,N533XX,1285,JFK,CityName,State,BOS,CityName,State,120,1,130,1,0,,240,444,0,0,0,0,130
2024-04-29,Delta,N279XX,5248,DEN,CityName,State,JFK,CityName,State,0,0,0,0,1,A,66,2315,0,0,0,0,0
2024-04-29,United,N889XX,5528,JFK,CityName,State,ATL,CityName,State,0,0,6,0,0,,167,950,0,0,0,0,0
2024-04-29,American,N120XX,1573,LAX,CityName,State,DFW,CityName,State,0,0,-13,0,0,,286,802,0,0,0,0,0
2024-04-29,United,N749XX,3811,DEN,CityName,State,ORD,CityName,State,0,0,-4,0,0,,346,1797,0,0,0,0,0
2024-04-29,JetBlue,N481XX,6351,SEA,CityName,State,SFO,CityName,State,0,0,-11,0,0,,62,2666,0,0,0,0,0
2024-04-29,Delta,N378XX,4511,SFO,CityName,State,BOS,CityName,State,0,0,-5,0,0,,225,940,0,0,0,0,0
2024-04-29,American,N638XX,3436,SEA,CityName,State,MIA,CityName,State,0,0,-12,0,0,,181,879,0,0,0,0,0
2024-04-29,JetBlue,N820XX,1528,SFO,CityName,State,JFK,CityName,State,15,1,6,0,0,,257,2385,0,0,0,0,0
2024-04-29,United,N465XX,2599,DEN,CityName,State,SFO,CityName,State,0,0,7,0,0,,106,2549,0,0,0,0,0
2024-04-29,JetBlue,N938XX,6148,DFW,CityName,State,ATL,CityName,State,0,0,-4,0,0,,81,2350,0,0,0,0,0
2024-04-29,American,N931XX,6043,SFO,CityName,State,SEA,CityName,State,15,1,18,1,0,,295,1961,18,0,0,0,0
2024-04-29,United,N667XX,8357,LAX,CityName,State,LAX,CityName,State,0,0,-12,0,0,,146,520,0,0,0,0,0
2024-04-29,United,N290XX,4817,DFW,CityName,State,DFW,CityName,State,0,0,2,0,0,,252,2948,0,0,0,0,0
2024-04-29,JetBlue,N206XX,7973,ATL,CityName,State,JFK,CityName,State,0,0,-7,0,0,,218,384,0,0,0,0,0
2024-04-29,Southwest,N239XX,2886,SFO,CityName,State,SFO,CityName,State,0,0,-10,0,0,,158,403,0,0,0,0,0
2024-04-29,United,N159XX,8678,DFW,CityName,State,ATL,CityName,State,0,0,-2,0,0,,141,1778,0,0,0,0,0
2024-04-30,Southwest,N457XX,957,SEA,CityName,State,LAX,CityName,State,0,0,-13,0,0,,192,2738,0,0,0,0,0
2024-04-30,American,N811XX,2800,DEN,CityName,State,ATL,CityName,State,0,0,-11,0,0,,327,365,0,0,0,0,0
2024-04-30,American,N561XX,3166,MIA,CityName,State,JFK,CityName,State,0,0,-12,0,0,,107,1304,0,0,0,0,0
2024-04-30,Delta,N751XX,2727,LAX,CityName,State,LAX,CityName,State,0,0,-14,0,0,,48,1556,0,0,0,0,0
2024-04-30,JetBlue,N538XX,5468,DFW,CityName,State,SFO,CityName,State,0,0,-3,0,0,,253,2965,0,0,0,0,0
2024-04-30,United,N442XX,9140,MIA,CityName,State,DEN,CityName,State,0,0,-9,0,0,,128,973,0,0,0,0,0
2024-04-30,American,N150XX,5738,SFO,CityName,State,ATL,CityName,State,60,1,56,1,0,,55,1931,56,0,0,0,0
2024-04-30,United,N652XX,2621,DFW,CityName,State,ATL,CityName,State,30,1,24,1,0,,339,1478,0,24,0,0,0
2024-04-30,United,N715XX,191,LAX,CityName,State,SEA,CityName,State,0,0,0,0,0,,199,1995,0,0,0,0,0
2024-04-30,Southwest,N610XX,5657,ORD,CityName,State,DFW,CityName,State,0,0,-14,0,0,,270,1937,0,0,0,0,0
2024-04-30,American,N214XX,170,ORD,CityName,State,DFW,CityName,State,0,0,10,0,0,,173,2878,0,0,0,0,0
2024-05-01,Southwest,N942XX,5181,MIA,CityName,State,SFO,CityName,State,0,0,-2,0,0,,290,2869,0,0,0,0,0
2024-05-01,Southwest,N819XX,363,LAX,CityName,State,SEA,CityName,State,0,0,-5,0,0,,281,1431,0,0,0,0,0
2024-05-01,JetBlue,N576XX,7569,BOS,CityName,State,ORD,CityName,State,0,0,-9,0,0,,325,943,0,0,0,0,0
2024-05-01,United,N687XX,4423,SFO,CityName,State,BOS,CityName,State,0,0,9,0,0,,136,644,0,0,0,0,0
2024-05-01,JetBlue,N994XX,6358,ATL,CityName,State,DFW,CityName,State,0,0,-3,0,0,,93,1924,0,0,0,0,0
2024-05-01,American,N540XX,4106,DEN,CityName,State,SFO,CityName,State,240,1,245,1,0,,306,2545,0,245,0,0,0
2024-05-01,Delta,N477XX,6167,SFO,CityName,State,JFK,CityName,State,60,1,55,1,0,,296,2747,55,0,0,0,0
2024-05-01,Delta,N917XX,1083,BOS,CityName,State,ORD,CityName,State,240,1,226,1,0,,81,782,226,0,0,0,0
2024-05-01,United,N600XX,4265,SEA,CityName,State,SEA,CityName,State,240,1,235,1,0,,72,2234,0,0,235,0,0
2024-05-01,Delta,N898XX,162,MIA,CityName,State,DFW,CityName,State,0,0,-5,0,0,,163,221,0,0,0,0,0
2024-05-01,American,N284XX,4786,MIA,CityName,State,SEA,CityName,State,120,1,124,1,0,,202,1167,0,0,124,0,0
2024-05-01,Delta,N159XX,4281,SFO,CityName,State,JFK,CityName,State,0,0,3,0,0,,357,2426,0,0,0,0,0
2024-05-01,Southwest,N971XX,8261,SFO,CityName,State,LAX,CityName,State,15,1,23,1,0,,66,733,23,0,0,0,0
2024-05-01,United,N828XX,4804,ORD,CityName,State,DFW,CityName,State,0,0,7,0,0,,132,467,0,0,0,0,0
2024-05-01,Southwest,N969XX,626,SEA,CityName,State,MIA,CityName,State,45,1,47,1,0,,246,1307,47,0,0,0,0
2024-05-01,United,N388XX,6394,SFO,CityName,State,ORD,CityName,State,0,0,8,0,0,,120,387,0,0,0,0,0
2024-05-01,American,N988XX,3275,DEN,CityName,State,BOS,CityName,State,15,1,12,0,0,,147,1502,0,0,0,0,0
2024-05-01,Southwest,N993XX,9692,DEN,CityName,State,LAX,CityName,State,0,0,-11,0,0,,244,543,0,0,0,0,0
2024-05-01,JetBlue,N255XX,1538,DEN,CityName,State,ORD,CityName,State,0,0,-10,0,0,,339,2298,0,0,0,0,0
2024-05-02,United,N481XX,3910,BOS,CityName,State,DFW,CityName,State,0,0,-12,0,0,,113,1548,0,0,0,0,0
2024-05-02,American,N908XX,7317,LAX,CityName,State,BOS,CityName,State,0,0,-4,0,0,,264,926,0,0,0,0,0
2024-05-02,American,N788XX,7021,SEA,CityName,State,JFK,CityName,State,0,0,-14,0,0,,242,623,0,0,0,0,0
2024-05-02,JetBlue,N758XX,3437,ATL,CityName,State,BOS,CityName,State,0,0,-10,0,0,,194,1601,0,0,0,0,0
2024-05-02,Southwest,N166XX,9977,BOS,CityName,State,ATL,CityName,State,60,1,52,1,0,,210,1805,52,0,0,0,0
2024-05-02,American,N544XX,9169,SEA,CityName,State,ORD,CityName,State,0,0,5,0,0,,90,686,0,0,0,0,0
2024-05-02,Southwest,N819XX,8004,JFK,CityName,State,JFK,CityName,State,30,1,34,1,0,,321,853,34,0,0,0,0
2024-05-02,American,N873XX,5592,DEN,CityName,State,SFO,CityName,State,30,1,26,1,0,,87,163,0,26,0,0,0
2024-05-03,JetBlue,N623XX,1858,ATL,CityName,State,SEA,CityName,State,0,0,-1,0,0,,127,1614,0,0,0,0,0
2024-05-03,JetBlue,N781XX,4224,ORD,CityName,State,ATL,CityName,State,60,1,65,1,0,,185,565,65,0,0,0,0
2024-05-03,Delta,N824XX,4374,ORD,CityName,State,ATL,CityName,State,0,0,-1,0,0,,263,2298,0,0,0,0,0
2024-05-03,American,N507XX,5120,MIA,CityName,State,BOS,CityName,State,30,1,27,1,0,,358,918,0,0,27,0,0
2024-05-03,American,N643XX,5541,DEN,CityName,State,SEA,CityName,State,0,0,-10,0,0,,45,570,0,0,0,0,0
2024-05-03,Delta,N305XX,2779,BOS,CityName,State,JFK,CityName,State,240,1,242,1,0,,119,1274,0,0,242,0,0
2024-05-03,American,N942XX,3172,DEN,CityName,State,ATL,CityName,State,45,1,41,1,0,,336,1293,0,0,41,0,0
2024-05-03,JetBlue,N366XX,3881,LAX,CityName,State,JFK,CityName,State,15,1,19,1,0,,246,1987,0,0,19,0,0
2024-05-03,American,N230XX,429,MIA,CityName,State,MIA,CityName,State,0,0,1,0,0,,259,2810,0,0,0,0,0
2024-05-03,JetBlue,N628XX,6566,LAX,CityName,State,SEA,CityName,State,0,0,-13,0,0,,104,2650,0,0,0,0,0
2024-05-03,American,N121XX,4057,LAX,CityName,State,LAX,CityName,State,0,0,-3,0,0,,358,2040,0,0,0,0,0
2024-05-03,Delta,N258XX,2701,ORD,CityName,State,ATL,CityName,State,0,0,6,0,0,,309,2149,0,0,0,0,0
2024-05-03,JetBlue,N709XX,5488,JFK,CityName,State,SFO,CityName,State,0,0,-5,0,0,,310,1017,0,0,0,0,0
2024-05-04,United,N565XX,5389,ATL,CityName,State,MIA,CityName,State,0,0,0,0,0,,121,1440,0,0,0,0,0
2024-05-04,Delta,N352XX,1866,DEN,CityName,State,JFK,CityName,State,0,0,-14,0,0,,249,2640,0,0,0,0,0
2024-05-04,American,N677XX,868,SEA,CityName,State,BOS,CityName,State,45,1,39,1,0,,263,1866,39,0,0,0,0
2024-05-04,United,N226XX,6410,DEN,CityName,State,BOS,CityName,State,120,1,0,0,1,A,250,1042,0,0,0,0,0
2024-05-04,Delta,N561XX,8781,BOS,CityName,State,ATL,CityName,State,0,0,-14,0,0,,312,654,0,0,0,0,0
2024-05-04,Delta,N411XX,6815,SFO,CityName,State,ATL,CityName,State,0,0,-3,0,0,,97,757,0,0,0,0,0
2024-05-04,Southwest,N226XX,1025,DEN,CityName,State,LAX,CityName,State,0,0,-4,0,0,,140,2045,0,0,0,0,0
2024-05-04,United,N221XX,2900,DEN,CityName,State,SFO,CityName,State,0,0,-8,0,0,,318,2043,0,0,0,0,0
2024-05-04,United,N986XX,777,MIA,CityName,State,MIA,CityName,State,0,0,-1,0,0,,265,710,0,0,0,0,0
2024-05-04,American,N469XX,5144,DEN,CityName,State,DFW,CityName,State,15,1,19,1,0,,99,908,0,0,19,0,0
2024-05-04,Southwest,N861XX,1209,SEA,CityName,State,BOS,CityName,State,0,0,-6,0,0,,286,2204,0,0,0,0,0
2024-05-04,United,N821XX,6526,JFK,CityName,State,JFK,CityName,State,0,0,0,0,0,,319,1981,0,0,0,0,0
2024-05-04,United,N383XX,1733,SFO,CityName,State,DEN,CityName,State,0,0,4,0,0,,132,2895,0,0,0,0,0
2024-05-05,American,N110XX,5431,LAX,CityName,State,BOS,CityName,State,0,0,-9,0,0,,315,2934,0,0,0,0,0
2024-05-05,JetBlue,N737XX,9046,ATL,CityName,State,JFK,CityName,State,0,0,-3,0,0,,77,1973,0,0,0,0,0
2024-05-05,American,N361XX,4632,DFW,CityName,State,MIA,CityName,State,45,1,50,1,0,,187,1556,0,0,50,0,0
2024-05-05,United,N561XX,314,JFK,CityName,State,DFW,CityName,State,0,0,-5,0,0,,241,400,0,0,0,0,0
2024-05-05,JetBlue,N574XX,4402,ATL,CityName,State,ATL,CityName,State,0,0,10,0,0,,121,568,0,0,0,0,0
2024-05-05,United,N237XX,2416,DFW,CityName,State,DEN,CityName,State,0,0,7,0,0,,63,2907,0,0,0,0,0
2024-05-05,American,N342XX,6975,MIA,CityName,State,BOS,CityName,State,15,1,6,0,0,,151,1608,0,0,0,0,0
2024-05-05,Delta,N768XX,4006,DEN,CityName,State,MIA,CityName,State,45,1,43,1,0,,196,1505,0,43,0,0,0
2024-05-05,Delta,N780XX,5094,DFW,CityName,State,SEA,CityName,State,0,0,7,0,0,,267,2064,0,0,0,0,0
2024-05-05,American,N265XX,3760,DFW,CityName,State,DEN,CityName,State,0,0,4,0,0,,140,876,0,0,0,0,0
2024-05-05,United,N190XX,100,ORD,CityName,State,JFK,CityName,State,0,0,8,0,0,,315,1696,0,0,0,0,0
2024-05-05,United,N182XX,5561,ATL,CityName,State,SEA,CityName,State,0,0,-11,0,0,,254,778,0,0,0,0,0
2024-05-06,Delta,N449XX,3199,MIA,CityName,State,JFK,CityName,State,30,1,39,1,0,,303,1292,0,0,0,0,39
2024-05-06,JetBlue,N607XX,3520,SEA,CityName,State,ATL,CityName,State,0,0,-7,0,0,,206,1649,0,0,0,0,0
2024-05-06,JetBlue,N591XX,7400,JFK,CityName,State,DFW,CityName,State,0,0,6,0,0,,311,2265,0,0,0,0,0
2024-05-06,JetBlue,N669XX,3725,MIA,CityName,State,SFO,CityName,State,0,0,3,0,0,,99,1735,0,0,0,0,0
2024-05-06,United,N326XX,8695,ATL,CityName,State,DEN,CityName,State,0,0,8,0,0,,49,2328,0,0,0,0,0
2024-05-06,Southwest,N118XX,6078,SFO,CityName,State,LAX,CityName,State,0,0,-12,0,0,,174,1389,0,0,0,0,0
2024-05-06,Southwest,N323XX,3167,DFW,CityName,State,SFO,CityName,State,0,0,3,0,0,,170,2317,0,0,0,0,0
2024-05-06,American,N773XX,2096,SFO,CityName,State,ORD,CityName,State,45,1,54,1,0,,157,2784,0,0,54,0,0
2024-05-06,JetBlue,N315XX,3814,ORD,CityName,State,DEN,CityName,State,0,0,-12,0,0,,187,715,0,0,0,0,0
2024-05-06,Southwest,N529XX,6384,ATL,CityName,State,SFO,CityName,State,0,0,6,0,0,,294,2937,0,0,0,0,0
2024-05-06,Delta,N434XX,8812,JFK,CityName,State,ORD,CityName,State,0,0,-1,0,0,,74,183,0,0,0,0,0
2024-05-06,American,N883XX,9079,ORD,CityName,State,BOS,CityName,State,0,0,-12,0,0,,45,791,0,0,0,0,0
2024-05-06,Southwest,N989XX,3797,BOS,CityName,State,ATL,CityName,State,0,0,3,0,0,,254,1976,0,0,0,0,0
2024-05-06,American,N972XX,4394,DEN,CityName,State,MIA,CityName,State,0,0,-10,0,0,,294,1456,0,0,0,0,0
2024-05-06,American,N550XX,8646,BOS,CityName,State,MIA,CityName,State,0,0,0,0,0,,276,406,0,0,0,0,0
2024-05-06,Southwest,N858XX,7986,DEN,CityName,State,LAX,CityName,State,30,1,20,1,0,,263,1039,0,0,20,0,0
2024-05-06,Delta,N359XX,9632,DEN,CityName,State,DEN,CityName,State,0,0,-2,0,0,,336,2056,0,0,0,0,0
2024-05-06,American,N745XX,6922,ORD,CityName,State,BOS,CityName,State,0,0,-12,0,0,,232,2811,0,0,0,0,0
2024-05-06,Delta,N268XX,7304,LAX,CityName,State,ORD,CityName,State,120,1,119,1,0,,146,1681,0,0,119,0,0
2024-05-06,American,N245XX,8507,ATL,CityName,State,SEA,CityName,State,0,0,0,0,0,,265,1970,0,0,0,0,0
2024-05-06,Southwest,N320XX,7864,ORD,CityName,State,BOS,CityName,State,30,1,21,1,0,,274,1527,0,0,21,0,0
2024-05-07,American,N446XX,9190,ORD,CityName,State,MIA,CityName,State,0,0,3,0,0,,134,1621,0,0,0,0,0
2024-05-07,Southwest,N521XX,6838,MIA,CityName,State,ATL,CityName,State,45,1,43,1,0,,256,2212,43,0,0,0,0
2024-05-07,JetBlue,N571XX,9650,DEN,CityName,State,BOS,CityName,State,0,0,-11,0,0,,271,1151,0,0,0,0,0
2024-05-07,United,N472XX,3482,DFW,CityName,State,SFO,CityName,State,0,0,-5,0,0,,234,2943,0,0,0,0,0
2024-05-07,Delta,N919XX,5856,DFW,CityName,State,JFK,CityName,State,0,0,0,0,0,,85,1452,0,0,0,0,0
2024-05-07,JetBlue,N597XX,8518,DFW,CityName,State,SEA,CityName,State,30,1,34,1,0,,226,1851,34,0,0,0,0
2024-05-07,Southwest,N192XX,3349,LAX,CityName,State,DEN,CityName,State,45,1,36,1,0,,130,2758,36,0,0,0,0
2024-05-07,Southwest,N264XX,719,DEN,CityName,State,ORD,CityName,State,0,0,-4,0,0,,281,1318,0,0,0,0,0
2024-05-07,American,N602XX,7045,JFK,CityName,State,LAX,CityName,State,0,0,-7,0,0,,312,1363,0,0,0,0,0
2024-05-07,JetBlue,N720XX,6353,SEA,CityName,State,BOS,CityName,State,0,0,-5,0,0,,221,905,0,0,0,0,0
2024-05-07,Delta,N511XX,7954,BOS,CityName,State,DEN,CityName,State,0,0,-4,0,0,,324,398,0,0,0,0,0
2024-05-07,American,N346XX,5020,SFO,CityName,State,ORD,CityName,State,0,0,7,0,0,,108,394,0,0,0,0,0
2024-05-07,United,N871XX,6164,JFK,CityName,State,JFK,CityName,State,0,0,-13,0,0,,311,691,0,0,0,0,0
2024-05-07,United,N495XX,8722,SEA,CityName,State,ATL,CityName,State,0,0,-9,0,0,,247,1811,0,0,0,0,0
2024-05-07,United,N750XX,3046,BOS,CityName,State,DEN,CityName,State,15,1,16,1,0,,314,176,0,16,0,0,0
2024-05-07,JetBlue,N478XX,9255,DFW,CityName,State,DEN,CityName,State,0,0,-4,0,0,,259,2799,0,0,0,0,0
2024-05-07,Southwest,N695XX,2726,MIA,CityName,State,ATL,CityName,State,120,1,113,1,0,,280,299,113,0,0,0,0
2024-05-07,Southwest,N663XX,8209,SEA,CityName,State,SEA,CityName,State,0,0,-3,0,0,,88,864,0,0,0,0,0
2024-05-08,Southwest,N201XX,283,DEN,CityName,State,LAX,CityName,State,0,0,1,0,0,,303,2071,0,0,0,0,0
2024-05-08,Delta,N189XX,255,DEN,CityName,State,ATL,CityName,State,0,0,4,0,0,,203,2261,0,0,0,0,0
2024-05-08,JetBlue,N118XX,7452,BOS,CityName,State,ORD,CityName,State,0,0,2,0,0,,195,1465,0,0,0,0,0
2024-05-08,Southwest,N943XX,4804,DFW,CityName,State,MIA,CityName,State,60,1,65,1,0,,133,260,65,0,0,0,0
2024-05-08,Southwest,N882XX,9140,ORD,CityName,State,SEA,CityName,State,0,0,0,0,0,,304,604,0,0,0,0,0
2024-05-08,Delta,N704XX,591,LAX,CityName,State,JFK,CityName,State,0,0,1,0,0,,261,472,0,0,0,0,0
2024-05-08,Southwest,N678XX,6701,SEA,CityName,State,SEA,CityName,State,0,0,-1,0,0,,226,1282,0,0,0,0,0
2024-05-08,JetBlue,N817XX,2462,SFO,CityName,State,DEN,CityName,State,0,0,-4,0,0,,77,1001,0,0,0,0,0
2024-05-08,Southwest,N218XX,8362,DEN,CityName,State,DEN,CityName,State,0,0,3,0,0,,134,2519,0,0,0,0,0
2024-05-08,United,N323XX,3186,ORD,CityName,State,ATL,CityName,State,0,0,-9,0,0,,190,2313,0,0,0,0,0
2024-05-08,American,N397XX,6879,ORD,CityName,State,SEA,CityName,State,0,0,8,0,0,,60,2475,0,0,0,0,0
2024-05-08,American,N190XX,7472,MIA,CityName,State,DFW,CityName,State,0,0,0,0,0,,98,2843,0,0,0,0,0
2024-05-08,Delta,N209XX,9130,LAX,CityName,State,ATL,CityName,State,0,0,3,0,0,,272,1534,0,0,0,0,0
2024-05-09,JetBlue,N406XX,5493,SFO,CityName,State,DFW,CityName,State,0,0,-11,0,0,,304,770,0,0,0,0,0
2024-05-09,Delta,N824XX,9549,ORD,CityName,State,ATL,CityName,State,0,0,-3,0,0,,187,2330,0,0,0,0,0
2024-05-09,Southwest,N566XX,6121,DEN,CityName,State,JFK,CityName,State,0,0,5,0,0,,326,549,0,0,0,0,0
2024-05-09,Delta,N922XX,8932,ORD,CityName,State,DEN,CityName,State,0,0,3,0,0,,159,2507,0,0,0,0,0
2024-05-09,Delta,N958XX,3042,SEA,CityName,State,MIA,CityName,State,0,0,8,0,0,,207,1345,0,0,0,0,0
2024-05-09,JetBlue,N747XX,9888,MIA,CityName,State,ORD,CityName,State,0,0,6,0,0,,119,1692,0,0,0,0,0
2024-05-09,Southwest,N148XX,8479,DEN,CityName,State,SFO,CityName,State,0,0,8,0,0,,313,1699,0,0,0,0,0
2024-05-09,American,N373XX,5610,MIA,CityName,State,DEN,CityName,State,0,0,9,0,0,,204,1567,0,0,0,0,0
2024-05-09,United,N911XX,2113,SEA,CityName,State,SFO,CityName,State,0,0,-2,0,0,,136,1126,0,0,0,0,0
2024-05-09,JetBlue,N818XX,9684,JFK,CityName,State,DEN,CityName,State,0,0,-9,0,0,,237,1569,0,0,0,0,0
2024-05-09,JetBlue,N643XX,8123,SFO,CityName,State,DFW,CityName,State,15,1,5,0,0,,300,2101,0,0,0,0,0
2024-05-09,Delta,N757XX,6473,MIA,CityName,State,ATL,CityName,State,0,0,-11,0,0,,125,267,0,0,0,0,0
2024-05-09,United,N524XX,6228,LAX,CityName,State,BOS,CityName,State,15,1,15,1,0,,140,2474,0,0,15,0,0
2024-05-09,United,N647XX,7013,SEA,CityName,State,SEA,CityName,State,0,0,4,0,0,,206,260,0,0,0,0,0
2024-05-10,Southwest,N410XX,3776,ORD,CityName,State,ORD,CityName,State,15,1,7,0,0,,246,655,0,0,0,0,0
2024-05-10,American,N357XX,2105,LAX,CityName,State,ORD,CityName,State,0,0,-14,0,0,,179,425,0,0,0,0,0
2024-05-10,JetBlue,N113XX,3928,JFK,CityName,State,JFK,CityName,State,0,0,-6,0,0,,146,2201,0,0,0,0,0
2024-05-10,Delta,N245XX,4105,DEN,CityName,State,SFO,CityName,State,0,0,-3,0,0,,83,1326,0,0,0,0,0
2024-05-10,JetBlue,N927XX,2289,SEA,CityName,State,DEN,CityName,State,30,1,27,1,0,,274,1764,27,0,0,0,0
2024-05-10,American,N297XX,362,JFK,CityName,State,BOS,CityName,State,0,0,-13,0,0,,261,243,0,0,0,0,0
2024-05-10,Southwest,N261XX,7297,JFK,CityName,State,BOS,CityName,State,0,0,-3,0,0,,269,2290,0,0,0,0,0
2024-05-10,American,N732XX,4504,ORD,CityName,State,JFK,CityName,State,0,0,1,0,0,,85,410,0,0,0,0,0
2024-05-10,United,N542XX,7186,ATL,CityName,State,SFO,CityName,State,0,0,-8,0,0,,308,667,0,0,0,0,0
2024-05-10,American,N149XX,8594,DFW,CityName,State,ATL,CityName,State,0,0,-6,0,0,,201,320,0,0,0,0,0
2024-05-10,United,N550XX,5479,BOS,CityName,State,ATL,CityName,State,0,0,2,0,0,,87,1508,0,0,0,0,0
2024-05-11,Southwest,N662XX,2238,ATL,CityName,State,SEA,CityName,State,0,0,-12,0,0,,216,2693,0,0,0,0,0
2024-05-11,Southwest,N153XX,7490,JFK,CityName,State,SFO,CityName,State,15,1,6,0,0,,54,1954,0,0,0,0,0
2024-05-11,American,N136XX,1475,MIA,CityName,State,SFO,CityName,State,0,0,-4,0,0,,254,732,0,0,0,0,0
2024-05-11,Delta,N970XX,2845,LAX,CityName,State,BOS,CityName,State,120,1,109,1,0,,169,2691,109,0,0,0,0
2024-05-11,Delta,N543XX,2079,BOS,CityName,State,SEA,CityName,State,0,0,-8,0,0,,329,869,0,0,0,0,0
2024-05-11,JetBlue,N871XX,6001,JFK,CityName,State,DEN,CityName,State,15,1,13,0,0,,88,551,0,0,0,0,0
2024-05-11,Delta,N911XX,6983,LAX,CityName,State,DFW,CityName,State,0,0,3,0,0,,261,2239,0,0,0,0,0
2024-05-11,JetBlue,N162XX,8622,DEN,CityName,State,DEN,CityName,State,0,0,1,0,0,,161,565,0,0,0,0,0
2024-05-11,Southwest,N670XX,6508,ORD,CityName,State,LAX,CityName,State,0,0,-14,0,0,,350,2661,0,0,0,0,0
2024-05-11,Southwest,N947XX,3915,JFK,CityName,State,DEN,CityName,State,0,0,-2,0,0,,296,1034,0,0,0,0,0
2024-05-11,American,N134XX,5739,SFO,CityName,State,ATL,CityName,State,0,0,4,0,0,,109,2024,0,0,0,0,0
2024-05-11,American,N707XX,8806,ATL,CityName,State,ATL,CityName,State,15,1,15,1,0,,159,1454,0,0,15,0,0
2024-05-11,Delta,N367XX,2553,DEN,CityName,State,LAX,CityName,State,0,0,-13,0,0,,143,745,0,0,0,0,0
2024-05-12,Delta,N453XX,872,MIA,CityName,State,DFW,CityName,State,0,0,1,0,0,,358,1224,0,0,0,0,0
2024-05-12,United,N152XX,9240,BOS,CityName,State,JFK,CityName,State,0,0,2,0,0,,288,2641,0,0,0,0,0
2024-05-12,Delta,N841XX,4966,ATL,CityName,State,LAX,CityName,State,0,0,6,0,0,,56,2930,0,0,0,0,0
2024-05-12,Southwest,N196XX,8979,LAX,CityName,State,JFK,CityName,State,0,0,-2,0,0,,175,267,0,0,0,0,0
2024-05-12,Southwest,N842XX,4714,ATL,CityName,State,DFW,CityName,State,0,0,8,0,0,,244,1082,0,0,0,0,0
2024-05-12,JetBlue,N757XX,7462,DFW,CityName,State,JFK,CityName,State,0,0,-4,0,0,,47,1509,0,0,0,0,0
2024-05-12,JetBlue,N905XX,1041,ORD,CityName,State,ORD,CityName,State,15,1,21,1,0,,55,2664,21,0,0,0,0
2024-05-12,JetBlue,N750XX,6201,JFK,CityName,State,SFO,CityName,State,0,0,-6,0,0,,244,738,0,0,0,0,0
2024-05-12,American,N367XX,1148,DFW,CityName,State,JFK,CityName,State,0,0,3,0,0,,340,1395,0,0,0,0,0
2024-05-12,Delta,N295XX,9396,BOS,CityName,State,DEN,CityName,State,0,0,-2,0,0,,192,2251,0,0,0,0,0
2024-05-13,American,N895XX,9838,LAX,CityName,State,BOS,CityName,State,0,0,-3,0,0,,251,2972,0,0,0,0,0
2024-05-13,JetBlue,N133XX,7942,DEN,CityName,State,SEA,CityName,State,0,0,0,0,1,A,307,1957,0,0,0,0,0
2024-05-13,American,N486XX,5482,SEA,CityName,State,DEN,CityName,State,0,0,-6,0,0,,139,1786,0,0,0,0,0
2024-05-13,Delta,N198XX,4167,SFO,CityName,State,JFK,CityName,State,0,0,7,0,0,,78,1891,0,0,0,0,0
2024-05-13,JetBlue,N773XX,3156,LAX,CityName,State,ATL,CityName,State,0,0,1,0,0,,314,887,0,0,0,0,0
2024-05-13,Delta,N298XX,6488,DEN,CityName,State,DFW,CityName,State,0,0,-6,0,0,,89,2029,0,0,0,0,0
2024-05-13,Delta,N487XX,7925,LAX,CityName,State,DEN,CityName,State,0,0,4,0,0,,59,1508,0,0,0,0,0
2024-05-13,American,N569XX,1883,ORD,CityName,State,LAX,CityName,State,0,0,-7,0,0,,348,2156,0,0,0,0,0
2024-05-13,JetBlue,N538XX,3874,ATL,CityName,State,JFK,CityName,State,15,1,22,1,0,,216,696,22,0,0,0,0
2024-05-13,United,N608XX,5279,MIA,CityName,State,JFK,CityName,State,0,0,9,0,0,,216,599,0,0,0,0,0
2024-05-13,JetBlue,N352XX,6276,DFW,CityName,State,SFO,CityName,State,0,0,-11,0,0,,72,2689,0,0,0,0,0
2024-05-13,JetBlue,N495XX,5965,SFO,CityName,State,BOS,CityName,State,0,0,-1,0,0,,215,1502,0,0,0,0,0
2024-05-13,Delta,N633XX,6321,SEA,CityName,State,SFO,CityName,State,0,0,-6,0,0,,255,2164,0,0,0,0,0
2024-05-13,Delta,N613XX,3508,DFW,CityName,State,DFW,CityName,State,0,0,-4,0,0,,153,1938,0,0,0,0,0
2024-05-14,American,N285XX,3682,ATL,CityName,State,ORD,CityName,State,15,1,18,1,0,,211,2452,0,0,18,0,0
2024-05-14,Delta,N265XX,2830,ORD,CityName,State,MIA,CityName,State,0,0,-2,0,0,,254,2717,0,0,0,0,0
2024-05-14,Delta,N456XX,3280,SEA,CityName,State,SEA,CityName,State,0,0,6,0,0,,60,1867,0,0,0,0,0
2024-05-14,Delta,N872XX,5806,DFW,CityName,State,SFO,CityName,State,0,0,10,0,0,,239,2260,0,0,0,0,0
2024-05-14,Southwest,N367XX,3066,JFK,CityName,State,DEN,CityName,State,45,1,41,1,0,,139,1935,41,0,0,0,0
2024-05-14,Delta,N805XX,2683,SFO,CityName,State,BOS,CityName,State,0,0,9,0,0,,333,221,0,0,0,0,0
2024-05-14,JetBlue,N849XX,303,BOS,CityName,State,SFO,CityName,State,0,0,-12,0,0,,221,1879,0,0,0,0,0
2024-05-14,JetBlue,N197XX,9132,ATL,CityName,State,SFO,CityName,State,0,0,0,0,1,A,225,1333,0,0,0,0,0
2024-05-14,JetBlue,N125XX,6205,SEA,CityName,State,DFW,CityName,State,0,0,-12,0,0,,195,2502,0,0,0,0,0
2024-05-15,JetBlue,N897XX,2413,ATL,CityName,State,JFK,CityName,State,15,1,17,1,0,,266,1292,0,0,17,0,0
2024-05-15,American,N855XX,3195,SEA,CityName,State,DFW,CityName,State,0,0,-13,0,0,,98,2458,0,0,0,0,0
2024-05-15,United,N192XX,6445,MIA,CityName,State,MIA,CityName,State,0,0,6,0,0,,175,474,0,0,0,0,0
2024-05-15,American,N419XX,6796,DFW,CityName,State,SEA,CityName,State,0,0,2,0,0,,250,2185,0,0,0,0,0
2024-05-15,JetBlue,N523XX,940,DEN,CityName,State,ORD,CityName,State,15,1,24,1,0,,250,1761,24,0,0,0,0
2024-05-15,JetBlue,N264XX,5368,SFO,CityName,State,LAX,CityName,State,15,1,13,0,0,,86,2513,0,0,0,0,0
2024-05-15,Delta,N267XX,212,BOS,CityName,State,LAX,CityName,State,240,1,246,1,0,,51,291,0,246,0,0,0
2024-05-15,Southwest,N314XX,155,DEN,CityName,State,MIA,CityName,State,0,0,-2,0,0,,79,2081,0,0,0,0,0
2024-05-15,Delta,N319XX,1015,ORD,CityName,State,DEN,CityName,State,0,0,1,0,0,,99,381,0,0,0,0,0
2024-05-15,Delta,N450XX,8111,MIA,CityName,State,ATL,CityName,State,0,0,6,0,0,,209,340,0,0,0,0,0
2024-05-15,JetBlue,N311XX,9924,ATL,CityName,State,ORD,CityName,State,0,0,-3,0,0,,324,1397,0,0,0,0,0
2024-05-15,JetBlue,N344XX,8803,ORD,CityName,State,ORD,CityName,State,15,1,16,1,0,,81,2179,0,16,0,0,0
2024-05-15,United,N678XX,1732,ORD,CityName,State,DEN,CityName,State,0,0,-6,0,0,,88,741,0,0,0,0,0
2024-05-15,American,N795XX,2123,MIA,CityName,State,JFK,CityName,State,0,0,-6,0,0,,148,2937,0,0,0,0,0
2024-05-15,JetBlue,N707XX,8041,JFK,CityName,State,DEN,CityName,State,0,0,0,0,1,A,63,2675,0,0,0,0,0
2024-05-15,Delta,N786XX,3911,JFK,CityName,State,LAX,CityName,State,0,0,9,0,0,,85,1579,0,0,0,0,0
2024-05-15,Southwest,N763XX,7320,BOS,CityName,State,DEN,CityName,State,0,0,-13,0,0,,293,1070,0,0,0,0,0
2024-05-15,Southwest,N800XX,4324,ORD,CityName,State,LAX,CityName,State,0,0,-7,0,0,,170,1733,0,0,0,0,0
2024-05-16,United,N646XX,364,DEN,CityName,State,DFW,CityName,State,0,0,-1,0,0,,118,2267,0,0,0,0,0
2024-05-16,Southwest,N861XX,2490,SFO,CityName,State,DFW,CityName,State,120,1,116,1,0,,119,1723,116,0,0,0,0
2024-05-16,American,N827XX,3826,MIA,CityName,State,MIA,CityName,State,0,0,9,0,0,,64,1562,0,0,0,0,0
2024-05-16,Southwest,N795XX,4953,DFW,CityName,State,JFK,CityName,State,0,0,-12,0,0,,249,2277,0,0,0,0,0
2024-05-16,American,N801XX,7748,SEA,CityName,State,LAX,CityName,State,0,0,-9,0,0,,55,2371,0,0,0,0,0
2024-05-16,Delta,N573XX,9354,BOS,CityName,State,JFK,CityName,State,0,0,9,0,0,,131,2938,0,0,0,0,0
2024-05-16,JetBlue,N114XX,6938,DEN,CityName,State,LAX,CityName,State,0,0,4,0,0,,285,1154,0,0,0,0,0
2024-05-16,American,N260XX,9904,ATL,CityName,State,ORD,CityName,State,15,1,17,1,0,,341,1108,0,17,0,0,0
2024-05-16,JetBlue,N873XX,8714,BOS,CityName,State,SEA,CityName,State,0,0,-3,0,0,,56,2521,0,0,0,0,0
2024-05-16,United,N372XX,3785,ATL,CityName,State,ATL,CityName,State,0,0,9,0,0,,281,2747,0,0,0,0,0
2024-05-17,JetBlue,N646XX,226,SEA,CityName,State,SEA,CityName,State,0,0,6,0,0,,299,1406,0,0,0,0,0
2024-05-17,American,N777XX,8161,DFW,CityName,State,ATL,CityName,State,0,0,3,0,0,,168,1649,0,0,0,0,0
2024-05-17,Delta,N179XX,6990,ORD,CityName,State,DEN,CityName,State,0,0,0,0,0,,59,2639,0,0,0,0,0
2024-05-17,Delta,N205XX,3426,ORD,CityName,State,SEA,CityName,State,0,0,-13,0,0,,358,418,0,0,0,0,0
2024-05-17,JetBlue,N548XX,3235,SFO,CityName,State,LAX,CityName,State,15,1,18,1,0,,277,1282,0,0,0,0,18
2024-05-17,Southwest,N981XX,5709,SEA,CityName,State,LAX,CityName,State,30,1,31,1,0,,224,1840,0,0,0,0,31
2024-05-17,Delta,N855XX,516,SFO,CityName,State,DFW,CityName,State,0,0,-6,0,0,,341,404,0,0,0,0,0
2024-05-17,JetBlue,N260XX,6324,ATL,CityName,State,DFW,CityName,State,0,0,3,0,0,,217,2773,0,0,0,0,0
2024-05-17,JetBlue,N420XX,8951,ATL,CityName,State,ATL,CityName,State,0,0,-6,0,0,,188,2637,0,0,0,0,0
2024-05-17,Delta,N168XX,804,ORD,CityName,State,ATL,CityName,State,0,0,3,0,0,,203,2412,0,0,0,0,0
2024-05-17,Delta,N469XX,516,ATL,CityName,State,DEN,CityName,State,0,0,-10,0,0,,57,750,0,0,0,0,0
2024-05-17,JetBlue,N756XX,524,ORD,CityName,State,SEA,CityName,State,30,1,35,1,0,,117,1974,0,0,35,0,0
2024-05-18,United,N617XX,1165,SEA,CityName,State,DFW,CityName,State,0,0,9,0,0,,169,436,0,0,0,0,0
2024-05-18,American,N825XX,4682,SFO,CityName,State,DEN,CityName,State,0,0,5,0,0,,328,184,0,0,0,0,0
2024-05-18,JetBlue,N681XX,6068,ORD,CityName,State,ATL,CityName,State,0,0,-3,0,0,,79,307,0,0,0,0,0
2024-05-18,JetBlue,N433XX,9171,SEA,CityName,State,DFW,CityName,State,15,1,4,0,0,,61,2769,0,0,0,0,0
2024-05-18,Delta,N606XX,3808,DEN,CityName,State,DEN,CityName,State,0,0,-8,0,0,,342,2952,0,0,0,0,0
2024-05-18,Southwest,N808XX,5196,ATL,CityName,State,BOS,CityName,State,0,0,-11,0,0,,56,697,0,0,0,0,0
2024-05-18,JetBlue,N569XX,6217,SFO,CityName,State,ORD,CityName,State,0,0,-12,0,0,,268,2083,0,0,0,0,0
2024-05-18,JetBlue,N817XX,6011,SEA,CityName,State,ATL,CityName,State,0,0,-11,0,0,,315,230,0,0,0,0,0
2024-05-18,Southwest,N290XX,3843,SEA,CityName,State,ATL,CityName,State,0,0,-5,0,0,,270,2186,0,0,0,0,0
2024-05-18,United,N744XX,2832,LAX,CityName,State,JFK,CityName,State,0,0,-12,0,0,,56,2496,0,0,0,0,0
2024-05-18,United,N893XX,7818,SEA,CityName,State,MIA,CityName,State,0,0,5,0,0,,85,2959,0,0,0,0,0
2024-05-18,Delta,N815XX,3564,MIA,CityName,State,ATL,CityName,State,30,1,21,1,0,,333,2732,0,0,21,0,0
2024-05-18,United,N868XX,8623,MIA,CityName,State,SEA,CityName,State,0,0,-9,0,0,,118,1702,0,0,0,0,0
2024-05-18,JetBlue,N598XX,7677,JFK,CityName,State,SFO,CityName,State,0,0,1,0,0,,216,2491,0,0,0,0,0
2024-05-18,Southwest,N866XX,3507,ORD,CityName,State,MIA,CityName,State,30,1,25,1,0,,285,1734,0,0,25,0,0
2024-05-19,Delta,N627XX,9159,SEA,CityName,State,SEA,CityName,State,0,0,-6,0,0,,94,1198,0,0,0,0,0
2024-05-19,JetBlue,N717XX,5227,BOS,CityName,State,DFW,CityName,State,0,0,0,0,0,,108,1674,0,0,0,0,0
2024-05-19,JetBlue,N787XX,571,SEA,CityName,State,BOS,CityName,State,0,0,-13,0,0,,58,452,0,0,0,0,0
2024-05-19,JetBlue,N142XX,8511,MIA,CityName,State,DEN,CityName,State,0,0,-8,0,0,,157,396,0,0,0,0,0
2024-05-19,Southwest,N297XX,5630,ORD,CityName,State,DFW,CityName,State,15,1,9,0,0,,105,1121,0,0,0,0,0
2024-05-19,American,N390XX,4488,MIA,CityName,State,SFO,CityName,State,45,1,52,1,0,,356,1104,0,52,0,0,0
2024-05-19,American,N194XX,314,SEA,CityName,State,MIA,CityName,State,0,0,-13,0,0,,266,1068,0,0,0,0,0
2024-05-19,JetBlue,N759XX,586,MIA,CityName,State,LAX,CityName,State,0,0,-13,0,0,,329,299,0,0,0,0,0
2024-05-19,Southwest,N566XX,1183,SFO,CityName,State,SFO,CityName,State,0,0,9,0,0,,85,1887,0,0,0,0,0
2024-05-19,American,N580XX,4397,DEN,CityName,State,SEA,CityName,State,0,0,-11,0,0,,283,1466,0,0,0,0,0
2024-05-19,United,N536XX,1095,DFW,CityName,State,SEA,CityName,State,15,1,16,1,0,,130,2864,0,16,0,0,0
2024-05-19,Delta,N670XX,3180,DEN,CityName,State,DEN,CityName,State,30,1,27,1,0,,308,1645,27,0,0,0,0
2024-05-19,American,N226XX,5686,ATL,CityName,State,LAX,CityName,State,0,0,0,0,0,,142,2944,0,0,0,0,0
2024-05-19,American,N683XX,2582,ORD,CityName,State,JFK,CityName,State,30,1,40,1,0,,75,2275,0,0,40,0,0
2024-05-19,United,N300XX,5991,DFW,CityName,State,MIA,CityName,State,0,0,6,0,0,,216,406,0,0,0,0,0
2024-05-20,Delta,N154XX,4588,SEA,CityName,State,LAX,CityName,State,0,0,5,0,0,,51,412,0,0,0,0,0
2024-05-20,American,N421XX,6291,DFW,CityName,State,SEA,CityName,State,0,0,7,0,0,,214,603,0,0,0,0,0
2024-05-20,American,N908XX,3047,ATL,CityName,State,BOS,CityName,State,0,0,-1,0,0,,314,1151,0,0,0,0,0
2024-05-20,United,N803XX,8404,ORD,CityName,State,DFW,CityName,State,0,0,-5,0,0,,177,1378,0,0,0,0,0
2024-05-20,Delta,N517XX,9944,DEN,CityName,State,JFK,CityName,State,0,0,-5,0,0,,120,552,0,0,0,0,0
2024-05-20,American,N498XX,8705,BOS,CityName,State,ORD,CityName,State,15,1,14,0,0,,273,1493,0,0,0,0,0
2024-05-20,United,N545XX,2917,ORD,CityName,State,SFO,CityName,State,0,0,1,0,0,,168,1086,0,0,0,0,0
2024-05-20,Delta,N933XX,4009,DEN,CityName,State,JFK,CityName,State,0,0,8,0,0,,198,1124,0,0,0,0,0
2024-05-20,American,N423XX,3758,JFK,CityName,State,BOS,CityName,State,0,0,3,0,0,,349,780,0,0,0,0,0
2024-05-21,Delta,N260XX,2303,MIA,CityName,State,BOS,CityName,State,0,0,9,0,0,,128,1662,0,0,0,0,0
2024-05-21,American,N105XX,6078,LAX,CityName,State,ORD,CityName,State,15,1,11,0,0,,187,1311,0,0,0,0,0
2024-05-21,JetBlue,N488XX,5726,DEN,CityName,State,MIA,CityName,State,0,0,2,0,0,,201,783,0,0,0,0,0
2024-05-21,Southwest,N356XX,4944,BOS,CityName,State,DFW,CityName,State,0,0,5,0,0,,118,2409,0,0,0,0,0
2024-05-21,JetBlue,N185XX,3881,DEN,CityName,State,SFO,CityName,State,0,0,2,0,0,,290,2210,0,0,0,0,0
2024-05-21,JetBlue,N284XX,7952,ORD,CityName,State,ATL,CityName,State,0,0,-4,0,0,,52,1745,0,0,0,0,0
2024-05-21,United,N283XX,6185,SFO,CityName,State,LAX,CityName,State,0,0,2,0,0,,110,1219,0,0,0,0,0
2024-05-21,Southwest,N951XX,1766,JFK,CityName,State,SFO,CityName,State,0,0,2,0,0,,350,2781,0,0,0,0,0
2024-05-21,Southwest,N480XX,8178,SFO,CityName,State,LAX,CityName,State,0,0,-4,0,0,,47,2249,0,0,0,0,0
2024-05-21,Southwest,N198XX,8422,BOS,CityName,State,ORD,CityName,State,0,0,9,0,0,,358,236,0,0,0,0,0
2024-05-21,JetBlue,N227XX,6923,MIA,CityName,State,LAX,CityName,State,15,1,15,1,0,,260,2954,0,0,0,0,15
2024-05-21,American,N234XX,9306,SEA,CityName,State,ATL,CityName,State,0,0,4,0,0,,59,2073,0,0,0,0,0
2024-05-22,American,N862XX,3801,JFK,CityName,State,JFK,CityName,State,0,0,-4,0,0,,303,1632,0,0,0,0,0
2024-05-22,Southwest,N243XX,7980,DFW,CityName,State,DEN,CityName,State,30,1,20,1,0,,237,283,20,0,0,0,0
2024-05-22,Southwest,N697XX,4611,ORD,CityName,State,SFO,CityName,State,0,0,0,0,0,,357,1079,0,0,0,0,0
2024-05-22,United,N105XX,4166,ATL,CityName,State,ATL,CityName,State,30,1,37,1,0,,152,574,0,0,37,0,0
2024-05-22,Southwest,N277XX,6145,LAX,CityName,State,SEA,CityName,State,0,0,5,0,0,,247,836,0,0,0,0,0
2024-05-22,JetBlue,N702XX,8667,MIA,CityName,State,MIA,CityName,State,45,1,46,1,0,,227,586,0,46,0,0,0
2024-05-22,United,N806XX,8351,DEN,CityName,State,SFO,CityName,State,120,1,128,1,0,,150,693,0,128,0,0,0
2024-05-22,United,N684XX,7399,JFK,CityName,State,SEA,CityName,State,0,0,2,0,0,,115,1550,0,0,0,0,0
2024-05-22,United,N467XX,2388,MIA,CityName,State,BOS,CityName,State,0,0,0,0,0,,319,2046,0,0,0,0,0
2024-05-22,Delta,N582XX,7857,SEA,CityName,State,BOS,CityName,State,15,1,8,0,0,,230,1022,0,0,0,0,0
2024-05-22,United,N193XX,1105,BOS,CityName,State,LAX,CityName,State,0,0,0,0,0,,256,2046,0,0,0,0,0
2024-05-22,Delta,N718XX,466,BOS,CityName,State,SEA,CityName,State,0,0,6,0,0,,76,710,0,0,0,0,0
2024-05-22,Southwest,N494XX,2548,LAX,CityName,State,JFK,CityName,State,0,0,-3,0,0,,145,531,0,0,0,0,0
2024-05-22,Southwest,N456XX,2414,BOS,CityName,State,ATL,CityName,State,30,1,27,1,0,,321,1044,27,0,0,0,0
2024-05-22,United,N255XX,8924,DFW,CityName,State,DFW,CityName,State,30,1,34,1,0,,146,2215,34,0,0,0,0
2024-05-22,American,N807XX,3258,DEN,CityName,State,LAX,CityName,State,0,0,4,0,0,,237,1679,0,0,0,0,0
2024-05-23,United,N834XX,3770,SEA,CityName,State,BOS,CityName,State,0,0,-2,0,0,,171,1052,0,0,0,0,0
2024-05-23,Delta,N563XX,4966,DFW,CityName,State,JFK,CityName,State,0,0,-4,0,0,,134,825,0,0,0,0,0
2024-05-23,JetBlue,N920XX,2227,ATL,CityName,State,JFK,CityName,State,0,0,-6,0,0,,310,2696,0,0,0,0,0
2024-05-23,JetBlue,N202XX,8133,BOS,CityName,State,LAX,CityName,State,15,1,4,0,0,,96,1306,0,0,0,0,0
2024-05-23,United,N659XX,1275,ORD,CityName,State,DFW,CityName,State,120,1,126,1,0,,204,1178,126,0,0,0,0
2024-05-23,Southwest,N914XX,3519,LAX,CityName,State,SFO,CityName,State,0,0,6,0,0,,58,504,0,0,0,0,0
2024-05-23,Delta,N945XX,969,JFK,CityName,State,SFO,CityName,State,0,0,2,0,0,,45,1528,0,0,0,0,0
2024-05-23,Southwest,N498XX,4552,SFO,CityName,State,SFO,CityName,State,240,1,240,1,0,,350,269,240,0,0,0,0
2024-05-23,JetBlue,N916XX,9798,JFK,CityName,State,BOS,CityName,State,0,0,6,0,0,,252,2467,0,0,0,0,0
2024-05-23,Southwest,N310XX,2435,DFW,CityName,State,SEA,CityName,State,0,0,0,0,1,A,292,777,0,0,0,0,0
2024-05-23,Southwest,N441XX,7551,LAX,CityName,State,LAX,CityName,State,0,0,0,0,1,A,101,300,0,0,0,0,0
2024-05-23,United,N992XX,9254,ORD,CityName,State,JFK,CityName,State,0,0,8,0,0,,109,2556,0,0,0,0,0
2024-05-23,American,N104XX,5736,JFK,CityName,State,DEN,CityName,State,0,0,-2,0,0,,275,259,0,0,0,0,0
2024-05-23,American,N121XX,9291,ATL,CityName,State,JFK,CityName,State,30,1,29,1,0,,94,1456,29,0,0,0,0
2024-05-23,United,N897XX,2352,DFW,CityName,State,MIA,CityName,State,0,0,-2,0,0,,338,301,0,0,0,0,0
2024-05-23,Delta,N865XX,5305,BOS,CityName,State,BOS,CityName,State,0,0,-7,0,0,,53,2026,0,0,0,0,0
2024-05-24,JetBlue,N482XX,6547,JFK,CityName,State,DEN,CityName,State,0,0,10,0,0,,218,1197,0,0,0,0,0
2024-05-24,Southwest,N322XX,996,DFW,CityName,State,SEA,CityName,State,0,0,-1,0,0,,199,1116,0,0,0,0,0
2024-05-24,American,N264XX,3021,BOS,CityName,State,SFO,CityName,State,0,0,-2,0,0,,300,2105,0,0,0,0,0
2024-05-24,Southwest,N186XX,6957,JFK,CityName,State,BOS,CityName,State,0,0,-8,0,0,,133,1505,0,0,0,0,0
2024-05-24,United,N260XX,9020,ATL,CityName,State,MIA,CityName,State,0,0,2,0,0,,184,555,0,0,0,0,0
2024-05-24,American,N229XX,8620,LAX,CityName,State,DFW,CityName,State,30,1,27,1,0,,357,416,0,27,0,0,0
2024-05-24,American,N516XX,2776,DEN,CityName,State,JFK,CityName,State,0,0,9,0,0,,110,2231,0,0,0,0,0
2024-05-24,United,N155XX,2452,ORD,CityName,State,MIA,CityName,State,0,0,8,0,0,,271,1840,0,0,0,0,0
2024-05-24,American,N754XX,6004,SFO,CityName,State,MIA,CityName,State,120,1,117,1,0,,263,685,0,0,117,0,0
2024-05-24,JetBlue,N895XX,3325,LAX,CityName,State,BOS,CityName,State,0,0,-4,0,0,,45,2686,0,0,0,0,0
2024-05-24,Delta,N894XX,4285,ORD,CityName,State,MIA,CityName,State,0,0,0,0,0,,291,730,0,0,0,0,0
2024-05-25,American,N564XX,1797,BOS,CityName,State,SFO,CityName,State,30,1,39,1,0,,230,179,0,0,0,0,39
2024-05-25,Southwest,N729XX,6446,ATL,CityName,State,SFO,CityName,State,0,0,-12,0,0,,287,2028,0,0,0,0,0
2024-05-25,American,N266XX,3109,ORD,CityName,State,ORD,CityName,State,0,0,-9,0,0,,200,767,0,0,0,0,0
2024-05-25,Delta,N429XX,8093,SFO,CityName,State,MIA,CityName,State,0,0,-1,0,0,,57,546,0,0,0,0,0
2024-05-25,Southwest,N523XX,4438,ORD,CityName,State,BOS,CityName,State,30,1,29,1,0,,53,1182,0,0,29,0,0
2024-05-25,American,N242XX,2366,ATL,CityName,State,JFK,CityName,State,0,0,-8,0,0,,106,1412,0,0,0,0,0
2024-05-25,American,N347XX,6068,BOS,CityName,State,JFK,CityName,State,0,0,3,0,0,,290,883,0,0,0,0,0
2024-05-25,Southwest,N483XX,2394,ORD,CityName,State,ORD,CityName,State,0,0,-1,0,0,,149,1080,0,0,0,0,0
2024-05-25,JetBlue,N182XX,2729,ATL,CityName,State,SEA,CityName,State,0,0,7,0,0,,183,880,0,0,0,0,0
2024-05-25,American,N480XX,9174,DEN,CityName,State,SFO,CityName,State,0,0,-2,0,0,,119,783,0,0,0,0,0
2024-05-25,United,N707XX,3812,BOS,CityName,State,BOS,CityName,State,15,1,6,0,0,,100,2882,0,0,0,0,0
2024-05-25,American,N866XX,7893,MIA,CityName,State,ORD,CityName,State,15,1,16,1,0,,341,1321,0,0,0,0,16
2024-05-26,JetBlue,N377XX,3484,LAX,CityName,State,SFO,CityName,State,0,0,0,0,1,A,235,1603,0,0,0,0,0
2024-05-26,American,N886XX,9782,MIA,CityName,State,LAX,CityName,State,15,1,13,0,0,,313,396,0,0,0,0,0
2024-05-26,JetBlue,N409XX,5674,JFK,CityName,State,JFK,CityName,State,0,0,-11,0,0,,219,464,0,0,0,0,0
2024-05-26,Delta,N890XX,5165,ORD,CityName,State,DEN,CityName,State,60,1,50,1,0,,158,1335,50,0,0,0,0
2024-05-26,Southwest,N708XX,3631,SFO,CityName,State,BOS,CityName,State,15,1,16,1,0,,223,1852,0,0,0,0,16
2024-05-26,Southwest,N309XX,5625,JFK,CityName,State,ORD,CityName,State,0,0,7,0,0,,312,2680,0,0,0,0,0
2024-05-26,Southwest,N758XX,8034,BOS,CityName,State,DFW,CityName,State,45,1,54,1,0,,90,234,0,0,54,0,0
2024-05-26,Southwest,N845XX,975,DFW,CityName,State,MIA,CityName,State,0,0,8,0,0,,244,1633,0,0,0,0,0
2024-05-26,American,N894XX,7017,DFW,CityName,State,ATL,CityName,State,0,0,3,0,0,,220,2042,0,0,0,0,0
2024-05-26,JetBlue,N424XX,6527,ORD,CityName,State,ATL,CityName,State,0,0,-1,0,0,,59,986,0,0,0,0,0
2024-05-26,United,N113XX,2863,BOS,CityName,State,DFW,CityName,State,0,0,2,0,0,,302,2454,0,0,0,0,0
2024-05-26,JetBlue,N935XX,249,SEA,CityName,State,DFW,CityName,State,0,0,-3,0,0,,144,1359,0,0,0,0,0
2024-05-26,American,N634XX,6634,ATL,CityName,State,MIA,CityName,State,15,1,10,0,0,,292,2628,0,0,0,0,0
2024-05-26,JetBlue,N476XX,6802,DFW,CityName,State,JFK,CityName,State,45,1,51,1,0,,147,1826,0,51,0,0,0
2024-05-26,Southwest,N966XX,9604,DFW,CityName,State,SEA,CityName,State,0,0,-9,0,0,,47,1681,0,0,0,0,0
2024-05-26,American,N644XX,3306,SFO,CityName,State,JFK,CityName,State,0,0,1,0,0,,70,2255,0,0,0,0,0
2024-05-27,United,N111XX,7299,DFW,CityName,State,DFW,CityName,State,15,1,3,0,0,,189,2842,0,0,0,0,0
2024-05-27,Southwest,N911XX,9921,MIA,CityName,State,BOS,CityName,State,0,0,3,0,0,,303,2624,0,0,0,0,0
2024-05-27,American,N975XX,3381,JFK,CityName,State,JFK,CityName,State,120,1,110,1,0,,79,2337,110,0,0,0,0
2024-05-27,Delta,N380XX,4454,SFO,CityName,State,MIA,CityName,State,120,1,119,1,0,,93,1523,0,119,0,0,0
2024-05-27,Southwest,N336XX,9608,SEA,CityName,State,ORD,CityName,State,0,0,-7,0,0,,273,316,0,0,0,0,0
2024-05-27,JetBlue,N898XX,9216,DFW,CityName,State,JFK,CityName,State,0,0,6,0,0,,355,1416,0,0,0,0,0
2024-05-27,Delta,N964XX,136,ATL,CityName,State,MIA,CityName,State,15,1,22,1,0,,286,2927,0,0,22,0,0
2024-05-27,American,N347XX,4165,SFO,CityName,State,LAX,CityName,State,0,0,4,0,0,,145,229,0,0,0,0,0
2024-05-27,United,N205XX,2903,SEA,CityName,State,BOS,CityName,State,0,0,0,0,1,A,115,657,0,0,0,0,0
2024-05-27,Delta,N173XX,1828,JFK,CityName,State,DEN,CityName,State,45,1,51,1,0,,94,944,51,0,0,0,0
2024-05-27,United,N555XX,2905,BOS,CityName,State,ORD,CityName,State,0,0,-2,0,0,,341,2509,0,0,0,0,0
2024-05-28,American,N132XX,370,SFO,CityName,State,ORD,CityName,State,0,0,-6,0,0,,161,1353,0,0,0,0,0
2024-05-28,United,N226XX,7670,ATL,CityName,State,LAX,CityName,State,0,0,5,0,0,,274,1338,0,0,0,0,0
2024-05-28,JetBlue,N385XX,9050,MIA,CityName,State,DEN,CityName,State,0,0,9,0,0,,299,2543,0,0,0,0,0
2024-05-28,Southwest,N814XX,5456,SEA,CityName,State,ATL,CityName,State,60,1,64,1,0,,355,1330,64,0,0,0,0
2024-05-28,United,N172XX,5480,SFO,CityName,State,ATL,CityName,State,0,0,-11,0,0,,217,1860,0,0,0,0,0
2024-05-28,JetBlue,N179XX,5758,SFO,CityName,State,SEA,CityName,State,0,0,1,0,0,,181,764,0,0,0,0,0
2024-05-28,JetBlue,N269XX,9199,LAX,CityName,State,LAX,CityName,State,0,0,-13,0,0,,231,2560,0,0,0,0,0
2024-05-28,JetBlue,N820XX,3564,SFO,CityName,State,DEN,CityName,State,0,0,-11,0,0,,352,555,0,0,0,0,0
2024-05-28,American,N739XX,9653,SEA,CityName,State,LAX,CityName,State,15,1,12,0,0,,96,1812,0,0,0,0,0
2024-05-28,Delta,N995XX,593,ATL,CityName,State,ATL,CityName,State,0,0,-14,0,0,,308,2221,0,0,0,0,0
2024-05-28,Delta,N359XX,1303,DFW,CityName,State,LAX,CityName,State,0,0,-9,0,0,,314,1455,0,0,0,0,0
2024-05-29,United,N141XX,6487,SEA,CityName,State,JFK,CityName,State,0,0,8,0,0,,312,452,0,0,0,0,0
2024-05-29,United,N164XX,2273,MIA,CityName,State,SFO,CityName,State,30,1,28,1,0,,260,197,0,0,28,0,0
2024-05-29,JetBlue,N993XX,611,DEN,CityName,State,SFO,CityName,State,15,1,16,1,0,,108,1283,0,0,16,0,0
2024-05-29,Southwest,N197XX,8569,JFK,CityName,State,DFW,CityName,State,0,0,-8,0,0,,356,2614,0,0,0,0,0
2024-05-29,Delta,N459XX,9070,SFO,CityName,State,DFW,CityName,State,0,0,-2,0,0,,59,1344,0,0,0,0,0
2024-05-29,American,N657XX,9184,BOS,CityName,State,ATL,CityName,State,0,0,1,0,0,,161,2904,0,0,0,0,0
2024-05-29,JetBlue,N814XX,5696,ATL,CityName,State,DFW,CityName,State,0,0,-6,0,0,,287,1435,0,0,0,0,0
2024-05-29,JetBlue,N659XX,2376,BOS,CityName,State,SFO,CityName,State,0,0,-4,0,0,,168,729,0,0,0,0,0
2024-05-29,Southwest,N495XX,5637,ORD,CityName,State,DEN,CityName,State,30,1,17,1,0,,145,538,17,0,0,0,0
2024-05-29,United,N249XX,2223,JFK,CityName,State,BOS,CityName,State,0,0,10,0,0,,333,1100,0,0,0,0,0
2024-05-30,American,N403XX,9969,DEN,CityName,State,BOS,CityName,State,15,1,11,0,0,,49,1971,0,0,0,0,0
2024-05-30,Delta,N477XX,6097,ATL,CityName,State,BOS,CityName,State,0,0,-2,0,0,,288,814,0,0,0,0,0
2024-05-30,Southwest,N442XX,956,DEN,CityName,State,ORD,CityName,State,0,0,-13,0,0,,295,1901,0,0,0,0,0
2024-05-30,JetBlue,N350XX,9201,SEA,CityName,State,SFO,CityName,State,0,0,6,0,0,,241,1579,0,0,0,0,0
2024-05-30,United,N276XX,6398,DEN,CityName,State,SEA,CityName,State,0,0,3,0,0,,202,1984,0,0,0,0,0
2024-05-30,JetBlue,N265XX,7956,ORD,CityName,State,ORD,CityName,State,15,1,0,0,1,A,198,1287,0,0,0,0,0
2024-05-30,JetBlue,N162XX,9978,MIA,CityName,State,LAX,CityName,State,0,0,-14,0,0,,64,2948,0,0,0,0,0
2024-05-30,JetBlue,N622XX,9935,SFO,CityName,State,BOS,CityName,State,0,0,-2,0,0,,159,1931,0,0,0,0,0
2024-05-30,Southwest,N829XX,9202,BOS,CityName,State,LAX,CityName,State,45,1,35,1,0,,112,1943,0,0,0,0,35
2024-05-30,JetBlue,N406XX,4947,BOS,CityName,State,DEN,CityName,State,0,0,6,0,0,,277,1059,0,0,0,0,0
2024-05-30,Southwest,N367XX,7570,SFO,CityName,State,ATL,CityName,State,0,0,-7,0,0,,147,1320,0,0,0,0,0
2024-05-30,United,N618XX,1221,JFK,CityName,State,DFW,CityName,State,0,0,1,0,0,,58,1193,0,0,0,0,0
2024-05-30,Delta,N836XX,9587,BOS,CityName,State,DFW,CityName,State,0,0,-9,0,0,,349,2167,0,0,0,0,0
2024-05-30,Southwest,N321XX,7619,JFK,CityName,State,LAX,CityName,State,0,0,-14,0,0,,229,2660,0,0,0,0,0
2024-05-30,Southwest,N817XX,1406,ATL,CityName,State,BOS,CityName,State,0,0,-2,0,0,,342,1622,0,0,0,0,0
2024-05-30,American,N205XX,2875,BOS,CityName,State,BOS,CityName,State,0,0,-10,0,0,,220,195,0,0,0,0,0
2024-05-31,American,N718XX,9268,ATL,CityName,State,ATL,CityName,State,120,1,121,1,0,,247,279,0,121,0,0,0
2024-05-31,Delta,N883XX,8994,ORD,CityName,State,SFO,CityName,State,0,0,10,0,0,,351,783,0,0,0,0,0
2024-05-31,JetBlue,N176XX,7353,SEA,CityName,State,ATL,CityName,State,0,0,5,0,0,,154,1119,0,0,0,0,0
2024-05-31,United,N926XX,9651,ORD,CityName,State,ORD,CityName,State,0,0,-7,0,0,,353,2610,0,0,0,0,0
2024-05-31,JetBlue,N710XX,4856,ATL,CityName,State,LAX,CityName,State,0,0,-9,0,0,,162,647,0,0,0,0,0
2024-05-31,American,N221XX,2241,MIA,CityName,State,BOS,CityName,State,120,1,108,1,0,,269,1144,108,0,0,0,0
2024-05-31,American,N162XX,3691,JFK,CityName,State,MIA,CityName,State,0,0,5,0,0,,336,1041,0,0,0,0,0
2024-05-31,JetBlue,N554XX,5469,LAX,CityName,State,LAX,CityName,State,0,0,-4,0,0,,69,1857,0,0,0,0,0
2024-05-31,Delta,N347XX,2634,ATL,CityName,State,DFW,CityName,State,0,0,-13,0,0,,124,920,0,0,0,0,0
2024-05-31,Southwest,N977XX,6938,LAX,CityName,State,JFK,CityName,State,15,1,5,0,0,,119,361,0,0,0,0,0
2024-05-31,American,N383XX,2505,ATL,CityName,State,SFO,CityName,State,0,0,-1,0,0,,248,1790,0,0,0,0,0
2024-05-31,JetBlue,N244XX,2713,MIA,CityName,State,MIA,CityName,State,0,0,-6,0,0,,309,1968,0,0,0,0,0
2024-05-31,Delta,N444XX,4990,BOS,CityName,State,LAX,CityName,State,0,0,-2,0,0,,65,2706,0,0,0,0,0
2024-05-31,Southwest,N369XX,2787,MIA,CityName,State,SEA,CityName,State,45,1,41,1,0,,48,1614,0,41,0,0,0
2024-05-31,United,N412XX,5160,MIA,CityName,State,JFK,CityName,State,0,0,-14,0,0,,84,2099,0,0,0,0,0
2024-05-31,Southwest,N939XX,8859,SFO,CityName,State,DEN,CityName,State,0,0,5,0,0,,122,1180,0,0,0,0,0
2024-05-31,JetBlue,N669XX,2867,SFO,CityName,State,LAX,CityName,State,0,0,-9,0,0,,259,1071,0,0,0,0,0
2024-05-31,Southwest,N997XX,4022,DFW,CityName,State,DEN,CityName,State,0,0,-8,0,0,,295,2716,0,0,0,0,0
2024-05-31,JetBlue,N892XX,1314,BOS,CityName,State,DFW,CityName,State,0,0,6,0,0,,156,1670,0,0,0,0,0
2024-05-31,United,N728XX,3738,SFO,CityName,State,JFK,CityName,State,0,0,0,0,1,A,293,2837,0,0,0,0,0
2024-06-01,Delta,N786XX,5787,ATL,CityName,State,LAX,CityName,State,15,1,11,0,0,,319,2974,0,0,0,0,0
2024-06-01,Delta,N772XX,4735,JFK,CityName,State,ORD,CityName,State,0,0,-6,0,0,,103,617,0,0,0,0,0
2024-06-01,Delta,N458XX,2627,SEA,CityName,State,SFO,CityName,State,0,0,-4,0,0,,313,1468,0,0,0,0,0
2024-06-01,JetBlue,N530XX,9392,SEA,CityName,State,SFO,CityName,State,0,0,-7,0,0,,71,2579,0,0,0,0,0
2024-06-01,JetBlue,N907XX,6495,ORD,CityName,State,BOS,CityName,State,15,1,20,1,0,,52,758,20,0,0,0,0
2024-06-01,American,N824XX,909,DEN,CityName,State,JFK,CityName,State,0,0,-6,0,0,,310,1712,0,0,0,0,0
2024-06-01,United,N174XX,9878,ORD,CityName,State,SFO,CityName,State,0,0,-14,0,0,,114,2326,0,0,0,0,0
2024-06-01,JetBlue,N718XX,6966,ORD,CityName,State,BOS,CityName,State,0,0,2,0,0,,342,208,0,0,0,0,0
2024-06-01,JetBlue,N482XX,8804,SEA,CityName,State,ATL,CityName,State,0,0,-5,0,0,,163,1181,0,0,0,0,0
2024-06-01,Southwest,N800XX,1049,ATL,CityName,State,LAX,CityName,State,15,1,9,0,0,,167,893,0,0,0,0,0
2024-06-01,United,N707XX,3380,DEN,CityName,State,BOS,CityName,State,0,0,-11,0,0,,108,2821,0,0,0,0,0
2024-06-01,Southwest,N337XX,7741,ORD,CityName,State,MIA,CityName,State,120,1,118,1,0,,304,1304,0,118,0,0,0
2024-06-01,Southwest,N471XX,293,SEA,CityName,State,MIA,CityName,State,0,0,1,0,0,,270,2210,0,0,0,0,0
2024-06-01,United,N623XX,5828,ORD,CityName,State,JFK,CityName,State,0,0,1,0,0,,287,2078,0,0,0,0,0
2024-06-01,American,N943XX,9599,SEA,CityName,State,SFO,CityName,State,0,0,-12,0,0,,54,492,0,0,0,0,0
2024-06-01,American,N978XX,4709,SFO,CityName,State,ORD,CityName,State,15,1,24,1,0,,359,1301,24,0,0,0,0
2024-06-01,United,N963XX,8291,MIA,CityName,State,MIA,CityName,State,0,0,-5,0,0,,155,476,0,0,0,0,0
2024-06-01,Delta,N852XX,369,JFK,CityName,State,BOS,CityName,State,15,1,22,1,0,,116,1416,22,0,0,0,0
2024-06-02,Southwest,N385XX,7295,ORD,CityName,State,SEA,CityName,State,0,0,-3,0,0,,217,2857,0,0,0,0,0
2024-06-02,United,N409XX,9583,JFK,CityName,State,SEA,CityName,State,0,0,-7,0,0,,190,2012,0,0,0,0,0
2024-06-02,JetBlue,N352XX,9519,DEN,CityName,State,BOS,CityName,State,0,0,5,0,0,,69,982,0,0,0,0,0
2024-06-02,Delta,N903XX,4199,DEN,CityName,State,MIA,CityName,State,0,0,9,0,0,,129,2295,0,0,0,0,0
2024-06-02,Southwest,N752XX,6366,SEA,CityName,State,ORD,CityName,State,0,0,7,0,0,,224,2890,0,0,0,0,0
2024-06-02,United,N916XX,8880,ATL,CityName,State,JFK,CityName,State,0,0,-4,0,0,,274,1913,0,0,0,0,0
2024-06-02,United,N938XX,2880,MIA,CityName,State,SFO,CityName,State,0,0,3,0,0,,84,1649,0,0,0,0,0
2024-06-02,Southwest,N582XX,7935,LAX,CityName,State,BOS,CityName,State,0,0,9,0,0,,91,259,0,0,0,0,0
2024-06-02,Delta,N411XX,5959,DEN,CityName,State,ORD,CityName,State,0,0,9,0,0,,56,1747,0,0,0,0,0
2024-06-02,Delta,N450XX,2518,BOS,CityName,State,JFK,CityName,State,0,0,10,0,0,,98,1072,0,0,0,0,0
2024-06-02,United,N260XX,1203,MIA,CityName,State,LAX,CityName,State,0,0,-3,0,0,,54,373,0,0,0,0,0
2024-06-02,JetBlue,N828XX,5829,LAX,CityName,State,LAX,CityName,State,0,0,10,0,0,,275,2312,0,0,0,0,0
2024-06-03,Delta,N927XX,7643,BOS,CityName,State,LAX,CityName,State,0,0,-9,0,0,,260,287,0,0,0,0,0
2024-06-03,Delta,N469XX,6597,DEN,CityName,State,MIA,CityName,State,30,1,29,1,0,,68,1909,0,0,29,0,0
2024-06-03,American,N797XX,3524,LAX,CityName,State,DFW,CityName,State,0,0,2,0,0,,296,2823,0,0,0,0,0
2024-06-03,Delta,N746XX,5727,DFW,CityName,State,MIA,CityName,State,60,1,58,1,0,,226,216,0,0,58,0,0
2024-06-03,Delta,N677XX,8287,ATL,CityName,State,SFO,CityName,State,0,0,-7,0,0,,122,2658,0,0,0,0,0
2024-06-03,JetBlue,N880XX,1687,JFK,CityName,State,DEN,CityName,State,0,0,1,0,0,,333,2988,0,0,0,0,0
2024-06-03,Delta,N326XX,4768,ATL,CityName,State,DEN,CityName,State,0,0,-3,0,0,,320,2995,0,0,0,0,0
2024-06-03,Southwest,N609XX,9783,LAX,CityName,State,DFW,CityName,State,0,0,-2,0,0,,235,2159,0,0,0,0,0
2024-06-03,JetBlue,N969XX,8951,SEA,CityName,State,LAX,CityName,State,0,0,-8,0,0,,345,2598,0,0,0,0,0
2024-06-03,United,N812XX,6103,MIA,CityName,State,DEN,CityName,State,0,0,8,0,0,,91,985,0,0,0,0,0
2024-06-03,Southwest,N150XX,5638,SFO,CityName,State,DEN,CityName,State,30,1,22,1,0,,359,1992,0,0,0,0,22
2024-06-03,American,N473XX,1506,SFO,CityName,State,SFO,CityName,State,0,0,-13,0,0,,359,154,0,0,0,0,0
2024-06-03,Southwest,N746XX,4086,ATL,CityName,State,BOS,CityName,State,120,1,107,1,0,,333,1317,0,0,0,0,107
2024-06-03,JetBlue,N492XX,3741,MIA,CityName,State,ORD,CityName,State,0,0,-2,0,0,,152,1485,0,0,0,0,0
2024-06-03,Delta,N679XX,1638,BOS,CityName,State,SFO,CityName,State,0,0,8,0,0,,322,2072,0,0,0,0,0
2024-06-03,American,N313XX,5504,MIA,CityName,State,ORD,CityName,State,0,0,-4,0,0,,350,515,0,0,0,0,0
2024-06-03,JetBlue,N389XX,8710,JFK,CityName,State,ORD,CityName,State,45,1,52,1,0,,308,2598,0,0,0,0,52
2024-06-04,Southwest,N905XX,9906,MIA,CityName,State,LAX,CityName,State,0,0,-14,0,0,,205,583,0,0,0,0,0
2024-06-04,Delta,N522XX,2511,BOS,CityName,State,DEN,CityName,State,0,0,-14,0,0,,168,151,0,0,0,0,0
2024-06-04,Southwest,N579XX,8575,JFK,CityName,State,ORD,CityName,State,0,0,-12,0,0,,168,500,0,0,0,0,0
2024-06-04,United,N740XX,9849,LAX,CityName,State,DFW,CityName,State,30,1,17,1,0,,273,1967,0,0,17,0,0
2024-06-04,JetBlue,N122XX,5791,BOS,CityName,State,ORD,CityName,State,0,0,-3,0,0,,203,819,0,0,0,0,0
2024-06-04,Delta,N958XX,8010,MIA,CityName,State,ORD,CityName,State,15,1,11,0,0,,187,2306,0,0,0,0,0
2024-06-04,Southwest,N642XX,338,JFK,CityName,State,MIA,CityName,State,0,0,-8,0,0,,73,1031,0,0,0,0,0
2024-06-04,Delta,N674XX,5668,DFW,CityName,State,DEN,CityName,State,0,0,6,0,0,,353,972,0,0,0,0,0
2024-06-04,Delta,N520XX,626,BOS,CityName,State,ORD,CityName,State,120,1,127,1,0,,118,1101,0,0,0,0,127
2024-06-04,American,N248XX,5083,SEA,CityName,State,MIA,CityName,State,0,0,7,0,0,,216,698,0,0,0,0,0
2024-06-05,Southwest,N499XX,548,ATL,CityName,State,BOS,CityName,State,0,0,0,0,0,,178,441,0,0,0,0,0
2024-06-05,United,N576XX,6741,SFO,CityName,State,DFW,CityName,State,0,0,3,0,0,,278,2125,0,0,0,0,0
2024-06-05,American,N922XX,2968,ORD,CityName,State,JFK,CityName,State,0,0,-1,0,0,,358,1215,0,0,0,0,0
2024-06-05,United,N143XX,1069,LAX,CityName,State,MIA,CityName,State,0,0,7,0,0,,103,2174,0,0,0,0,0
2024-06-05,United,N151XX,3743,LAX,CityName,State,DEN,CityName,State,0,0,1,0,0,,217,1583,0,0,0,0,0
2024-06-05,American,N874XX,4809,DFW,CityName,State,DFW,CityName,State,15,1,18,1,0,,127,941,18,0,0,0,0
2024-06-05,United,N554XX,5643,MIA,CityName,State,DFW,CityName,State,0,0,-1,0,0,,222,1521,0,0,0,0,0
2024-06-05,Delta,N422XX,1398,DFW,CityName,State,DEN,CityName,State,0,0,-8,0,0,,185,1734,0,0,0,0,0
2024-06-05,American,N251XX,4840,LAX,CityName,State,BOS,CityName,State,0,0,-8,0,0,,244,238,0,0,0,0,0
2024-06-05,United,N837XX,6165,JFK,CityName,State,DFW,CityName,State,30,1,39,1,0,,46,1093,0,0,39,0,0
2024-06-05,JetBlue,N809XX,5350,DFW,CityName,State,LAX,CityName,State,0,0,5,0,0,,153,1744,0,0,0,0,0
2024-06-05,Delta,N270XX,4513,DFW,CityName,State,SEA,CityName,State,0,0,-14,0,0,,192,530,0,0,0,0,0
2024-06-05,United,N934XX,1641,ATL,CityName,State,ATL,CityName,State,0,0,-2,0,0,,120,2780,0,0,0,0,0
2024-06-06,American,N470XX,1874,JFK,CityName,State,DFW,CityName,State,0,0,-6,0,0,,74,2846,0,0,0,0,0
2024-06-06,Delta,N189XX,4724,SFO,CityName,State,ORD,CityName,State,0,0,6,0,0,,77,2741,0,0,0,0,0
2024-06-06,JetBlue,N930XX,5955,ORD,CityName,State,SEA,CityName,State,0,0,0,0,0,,346,2767,0,0,0,0,0
2024-06-06,Southwest,N941XX,3113,ORD,CityName,State,SFO,CityName,State,0,0,-4,0,0,,135,1149,0,0,0,0,0
2024-06-06,United,N440XX,6177,DEN,CityName,State,BOS,CityName,State,0,0,8,0,0,,274,1260,0,0,0,0,0
2024-06-06,Delta,N864XX,1124,DFW,CityName,State,DEN,CityName,State,0,0,4,0,0,,152,459,0,0,0,0,0
2024-06-06,United,N896XX,4464,DEN,CityName,State,MIA,CityName,State,0,0,6,0,0,,117,803,0,0,0,0,0
2024-06-06,JetBlue,N332XX,9783,ORD,CityName,State,JFK,CityName,State,0,0,9,0,0,,231,354,0,0,0,0,0
2024-06-06,United,N659XX,9113,MIA,CityName,State,MIA,CityName,State,0,0,6,0,0,,83,1584,0,0,0,0,0
2024-06-06,United,N397XX,2193,JFK,CityName,State,ORD,CityName,State,45,1,53,1,0,,184,1595,53,0,0,0,0
2024-06-06,United,N445XX,468,SEA,CityName,State,SEA,CityName,State,0,0,-8,0,0,,144,662,0,0,0,0,0
2024-06-07,JetBlue,N205XX,404,JFK,CityName,State,MIA,CityName,State,0,0,8,0,0,,281,2463,0,0,0,0,0
2024-06-07,Delta,N345XX,2690,SFO,CityName,State,ATL,CityName,State,120,1,115,1,0,,262,1008,0,0,0,0,115
2024-06-07,American,N402XX,3501,ORD,CityName,State,DFW,CityName,State,45,1,52,1,0,,110,282,0,0,52,0,0
2024-06-07,Southwest,N650XX,8871,DFW,CityName,State,BOS,CityName,State,60,1,48,1,0,,147,2551,0,0,48,0,0
2024-06-07,JetBlue,N154XX,3277,DEN,CityName,State,ORD,CityName,State,0,0,1,0,0,,273,2154,0,0,0,0,0
2024-06-07,Southwest,N424XX,1526,LAX,CityName,State,ATL,CityName,State,0,0,-6,0,0,,163,848,0,0,0,0,0
2024-06-07,Delta,N436XX,4416,DEN,CityName,State,JFK,CityName,State,0,0,-12,0,0,,308,697,0,0,0,0,0
2024-06-07,Southwest,N535XX,8892,DEN,CityName,State,SFO,CityName,State,0,0,-14,0,0,,118,2029,0,0,0,0,0
2024-06-07,Southwest,N900XX,5824,DEN,CityName,State,BOS,CityName,State,0,0,-2,0,0,,197,1027,0,0,0,0,0
2024-06-07,American,N631XX,878,SFO,CityName,State,LAX,CityName,State,0,0,-6,0,0,,196,1491,0,0,0,0,0
2024-06-07,Southwest,N190XX,4497,SFO,CityName,State,MIA,CityName,State,0,0,-8,0,0,,326,2903,0,0,0,0,0
2024-06-07,Southwest,N727XX,3832,BOS,CityName,State,DFW,CityName,State,15,1,15,1,0,,310,2987,15,0,0,0,0
2024-06-07,United,N605XX,7575,DFW,CityName,State,ATL,CityName,State,0,0,-2,0,0,,80,2716,0,0,0,0,0
2024-06-07,Southwest,N940XX,8187,JFK,CityName,State,SEA,CityName,State,15,1,3,0,0,,70,2549,0,0,0,0,0
2024-06-07,United,N744XX,8105,SFO,CityName,State,JFK,CityName,State,0,0,-8,0,0,,68,2576,0,0,0,0,0
2024-06-07,American,N322XX,7743,JFK,CityName,State,ATL,CityName,State,0,0,-8,0,0,,327,512,0,0,0,0,0
2024-06-08,JetBlue,N621XX,9535,SFO,CityName,State,SFO,CityName,State,0,0,-14,0,0,,106,1622,0,0,0,0,0
2024-06-08,United,N216XX,819,SFO,CityName,State,JFK,CityName,State,0,0,-12,0,0,,123,2734,0,0,0,0,0
2024-06-08,Delta,N116XX,2251,MIA,CityName,State,ORD,CityName,State,0,0,-9,0,0,,331,1509,0,0,0,0,0
2024-06-08,United,N630XX,926,ATL,CityName,State,ATL,CityName,State,0,0,0,0,1,A,314,2084,0,0,0,0,0
2024-06-08,Southwest,N237XX,4568,MIA,CityName,State,LAX,CityName,State,0,0,0,0,0,,261,2850,0,0,0,0,0
2024-06-08,Delta,N664XX,3160,BOS,CityName,State,ATL,CityName,State,0,0,-8,0,0,,237,564,0,0,0,0,0
2024-06-08,JetBlue,N559XX,1957,SEA,CityName,State,SFO,CityName,State,0,0,10,0,0,,176,2768,0,0,0,0,0
2024-06-08,United,N724XX,1910,DFW,CityName,State,DEN,CityName,State,0,0,6,0,0,,337,1743,0,0,0,0,0
2024-06-08,Delta,N905XX,1879,DEN,CityName,State,MIA,CityName,State,15,1,0,0,1,A,131,1415,0,0,0,0,0
2024-06-08,Southwest,N716XX,6674,LAX,CityName,State,DFW,CityName,State,0,0,2,0,0,,69,1768,0,0,0,0,0
2024-06-08,Southwest,N864XX,2206,SFO,CityName,State,MIA,CityName,State,0,0,-4,0,0,,190,2112,0,0,0,0,0
2024-06-08,American,N858XX,7159,ORD,CityName,State,ATL,CityName,State,0,0,0,0,0,,203,1498,0,0,0,0,0
2024-06-09,American,N241XX,7154,MIA,CityName,State,ATL,CityName,State,30,1,24,1,0,,72,1929,0,0,24,0,0
2024-06-09,Delta,N698XX,3392,DEN,CityName,State,ATL,CityName,State,60,1,54,1,0,,262,2442,54,0,0,0,0
2024-06-09,Delta,N494XX,6537,JFK,CityName,State,MIA,CityName,State,0,0,4,0,0,,257,2739,0,0,0,0,0
2024-06-09,American,N778XX,7008,BOS,CityName,State,JFK,CityName,State,0,0,-5,0,0,,276,1119,0,0,0,0,0
2024-06-09,United,N708XX,4949,DFW,CityName,State,BOS,CityName,State,0,0,10,0,0,,268,1499,0,0,0,0,0
2024-06-09,Southwest,N360XX,3110,ORD,CityName,State,DFW,CityName,State,0,0,0,0,0,,67,2529,0,0,0,0,0
2024-06-09,Southwest,N254XX,6154,BOS,CityName,State,ORD,CityName,State,0,0,-6,0,0,,97,1304,0,0,0,0,0
2024-06-09,American,N829XX,7853,ATL,CityName,State,BOS,CityName,State,0,0,7,0,0,,65,1035,0,0,0,0,0
2024-06-09,American,N188XX,110,JFK,CityName,State,ATL,CityName,State,0,0,-10,0,0,,163,559,0,0,0,0,0
2024-06-09,JetBlue,N733XX,1139,DEN,CityName,State,SFO,CityName,State,0,0,-3,0,0,,237,2330,0,0,0,0,0
2024-06-09,Delta,N834XX,4927,LAX,CityName,State,MIA,CityName,State,0,0,10,0,0,,303,2688,0,0,0,0,0
2024-06-09,Delta,N862XX,9579,DFW,CityName,State,ATL,CityName,State,0,0,-8,0,0,,305,1754,0,0,0,0,0
2024-06-09,American,N599XX,1916,SFO,CityName,State,SEA,CityName,State,0,0,3,0,0,,97,1829,0,0,0,0,0
2024-06-10,United,N241XX,6797,SEA,CityName,State,ATL,CityName,State,0,0,0,0,0,,253,2062,0,0,0,0,0
2024-06-10,American,N263XX,6669,SEA,CityName,State,DFW,CityName,State,0,0,-4,0,0,,214,1674,0,0,0,0,0
2024-06-10,American,N296XX,4973,BOS,CityName,State,MIA,CityName,State,0,0,-10,0,0,,307,2328,0,0,0,0,0
2024-06-10,Delta,N192XX,3098,JFK,CityName,State,SFO,CityName,State,0,0,-6,0,0,,205,1444,0,0,0,0,0
2024-06-10,JetBlue,N826XX,3789,JFK,CityName,State,SFO,CityName,State,30,1,17,1,0,,142,2987,17,0,0,0,0
2024-06-10,Delta,N412XX,5098,MIA,CityName,State,ATL,CityName,State,120,1,114,1,0,,164,1645,0,0,114,0,0
2024-06-10,Delta,N492XX,213,LAX,CityName,State,BOS,CityName,State,0,0,8,0,0,,178,2145,0,0,0,0,0
2024-06-10,United,N394XX,6260,ORD,CityName,State,MIA,CityName,State,30,1,38,1,0,,299,330,0,0,0,0,38
2024-06-10,United,N464XX,7273,DEN,CityName,State,ORD,CityName,State,0,0,-12,0,0,,140,631,0,0,0,0,0
2024-06-10,Delta,N691XX,7090,SEA,CityName,State,ORD,CityName,State,0,0,-12,0,0,,106,991,0,0,0,0,0
2024-06-10,United,N275XX,8141,ATL,CityName,State,SEA,CityName,State,0,0,3,0,0,,263,312,0,0,0,0,0
2024-06-10,JetBlue,N905XX,1136,SEA,CityName,State,DFW,CityName,State,0,0,0,0,0,,91,2609,0,0,0,0,0
2024-06-10,JetBlue,N593XX,1212,LAX,CityName,State,MIA,CityName,State,0,0,-7,0,0,,239,1793,0,0,0,0,0
2024-06-10,American,N258XX,1989,SEA,CityName,State,ATL,CityName,State,0,0,-4,0,0,,273,2861,0,0,0,0,0
2024-06-10,United,N574XX,842,MIA,CityName,State,SEA,CityName,State,15,1,25,1,0,,308,1292,0,0,25,0,0
2024-06-10,Delta,N688XX,1324,SFO,CityName,State,LAX,CityName,State,30,1,33,1,0,,335,2641,0,0,0,0,33
2024-06-11,JetBlue,N299XX,3491,DFW,CityName,State,LAX,CityName,State,0,0,-1,0,0,,334,162,0,0,0,0,0
2024-06-11,American,N177XX,9645,SFO,CityName,State,ATL,CityName,State,15,1,12,0,0,,277,2568,0,0,0,0,0
2024-06-11,Delta,N184XX,146,LAX,CityName,State,DEN,CityName,State,0,0,-13,0,0,,180,2137,0,0,0,0,0
2024-06-11,United,N274XX,220,SFO,CityName,State,LAX,CityName,State,0,0,-6,0,0,,169,2158,0,0,0,0,0
2024-06-11,Southwest,N391XX,570,MIA,CityName,State,JFK,CityName,State,0,0,5,0,0,,307,759,0,0,0,0,0
2024-06-11,United,N615XX,519,SEA,CityName,State,LAX,CityName,State,0,0,-5,0,0,,76,394,0,0,0,0,0
2024-06-11,Delta,N266XX,4095,JFK,CityName,State,JFK,CityName,State,0,0,-12,0,0,,115,1638,0,0,0,0,0
2024-06-11,American,N252XX,5023,BOS,CityName,State,SEA,CityName,State,0,0,-10,0,0,,73,1359,0,0,0,0,0
2024-06-11,Delta,N286XX,9165,ATL,CityName,State,MIA,CityName,State,0,0,3,0,0,,134,989,0,0,0,0,0
2024-06-11,JetBlue,N788XX,2872,LAX,CityName,State,ATL,CityName,State,0,0,-9,0,0,,173,1696,0,0,0,0,0
2024-06-11,Delta,N703XX,1131,JFK,CityName,State,SFO,CityName,State,0,0,5,0,0,,332,2865,0,0,0,0,0
2024-06-11,Southwest,N263XX,2048,JFK,CityName,State,BOS,CityName,State,0,0,-13,0,0,,290,1050,0,0,0,0,0
2024-06-11,JetBlue,N607XX,7231,LAX,CityName,State,LAX,CityName,State,15,1,23,1,0,,270,831,0,0,23,0,0
2024-06-11,Southwest,N246XX,9481,DEN,CityName,State,ATL,CityName,State,0,0,-4,0,0,,300,296,0,0,0,0,0
2024-06-11,Southwest,N442XX,8207,BOS,CityName,State,DFW,CityName,State,0,0,-1,0,0,,309,1375,0,0,0,0,0
2024-06-11,Southwest,N322XX,4014,JFK,CityName,State,SFO,CityName,State,0,0,3,0,0,,159,759,0,0,0,0,0
2024-06-11,Southwest,N618XX,8685,LAX,CityName,State,BOS,CityName,State,0,0,4,0,0,,154,2687,0,0,0,0,0
2024-06-11,American,N118XX,6535,SFO,CityName,State,ATL,CityName,State,0,0,2,0,0,,304,1695,0,0,0,0,0
2024-06-12,Delta,N831XX,7947,ATL,CityName,State,MIA,CityName,State,0,0,6,0,0,,275,1575,0,0,0,0,0
2024-06-12,Southwest,N568XX,5358,LAX,CityName,State,ATL,CityName,State,60,1,59,1,0,,173,1618,0,59,0,0,0
2024-06-12,Southwest,N764XX,6719,DEN,CityName,State,JFK,CityName,State,0,0,7,0,0,,140,1066,0,0,0,0,0
2024-06-12,Southwest,N836XX,9290,SEA,CityName,State,LAX,CityName,State,0,0,6,0,0,,322,1147,0,0,0,0,0
2024-06-12,JetBlue,N395XX,2549,SEA,CityName,State,BOS,CityName,State,0,0,2,0,0,,293,2826,0,0,0,0,0
2024-06-12,Southwest,N475XX,3817,BOS,CityName,State,SEA,CityName,State,15,1,12,0,0,,323,790,0,0,0,0,0
2024-06-12,Southwest,N864XX,6072,DEN,CityName,State,ATL,CityName,State,0,0,5,0,0,,98,333,0,0,0,0,0
2024-06-12,Delta,N619XX,1886,SFO,CityName,State,JFK,CityName,State,0,0,7,0,0,,314,2052,0,0,0,0,0
2024-06-12,Southwest,N495XX,5674,ORD,CityName,State,SFO,CityName,State,0,0,-14,0,0,,242,433,0,0,0,0,0
2024-06-12,Southwest,N532XX,691,DEN,CityName,State,ORD,CityName,State,0,0,-12,0,0,,323,911,0,0,0,0,0
2024-06-12,JetBlue,N536XX,6941,SEA,CityName,State,BOS,CityName,State,15,1,23,1,0,,308,333,0,0,23,0,0
2024-06-13,Southwest,N517XX,9003,DFW,CityName,State,DEN,CityName,State,0,0,-3,0,0,,282,1692,0,0,0,0,0
2024-06-13,American,N362XX,217,DEN,CityName,State,LAX,CityName,State,15,1,2,0,0,,306,1673,0,0,0,0,0
2024-06-13,Delta,N987XX,1698,DEN,CityName,State,SEA,CityName,State,0,0,5,0,0,,118,1707,0,0,0,0,0
2024-06-13,American,N597XX,572,LAX,CityName,State,LAX,CityName,State,15,1,10,0,0,,272,734,0,0,0,0,0
2024-06-13,American,N385XX,420,JFK,CityName,State,BOS,CityName,State,0,0,-8,0,0,,54,2605,0,0,0,0,0
2024-06-13,Delta,N242XX,1028,ATL,CityName,State,LAX,CityName,State,0,0,-5,0,0,,61,212,0,0,0,0,0
2024-06-13,Delta,N712XX,6015,DEN,CityName,State,SFO,CityName,State,0,0,-6,0,0,,195,1359,0,0,0,0,0
2024-06-13,United,N401XX,2993,JFK,CityName,State,SFO,CityName,State,0,0,-2,0,0,,147,1089,0,0,0,0,0
2024-06-13,Southwest,N388XX,1619,MIA,CityName,State,DFW,CityName,State,15,1,3,0,0,,344,1428,0,0,0,0,0
2024-06-13,JetBlue,N558XX,3395,SFO,CityName,State,DFW,CityName,State,15,1,6,0,0,,181,2833,0,0,0,0,0
2024-06-13,Southwest,N895XX,672,LAX,CityName,State,ORD,CityName,State,15,1,16,1,0,,114,267,0,0,0,0,16
2024-06-13,United,N468XX,696,DFW,CityName,State,JFK,CityName,State,0,0,-6,0,0,,203,672,0,0,0,0,0
2024-06-13,American,N814XX,1192,MIA,CityName,State,SFO,CityName,State,15,1,21,1,0,,105,618,0,0,0,0,21
2024-06-13,Delta,N434XX,6821,ORD,CityName,State,SFO,CityName,State,15,1,13,0,0,,78,439,0,0,0,0,0
2024-06-13,United,N683XX,7020,ORD,CityName,State,ORD,CityName,State,0,0,-8,0,0,,98,2521,0,0,0,0,0
2024-06-14,American,N865XX,3518,ORD,CityName,State,ORD,CityName,State,0,0,-3,0,0,,202,2923,0,0,0,0,0
2024-06-14,American,N283XX,6637,SFO,CityName,State,BOS,CityName,State,0,0,-5,0,0,,270,2659,0,0,0,0,0
2024-06-14,United,N322XX,9943,LAX,CityName,State,SEA,CityName,State,0,0,3,0,0,,323,1422,0,0,0,0,0
2024-06-14,JetBlue,N298XX,4009,ORD,CityName,State,ORD,CityName,State,0,0,10,0,0,,277,271,0,0,0,0,0
2024-06-14,American,N445XX,5962,LAX,CityName,State,DFW,CityName,State,0,0,-11,0,0,,64,1645,0,0,0,0,0
2024-06-14,Delta,N121XX,2386,MIA,CityName,State,BOS,CityName,State,0,0,-10,0,0,,262,1101,0,0,0,0,0
2024-06-14,Southwest,N324XX,650,SEA,CityName,State,LAX,CityName,State,0,0,5,0,0,,59,1752,0,0,0,0,0
2024-06-14,Southwest,N870XX,5167,SFO,CityName,State,BOS,CityName,State,0,0,6,0,0,,76,2442,0,0,0,0,0
2024-06-14,JetBlue,N829XX,7091,ORD,CityName,State,MIA,CityName,State,0,0,7,0,0,,329,2583,0,0,0,0,0
2024-06-14,Southwest,N681XX,6934,DEN,CityName,State,ORD,CityName,State,0,0,-13,0,0,,242,2882,0,0,0,0,0
2024-06-15,Delta,N754XX,6339,ATL,CityName,State,ORD,CityName,State,0,0,-6,0,0,,235,916,0,0,0,0,0
2024-06-15,JetBlue,N253XX,2044,BOS,CityName,State,MIA,CityName,State,0,0,0,0,1,A,106,2435,0,0,0,0,0
2024-06-15,JetBlue,N776XX,5644,SFO,CityName,State,MIA,CityName,State,0,0,-14,0,0,,306,2550,0,0,0,0,0
2024-06-15,JetBlue,N995XX,2976,MIA,CityName,State,DEN,CityName,State,0,0,-1,0,0,,235,281,0,0,0,0,0
2024-06-15,Southwest,N611XX,9631,ATL,CityName,State,JFK,CityName,State,0,0,-12,0,0,,225,1351,0,0,0,0,0
2024-06-15,JetBlue,N679XX,4040,JFK,CityName,State,ATL,CityName,State,0,0,-4,0,0,,97,2646,0,0,0,0,0
2024-06-15,American,N620XX,6419,MIA,CityName,State,SFO,CityName,State,0,0,3,0,0,,120,2124,0,0,0,0,0
2024-06-16,Southwest,N868XX,9093,JFK,CityName,State,BOS,CityName,State,0,0,6,0,0,,183,1865,0,0,0,0,0
2024-06-16,United,N236XX,6347,BOS,CityName,State,MIA,CityName,State,0,0,6,0,0,,65,1752,0,0,0,0,0
2024-06-16,Southwest,N881XX,3313,DEN,CityName,State,DFW,CityName,State,0,0,4,0,0,,126,1920,0,0,0,0,0
2024-06-16,JetBlue,N279XX,1677,DFW,CityName,State,SEA,CityName,State,0,0,0,0,0,,136,2362,0,0,0,0,0
2024-06-16,Delta,N816XX,7182,ATL,CityName,State,DFW,CityName,State,0,0,-1,0,0,,246,2735,0,0,0,0,0
2024-06-16,JetBlue,N843XX,3968,SEA,CityName,State,ATL,CityName,State,0,0,0,0,0,,81,2930,0,0,0,0,0
2024-06-16,Southwest,N505XX,4612,MIA,CityName,State,SFO,CityName,State,0,0,-1,0,0,,237,2898,0,0,0,0,0
2024-06-16,Delta,N958XX,8425,LAX,CityName,State,SEA,CityName,State,0,0,-4,0,0,,181,2996,0,0,0,0,0
2024-06-16,JetBlue,N154XX,1977,ATL,CityName,State,DEN,CityName,State,0,0,1,0,0,,220,1014,0,0,0,0,0
2024-06-16,American,N877XX,8715,DEN,CityName,State,BOS,CityName,State,0,0,-11,0,0,,311,2435,0,0,0,0,0
2024-06-16,Delta,N778XX,5448,JFK,CityName,State,DFW,CityName,State,0,0,-13,0,0,,49,2741,0,0,0,0,0
2024-06-16,Southwest,N977XX,4864,LAX,CityName,State,MIA,CityName,State,0,0,4,0,0,,96,1985,0,0,0,0,0
2024-06-16,Delta,N609XX,2817,SEA,CityName,State,SFO,CityName,State,0,0,-5,0,0,,70,194,0,0,0,0,0
2024-06-16,JetBlue,N899XX,5014,ORD,CityName,State,ATL,CityName,State,240,1,235,1,0,,258,1377,0,0,235,0,0
2024-06-16,American,N437XX,425,MIA,CityName,State,SFO,CityName,State,0,0,8,0,0,,184,2560,0,0,0,0,0
2024-06-16,Southwest,N935XX,7104,BOS,CityName,State,JFK,CityName,State,0,0,5,0,0,,241,677,0,0,0,0,0
2024-06-16,Southwest,N670XX,7399,MIA,CityName,State,BOS,CityName,State,45,1,52,1,0,,116,2181,0,52,0,0,0
2024-06-16,Delta,N892XX,8972,ATL,CityName,State,SEA,CityName,State,0,0,2,0,0,,245,2757,0,0,0,0,0
2024-06-16,JetBlue,N513XX,8819,JFK,CityName,State,DFW,CityName,State,0,0,3,0,0,,273,826,0,0,0,0,0
2024-06-17,Southwest,N809XX,1976,LAX,CityName,State,LAX,CityName,State,0,0,-11,0,0,,294,472,0,0,0,0,0
2024-06-17,American,N113XX,1710,SEA,CityName,State,ORD,CityName,State,0,0,-6,0,0,,181,2164,0,0,0,0,0
2024-06-17,Delta,N340XX,2563,DEN,CityName,State,DEN,CityName,State,0,0,-14,0,0,,193,2078,0,0,0,0,0
2024-06-17,American,N640XX,4857,SEA,CityName,State,LAX,CityName,State,30,1,30,1,0,,313,282,0,0,30,0,0
2024-06-17,Delta,N600XX,9094,DEN,CityName,State,DEN,CityName,State,0,0,8,0,0,,228,297,0,0,0,0,0
2024-06-17,United,N313XX,2253,JFK,CityName,State,MIA,CityName,State,0,0,-13,0,0,,191,1309,0,0,0,0,0
2024-06-17,Southwest,N497XX,1506,DEN,CityName,State,SEA,CityName,State,45,1,51,1,0,,293,2296,0,0,51,0,0
2024-06-17,American,N671XX,7068,JFK,CityName,State,JFK,CityName,State,15,1,8,0,0,,243,530,0,0,0,0,0
2024-06-17,JetBlue,N473XX,9325,ORD,CityName,State,DFW,CityName,State,0,0,-2,0,0,,150,1118,0,0,0,0,0
2024-06-18,Delta,N346XX,5253,JFK,CityName,State,DEN,CityName,State,15,1,6,0,0,,356,2188,0,0,0,0,0
2024-06-18,American,N276XX,239,BOS,CityName,State,JFK,CityName,State,0,0,-6,0,0,,338,1203,0,0,0,0,0
2024-06-18,Southwest,N537XX,7387,DEN,CityName,State,ATL,CityName,State,0,0,-2,0,0,,106,1835,0,0,0,0,0
2024-06-18,Delta,N882XX,7222,DFW,CityName,State,SFO,CityName,State,0,0,-7,0,0,,290,1470,0,0,0,0,0
2024-06-18,American,N896XX,6148,BOS,CityName,State,MIA,CityName,State,15,1,9,0,0,,192,445,0,0,0,0,0
2024-06-18,Southwest,N800XX,519,SFO,CityName,State,BOS,CityName,State,30,1,40,1,0,,348,229,0,0,40,0,0
2024-06-18,JetBlue,N566XX,3401,BOS,CityName,State,ORD,CityName,State,0,0,10,0,0,,344,2011,0,0,0,0,0
2024-06-18,JetBlue,N241XX,2742,DFW,CityName,State,SEA,CityName,State,0,0,0,0,1,A,90,2895,0,0,0,0,0
2024-06-18,JetBlue,N534XX,7240,BOS,CityName,State,SFO,CityName,State,45,1,37,1,0,,180,412,0,0,37,0,0
2024-06-18,JetBlue,N811XX,4646,DFW,CityName,State,JFK,CityName,State,0,0,-6,0,0,,266,880,0,0,0,0,0
2024-06-18,Delta,N418XX,1126,DEN,CityName,State,DEN,CityName,State,30,1,18,1,0,,146,1922,0,18,0,0,0
2024-06-18,American,N491XX,2707,BOS,CityName,State,SEA,CityName,State,60,1,69,1,0,,61,2202,0,0,69,0,0
2024-06-18,American,N354XX,7448,LAX,CityName,State,BOS,CityName,State,0,0,-7,0,0,,131,366,0,0,0,0,0
2024-06-18,JetBlue,N250XX,3008,BOS,CityName,State,DEN,CityName,State,0,0,-13,0,0,,353,1869,0,0,0,0,0
2024-06-18,Southwest,N918XX,3101,BOS,CityName,State,DFW,CityName,State,0,0,-4,0,0,,183,2406,0,0,0,0,0
2024-06-18,United,N866XX,5630,MIA,CityName,State,SFO,CityName,State,15,1,8,0,0,,65,1488,0,0,0,0,0
2024-06-18,Southwest,N764XX,7373,BOS,CityName,State,MIA,CityName,State,0,0,3,0,0,,351,1317,0,0,0,0,0
2024-06-18,Southwest,N592XX,1960,DFW,CityName,State,SEA,CityName,State,0,0,10,0,0,,208,945,0,0,0,0,0
2024-06-19,Delta,N740XX,9078,ORD,CityName,State,ATL,CityName,State,0,0,-8,0,0,,126,920,0,0,0,0,0
2024-06-19,American,N192XX,2514,DFW,CityName,State,ATL,CityName,State,0,0,2,0,0,,99,964,0,0,0,0,0
2024-06-19,Southwest,N749XX,5679,BOS,CityName,State,SFO,CityName,State,0,0,-4,0,0,,341,555,0,0,0,0,0
2024-06-19,Southwest,N144XX,1362,LAX,CityName,State,SEA,CityName,State,15,1,3,0,0,,170,1840,0,0,0,0,0
2024-06-19,Delta,N117XX,1290,JFK,CityName,State,DFW,CityName,State,0,0,0,0,1,A,182,1678,0,0,0,0,0
2024-06-19,United,N430XX,2213,SFO,CityName,State,SEA,CityName,State,0,0,-14,0,0,,136,2850,0,0,0,0,0
2024-06-19,Southwest,N837XX,314,LAX,CityName,State,ORD,CityName,State,0,0,6,0,0,,143,2216,0,0,0,0,0
2024-06-19,JetBlue,N907XX,1653,SEA,CityName,State,BOS,CityName,State,0,0,-3,0,0,,181,1736,0,0,0,0,0
2024-06-19,Delta,N243XX,1594,MIA,CityName,State,JFK,CityName,State,0,0,-11,0,0,,145,1403,0,0,0,0,0
2024-06-19,American,N444XX,220,SFO,CityName,State,BOS,CityName,State,0,0,0,0,0,,253,2760,0,0,0,0,0
2024-06-19,American,N855XX,7186,SEA,CityName,State,MIA,CityName,State,60,1,53,1,0,,124,1787,53,0,0,0,0
2024-06-19,American,N486XX,4715,SEA,CityName,State,BOS,CityName,State,0,0,-6,0,0,,139,428,0,0,0,0,0
2024-06-19,Southwest,N958XX,2350,SEA,CityName,State,LAX,CityName,State,0,0,9,0,0,,229,2700,0,0,0,0,0
2024-06-19,Delta,N949XX,7522,DEN,CityName,State,ATL,CityName,State,0,0,-2,0,0,,283,2972,0,0,0,0,0
2024-06-19,United,N574XX,9750,ORD,CityName,State,MIA,CityName,State,0,0,-6,0,0,,48,2410,0,0,0,0,0
2024-06-20,American,N449XX,4693,DFW,CityName,State,DFW,CityName,State,15,1,12,0,0,,123,2042,0,0,0,0,0
2024-06-20,United,N245XX,9375,MIA,CityName,State,BOS,CityName,State,0,0,-14,0,0,,210,2593,0,0,0,0,0
2024-06-20,United,N623XX,3401,ATL,CityName,State,LAX,CityName,State,0,0,-3,0,0,,127,2069,0,0,0,0,0
2024-06-20,Southwest,N651XX,6488,ORD,CityName,State,DFW,CityName,State,0,0,-12,0,0,,120,1617,0,0,0,0,0
2024-06-20,United,N941XX,905,SEA,CityName,State,DFW,CityName,State,0,0,2,0,0,,320,435,0,0,0,0,0
2024-06-20,American,N525XX,4377,ORD,CityName,State,ORD,CityName,State,0,0,-2,0,0,,269,476,0,0,0,0,0
2024-06-20,American,N897XX,2618,SEA,CityName,State,LAX,CityName,State,15,1,3,0,0,,307,459,0,0,0,0,0
2024-06-20,Delta,N606XX,8601,DFW,CityName,State,ATL,CityName,State,0,0,8,0,0,,345,1749,0,0,0,0,0
2024-06-20,Delta,N683XX,4211,BOS,CityName,State,MIA,CityName,State,0,0,-7,0,0,,321,355,0,0,0,0,0
2024-06-20,Delta,N851XX,4399,ORD,CityName,State,DEN,CityName,State,15,1,7,0,0,,131,604,0,0,0,0,0
2024-06-20,Southwest,N786XX,7853,BOS,CityName,State,DFW,CityName,State,0,0,9,0,0,,294,2628,0,0,0,0,0
2024-06-20,United,N148XX,8455,DFW,CityName,State,MIA,CityName,State,0,0,2,0,0,,82,2782,0,0,0,0,0
2024-06-20,Delta,N885XX,8231,ORD,CityName,State,LAX,CityName,State,45,1,36,1,0,,347,1353,0,0,0,0,36
2024-06-20,American,N529XX,7270,DFW,CityName,State,JFK,CityName,State,15,1,8,0,0,,167,2918,0,0,0,0,0
2024-06-20,Southwest,N694XX,6479,ATL,CityName,State,SEA,CityName,State,30,1,36,1,0,,198,342,0,0,0,0,36
2024-06-20,Delta,N302XX,4487,SFO,CityName,State,ORD,CityName,State,0,0,-6,0,0,,332,1185,0,0,0,0,0
2024-06-20,Southwest,N304XX,8562,BOS,CityName,State,ORD,CityName,State,0,0,-5,0,0,,260,1804,0,0,0,0,0
2024-06-21,Delta,N293XX,8707,LAX,CityName,State,DFW,CityName,State,0,0,8,0,0,,309,2012,0,0,0,0,0
2024-06-21,JetBlue,N962XX,8038,ORD,CityName,State,MIA,CityName,State,0,0,-1,0,0,,175,493,0,0,0,0,0
2024-06-21,JetBlue,N206XX,7062,ORD,CityName,State,SFO,CityName,State,0,0,0,0,1,A,350,2372,0,0,0,0,0
2024-06-21,Delta,N922XX,1675,LAX,CityName,State,SEA,CityName,State,120,1,121,1,0,,58,457,0,0,121,0,0
2024-06-21,Delta,N745XX,1531,ATL,CityName,State,ATL,CityName,State,0,0,-13,0,0,,148,1627,0,0,0,0,0
2024-06-21,JetBlue,N119XX,2163,MIA,CityName,State,MIA,CityName,State,0,0,-11,0,0,,336,219,0,0,0,0,0
2024-06-21,JetBlue,N698XX,832,JFK,CityName,State,SFO,CityName,State,0,0,4,0,0,,359,614,0,0,0,0,0
2024-06-21,American,N156XX,8835,ORD,CityName,State,ORD,CityName,State,0,0,-3,0,0,,49,606,0,0,0,0,0
2024-06-21,Southwest,N780XX,3753,LAX,CityName,State,DFW,CityName,State,15,1,23,1,0,,167,1409,0,0,23,0,0
2024-06-21,Southwest,N388XX,743,DFW,CityName,State,DEN,CityName,State,15,1,19,1,0,,145,2680,19,0,0,0,0
2024-06-21,American,N104XX,6637,LAX,CityName,State,SFO,CityName,State,0,0,4,0,0,,93,630,0,0,0,0,0
2024-06-21,American,N316XX,5938,BOS,CityName,State,SEA,CityName,State,0,0,5,0,0,,183,1708,0,0,0,0,0
2024-06-22,United,N398XX,1762,BOS,CityName,State,MIA,CityName,State,0,0,-1,0,0,,268,1542,0,0,0,0,0
2024-06-22,Delta,N735XX,4281,MIA,CityName,State,MIA,CityName,State,0,0,-2,0,0,,45,2189,0,0,0,0,0
2024-06-22,Southwest,N168XX,2078,BOS,CityName,State,MIA,CityName,State,0,0,-2,0,0,,261,1684,0,0,0,0,0
2024-06-22,Southwest,N650XX,5568,DFW,CityName,State,DEN,CityName,State,0,0,0,0,0,,211,1187,0,0,0,0,0
2024-06-22,JetBlue,N584XX,7094,SEA,CityName,State,DEN,CityName,State,0,0,0,0,0,,179,463,0,0,0,0,0
2024-06-22,Southwest,N781XX,6967,SFO,CityName,State,DFW,CityName,State,0,0,-4,0,0,,134,1918,0,0,0,0,0
2024-06-22,United,N770XX,6558,ATL,CityName,State,ATL,CityName,State,0,0,0,0,0,,349,837,0,0,0,0,0
2024-06-22,JetBlue,N144XX,991,SEA,CityName,State,MIA,CityName,State,0,0,-12,0,0,,252,2866,0,0,0,0,0
2024-06-22,United,N872XX,2258,MIA,CityName,State,DFW,CityName,State,30,1,30,1,0,,345,908,0,0,0,0,30
2024-06-22,American,N912XX,8564,DEN,CityName,State,LAX,CityName,State,0,0,-12,0,0,,266,307,0,0,0,0,0
2024-06-22,United,N828XX,757,DFW,CityName,State,JFK,CityName,State,0,0,-10,0,0,,259,243,0,0,0,0,0
2024-06-22,Southwest,N116XX,5871,MIA,CityName,State,SFO,CityName,State,15,1,6,0,0,,298,772,0,0,0,0,0
2024-06-23,United,N427XX,7034,DFW,CityName,State,JFK,CityName,State,0,0,-3,0,0,,108,2509,0,0,0,0,0
2024-06-23,JetBlue,N236XX,5080,MIA,CityName,State,DFW,CityName,State,45,1,40,1,0,,243,870,40,0,0,0,0
2024-06-23,Delta,N834XX,9122,JFK,CityName,State,BOS,CityName,State,0,0,-12,0,0,,156,2647,0,0,0,0,0
2024-06-23,Southwest,N443XX,8688,ORD,CityName,State,DFW,CityName,State,0,0,3,0,0,,62,1873,0,0,0,0,0
2024-06-23,American,N642XX,7037,DFW,CityName,State,DFW,CityName,State,0,0,-1,0,0,,211,739,0,0,0,0,0
2024-06-23,United,N159XX,1523,BOS,CityName,State,JFK,CityName,State,0,0,-12,0,0,,69,1259,0,0,0,0,0
2024-06-23,Delta,N144XX,430,LAX,CityName,State,JFK,CityName,State,0,0,-4,0,0,,354,280,0,0,0,0,0
2024-06-23,American,N405XX,9623,DFW,CityName,State,DFW,CityName,State,0,0,4,0,0,,86,2846,0,0,0,0,0
2024-06-23,Southwest,N481XX,1401,DEN,CityName,State,BOS,CityName,State,15,1,11,0,0,,348,2009,0,0,0,0,0
2024-06-23,Delta,N339XX,6215,MIA,CityName,State,JFK,CityName,State,0,0,-3,0,0,,127,2570,0,0,0,0,0
2024-06-23,JetBlue,N628XX,2872,LAX,CityName,State,BOS,CityName,State,0,0,7,0,0,,164,409,0,0,0,0,0
2024-06-23,American,N279XX,7972,SEA,CityName,State,ORD,CityName,State,0,0,-1,0,0,,348,472,0,0,0,0,0
2024-06-24,United,N638XX,8101,LAX,CityName,State,SFO,CityName,State,60,1,66,1,0,,70,1220,66,0,0,0,0
2024-06-24,United,N940XX,6609,SFO,CityName,State,SFO,CityName,State,120,1,130,1,0,,320,1343,130,0,0,0,0
2024-06-24,American,N200XX,7205,SFO,CityName,State,BOS,CityName,State,30,1,22,1,0,,312,2318,22,0,0,0,0
2024-06-24,Southwest,N294XX,4173,ATL,CityName,State,ATL,CityName,State,0,0,-7,0,0,,324,920,0,0,0,0,0
2024-06-24,Southwest,N125XX,9202,BOS,CityName,State,ATL,CityName,State,0,0,-5,0,0,,126,1454,0,0,0,0,0
2024-06-24,JetBlue,N883XX,1846,DFW,CityName,State,SEA,CityName,State,0,0,-5,0,0,,195,1037,0,0,0,0,0
2024-06-24,Southwest,N389XX,1501,DEN,CityName,State,MIA,CityName,State,0,0,8,0,0,,164,631,0,0,0,0,0
2024-06-24,American,N984XX,1398,ATL,CityName,State,SEA,CityName,State,240,1,233,1,0,,280,1380,233,0,0,0,0
2024-06-24,Delta,N867XX,5554,ORD,CityName,State,DEN,CityName,State,0,0,2,0,0,,199,1213,0,0,0,0,0
2024-06-24,United,N360XX,9090,JFK,CityName,State,ORD,CityName,State,0,0,5,0,0,,285,2638,0,0,0,0,0
2024-06-24,Delta,N546XX,9490,LAX,CityName,State,SFO,CityName,State,0,0,-10,0,0,,143,967,0,0,0,0,0
2024-06-24,Southwest,N534XX,3280,JFK,CityName,State,SFO,CityName,State,0,0,-6,0,0,,297,1975,0,0,0,0,0
2024-06-24,Southwest,N368XX,3994,DFW,CityName,State,LAX,CityName,State,120,1,107,1,0,,342,1734,0,107,0,0,0
2024-06-25,Southwest,N719XX,1200,ORD,CityName,State,BOS,CityName,State,0,0,-12,0,0,,355,2588,0,0,0,0,0
2024-06-25,JetBlue,N983XX,5534,SEA,CityName,State,DEN,CityName,State,0,0,1,0,0,,63,1235,0,0,0,0,0
2024-06-25,JetBlue,N108XX,6954,ATL,CityName,State,SFO,CityName,State,0,0,10,0,0,,282,2770,0,0,0,0,0
2024-06-25,American,N975XX,616,ATL,CityName,State,ATL,CityName,State,0,0,8,0,0,,193,702,0,0,0,0,0
2024-06-25,JetBlue,N239XX,8415,ORD,CityName,State,LAX,CityName,State,0,0,-5,0,0,,292,897,0,0,0,0,0
2024-06-25,Delta,N984XX,4687,BOS,CityName,State,JFK,CityName,State,0,0,-7,0,0,,182,2921,0,0,0,0,0
2024-06-25,JetBlue,N160XX,6399,MIA,CityName,State,MIA,CityName,State,0,0,1,0,0,,229,2742,0,0,0,0,0
2024-06-25,Southwest,N258XX,1969,JFK,CityName,State,DEN,CityName,State,30,1,19,1,0,,315,781,19,0,0,0,0
2024-06-25,JetBlue,N265XX,2530,JFK,CityName,State,LAX,CityName,State,0,0,-14,0,0,,149,2137,0,0,0,0,0
2024-06-25,Southwest,N946XX,1909,SEA,CityName,State,SEA,CityName,State,60,1,66,1,0,,232,682,66,0,0,0,0
2024-06-26,United,N773XX,8581,DEN,CityName,State,SEA,CityName,State,0,0,9,0,0,,224,2804,0,0,0,0,0
2024-06-26,Delta,N652XX,2788,LAX,CityName,State,ORD,CityName,State,0,0,-7,0,0,,79,1676,0,0,0,0,0
2024-06-26,Southwest,N322XX,3429,DFW,CityName,State,ORD,CityName,State,30,1,26,1,0,,165,316,0,0,26,0,0
2024-06-26,United,N821XX,5256,DEN,CityName,State,DEN,CityName,State,0,0,10,0,0,,70,1909,0,0,0,0,0
2024-06-26,Delta,N992XX,9760,BOS,CityName,State,JFK,CityName,State,15,1,23,1,0,,57,1602,0,0,0,0,23
2024-06-26,Delta,N185XX,4222,MIA,CityName,State,DFW,CityName,State,0,0,6,0,0,,213,2411,0,0,0,0,0
2024-06-26,United,N717XX,9145,DEN,CityName,State,ATL,CityName,State,0,0,-9,0,0,,268,334,0,0,0,0,0
2024-06-26,JetBlue,N705XX,6508,DFW,CityName,State,DFW,CityName,State,0,0,10,0,0,,353,2636,0,0,0,0,0
2024-06-26,American,N483XX,2101,SFO,CityName,State,ATL,CityName,State,0,0,0,0,1,A,67,2865,0,0,0,0,0
2024-06-26,Southwest,N158XX,1783,ORD,CityName,State,JFK,CityName,State,0,0,-4,0,0,,315,2516,0,0,0,0,0
2024-06-26,American,N478XX,3652,ATL,CityName,State,SEA,CityName,State,0,0,-7,0,0,,241,2611,0,0,0,0,0
2024-06-26,Southwest,N390XX,9046,BOS,CityName,State,ORD,CityName,State,0,0,9,0,0,,139,805,0,0,0,0,0
2024-06-26,Delta,N649XX,6909,ORD,CityName,State,BOS,CityName,State,0,0,5,0,0,,110,271,0,0,0,0,0
2024-06-26,JetBlue,N845XX,9607,ATL,CityName,State,BOS,CityName,State,0,0,-5,0,0,,250,1396,0,0,0,0,0
2024-06-26,Delta,N411XX,7111,SEA,CityName,State,LAX,CityName,State,15,1,1,0,0,,340,2873,0,0,0,0,0
2024-06-27,Southwest,N416XX,9702,MIA,CityName,State,DFW,CityName,State,0,0,-11,0,0,,127,780,0,0,0,0,0
2024-06-27,JetBlue,N537XX,1887,ATL,CityName,State,SFO,CityName,State,0,0,1,0,0,,73,755,0,0,0,0,0
2024-06-27,American,N970XX,848,BOS,CityName,State,SEA,CityName,State,0,0,-13,0,0,,356,2086,0,0,0,0,0
2024-06-27,Southwest,N695XX,8172,JFK,CityName,State,LAX,CityName,State,0,0,10,0,0,,131,575,0,0,0,0,0
2024-06-27,United,N665XX,4175,ATL,CityName,State,DFW,CityName,State,30,1,40,1,0,,288,1919,40,0,0,0,0
2024-06-27,JetBlue,N493XX,6862,MIA,CityName,State,ATL,CityName,State,0,0,-6,0,0,,172,2487,0,0,0,0,0
2024-06-27,Delta,N301XX,484,BOS,CityName,State,BOS,CityName,State,0,0,3,0,0,,46,1171,0,0,0,0,0
2024-06-27,Southwest,N957XX,4729,ORD,CityName,State,JFK,CityName,State,0,0,5,0,0,,165,1015,0,0,0,0,0
2024-06-27,Southwest,N138XX,4836,DFW,CityName,State,LAX,CityName,State,0,0,-9,0,0,,307,2579,0,0,0,0,0
2024-06-27,Southwest,N258XX,7470,DFW,CityName,State,SFO,CityName,State,0,0,-9,0,0,,257,735,0,0,0,0,0
2024-06-28,United,N810XX,1242,DEN,CityName,State,DEN,CityName,State,0,0,-8,0,0,,114,802,0,0,0,0,0
2024-06-28,American,N922XX,9049,MIA,CityName,State,ATL,CityName,State,0,0,6,0,0,,57,756,0,0,0,0,0
2024-06-28,United,N960XX,8760,JFK,CityName,State,ATL,CityName,State,0,0,-9,0,0,,168,1726,0,0,0,0,0
2024-06-28,American,N643XX,1550,LAX,CityName,State,SEA,CityName,State,0,0,10,0,0,,131,1406,0,0,0,0,0
2024-06-28,JetBlue,N294XX,2551,MIA,CityName,State,SFO,CityName,State,30,1,24,1,0,,344,1969,0,0,24,0,0
2024-06-28,American,N379XX,2550,LAX,CityName,State,SEA,CityName,State,0,0,-3,0,0,,287,1343,0,0,0,0,0
2024-06-28,Delta,N116XX,6904,BOS,CityName,State,SEA,CityName,State,0,0,-6,0,0,,49,1085,0,0,0,0,0
2024-06-28,Delta,N517XX,3248,ORD,CityName,State,DFW,CityName,State,0,0,7,0,0,,224,1598,0,0,0,0,0
2024-06-28,United,N693XX,641,SFO,CityName,State,BOS,CityName,State,0,0,9,0,0,,121,1149,0,0,0,0,0
2024-06-28,Delta,N795XX,8213,DFW,CityName,State,LAX,CityName,State,0,0,-10,0,0,,51,2867,0,0,0,0,0
2024-06-29,American,N433XX,4296,DEN,CityName,State,BOS,CityName,State,0,0,4,0,0,,101,2129,0,0,0,0,0
2024-06-29,Southwest,N112XX,3796,SEA,CityName,State,LAX,CityName,State,60,1,61,1,0,,340,2070,61,0,0,0,0
2024-06-29,Southwest,N891XX,4565,BOS,CityName,State,JFK,CityName,State,0,0,10,0,0,,351,2447,0,0,0,0,0
2024-06-29,JetBlue,N592XX,7741,DEN,CityName,State,SFO,CityName,State,0,0,-1,0,0,,266,1204,0,0,0,0,0
2024-06-29,American,N633XX,3994,ORD,CityName,State,LAX,CityName,State,30,1,32,1,0,,317,2459,32,0,0,0,0
2024-06-29,United,N570XX,5123,MIA,CityName,State,MIA,CityName,State,0,0,-13,0,0,,261,1443,0,0,0,0,0
2024-06-29,JetBlue,N480XX,5046,ORD,CityName,State,MIA,CityName,State,0,0,-1,0,0,,59,292,0,0,0,0,0
2024-06-29,United,N768XX,1020,ORD,CityName,State,JFK,CityName,State,0,0,2,0,0,,217,2819,0,0,0,0,0
2024-06-29,United,N978XX,8291,DFW,CityName,State,DFW,CityName,State,15,1,19,1,0,,84,1343,0,0,19,0,0
2024-06-29,American,N880XX,8270,SFO,CityName,State,MIA,CityName,State,60,1,50,1,0,,128,258,0,0,0,0,50
2024-06-29,American,N332XX,3816,SFO,CityName,State,SFO,CityName,State,0,0,6,0,0,,195,321,0,0,0,0,0
2024-06-29,Southwest,N850XX,9410,JFK,CityName,State,DEN,CityName,State,0,0,-5,0,0,,325,227,0,0,0,0,0
2024-06-29,American,N841XX,1799,ATL,CityName,State,LAX,CityName,State,0,0,-2,0,0,,356,666,0,0,0,0,0
2024-06-29,JetBlue,N553XX,4159,ORD,CityName,State,DEN,CityName,State,0,0,4,0,0,,182,1633,0,0,0,0,0
2024-06-29,Delta,N310XX,7607,MIA,CityName,State,JFK,CityName,State,0,0,8,0,0,,116,841,0,0,0,0,0
2024-06-30,Southwest,N423XX,567,DEN,CityName,State,MIA,CityName,State,0,0,-7,0,0,,55,1724,0,0,0,0,0
2024-06-30,American,N803XX,1843,SEA,CityName,State,DEN,CityName,State,0,0,-10,0,0,,321,1246,0,0,0,0,0
2024-06-30,JetBlue,N110XX,1848,ORD,CityName,State,LAX,CityName,State,0,0,10,0,0,,97,903,0,0,0,0,0
2024-06-30,American,N605XX,5799,BOS,CityName,State,DFW,CityName,State,0,0,-10,0,0,,317,2354,0,0,0,0,0
2024-06-30,American,N239XX,5008,SFO,CityName,State,SFO,CityName,State,0,0,-10,0,0,,129,907,0,0,0,0,0
2024-06-30,American,N536XX,6277,MIA,CityName,State,ORD,CityName,State,0,0,-10,0,0,,163,260,0,0,0,0,0
2024-06-30,Southwest,N861XX,885,SFO,CityName,State,DFW,CityName,State,0,0,7,0,0,,78,747,0,0,0,0,0
2024-06-30,JetBlue,N965XX,2120,LAX,CityName,State,DFW,CityName,State,0,0,3,0,0,,351,995,0,0,0,0,0
2024-06-30,JetBlue,N327XX,7204,LAX,CityName,State,MIA,CityName,State,0,0,8,0,0,,112,2730,0,0,0,0,0
2024-07-01,Delta,N918XX,7341,DEN,CityName,State,ORD,CityName,State,0,0,10,0,0,,171,829,0,0,0,0,0
2024-07-01,JetBlue,N164XX,1343,SEA,CityName,State,DEN,CityName,State,0,0,-7,0,0,,131,339,0,0,0,0,0
2024-07-01,American,N822XX,1146,ATL,CityName,State,ATL,CityName,State,0,0,-7,0,0,,205,679,0,0,0,0,0
2024-07-01,Southwest,N636XX,2511,DFW,CityName,State,BOS,CityName,State,15,1,6,0,0,,289,1210,0,0,0,0,0
2024-07-01,United,N779XX,9016,DEN,CityName,State,DEN,CityName,State,0,0,-4,0,0,,322,2821,0,0,0,0,0
2024-07-01,American,N366XX,3882,JFK,CityName,State,JFK,CityName,State,15,1,8,0,0,,318,558,0,0,0,0,0
2024-07-01,American,N492XX,6855,ATL,CityName,State,ORD,CityName,State,0,0,-1,0,0,,53,1210,0,0,0,0,0
2024-07-01,JetBlue,N263XX,5718,DFW,CityName,State,MIA,CityName,State,15,1,17,1,0,,148,2801,17,0,0,0,0
2024-07-01,Delta,N597XX,3827,DFW,CityName,State,LAX,CityName,State,0,0,-1,0,0,,62,2431,0,0,0,0,0
2024-07-01,American,N378XX,5126,MIA,CityName,State,ATL,CityName,State,240,1,242,1,0,,143,664,0,0,0,0,242
2024-07-01,JetBlue,N785XX,3342,DFW,CityName,State,SEA,CityName,State,15,1,1,0,0,,125,1819,0,0,0,0,0
2024-07-01,Delta,N275XX,7833,SEA,CityName,State,SFO,CityName,State,0,0,-4,0,0,,342,916,0,0,0,0,0
2024-07-01,Southwest,N444XX,6239,ORD,CityName,State,SEA,CityName,State,60,1,65,1,0,,62,898,0,65,0,0,0
2024-07-01,Delta,N864XX,7634,DEN,CityName,State,JFK,CityName,State,0,0,-4,0,0,,123,1467,0,0,0,0,0
2024-07-01,Southwest,N910XX,8843,DEN,CityName,State,ATL,CityName,State,0,0,7,0,0,,286,178,0,0,0,0,0
2024-07-02,Delta,N258XX,8923,ORD,CityName,State,ATL,CityName,State,0,0,6,0,0,,110,992,0,0,0,0,0
2024-07-02,Delta,N959XX,9614,LAX,CityName,State,MIA,CityName,State,0,0,-5,0,0,,103,2348,0,0,0,0,0
2024-07-02,American,N844XX,2855,SFO,CityName,State,ATL,CityName,State,0,0,-9,0,0,,54,1208,0,0,0,0,0
2024-07-02,Delta,N214XX,1114,ORD,CityName,State,DFW,CityName,State,240,1,249,1,0,,291,1855,249,0,0,0,0
2024-07-02,JetBlue,N787XX,2210,MIA,CityName,State,BOS,CityName,State,0,0,5,0,0,,137,151,0,0,0,0,0
2024-07-02,JetBlue,N881XX,4399,JFK,CityName,State,ORD,CityName,State,0,0,-14,0,0,,168,264,0,0,0,0,0
2024-07-02,American,N591XX,9984,MIA,CityName,State,LAX,CityName,State,0,0,-9,0,0,,105,2313,0,0,0,0,0
2024-07-02,Southwest,N785XX,8160,SFO,CityName,State,DEN,CityName,State,0,0,5,0,0,,156,1356,0,0,0,0,0
2024-07-02,American,N897XX,1251,LAX,CityName,State,LAX,CityName,State,0,0,-7,0,0,,208,744,0,0,0,0,0
2024-07-02,Delta,N435XX,192,ORD,CityName,State,LAX,CityName,State,0,0,3,0,0,,189,2746,0,0,0,0,0
2024-07-02,Southwest,N859XX,1038,SEA,CityName,State,ORD,CityName,State,0,0,-2,0,0,,203,2584,0,0,0,0,0
2024-07-02,JetBlue,N424XX,8104,SFO,CityName,State,BOS,CityName,State,0,0,0,0,0,,224,726,0,0,0,0,0
2024-07-03,American,N481XX,5088,JFK,CityName,State,BOS,CityName,State,15,1,1,0,0,,66,1469,0,0,0,0,0
2024-07-03,United,N830XX,127,ATL,CityName,State,BOS,CityName,State,45,1,37,1,0,,78,1914,0,37,0,0,0
2024-07-03,United,N409XX,4077,DFW,CityName,State,BOS,CityName,State,120,1,123,1,0,,165,2709,0,0,123,0,0
2024-07-03,JetBlue,N944XX,269,ATL,CityName,State,ORD,CityName,State,0,0,-11,0,0,,121,2224,0,0,0,0,0
2024-07-03,Southwest,N307XX,8684,DFW,CityName,State,LAX,CityName,State,0,0,5,0,0,,347,177,0,0,0,0,0
2024-07-03,American,N324XX,5418,ORD,CityName,State,BOS,CityName,State,0,0,-7,0,0,,337,1531,0,0,0,0,0
2024-07-03,American,N321XX,8346,DFW,CityName,State,DEN,CityName,State,0,0,-11,0,0,,244,2844,0,0,0,0,0
2024-07-03,American,N765XX,303,SEA,CityName,State,DEN,CityName,State,0,0,-5,0,0,,118,2770,0,0,0,0,0
2024-07-03,American,N704XX,1624,LAX,CityName,State,LAX,CityName,State,45,1,32,1,0,,138,1282,0,32,0,0,0
2024-07-03,Southwest,N135XX,7802,JFK,CityName,State,SFO,CityName,State,45,1,47,1,0,,164,749,0,47,0,0,0
2024-07-03,Southwest,N663XX,7348,LAX,CityName,State,SEA,CityName,State,0,0,-5,0,0,,272,1394,0,0,0,0,0
2024-07-03,Delta,N617XX,1008,MIA,CityName,State,ORD,CityName,State,0,0,0,0,0,,218,617,0,0,0,0,0
2024-07-03,JetBlue,N768XX,9760,ATL,CityName,State,ORD,CityName,State,0,0,-13,0,0,,318,2074,0,0,0,0,0
2024-07-03,Southwest,N476XX,7181,ATL,CityName,State,JFK,CityName,State,0,0,-6,0,0,,103,2247,0,0,0,0,0
2024-07-03,Delta,N960XX,7202,SFO,CityName,State,BOS,CityName,State,30,1,39,1,0,,247,313,39,0,0,0,0
2024-07-03,JetBlue,N275XX,4982,SFO,CityName,State,MIA,CityName,State,0,0,-3,0,0,,223,2805,0,0,0,0,0
2024-07-04,Delta,N489XX,8018,MIA,CityName,State,ORD,CityName,State,0,0,-4,0,0,,55,1270,0,0,0,0,0
2024-07-04,Southwest,N773XX,818,MIA,CityName,State,DFW,CityName,State,15,1,2,0,0,,74,2918,0,0,0,0,0
2024-07-04,Delta,N930XX,2285,JFK,CityName,State,DFW,CityName,State,15,1,12,0,0,,102,2096,0,0,0,0,0
2024-07-04,Southwest,N488XX,7853,LAX,CityName,State,MIA,CityName,State,0,0,-12,0,0,,308,1135,0,0,0,0,0
2024-07-04,Delta,N726XX,6558,MIA,CityName,State,DEN,CityName,State,0,0,6,0,0,,260,2236,0,0,0,0,0
2024-07-04,United,N767XX,4572,JFK,CityName,State,MIA,CityName,State,0,0,-3,0,0,,105,1430,0,0,0,0,0
2024-07-04,JetBlue,N548XX,2894,MIA,CityName,State,ORD,CityName,State,0,0,-8,0,0,,167,2983,0,0,0,0,0
2024-07-04,JetBlue,N594XX,136,MIA,CityName,State,SEA,CityName,State,45,1,43,1,0,,90,1936,0,0,43,0,0
2024-07-04,Delta,N489XX,4799,LAX,CityName,State,ORD,CityName,State,0,0,-12,0,0,,265,1906,0,0,0,0,0
2024-07-04,JetBlue,N251XX,1747,BOS,CityName,State,SEA,CityName,State,0,0,5,0,0,,163,1508,0,0,0,0,0
2024-07-04,Delta,N461XX,8002,ORD,CityName,State,LAX,CityName,State,0,0,-14,0,0,,341,1235,0,0,0,0,0
2024-07-05,United,N669XX,6165,ATL,CityName,State,MIA,CityName,State,0,0,-2,0,0,,84,1942,0,0,0,0,0
2024-07-05,American,N549XX,2169,MIA,CityName,State,LAX,CityName,State,0,0,5,0,0,,60,2692,0,0,0,0,0
2024-07-05,Delta,N641XX,1531,DFW,CityName,State,SFO,CityName,State,0,0,1,0,0,,193,1459,0,0,0,0,0
2024-07-05,American,N221XX,2367,ORD,CityName,State,MIA,CityName,State,0,0,-10,0,0,,218,1796,0,0,0,0,0
2024-07-05,American,N567XX,1862,DFW,CityName,State,ATL,CityName,State,0,0,-8,0,0,,289,2165,0,0,0,0,0
2024-07-05,Southwest,N278XX,243,SEA,CityName,State,SFO,CityName,State,0,0,5,0,0,,185,1432,0,0,0,0,0
2024-07-05,American,N972XX,2880,JFK,CityName,State,SFO,CityName,State,0,0,10,0,0,,101,1515,0,0,0,0,0
2024-07-05,Delta,N205XX,6407,DEN,CityName,State,JFK,CityName,State,0,0,6,0,0,,59,2216,0,0,0,0,0
2024-07-06,Delta,N138XX,709,JFK,CityName,State,DFW,CityName,State,30,1,40,1,0,,355,257,40,0,0,0,0
2024-07-06,United,N778XX,2760,SFO,CityName,State,SFO,CityName,State,0,0,0,0,1,A,63,2392,0,0,0,0,0
2024-07-06,United,N785XX,399,DFW,CityName,State,DFW,CityName,State,0,0,-12,0,0,,347,385,0,0,0,0,0
2024-07-06,American,N352XX,6361,SFO,CityName,State,DEN,CityName,State,15,1,18,1,0,,111,1205,0,0,18,0,0
2024-07-06,United,N456XX,9125,SFO,CityName,State,DFW,CityName,State,60,1,64,1,0,,284,2570,0,0,0,0,64
2024-07-06,JetBlue,N269XX,3633,JFK,CityName,State,SFO,CityName,State,0,0,-9,0,0,,161,2583,0,0,0,0,0
2024-07-06,Delta,N647XX,863,BOS,CityName,State,SFO,CityName,State,0,0,0,0,0,,307,357,0,0,0,0,0
2024-07-06,Delta,N868XX,8200,ATL,CityName,State,SFO,CityName,State,0,0,8,0,0,,67,835,0,0,0,0,0
2024-07-06,Delta,N723XX,6121,DEN,CityName,State,MIA,CityName,State,30,1,29,1,0,,281,2065,0,0,29,0,0
2024-07-06,JetBlue,N863XX,2300,SFO,CityName,State,MIA,CityName,State,0,0,-1,0,0,,340,991,0,0,0,0,0
2024-07-06,United,N345XX,2552,ATL,CityName,State,DEN,CityName,State,0,0,1,0,0,,213,1904,0,0,0,0,0
2024-07-06,Southwest,N647XX,6910,BOS,CityName,State,DEN,CityName,State,0,0,-5,0,0,,215,2693,0,0,0,0,0
2024-07-06,American,N313XX,9391,ORD,CityName,State,SEA,CityName,State,30,1,23,1,0,,201,2690,0,0,0,0,23
2024-07-06,JetBlue,N589XX,6525,ORD,CityName,State,ATL,CityName,State,0,0,-4,0,0,,203,2559,0,0,0,0,0
2024-07-06,American,N655XX,5635,BOS,CityName,State,BOS,CityName,State,45,1,54,1,0,,258,174,0,0,0,0,54
2024-07-06,United,N893XX,3061,SEA,CityName,State,JFK,CityName,State,0,0,4,0,0,,178,775,0,0,0,0,0
2024-07-06,JetBlue,N191XX,9919,SEA,CityName,State,LAX,CityName,State,30,1,33,1,0,,298,1802,0,0,0,0,33
2024-07-06,JetBlue,N573XX,1018,ATL,CityName,State,DEN,CityName,State,0,0,-12,0,0,,216,482,0,0,0,0,0
2024-07-07,United,N927XX,9748,BOS,CityName,State,DFW,CityName,State,0,0,-9,0,0,,290,2136,0,0,0,0,0
2024-07-07,Southwest,N507XX,4875,JFK,CityName,State,JFK,CityName,State,0,0,0,0,1,A,138,428,0,0,0,0,0
2024-07-07,Southwest,N177XX,9631,ATL,CityName,State,JFK,CityName,State,60,1,59,1,0,,201,1709,0,0,59,0,0
2024-07-07,United,N354XX,3081,DFW,CityName,State,LAX,CityName,State,0,0,-4,0,0,,288,350,0,0,0,0,0
2024-07-07,United,N221XX,3751,SEA,CityName,State,SFO,CityName,State,15,1,19,1,0,,214,2038,0,0,19,0,0
2024-07-07,Delta,N759XX,7632,LAX,CityName,State,BOS,CityName,State,0,0,-7,0,0,,343,2358,0,0,0,0,0
2024-07-07,Southwest,N815XX,4926,ATL,CityName,State,LAX,CityName,State,0,0,-11,0,0,,93,1357,0,0,0,0,0
2024-07-07,Southwest,N889XX,8384,BOS,CityName,State,SFO,CityName,State,0,0,-3,0,0,,298,1613,0,0,0,0,0
2024-07-07,United,N220XX,8230,ATL,CityName,State,DEN,CityName,State,0,0,0,0,1,A,213,1565,0,0,0,0,0
2024-07-07,American,N393XX,7489,DFW,CityName,State,JFK,CityName,State,0,0,-2,0,0,,322,2757,0,0,0,0,0
2024-07-07,Delta,N470XX,3620,ATL,CityName,State,SFO,CityName,State,0,0,1,0,0,,230,246,0,0,0,0,0
2024-07-07,Southwest,N957XX,746,LAX,CityName,State,SEA,CityName,State,0,0,-3,0,0,,246,443,0,0,0,0,0
2024-07-07,JetBlue,N684XX,6338,SFO,CityName,State,DEN,CityName,State,0,0,-7,0,0,,67,2823,0,0,0,0,0
2024-07-07,United,N633XX,3420,MIA,CityName,State,SEA,CityName,State,15,1,19,1,0,,273,2337,0,0,0,0,19
2024-07-07,United,N281XX,4915,BOS,CityName,State,SFO,CityName,State,0,0,-8,0,0,,94,2393,0,0,0,0,0
2024-07-07,Delta,N186XX,406,DEN,CityName,State,DFW,CityName,State,15,1,23,1,0,,177,773,0,23,0,0,0
2024-07-07,United,N215XX,1943,ATL,CityName,State,BOS,CityName,State,0,0,10,0,0,,189,396,0,0,0,0,0
2024-07-07,American,N632XX,5487,ATL,CityName,State,JFK,CityName,State,15,1,4,0,0,,157,307,0,0,0,0,0
2024-07-08,United,N419XX,766,DEN,CityName,State,MIA,CityName,State,0,0,-9,0,0,,323,2785,0,0,0,0,0
2024-07-08,Southwest,N598XX,8435,SFO,CityName,State,LAX,CityName,State,0,0,3,0,0,,202,307,0,0,0,0,0
2024-07-08,Southwest,N229XX,9079,SFO,CityName,State,SFO,CityName,State,30,1,19,1,0,,69,363,19,0,0,0,0
2024-07-08,JetBlue,N895XX,8300,JFK,CityName,State,LAX,CityName,State,15,1,11,0,0,,66,1931,0,0,0,0,0
2024-07-08,JetBlue,N639XX,5263,LAX,CityName,State,ORD,CityName,State,0,0,8,0,0,,184,917,0,0,0,0,0
2024-07-08,United,N563XX,691,DEN,CityName,State,DEN,CityName,State,0,0,-5,0,0,,59,313,0,0,0,0,0
2024-07-08,JetBlue,N324XX,8069,MIA,CityName,State,ORD,CityName,State,0,0,1,0,0,,289,184,0,0,0,0,0
2024-07-08,Delta,N516XX,880,ATL,CityName,State,LAX,CityName,State,0,0,7,0,0,,349,477,0,0,0,0,0
2024-07-08,JetBlue,N323XX,932,LAX,CityName,State,LAX,CityName,State,0,0,0,0,0,,251,1043,0,0,0,0,0
2024-07-08,Southwest,N817XX,2780,MIA,CityName,State,SEA,CityName,State,0,0,-12,0,0,,347,2078,0,0,0,0,0
2024-07-08,United,N620XX,2652,BOS,CityName,State,JFK,CityName,State,0,0,-1,0,0,,167,1812,0,0,0,0,0
2024-07-09,American,N389XX,9385,MIA,CityName,State,MIA,CityName,State,0,0,9,0,0,,71,2782,0,0,0,0,0
2024-07-09,Southwest,N872XX,513,ORD,CityName,State,DEN,CityName,State,0,0,-7,0,0,,343,2359,0,0,0,0,0
2024-07-09,American,N603XX,4621,SFO,CityName,State,SFO,CityName,State,15,1,16,1,0,,214,1359,16,0,0,0,0
2024-07-09,American,N733XX,1311,ORD,CityName,State,SFO,CityName,State,0,0,-6,0,0,,204,787,0,0,0,0,0
2024-07-09,Delta,N802XX,3473,ATL,CityName,State,DFW,CityName,State,15,1,7,0,0,,303,1152,0,0,0,0,0
2024-07-09,United,N706XX,2866,LAX,CityName,State,DFW,CityName,State,0,0,-1,0,0,,125,1997,0,0,0,0,0
2024-07-09,United,N945XX,5316,LAX,CityName,State,SFO,CityName,State,0,0,8,0,0,,273,2293,0,0,0,0,0
2024-07-09,United,N313XX,7515,DFW,CityName,State,BOS,CityName,State,0,0,8,0,0,,162,2547,0,0,0,0,0
2024-07-09,Delta,N327XX,5167,BOS,CityName,State,MIA,CityName,State,0,0,8,0,0,,121,2436,0,0,0,0,0
2024-07-09,Delta,N491XX,435,MIA,CityName,State,ORD,CityName,State,30,1,25,1,0,,95,1904,0,0,25,0,0
2024-07-09,American,N882XX,3055,ATL,CityName,State,SFO,CityName,State,0,0,5,0,0,,115,2228,0,0,0,0,0
2024-07-09,JetBlue,N201XX,8422,MIA,CityName,State,LAX,CityName,State,0,0,-3,0,0,,257,164,0,0,0,0,0
2024-07-09,United,N548XX,5054,MIA,CityName,State,DFW,CityName,State,15,1,25,1,0,,267,1894,0,0,0,0,25
2024-07-09,JetBlue,N965XX,1024,BOS,CityName,State,ATL,CityName,State,0,0,-4,0,0,,88,733,0,0,0,0,0
2024-07-09,Delta,N721XX,4955,JFK,CityName,State,SFO,CityName,State,0,0,-13,0,0,,274,1698,0,0,0,0,0
2024-07-10,JetBlue,N199XX,1342,LAX,CityName,State,DFW,CityName,State,60,1,52,1,0,,338,2310,0,52,0,0,0
2024-07-10,Delta,N612XX,3642,LAX,CityName,State,SEA,CityName,State,30,1,34,1,0,,155,292,0,0,0,0,34
2024-07-10,Delta,N594XX,9021,BOS,CityName,State,JFK,CityName,State,0,0,4,0,0,,289,1518,0,0,0,0,0
2024-07-10,American,N931XX,5296,SFO,CityName,State,JFK,CityName,State,30,1,38,1,0,,341,2277,0,38,0,0,0
2024-07-10,Southwest,N408XX,1396,LAX,CityName,State,BOS,CityName,State,30,1,35,1,0,,58,2473,35,0,0,0,0
2024-07-10,Southwest,N333XX,7864,SFO,CityName,State,LAX,CityName,State,0,0,10,0,0,,238,745,0,0,0,0,0
2024-07-10,American,N944XX,6499,DEN,CityName,State,DFW,CityName,State,15,1,23,1,0,,244,2105,0,0,0,0,23
2024-07-10,JetBlue,N699XX,2243,ATL,CityName,State,BOS,CityName,State,0,0,-8,0,0,,70,2758,0,0,0,0,0
2024-07-10,JetBlue,N398XX,7721,JFK,CityName,State,ORD,CityName,State,0,0,10,0,0,,328,695,0,0,0,0,0
2024-07-10,Delta,N185XX,8637,SEA,CityName,State,DEN,CityName,State,0,0,2,0,0,,230,2090,0,0,0,0,0
2024-07-10,Delta,N503XX,1532,ORD,CityName,State,BOS,CityName,State,0,0,-6,0,0,,109,1737,0,0,0,0,0
2024-07-10,JetBlue,N862XX,7816,MIA,CityName,State,SFO,CityName,State,60,1,46,1,0,,153,2913,0,0,46,0,0
2024-07-10,American,N600XX,5803,ORD,CityName,State,BOS,CityName,State,15,1,11,0,0,,241,1127,0,0,0,0,0
2024-07-10,American,N885XX,5741,SFO,CityName,State,LAX,CityName,State,0,0,5,0,0,,317,2093,0,0,0,0,0
2024-07-10,United,N512XX,6988,MIA,CityName,State,MIA,CityName,State,0,0,-1,0,0,,236,1391,0,0,0,0,0
2024-07-11,Delta,N858XX,6601,ORD,CityName,State,ORD,CityName,State,0,0,-2,0,0,,177,2103,0,0,0,0,0
2024-07-11,JetBlue,N946XX,8463,BOS,CityName,State,DFW,CityName,State,15,1,3,0,0,,250,2356,0,0,0,0,0
2024-07-11,United,N817XX,2220,ATL,CityName,State,ATL,CityName,State,0,0,-10,0,0,,351,1313,0,0,0,0,0
2024-07-11,Southwest,N596XX,731,MIA,CityName,State,MIA,CityName,State,0,0,-5,0,0,,286,2279,0,0,0,0,0
2024-07-11,JetBlue,N188XX,3602,JFK,CityName,State,DFW,CityName,State,0,0,-12,0,0,,132,543,0,0,0,0,0
2024-07-11,United,N524XX,446,JFK,CityName,State,BOS,CityName,State,0,0,8,0,0,,63,820,0,0,0,0,0
2024-07-11,Delta,N827XX,548,SFO,CityName,State,JFK,CityName,State,30,1,26,1,0,,356,2448,0,26,0,0,0
2024-07-11,United,N878XX,1820,SEA,CityName,State,LAX,CityName,State,0,0,-12,0,0,,144,1592,0,0,0,0,0
2024-07-11,United,N813XX,4660,DEN,CityName,State,SFO,CityName,State,0,0,-3,0,0,,237,1385,0,0,0,0,0
2024-07-11,Delta,N419XX,7063,BOS,CityName,State,BOS,CityName,State,0,0,3,0,0,,206,1457,0,0,0,0,0
2024-07-11,Southwest,N249XX,434,SFO,CityName,State,ATL,CityName,State,30,1,25,1,0,,264,2890,25,0,0,0,0
2024-07-11,JetBlue,N536XX,681,BOS,CityName,State,DFW,CityName,State,45,1,51,1,0,,154,1628,0,0,51,0,0
2024-07-11,United,N361XX,2396,LAX,CityName,State,LAX,CityName,State,15,1,16,1,0,,128,1931,16,0,0,0,0
2024-07-11,American,N108XX,8095,ORD,CityName,State,SEA,CityName,State,0,0,-7,0,0,,290,2215,0,0,0,0,0
2024-07-11,American,N231XX,9462,ATL,CityName,State,LAX,CityName,State,0,0,-14,0,0,,181,1436,0,0,0,0,0
2024-07-11,Southwest,N622XX,1453,JFK,CityName,State,ORD,CityName,State,0,0,-8,0,0,,189,632,0,0,0,0,0
2024-07-12,Southwest,N967XX,6151,DEN,CityName,State,MIA,CityName,State,0,0,-10,0,0,,110,1434,0,0,0,0,0
2024-07-12,Southwest,N640XX,3571,LAX,CityName,State,LAX,CityName,State,0,0,0,0,0,,217,622,0,0,0,0,0
2024-07-12,JetBlue,N875XX,9831,DEN,CityName,State,BOS,CityName,State,0,0,0,0,0,,304,1569,0,0,0,0,0
2024-07-12,Southwest,N271XX,3594,LAX,CityName,State,LAX,CityName,State,0,0,-5,0,0,,336,376,0,0,0,0,0
2024-07-12,JetBlue,N198XX,8165,DFW,CityName,State,DFW,CityName,State,0,0,3,0,0,,89,382,0,0,0,0,0
2024-07-12,United,N220XX,1813,BOS,CityName,State,DFW,CityName,State,0,0,-11,0,0,,304,621,0,0,0,0,0
2024-07-12,Delta,N159XX,1960,DFW,CityName,State,SEA,CityName,State,0,0,5,0,0,,314,775,0,0,0,0,0
2024-07-12,Southwest,N534XX,8469,SEA,CityName,State,SFO,CityName,State,0,0,-3,0,0,,358,1650,0,0,0,0,0
2024-07-12,United,N180XX,6433,ORD,CityName,State,JFK,CityName,State,0,0,2,0,0,,107,580,0,0,0,0,0
2024-07-12,Southwest,N323XX,3183,DEN,CityName,State,MIA,CityName,State,15,1,1,0,0,,100,1997,0,0,0,0,0
2024-07-12,American,N335XX,5654,DFW,CityName,State,LAX,CityName,State,120,1,114,1,0,,64,886,0,0,0,0,114
2024-07-12,United,N601XX,8537,MIA,CityName,State,ATL,CityName,State,0,0,8,0,0,,166,472,0,0,0,0,0
2024-07-12,United,N960XX,7600,JFK,CityName,State,SEA,CityName,State,0,0,-13,0,0,,338,1677,0,0,0,0,0
2024-07-12,United,N972XX,1891,JFK,CityName,State,MIA,CityName,State,0,0,4,0,0,,197,2910,0,0,0,0,0
2024-07-12,United,N643XX,6292,MIA,CityName,State,DFW,CityName,State,0,0,-12,0,0,,295,352,0,0,0,0,0
2024-07-12,Delta,N303XX,1064,JFK,CityName,State,ORD,CityName,State,0,0,5,0,0,,322,1443,0,0,0,0,0
2024-07-13,Delta,N234XX,9491,SFO,CityName,State,JFK,CityName,State,60,1,54,1,0,,174,1116,0,0,0,0,54
2024-07-13,American,N393XX,3258,DFW,CityName,State,SEA,CityName,State,0,0,-2,0,0,,322,740,0,0,0,0,0
2024-07-13,American,N665XX,2745,JFK,CityName,State,MIA,CityName,State,0,0,-6,0,0,,170,2358,0,0,0,0,0
2024-07-13,Southwest,N705XX,616,JFK,CityName,State,LAX,CityName,State,15,1,19,1,0,,293,686,0,0,19,0,0
2024-07-13,United,N694XX,5983,DEN,CityName,State,BOS,CityName,State,0,0,-14,0,0,,273,1546,0,0,0,0,0
2024-07-13,United,N539XX,348,JFK,CityName,State,MIA,CityName,State,30,1,17,1,0,,206,2158,17,0,0,0,0
2024-07-13,United,N148XX,6215,LAX,CityName,State,ATL,CityName,State,0,0,-2,0,0,,246,2432,0,0,0,0,0
2024-07-13,Delta,N589XX,7042,BOS,CityName,State,SEA,CityName,State,0,0,-8,0,0,,301,2013,0,0,0,0,0
2024-07-13,JetBlue,N511XX,104,JFK,CityName,State,SFO,CityName,State,0,0,-9,0,0,,225,1862,0,0,0,0,0
2024-07-13,Southwest,N934XX,4759,MIA,CityName,State,JFK,CityName,State,0,0,-3,0,0,,103,1388,0,0,0,0,0
2024-07-13,Delta,N492XX,2317,JFK,CityName,State,MIA,CityName,State,0,0,-11,0,0,,176,251,0,0,0,0,0
2024-07-13,JetBlue,N514XX,9205,BOS,CityName,State,ATL,CityName,State,0,0,6,0,0,,262,857,0,0,0,0,0
2024-07-13,Southwest,N793XX,376,ATL,CityName,State,DEN,CityName,State,0,0,6,0,0,,225,2044,0,0,0,0,0
2024-07-13,JetBlue,N174XX,3997,DFW,CityName,State,DFW,CityName,State,0,0,0,0,0,,60,635,0,0,0,0,0
2024-07-13,JetBlue,N912XX,6370,LAX,CityName,State,ORD,CityName,State,0,0,-3,0,0,,298,830,0,0,0,0,0
2024-07-13,American,N465XX,9497,DFW,CityName,State,JFK,CityName,State,0,0,8,0,0,,344,2935,0,0,0,0,0
2024-07-13,United,N737XX,9640,ORD,CityName,State,MIA,CityName,State,0,0,6,0,0,,120,2349,0,0,0,0,0
2024-07-14,JetBlue,N383XX,6448,SFO,CityName,State,LAX,CityName,State,0,0,9,0,0,,221,1957,0,0,0,0,0
2024-07-14,American,N664XX,3469,ATL,CityName,State,SFO,CityName,State,0,0,7,0,0,,60,1948,0,0,0,0,0
2024-07-14,American,N936XX,6505,MIA,CityName,State,DFW,CityName,State,30,1,26,1,0,,60,1020,26,0,0,0,0
2024-07-14,Southwest,N867XX,9102,JFK,CityName,State,ATL,CityName,State,0,0,2,0,0,,206,573,0,0,0,0,0
2024-07-14,United,N115XX,5131,JFK,CityName,State,ORD,CityName,State,0,0,10,0,0,,297,836,0,0,0,0,0
2024-07-14,United,N345XX,7588,DEN,CityName,State,MIA,CityName,State,15,1,20,1,0,,261,1317,0,0,20,0,0
2024-07-14,United,N716XX,1624,MIA,CityName,State,MIA,CityName,State,0,0,3,0,0,,187,237,0,0,0,0,0
2024-07-14,JetBlue,N582XX,2514,SEA,CityName,State,ORD,CityName,State,0,0,6,0,0,,232,1495,0,0,0,0,0
2024-07-14,United,N669XX,1147,DFW,CityName,State,SFO,CityName,State,15,1,21,1,0,,81,450,21,0,0,0,0
2024-07-14,Delta,N374XX,4879,SFO,CityName,State,DFW,CityName,State,0,0,3,0,0,,258,333,0,0,0,0,0
2024-07-14,Delta,N834XX,4233,DFW,CityName,State,ATL,CityName,State,120,1,124,1,0,,123,2459,124,0,0,0,0
2024-07-14,JetBlue,N286XX,8316,LAX,CityName,State,ATL,CityName,State,0,0,5,0,0,,164,2056,0,0,0,0,0
2024-07-14,American,N647XX,6485,JFK,CityName,State,DEN,CityName,State,0,0,1,0,0,,104,2537,0,0,0,0,0
2024-07-14,United,N935XX,1170,BOS,CityName,State,ORD,CityName,State,0,0,4,0,0,,85,2806,0,0,0,0,0
2024-07-14,JetBlue,N622XX,9863,SFO,CityName,State,SEA,CityName,State,0,0,4,0,0,,208,697,0,0,0,0,0
2024-07-14,American,N654XX,7278,SFO,CityName,State,DEN,CityName,State,0,0,2,0,0,,99,1742,0,0,0,0,0
2024-07-15,Delta,N962XX,2820,MIA,CityName,State,MIA,CityName,State,0,0,5,0,0,,188,1811,0,0,0,0,0
2024-07-15,JetBlue,N877XX,6131,ORD,CityName,State,DEN,CityName,State,0,0,10,0,0,,95,1169,0,0,0,0,0
2024-07-15,United,N668XX,4703,LAX,CityName,State,JFK,CityName,State,0,0,-6,0,0,,248,2053,0,0,0,0,0
2024-07-15,United,N640XX,7894,ORD,CityName,State,BOS,CityName,State,15,1,4,0,0,,315,1051,0,0,0,0,0
2024-07-15,Southwest,N416XX,199,JFK,CityName,State,MIA,CityName,State,240,1,231,1,0,,49,2561,231,0,0,0,0
2024-07-15,Southwest,N884XX,643,SFO,CityName,State,ATL,CityName,State,0,0,-9,0,0,,243,2117,0,0,0,0,0
2024-07-15,Delta,N876XX,2304,DEN,CityName,State,SFO,CityName,State,0,0,0,0,1,A,169,1667,0,0,0,0,0
2024-07-15,American,N981XX,5468,BOS,CityName,State,BOS,CityName,State,0,0,-5,0,0,,306,2682,0,0,0,0,0
2024-07-15,Delta,N285XX,3229,ORD,CityName,State,ATL,CityName,State,15,1,11,0,0,,172,1676,0,0,0,0,0
2024-07-15,American,N147XX,8364,SEA,CityName,State,BOS,CityName,State,0,0,-11,0,0,,46,2181,0,0,0,0,0
2024-07-15,American,N483XX,1296,SFO,CityName,State,DFW,CityName,State,0,0,-14,0,0,,322,1646,0,0,0,0,0
2024-07-15,United,N661XX,757,DFW,CityName,State,JFK,CityName,State,45,1,50,1,0,,333,1881,0,0,0,0,50
2024-07-15,Southwest,N281XX,7665,ATL,CityName,State,ORD,CityName,State,0,0,-8,0,0,,340,1139,0,0,0,0,0
2024-07-15,Southwest,N952XX,294,DEN,CityName,State,SEA,CityName,State,15,1,9,0,0,,69,830,0,0,0,0,0
2024-07-15,United,N882XX,4970,BOS,CityName,State,DEN,CityName,State,120,1,123,1,0,,343,2286,0,0,0,0,123
2024-07-16,JetBlue,N143XX,1700,DFW,CityName,State,DFW,CityName,State,45,1,0,0,1,A,307,2351,0,0,0,0,0
2024-07-16,JetBlue,N473XX,8957,MIA,CityName,State,LAX,CityName,State,0,0,9,0,0,,114,1319,0,0,0,0,0
2024-07-16,Southwest,N717XX,2648,SFO,CityName,State,DEN,CityName,State,0,0,-2,0,0,,223,2516,0,0,0,0,0
2024-07-16,Delta,N464XX,8685,ORD,CityName,State,SEA,CityName,State,0,0,-5,0,0,,298,1135,0,0,0,0,0
2024-07-16,JetBlue,N721XX,9264,SEA,CityName,State,BOS,CityName,State,15,1,16,1,0,,247,2551,0,16,0,0,0
2024-07-16,Southwest,N666XX,6508,MIA,CityName,State,SFO,CityName,State,15,1,21,1,0,,345,1520,21,0,0,0,0
2024-07-17,United,N863XX,7275,JFK,CityName,State,SEA,CityName,State,15,1,6,0,0,,237,2052,0,0,0,0,0
2024-07-17,Southwest,N354XX,7107,MIA,CityName,State,ORD,CityName,State,0,0,-14,0,0,,267,2168,0,0,0,0,0
2024-07-17,United,N787XX,5562,ATL,CityName,State,ATL,CityName,State,0,0,9,0,0,,226,277,0,0,0,0,0
2024-07-17,United,N610XX,8423,BOS,CityName,State,ORD,CityName,State,0,0,5,0,0,,52,2373,0,0,0,0,0
2024-07-17,American,N523XX,6652,ATL,CityName,State,BOS,CityName,State,0,0,-11,0,0,,108,389,0,0,0,0,0
2024-07-17,Southwest,N605XX,477,DFW,CityName,State,SEA,CityName,State,30,1,38,1,0,,290,513,38,0,0,0,0
2024-07-17,United,N268XX,5704,JFK,CityName,State,LAX,CityName,State,0,0,7,0,0,,266,1879,0,0,0,0,0
2024-07-17,Delta,N442XX,4609,SEA,CityName,State,ORD,CityName,State,15,1,17,1,0,,102,2049,0,0,17,0,0
2024-07-17,Southwest,N432XX,8115,LAX,CityName,State,SFO,CityName,State,45,1,42,1,0,,60,2710,0,0,0,0,42
2024-07-17,Delta,N260XX,8089,ORD,CityName,State,DEN,CityName,State,0,0,-9,0,0,,188,2862,0,0,0,0,0
2024-07-17,Southwest,N685XX,7682,DFW,CityName,State,DFW,CityName,State,30,1,18,1,0,,216,1144,0,0,18,0,0
2024-07-17,United,N258XX,2545,SFO,CityName,State,LAX,CityName,State,0,0,-6,0,0,,150,909,0,0,0,0,0
2024-07-17,American,N784XX,949,ORD,CityName,State,DEN,CityName,State,0,0,1,0,0,,357,1585,0,0,0,0,0
2024-07-17,Southwest,N144XX,2967,MIA,CityName,State,DFW,CityName,State,15,1,9,0,0,,251,2676,0,0,0,0,0
2024-07-17,Southwest,N524XX,2330,SFO,CityName,State,SFO,CityName,State,120,1,124,1,0,,67,587,124,0,0,0,0
2024-07-17,Southwest,N833XX,960,BOS,CityName,State,DFW,CityName,State,0,0,5,0,0,,184,2525,0,0,0,0,0
2024-07-18,JetBlue,N306XX,6340,SFO,CityName,State,SFO,CityName,State,0,0,10,0,0,,142,900,0,0,0,0,0
2024-07-18,American,N577XX,8274,ATL,CityName,State,SFO,CityName,State,0,0,5,0,0,,263,2729,0,0,0,0,0
2024-07-18,American,N468XX,2698,SFO,CityName,State,ATL,CityName,State,15,1,23,1,0,,56,319,23,0,0,0,0
2024-07-18,Delta,N566XX,8345,LAX,CityName,State,LAX,CityName,State,0,0,-2,0,0,,175,602,0,0,0,0,0
2024-07-18,United,N343XX,359,ORD,CityName,State,JFK,CityName,State,0,0,6,0,0,,316,531,0,0,0,0,0
2024-07-18,JetBlue,N258XX,4525,MIA,CityName,State,DFW,CityName,State,0,0,-12,0,0,,138,2070,0,0,0,0,0
2024-07-18,United,N906XX,2456,SFO,CityName,State,ORD,CityName,State,0,0,10,0,0,,338,2530,0,0,0,0,0
2024-07-18,Delta,N363XX,2737,ORD,CityName,State,DEN,CityName,State,15,1,21,1,0,,222,459,0,0,0,0,21
2024-07-18,Southwest,N509XX,1229,DFW,CityName,State,BOS,CityName,State,0,0,6,0,0,,94,917,0,0,0,0,0
2024-07-18,American,N687XX,8806,ORD,CityName,State,JFK,CityName,State,15,1,19,1,0,,312,2010,0,0,19,0,0
2024-07-19,Delta,N649XX,1952,ORD,CityName,State,SEA,CityName,State,0,0,-3,0,0,,115,2525,0,0,0,0,0
2024-07-19,American,N247XX,3315,MIA,CityName,State,BOS,CityName,State,45,1,31,1,0,,179,1098,0,0,31,0,0
2024-07-19,United,N880XX,9614,DFW,CityName,State,DFW,CityName,State,0,0,5,0,0,,241,771,0,0,0,0,0
2024-07-19,JetBlue,N772XX,6557,LAX,CityName,State,LAX,CityName,State,0,0,-11,0,0,,184,2354,0,0,0,0,0
2024-07-19,Delta,N858XX,6258,JFK,CityName,State,JFK,CityName,State,0,0,-4,0,0,,90,1649,0,0,0,0,0
2024-07-19,American,N159XX,6881,MIA,CityName,State,DFW,CityName,State,0,0,1,0,0,,202,616,0,0,0,0,0
2024-07-19,United,N770XX,7116,BOS,CityName,State,LAX,CityName,State,0,0,-10,0,0,,339,577,0,0,0,0,0
2024-07-19,JetBlue,N684XX,2727,BOS,CityName,State,DEN,CityName,State,0,0,-2,0,0,,49,2367,0,0,0,0,0
2024-07-20,Southwest,N914XX,4942,ORD,CityName,State,ORD,CityName,State,15,1,2,0,0,,240,2912,0,0,0,0,0
2024-07-20,Southwest,N102XX,1233,LAX,CityName,State,BOS,CityName,State,0,0,-4,0,0,,133,306,0,0,0,0,0
2024-07-20,Delta,N722XX,6383,JFK,CityName,State,JFK,CityName,State,0,0,1,0,0,,102,1149,0,0,0,0,0
2024-07-20,JetBlue,N581XX,5275,DFW,CityName,State,SFO,CityName,State,0,0,8,0,0,,55,1235,0,0,0,0,0
2024-07-20,Delta,N151XX,7066,LAX,CityName,State,LAX,CityName,State,0,0,1,0,0,,55,1149,0,0,0,0,0
2024-07-20,United,N419XX,2416,JFK,CityName,State,SEA,CityName,State,0,0,-9,0,0,,241,1872,0,0,0,0,0
2024-07-20,JetBlue,N133XX,7295,JFK,CityName,State,ATL,CityName,State,0,0,2,0,0,,91,1798,0,0,0,0,0
2024-07-21,Delta,N961XX,1288,JFK,CityName,State,JFK,CityName,State,0,0,7,0,0,,201,613,0,0,0,0,0
2024-07-21,United,N232XX,9227,DFW,CityName,State,ATL,CityName,State,0,0,-5,0,0,,78,2519,0,0,0,0,0
2024-07-21,United,N318XX,7739,BOS,CityName,State,JFK,CityName,State,15,1,23,1,0,,243,1906,0,0,23,0,0
2024-07-21,United,N129XX,2063,SEA,CityName,State,MIA,CityName,State,0,0,-7,0,0,,352,1091,0,0,0,0,0
2024-07-21,Southwest,N294XX,5027,SEA,CityName,State,LAX,CityName,State,0,0,9,0,0,,300,725,0,0,0,0,0
2024-07-22,JetBlue,N682XX,5024,SFO,CityName,State,BOS,CityName,State,0,0,-3,0,0,,114,2222,0,0,0,0,0
2024-07-22,JetBlue,N658XX,3310,ORD,CityName,State,SEA,CityName,State,0,0,6,0,0,,118,292,0,0,0,0,0
2024-07-22,United,N769XX,9114,SEA,CityName,State,LAX,CityName,State,60,1,48,1,0,,341,1429,0,48,0,0,0
2024-07-22,Delta,N742XX,8617,BOS,CityName,State,ORD,CityName,State,0,0,-7,0,0,,227,2947,0,0,0,0,0
2024-07-22,Delta,N653XX,9759,BOS,CityName,State,JFK,CityName,State,30,1,18,1,0,,190,2582,0,0,18,0,0
2024-07-22,American,N428XX,3129,LAX,CityName,State,MIA,CityName,State,0,0,-2,0,0,,296,1190,0,0,0,0,0
2024-07-22,United,N785XX,7136,JFK,CityName,State,LAX,CityName,State,30,1,33,1,0,,58,2851,33,0,0,0,0
2024-07-22,United,N718XX,6750,JFK,CityName,State,MIA,CityName,State,15,1,14,0,0,,279,1029,0,0,0,0,0
2024-07-22,JetBlue,N936XX,3534,MIA,CityName,State,DEN,CityName,State,30,1,28,1,0,,344,362,28,0,0,0,0
2024-07-22,Southwest,N722XX,3211,SFO,CityName,State,SEA,CityName,State,0,0,-11,0,0,,149,1738,0,0,0,0,0
2024-07-22,Southwest,N240XX,7325,BOS,CityName,State,DFW,CityName,State,0,0,-10,0,0,,75,2513,0,0,0,0,0
2024-07-22,Southwest,N623XX,4610,MIA,CityName,State,ORD,CityName,State,0,0,7,0,0,,45,910,0,0,0,0,0
2024-07-22,Southwest,N108XX,9477,LAX,CityName,State,SEA,CityName,State,15,1,11,0,0,,171,1782,0,0,0,0,0
2024-07-23,American,N732XX,3735,DFW,CityName,State,ATL,CityName,State,0,0,2,0,0,,326,1913,0,0,0,0,0
2024-07-23,JetBlue,N253XX,5053,DFW,CityName,State,SEA,CityName,State,0,0,-5,0,0,,98,1749,0,0,0,0,0
2024-07-23,JetBlue,N704XX,4284,ATL,CityName,State,MIA,CityName,State,15,1,24,1,0,,222,689,0,0,24,0,0
2024-07-23,Southwest,N816XX,8887,DFW,CityName,State,SEA,CityName,State,0,0,-9,0,0,,76,1529,0,0,0,0,0
2024-07-23,American,N606XX,8011,DEN,CityName,State,ATL,CityName,State,0,0,9,0,0,,301,1920,0,0,0,0,0
2024-07-23,Delta,N797XX,1991,DFW,CityName,State,MIA,CityName,State,0,0,-12,0,0,,238,1885,0,0,0,0,0
2024-07-23,JetBlue,N943XX,3287,SEA,CityName,State,LAX,CityName,State,0,0,-11,0,0,,219,1118,0,0,0,0,0
2024-07-23,Southwest,N180XX,6087,DEN,CityName,State,LAX,CityName,State,0,0,-6,0,0,,232,1611,0,0,0,0,0
2024-07-23,JetBlue,N559XX,4106,SFO,CityName,State,SEA,CityName,State,0,0,0,0,1,A,240,728,0,0,0,0,0
2024-07-23,Delta,N643XX,4005,MIA,CityName,State,SFO,CityName,State,15,1,11,0,0,,262,2240,0,0,0,0,0
2024-07-23,Delta,N797XX,3712,ORD,CityName,State,BOS,CityName,State,0,0,-6,0,0,,301,2994,0,0,0,0,0
2024-07-23,Southwest,N803XX,6688,MIA,CityName,State,ORD,CityName,State,0,0,-11,0,0,,82,632,0,0,0,0,0
2024-07-23,United,N223XX,5812,DFW,CityName,State,BOS,CityName,State,0,0,8,0,0,,334,921,0,0,0,0,0
2024-07-23,American,N630XX,3796,ATL,CityName,State,SFO,CityName,State,0,0,-10,0,0,,338,957,0,0,0,0,0
2024-07-23,Southwest,N152XX,5753,SFO,CityName,State,DEN,CityName,State,0,0,1,0,0,,260,828,0,0,0,0,0
2024-07-23,JetBlue,N451XX,1208,MIA,CityName,State,ORD,CityName,State,0,0,2,0,0,,82,2782,0,0,0,0,0
2024-07-23,Southwest,N613XX,7732,JFK,CityName,State,DFW,CityName,State,15,1,15,1,0,,314,1454,0,0,0,0,15
2024-07-24,JetBlue,N599XX,3844,JFK,CityName,State,SFO,CityName,State,30,1,36,1,0,,116,2975,36,0,0,0,0
2024-07-24,Delta,N206XX,1025,LAX,CityName,State,MIA,CityName,State,0,0,-6,0,0,,357,858,0,0,0,0,0
2024-07-24,Southwest,N440XX,2380,BOS,CityName,State,ATL,CityName,State,120,1,110,1,0,,261,2545,0,0,110,0,0
2024-07-24,JetBlue,N871XX,575,DFW,CityName,State,DEN,CityName,State,15,1,22,1,0,,45,2358,22,0,0,0,0
2024-07-24,Delta,N737XX,3469,DEN,CityName,State,BOS,CityName,State,0,0,4,0,0,,109,1886,0,0,0,0,0
2024-07-24,Delta,N862XX,3596,JFK,CityName,State,SFO,CityName,State,0,0,-6,0,0,,296,2344,0,0,0,0,0
2024-07-24,United,N993XX,4836,LAX,CityName,State,JFK,CityName,State,0,0,-2,0,0,,228,1351,0,0,0,0,0
2024-07-24,Southwest,N211XX,2880,ORD,CityName,State,ATL,CityName,State,0,0,8,0,0,,331,2890,0,0,0,0,0
2024-07-25,JetBlue,N923XX,4245,JFK,CityName,State,ATL,CityName,State,0,0,-3,0,0,,313,939,0,0,0,0,0
2024-07-25,Southwest,N671XX,9886,LAX,CityName,State,BOS,CityName,State,0,0,5,0,0,,160,1688,0,0,0,0,0
2024-07-25,JetBlue,N829XX,3558,JFK,CityName,State,SEA,CityName,State,0,0,-13,0,0,,181,428,0,0,0,0,0
2024-07-25,Delta,N668XX,5039,SFO,CityName,State,ATL,CityName,State,0,0,-7,0,0,,301,2708,0,0,0,0,0
2024-07-25,JetBlue,N897XX,8929,JFK,CityName,State,LAX,CityName,State,0,0,3,0,0,,316,973,0,0,0,0,0
2024-07-25,Southwest,N664XX,1925,MIA,CityName,State,JFK,CityName,State,60,1,62,1,0,,170,2569,62,0,0,0,0
2024-07-25,Delta,N304XX,6779,JFK,CityName,State,ATL,CityName,State,0,0,-1,0,0,,343,1435,0,0,0,0,0
2024-07-25,JetBlue,N939XX,665,LAX,CityName,State,SFO,CityName,State,0,0,-7,0,0,,110,369,0,0,0,0,0
2024-07-25,Southwest,N495XX,6755,DEN,CityName,State,DEN,CityName,State,15,1,9,0,0,,255,1526,0,0,0,0,0
2024-07-25,United,N285XX,4665,ORD,CityName,State,SEA,CityName,State,30,1,36,1,0,,56,2010,0,0,0,0,36
2024-07-25,Delta,N436XX,9539,MIA,CityName,State,MIA,CityName,State,60,1,48,1,0,,301,1103,0,0,0,0,48
2024-07-26,United,N450XX,7715,ATL,CityName,State,SFO,CityName,State,0,0,10,0,0,,226,1701,0,0,0,0,0
2024-07-26,Southwest,N224XX,2977,JFK,CityName,State,ORD,CityName,State,0,0,6,0,0,,222,2075,0,0,0,0,0
2024-07-26,Delta,N897XX,3364,SFO,CityName,State,DFW,CityName,State,0,0,-5,0,0,,321,1270,0,0,0,0,0
2024-07-26,JetBlue,N979XX,676,SFO,CityName,State,LAX,CityName,State,0,0,-7,0,0,,128,396,0,0,0,0,0
2024-07-26,Delta,N253XX,3931,MIA,CityName,State,SEA,CityName,State,0,0,-10,0,0,,206,2576,0,0,0,0,0
2024-07-26,American,N656XX,3405,SEA,CityName,State,BOS,CityName,State,0,0,-1,0,0,,319,1110,0,0,0,0,0
2024-07-26,United,N110XX,9417,ORD,CityName,State,ATL,CityName,State,45,1,50,1,0,,281,2422,0,0,50,0,0
2024-07-26,Delta,N134XX,8101,BOS,CityName,State,SFO,CityName,State,0,0,-5,0,0,,251,1730,0,0,0,0,0
2024-07-26,Delta,N253XX,6939,ORD,CityName,State,ORD,CityName,State,45,1,32,1,0,,203,2456,0,32,0,0,0
2024-07-26,Delta,N784XX,6455,ORD,CityName,State,DFW,CityName,State,0,0,10,0,0,,75,254,0,0,0,0,0
2024-07-27,JetBlue,N880XX,1508,SFO,CityName,State,SFO,CityName,State,0,0,9,0,0,,356,1963,0,0,0,0,0
2024-07-27,JetBlue,N501XX,9995,MIA,CityName,State,DEN,CityName,State,60,1,70,1,0,,203,2091,70,0,0,0,0
2024-07-27,American,N466XX,7143,DEN,CityName,State,MIA,CityName,State,30,1,32,1,0,,302,2196,0,32,0,0,0
2024-07-27,Southwest,N237XX,9072,DEN,CityName,State,ORD,CityName,State,0,0,-9,0,0,,172,1899,0,0,0,0,0
2024-07-27,United,N548XX,6337,JFK,CityName,State,MIA,CityName,State,120,1,115,1,0,,352,264,115,0,0,0,0
2024-07-27,United,N908XX,2806,MIA,CityName,State,ATL,CityName,State,0,0,-3,0,0,,209,2498,0,0,0,0,0
2024-07-27,United,N467XX,156,DFW,CityName,State,DFW,CityName,State,0,0,-13,0,0,,356,1411,0,0,0,0,0
2024-07-27,JetBlue,N824XX,2281,SFO,CityName,State,JFK,CityName,State,0,0,-13,0,0,,340,201,0,0,0,0,0
2024-07-27,Delta,N691XX,1963,DEN,CityName,State,JFK,CityName,State,0,0,5,0,0,,60,2204,0,0,0,0,0
2024-07-27,Southwest,N810XX,3883,MIA,CityName,State,ATL,CityName,State,0,0,2,0,0,,333,1801,0,0,0,0,0
2024-07-27,JetBlue,N610XX,9727,BOS,CityName,State,SFO,CityName,State,0,0,4,0,0,,286,188,0,0,0,0,0
2024-07-27,Delta,N877XX,7052,LAX,CityName,State,SEA,CityName,State,0,0,10,0,0,,167,1629,0,0,0,0,0
2024-07-28,United,N744XX,4573,ATL,CityName,State,ORD,CityName,State,0,0,8,0,0,,77,1618,0,0,0,0,0
2024-07-28,JetBlue,N672XX,8800,LAX,CityName,State,MIA,CityName,State,0,0,8,0,0,,339,753,0,0,0,0,0
2024-07-28,Southwest,N782XX,5924,DEN,CityName,State,ATL,CityName,State,0,0,-6,0,0,,159,2466,0,0,0,0,0
2024-07-28,Southwest,N581XX,9224,ATL,CityName,State,SFO,CityName,State,0,0,3,0,0,,62,2502,0,0,0,0,0
2024-07-28,United,N682XX,5563,BOS,CityName,State,DEN,CityName,State,0,0,-10,0,0,,328,1237,0,0,0,0,0
2024-07-28,American,N717XX,9529,MIA,CityName,State,ATL,CityName,State,120,1,130,1,0,,109,175,0,0,130,0,0
2024-07-28,JetBlue,N394XX,1765,ORD,CityName,State,JFK,CityName,State,0,0,2,0,0,,236,335,0,0,0,0,0
2024-07-28,Delta,N374XX,8581,DEN,CityName,State,DEN,CityName,State,0,0,10,0,0,,310,2580,0,0,0,0,0
2024-07-28,JetBlue,N898XX,3094,BOS,CityName,State,MIA,CityName,State,0,0,0,0,0,,204,1368,0,0,0,0,0
2024-07-28,United,N672XX,5089,MIA,CityName,State,DEN,CityName,State,0,0,7,0,0,,354,562,0,0,0,0,0
2024-07-29,Southwest,N507XX,2047,SFO,CityName,State,ORD,CityName,State,15,1,24,1,0,,164,2264,0,24,0,0,0
2024-07-29,American,N224XX,4628,LAX,CityName,State,MIA,CityName,State,0,0,-5,0,0,,113,410,0,0,0,0,0
2024-07-29,JetBlue,N324XX,9026,DEN,CityName,State,DFW,CityName,State,0,0,10,0,0,,249,2750,0,0,0,0,0
2024-07-29,United,N905XX,6821,DFW,CityName,State,SFO,CityName,State,0,0,0,0,0,,136,623,0,0,0,0,0
2024-07-29,Delta,N695XX,4637,ORD,CityName,State,SEA,CityName,State,0,0,-10,0,0,,55,1580,0,0,0,0,0
2024-07-29,Delta,N682XX,214,SFO,CityName,State,DFW,CityName,State,0,0,3,0,0,,121,940,0,0,0,0,0
2024-07-29,JetBlue,N236XX,4059,SFO,CityName,State,ORD,CityName,State,0,0,-2,0,0,,317,1820,0,0,0,0,0
2024-07-29,American,N302XX,5470,MIA,CityName,State,BOS,CityName,State,0,0,0,0,1,A,178,1410,0,0,0,0,0
2024-07-29,American,N204XX,9726,DFW,CityName,State,JFK,CityName,State,45,1,45,1,0,,169,2986,45,0,0,0,0
2024-07-29,JetBlue,N429XX,649,MIA,CityName,State,ATL,CityName,State,0,0,-7,0,0,,223,1047,0,0,0,0,0
2024-07-29,Delta,N566XX,7468,JFK,CityName,State,SFO,CityName,State,30,1,16,1,0,,176,409,0,0,16,0,0
2024-07-29,United,N146XX,4759,MIA,CityName,State,SFO,CityName,State,0,0,-12,0,0,,155,2539,0,0,0,0,0
2024-07-29,Southwest,N743XX,9597,JFK,CityName,State,BOS,CityName,State,30,1,38,1,0,,222,1896,38,0,0,0,0
2024-07-29,United,N896XX,5879,JFK,CityName,State,SFO,CityName,State,0,0,10,0,0,,115,2472,0,0,0,0,0
2024-07-29,Southwest,N301XX,5246,SEA,CityName,State,ORD,CityName,State,60,1,48,1,0,,347,155,48,0,0,0,0
2024-07-29,Southwest,N456XX,7058,BOS,CityName,State,SEA,CityName,State,0,0,-9,0,0,,156,658,0,0,0,0,0
2024-07-29,American,N413XX,6455,LAX,CityName,State,ORD,CityName,State,0,0,-2,0,0,,156,357,0,0,0,0,0
2024-07-29,American,N978XX,5454,JFK,CityName,State,MIA,CityName,State,15,1,2,0,0,,248,895,0,0,0,0,0
2024-07-29,Delta,N282XX,172,JFK,CityName,State,SFO,CityName,State,0,0,2,0,0,,281,2996,0,0,0,0,0
2024-07-30,JetBlue,N556XX,5320,DEN,CityName,State,MIA,CityName,State,0,0,-5,0,0,,121,2449,0,0,0,0,0
2024-07-30,United,N965XX,8928,DFW,CityName,State,ATL,CityName,State,0,0,-8,0,0,,234,2247,0,0,0,0,0
2024-07-30,Delta,N578XX,178,ORD,CityName,State,MIA,CityName,State,0,0,-6,0,0,,357,1358,0,0,0,0,0
2024-07-30,United,N579XX,7262,ATL,CityName,State,DFW,CityName,State,45,1,52,1,0,,218,1129,0,0,0,0,52
2024-07-30,Southwest,N802XX,275,SEA,CityName,State,LAX,CityName,State,0,0,0,0,1,A,325,1078,0,0,0,0,0
2024-07-30,Delta,N867XX,6766,DEN,CityName,State,MIA,CityName,State,0,0,-9,0,0,,314,2276,0,0,0,0,0
2024-07-30,Delta,N234XX,3091,LAX,CityName,State,ORD,CityName,State,120,1,129,1,0,,299,1499,0,0,129,0,0
2024-07-30,United,N630XX,416,BOS,CityName,State,SEA,CityName,State,45,1,44,1,0,,177,1559,0,0,44,0,0
2024-07-30,United,N577XX,5430,DFW,CityName,State,DEN,CityName,State,60,1,55,1,0,,337,557,55,0,0,0,0
2024-07-30,JetBlue,N996XX,9952,SFO,CityName,State,MIA,CityName,State,0,0,6,0,0,,354,492,0,0,0,0,0
2024-07-31,Southwest,N121XX,1912,SEA,CityName,State,SFO,CityName,State,30,1,36,1,0,,111,2226,0,0,36,0,0
2024-07-31,United,N640XX,4185,BOS,CityName,State,ATL,CityName,State,0,0,0,0,0,,215,1956,0,0,0,0,0
2024-07-31,American,N125XX,2750,DEN,CityName,State,JFK,CityName,State,0,0,-13,0,0,,153,1050,0,0,0,0,0
2024-07-31,JetBlue,N557XX,7588,JFK,CityName,State,LAX,CityName,State,0,0,7,0,0,,343,2381,0,0,0,0,0
2024-07-31,JetBlue,N352XX,9557,LAX,CityName,State,DEN,CityName,State,0,0,-6,0,0,,84,1263,0,0,0,0,0
2024-07-31,Southwest,N203XX,2514,DFW,CityName,State,DEN,CityName,State,0,0,-14,0,0,,160,2364,0,0,0,0,0
2024-07-31,JetBlue,N215XX,3382,SFO,CityName,State,SFO,CityName,State,0,0,-10,0,0,,213,1120,0,0,0,0,0
2024-07-31,Southwest,N974XX,769,JFK,CityName,State,ATL,CityName,State,0,0,-7,0,0,,282,2355,0,0,0,0,0
2024-07-31,American,N116XX,7045,DEN,CityName,State,DEN,CityName,State,0,0,-4,0,0,,134,2009,0,0,0,0,0
2024-07-31,JetBlue,N473XX,3353,SEA,CityName,State,JFK,CityName,State,15,1,19,1,0,,96,2627,0,0,0,0,19
2024-07-31,United,N244XX,4602,BOS,CityName,State,SEA,CityName,State,0,0,10,0,0,,204,312,0,0,0,0,0
2024-08-01,Delta,N207XX,7454,DEN,CityName,State,SFO,CityName,State,60,1,60,1,0,,216,2391,60,0,0,0,0
2024-08-01,American,N738XX,3957,SFO,CityName,State,ATL,CityName,State,0,0,-8,0,0,,271,2282,0,0,0,0,0
2024-08-01,United,N575XX,8257,SEA,CityName,State,BOS,CityName,State,0,0,-1,0,0,,130,2985,0,0,0,0,0
2024-08-01,American,N789XX,4892,DFW,CityName,State,ATL,CityName,State,0,0,-9,0,0,,224,964,0,0,0,0,0
2024-08-01,JetBlue,N534XX,2457,LAX,CityName,State,SEA,CityName,State,0,0,-1,0,0,,77,2136,0,0,0,0,0
2024-08-01,Delta,N674XX,6498,JFK,CityName,State,ATL,CityName,State,0,0,2,0,0,,277,1719,0,0,0,0,0
2024-08-01,American,N506XX,1184,MIA,CityName,State,ORD,CityName,State,0,0,-12,0,0,,79,2953,0,0,0,0,0
2024-08-01,United,N938XX,4659,SFO,CityName,State,JFK,CityName,State,0,0,10,0,0,,338,158,0,0,0,0,0
2024-08-01,Delta,N308XX,8867,MIA,CityName,State,JFK,CityName,State,60,1,49,1,0,,336,1488,0,49,0,0,0
2024-08-01,Delta,N882XX,1980,BOS,CityName,State,DEN,CityName,State,0,0,-6,0,0,,60,828,0,0,0,0,0
2024-08-01,Southwest,N186XX,7821,DFW,CityName,State,ORD,CityName,State,0,0,-8,0,0,,261,1733,0,0,0,0,0
2024-08-01,United,N975XX,3241,ORD,CityName,State,DEN,CityName,State,0,0,9,0,0,,167,2586,0,0,0,0,0
2024-08-01,Delta,N374XX,108,BOS,CityName,State,DFW,CityName,State,0,0,-14,0,0,,100,1428,0,0,0,0,0
2024-08-02,American,N115XX,478,ORD,CityName,State,DFW,CityName,State,0,0,1,0,0,,105,681,0,0,0,0,0
2024-08-02,Southwest,N681XX,1182,MIA,CityName,State,BOS,CityName,State,0,0,1,0,0,,331,2672,0,0,0,0,0
2024-08-02,Delta,N495XX,4005,ATL,CityName,State,ORD,CityName,State,0,0,2,0,0,,164,724,0,0,0,0,0
2024-08-02,JetBlue,N932XX,6530,DEN,CityName,State,JFK,CityName,State,60,1,50,1,0,,301,1001,0,0,50,0,0
2024-08-02,Delta,N110XX,9893,DFW,CityName,State,JFK,CityName,State,0,0,-10,0,0,,110,1695,0,0,0,0,0
2024-08-02,JetBlue,N307XX,3805,MIA,CityName,State,DEN,CityName,State,0,0,4,0,0,,307,721,0,0,0,0,0
2024-08-02,American,N600XX,4161,JFK,CityName,State,MIA,CityName,State,0,0,8,0,0,,136,2765,0,0,0,0,0
2024-08-03,JetBlue,N639XX,877,SFO,CityName,State,JFK,CityName,State,0,0,6,0,0,,224,1107,0,0,0,0,0
2024-08-03,United,N136XX,5875,LAX,CityName,State,DFW,CityName,State,0,0,8,0,0,,320,1787,0,0,0,0,0
2024-08-03,Delta,N841XX,7916,DEN,CityName,State,LAX,CityName,State,0,0,-9,0,0,,225,1702,0,0,0,0,0
2024-08-03,Southwest,N380XX,2845,ATL,CityName,State,DFW,CityName,State,0,0,-3,0,0,,322,793,0,0,0,0,0
2024-08-03,United,N793XX,1780,MIA,CityName,State,MIA,CityName,State,45,1,39,1,0,,323,2024,0,0,39,0,0
2024-08-03,Delta,N453XX,6848,JFK,CityName,State,DEN,CityName,State,0,0,7,0,0,,244,2676,0,0,0,0,0
2024-08-03,Delta,N528XX,5465,SEA,CityName,State,DFW,CityName,State,0,0,-4,0,0,,209,782,0,0,0,0,0
2024-08-03,United,N692XX,7023,DEN,CityName,State,MIA,CityName,State,0,0,7,0,0,,303,817,0,0,0,0,0
2024-08-03,Southwest,N114XX,5206,JFK,CityName,State,MIA,CityName,State,0,0,-6,0,0,,350,821,0,0,0,0,0
2024-08-03,Delta,N589XX,1489,JFK,CityName,State,ATL,CityName,State,240,1,245,1,0,,137,2264,245,0,0,0,0
2024-08-03,JetBlue,N213XX,8072,DFW,CityName,State,JFK,CityName,State,0,0,-5,0,0,,307,2792,0,0,0,0,0
2024-08-03,Delta,N153XX,7574,JFK,CityName,State,BOS,CityName,State,0,0,-13,0,0,,221,227,0,0,0,0,0
2024-08-03,Southwest,N189XX,848,ORD,CityName,State,DEN,CityName,State,0,0,8,0,0,,118,1020,0,0,0,0,0
2024-08-03,United,N831XX,9874,ATL,CityName,State,LAX,CityName,State,0,0,-3,0,0,,214,2070,0,0,0,0,0
2024-08-03,American,N487XX,8924,SEA,CityName,State,LAX,CityName,State,15,1,23,1,0,,192,1857,0,23,0,0,0
2024-08-03,United,N901XX,1475,JFK,CityName,State,BOS,CityName,State,0,0,2,0,0,,213,1097,0,0,0,0,0
2024-08-03,Southwest,N421XX,1801,DEN,CityName,State,BOS,CityName,State,0,0,5,0,0,,111,180,0,0,0,0,0
2024-08-03,American,N713XX,8197,DFW,CityName,State,JFK,CityName,State,0,0,3,0,0,,74,2338,0,0,0,0,0
2024-08-03,Southwest,N577XX,9963,ATL,CityName,State,JFK,CityName,State,15,1,16,1,0,,129,995,0,0,16,0,0
2024-08-04,United,N723XX,6145,LAX,CityName,State,SEA,CityName,State,0,0,-11,0,0,,256,2142,0,0,0,0,0
2024-08-04,United,N380XX,3940,DFW,CityName,State,LAX,CityName,State,0,0,9,0,0,,197,959,0,0,0,0,0
2024-08-04,United,N450XX,7849,SFO,CityName,State,ATL,CityName,State,30,1,40,1,0,,192,2793,40,0,0,0,0
2024-08-04,JetBlue,N176XX,1113,DFW,CityName,State,DEN,CityName,State,30,1,40,1,0,,273,2785,0,0,0,0,40
2024-08-04,JetBlue,N790XX,2527,ORD,CityName,State,SFO,CityName,State,0,0,-8,0,0,,158,1857,0,0,0,0,0
2024-08-04,American,N212XX,9235,SFO,CityName,State,ATL,CityName,State,0,0,-8,0,0,,123,2318,0,0,0,0,0
2024-08-04,JetBlue,N594XX,856,BOS,CityName,State,ATL,CityName,State,0,0,-11,0,0,,264,350,0,0,0,0,0
2024-08-04,United,N130XX,7715,SEA,CityName,State,MIA,CityName,State,0,0,4,0,0,,102,1362,0,0,0,0,0
2024-08-04,Southwest,N611XX,4295,BOS,CityName,State,DFW,CityName,State,0,0,-3,0,0,,298,2067,0,0,0,0,0
2024-08-04,American,N224XX,1597,MIA,CityName,State,MIA,CityName,State,0,0,-1,0,0,,114,2667,0,0,0,0,0
2024-08-04,United,N688XX,6748,ORD,CityName,State,LAX,CityName,State,120,1,108,1,0,,296,1071,0,108,0,0,0
2024-08-04,United,N553XX,6914,SEA,CityName,State,LAX,CityName,State,0,0,-6,0,0,,154,1758,0,0,0,0,0
2024-08-04,American,N997XX,7382,SFO,CityName,State,MIA,CityName,State,0,0,7,0,0,,155,1498,0,0,0,0,0
2024-08-04,JetBlue,N107XX,7468,BOS,CityName,State,SEA,CityName,State,45,1,41,1,0,,207,606,41,0,0,0,0
2024-08-04,United,N364XX,4491,DEN,CityName,State,JFK,CityName,State,0,0,2,0,0,,237,810,0,0,0,0,0
2024-08-05,Southwest,N125XX,3510,ORD,CityName,State,ATL,CityName,State,0,0,-8,0,0,,358,2515,0,0,0,0,0
2024-08-05,Southwest,N170XX,6426,SFO,CityName,State,ATL,CityName,State,0,0,-7,0,0,,113,887,0,0,0,0,0
2024-08-05,JetBlue,N645XX,1687,SFO,CityName,State,SEA,CityName,State,15,1,18,1,0,,48,2062,0,0,0,0,18
2024-08-05,United,N580XX,7483,MIA,CityName,State,SEA,CityName,State,0,0,-13,0,0,,261,1364,0,0,0,0,0
2024-08-05,Delta,N402XX,4008,DFW,CityName,State,ATL,CityName,State,0,0,10,0,0,,339,382,0,0,0,0,0
2024-08-05,JetBlue,N815XX,3772,BOS,CityName,State,DEN,CityName,State,0,0,9,0,0,,102,2866,0,0,0,0,0
2024-08-05,JetBlue,N743XX,695,BOS,CityName,State,SFO,CityName,State,0,0,9,0,0,,213,2860,0,0,0,0,0
2024-08-05,JetBlue,N558XX,4583,JFK,CityName,State,LAX,CityName,State,0,0,3,0,0,,202,812,0,0,0,0,0
2024-08-05,Southwest,N888XX,6211,MIA,CityName,State,DFW,CityName,State,45,1,36,1,0,,67,974,36,0,0,0,0
2024-08-05,Southwest,N592XX,4449,SEA,CityName,State,BOS,CityName,State,0,0,-10,0,0,,271,907,0,0,0,0,0
2024-08-05,Southwest,N389XX,6953,ATL,CityName,State,MIA,CityName,State,0,0,-6,0,0,,112,1170,0,0,0,0,0
2024-08-05,Southwest,N849XX,2324,ORD,CityName,State,MIA,CityName,State,0,0,-12,0,0,,240,246,0,0,0,0,0
2024-08-05,Southwest,N710XX,3302,ORD,CityName,State,LAX,CityName,State,0,0,-7,0,0,,89,1464,0,0,0,0,0
2024-08-05,American,N824XX,999,BOS,CityName,State,DEN,CityName,State,120,1,120,1,0,,343,264,0,0,0,0,120
2024-08-05,United,N114XX,3438,DEN,CityName,State,JFK,CityName,State,0,0,7,0,0,,354,331,0,0,0,0,0
2024-08-05,Delta,N766XX,101,ATL,CityName,State,SEA,CityName,State,60,1,52,1,0,,72,519,0,0,52,0,0
2024-08-06,American,N689XX,7768,LAX,CityName,State,LAX,CityName,State,0,0,-3,0,0,,277,705,0,0,0,0,0
2024-08-06,JetBlue,N497XX,9046,MIA,CityName,State,BOS,CityName,State,15,1,0,0,1,A,248,1796,0,0,0,0,0
2024-08-06,Southwest,N231XX,437,LAX,CityName,State,DFW,CityName,State,0,0,-4,0,0,,299,1919,0,0,0,0,0
2024-08-06,Delta,N103XX,8365,DFW,CityName,State,DEN,CityName,State,45,1,32,1,0,,347,2215,32,0,0,0,0
2024-08-06,American,N960XX,1986,DFW,CityName,State,BOS,CityName,State,120,1,112,1,0,,335,2258,112,0,0,0,0
2024-08-06,JetBlue,N351XX,8838,ATL,CityName,State,SEA,CityName,State,45,1,49,1,0,,294,676,49,0,0,0,0
2024-08-06,Delta,N538XX,6483,ORD,CityName,State,BOS,CityName,State,0,0,9,0,0,,136,268,0,0,0,0,0
2024-08-06,Southwest,N870XX,4103,SEA,CityName,State,DEN,CityName,State,0,0,-9,0,0,,124,1995,0,0,0,0,0
2024-08-06,Delta,N919XX,3777,SFO,CityName,State,ATL,CityName,State,0,0,9,0,0,,220,874,0,0,0,0,0
2024-08-06,Southwest,N862XX,5418,MIA,CityName,State,DEN,CityName,State,30,1,31,1,0,,319,422,31,0,0,0,0
2024-08-07,United,N873XX,2865,BOS,CityName,State,ATL,CityName,State,45,1,48,1,0,,171,2864,0,0,0,0,48
2024-08-07,JetBlue,N888XX,7702,SEA,CityName,State,LAX,CityName,State,15,1,1,0,0,,157,357,0,0,0,0,0
2024-08-07,American,N991XX,391,LAX,CityName,State,MIA,CityName,State,0,0,8,0,0,,185,1751,0,0,0,0,0
2024-08-07,American,N925XX,9831,DFW,CityName,State,BOS,CityName,State,0,0,-8,0,0,,136,1487,0,0,0,0,0
2024-08-07,United,N642XX,6127,BOS,CityName,State,DEN,CityName,State,0,0,-10,0,0,,310,1303,0,0,0,0,0
2024-08-07,American,N266XX,3326,SEA,CityName,State,DEN,CityName,State,0,0,-3,0,0,,91,2256,0,0,0,0,0
2024-08-07,United,N512XX,6688,LAX,CityName,State,SFO,CityName,State,0,0,7,0,0,,138,938,0,0,0,0,0
2024-08-07,Delta,N986XX,3295,JFK,CityName,State,JFK,CityName,State,0,0,-2,0,0,,254,1431,0,0,0,0,0
2024-08-07,Delta,N716XX,4796,BOS,CityName,State,ORD,CityName,State,0,0,4,0,0,,328,2559,0,0,0,0,0
2024-08-07,United,N632XX,5499,SFO,CityName,State,BOS,CityName,State,15,1,15,1,0,,258,601,15,0,0,0,0
2024-08-07,Southwest,N194XX,6081,DFW,CityName,State,LAX,CityName,State,0,0,4,0,0,,264,2504,0,0,0,0,0
2024-08-07,JetBlue,N899XX,8299,ATL,CityName,State,DFW,CityName,State,0,0,-10,0,0,,137,1104,0,0,0,0,0
2024-08-07,JetBlue,N644XX,6610,BOS,CityName,State,MIA,CityName,State,0,0,5,0,0,,195,2555,0,0,0,0,0
2024-08-07,Delta,N230XX,6432,ATL,CityName,State,DEN,CityName,State,0,0,8,0,0,,295,841,0,0,0,0,0
2024-08-08,Delta,N800XX,5500,SEA,CityName,State,DFW,CityName,State,0,0,4,0,0,,211,1176,0,0,0,0,0
2024-08-08,Southwest,N256XX,1866,ORD,CityName,State,DFW,CityName,State,0,0,9,0,0,,193,1311,0,0,0,0,0
2024-08-08,United,N124XX,1900,DFW,CityName,State,ORD,CityName,State,0,0,5,0,0,,191,1306,0,0,0,0,0
2024-08-08,United,N783XX,9375,LAX,CityName,State,DEN,CityName,State,0,0,-4,0,0,,187,1661,0,0,0,0,0
2024-08-08,JetBlue,N467XX,9592,ORD,CityName,State,JFK,CityName,State,0,0,0,0,0,,347,1694,0,0,0,0,0
2024-08-08,Delta,N669XX,9698,BOS,CityName,State,SFO,CityName,State,0,0,-5,0,0,,114,1423,0,0,0,0,0
2024-08-08,Delta,N371XX,6402,ATL,CityName,State,DEN,CityName,State,0,0,-13,0,0,,174,1152,0,0,0,0,0
2024-08-08,United,N433XX,2795,MIA,CityName,State,SFO,CityName,State,0,0,-12,0,0,,64,469,0,0,0,0,0
2024-08-08,Delta,N637XX,8805,DFW,CityName,State,SEA,CityName,State,0,0,6,0,0,,107,2099,0,0,0,0,0
2024-08-08,Southwest,N175XX,8558,LAX,CityName,State,DEN,CityName,State,15,1,25,1,0,,144,2879,25,0,0,0,0
2024-08-08,JetBlue,N407XX,7485,MIA,CityName,State,ATL,CityName,State,0,0,3,0,0,,307,2513,0,0,0,0,0
2024-08-08,Delta,N486XX,5215,LAX,CityName,State,SFO,CityName,State,0,0,9,0,0,,122,2979,0,0,0,0,0
2024-08-08,United,N424XX,6176,DEN,CityName,State,MIA,CityName,State,0,0,-14,0,0,,299,813,0,0,0,0,0
2024-08-08,United,N882XX,6892,DFW,CityName,State,MIA,CityName,State,120,1,114,1,0,,111,2647,0,114,0,0,0
2024-08-08,United,N897XX,1765,SFO,CityName,State,ORD,CityName,State,0,0,10,0,0,,322,990,0,0,0,0,0
2024-08-08,American,N561XX,3730,ATL,CityName,State,LAX,CityName,State,0,0,-2,0,0,,271,2774,0,0,0,0,0
2024-08-08,Delta,N547XX,709,JFK,CityName,State,MIA,CityName,State,0,0,10,0,0,,190,2565,0,0,0,0,0
2024-08-08,JetBlue,N692XX,6012,ORD,CityName,State,ORD,CityName,State,0,0,-6,0,0,,67,1362,0,0,0,0,0
2024-08-09,American,N760XX,7863,SEA,CityName,State,DFW,CityName,State,0,0,-7,0,0,,219,1192,0,0,0,0,0
2024-08-09,JetBlue,N701XX,9734,BOS,CityName,State,JFK,CityName,State,0,0,9,0,0,,62,1812,0,0,0,0,0
2024-08-09,JetBlue,N682XX,9526,JFK,CityName,State,SFO,CityName,State,0,0,-12,0,0,,173,2571,0,0,0,0,0
2024-08-09,Southwest,N957XX,254,JFK,CityName,State,SEA,CityName,State,30,1,19,1,0,,281,726,0,19,0,0,0
2024-08-09,Southwest,N535XX,2809,BOS,CityName,State,ORD,CityName,State,0,0,2,0,0,,286,1657,0,0,0,0,0
2024-08-09,United,N748XX,4949,ATL,CityName,State,DEN,CityName,State,30,1,32,1,0,,270,417,0,0,0,0,32
2024-08-09,Southwest,N741XX,2884,BOS,CityName,State,BOS,CityName,State,0,0,9,0,0,,73,1964,0,0,0,0,0
2024-08-09,United,N565XX,2569,DEN,CityName,State,ORD,CityName,State,0,0,-4,0,0,,210,2610,0,0,0,0,0
2024-08-09,Delta,N260XX,1782,JFK,CityName,State,SFO,CityName,State,0,0,1,0,0,,71,2398,0,0,0,0,0
2024-08-09,United,N437XX,4170,DEN,CityName,State,LAX,CityName,State,0,0,2,0,0,,211,539,0,0,0,0,0
2024-08-09,JetBlue,N602XX,3824,SFO,CityName,State,SEA,CityName,State,0,0,9,0,0,,269,2747,0,0,0,0,0
2024-08-09,Delta,N738XX,527,ORD,CityName,State,JFK,CityName,State,0,0,10,0,0,,51,1290,0,0,0,0,0
2024-08-09,JetBlue,N957XX,1990,JFK,CityName,State,LAX,CityName,State,0,0,-14,0,0,,77,721,0,0,0,0,0
2024-08-09,American,N489XX,8202,ORD,CityName,State,SFO,CityName,State,0,0,2,0,0,,167,1050,0,0,0,0,0
2024-08-09,Delta,N911XX,9553,ORD,CityName,State,ATL,CityName,State,0,0,-2,0,0,,54,1320,0,0,0,0,0
2024-08-09,Delta,N419XX,5576,BOS,CityName,State,LAX,CityName,State,0,0,-7,0,0,,98,1563,0,0,0,0,0
2024-08-09,American,N279XX,2030,LAX,CityName,State,ATL,CityName,State,0,0,-11,0,0,,341,2102,0,0,0,0,0
2024-08-09,JetBlue,N705XX,2495,DFW,CityName,State,SEA,CityName,State,0,0,8,0,0,,309,2618,0,0,0,0,0
2024-08-10,American,N325XX,4753,JFK,CityName,State,MIA,CityName,State,15,1,20,1,0,,85,1800,0,20,0,0,0
2024-08-10,JetBlue,N837XX,4042,DFW,CityName,State,DEN,CityName,State,0,0,0,0,1,A,105,1390,0,0,0,0,0
2024-08-10,Delta,N663XX,1192,DFW,CityName,State,LAX,CityName,State,0,0,-8,0,0,,54,2472,0,0,0,0,0
2024-08-10,American,N291XX,478,ATL,CityName,State,ATL,CityName,State,0,0,-9,0,0,,289,1844,0,0,0,0,0
2024-08-10,American,N969XX,5411,DEN,CityName,State,BOS,CityName,State,0,0,-10,0,0,,185,2298,0,0,0,0,0
2024-08-10,United,N504XX,2370,DEN,CityName,State,ATL,CityName,State,0,0,0,0,1,A,196,261,0,0,0,0,0
2024-08-10,Southwest,N418XX,977,BOS,CityName,State,SFO,CityName,State,15,1,13,0,0,,335,2451,0,0,0,0,0
2024-08-10,United,N260XX,9319,DFW,CityName,State,ORD,CityName,State,0,0,8,0,0,,289,2348,0,0,0,0,0
2024-08-10,Southwest,N869XX,7707,LAX,CityName,State,SEA,CityName,State,0,0,5,0,0,,155,2589,0,0,0,0,0
2024-08-10,United,N499XX,9874,DFW,CityName,State,DFW,CityName,State,0,0,-10,0,0,,74,2847,0,0,0,0,0
2024-08-10,United,N195XX,8265,ATL,CityName,State,BOS,CityName,State,0,0,-14,0,0,,131,1250,0,0,0,0,0
2024-08-10,Southwest,N369XX,1462,LAX,CityName,State,BOS,CityName,State,0,0,-12,0,0,,87,896,0,0,0,0,0
2024-08-10,JetBlue,N273XX,6530,ATL,CityName,State,ORD,CityName,State,30,1,28,1,0,,271,1877,0,0,0,0,28
2024-08-10,United,N345XX,9973,MIA,CityName,State,JFK,CityName,State,0,0,1,0,0,,149,934,0,0,0,0,0
2024-08-10,JetBlue,N809XX,6584,JFK,CityName,State,JFK,CityName,State,0,0,-14,0,0,,173,997,0,0,0,0,0
2024-08-10,Southwest,N605XX,649,BOS,CityName,State,SFO,CityName,State,0,0,10,0,0,,269,1294,0,0,0,0,0
2024-08-10,American,N706XX,5821,ATL,CityName,State,ATL,CityName,State,45,1,48,1,0,,208,1401,0,0,48,0,0
2024-08-10,United,N301XX,7274,BOS,CityName,State,LAX,CityName,State,30,1,37,1,0,,350,1308,37,0,0,0,0
2024-08-10,JetBlue,N661XX,1140,DEN,CityName,State,SFO,CityName,State,0,0,9,0,0,,241,1288,0,0,0,0,0
2024-08-11,JetBlue,N800XX,797,BOS,CityName,State,BOS,CityName,State,0,0,4,0,0,,166,742,0,0,0,0,0
2024-08-11,Delta,N278XX,7480,BOS,CityName,State,ATL,CityName,State,0,0,9,0,0,,286,1635,0,0,0,0,0
2024-08-11,United,N957XX,4438,SFO,CityName,State,SFO,CityName,State,0,0,10,0,0,,167,2701,0,0,0,0,0
2024-08-11,American,N376XX,9953,MIA,CityName,State,LAX,CityName,State,0,0,-9,0,0,,270,1370,0,0,0,0,0
2024-08-11,Delta,N880XX,9792,ATL,CityName,State,MIA,CityName,State,0,0,10,0,0,,45,600,0,0,0,0,0
2024-08-11,American,N741XX,426,LAX,CityName,State,SFO,CityName,State,0,0,-12,0,0,,208,1978,0,0,0,0,0
2024-08-11,United,N843XX,7116,ORD,CityName,State,DEN,CityName,State,0,0,-6,0,0,,202,258,0,0,0,0,0
2024-08-11,United,N708XX,1767,ATL,CityName,State,SFO,CityName,State,0,0,-14,0,0,,175,184,0,0,0,0,0
2024-08-11,JetBlue,N830XX,9537,SEA,CityName,State,SEA,CityName,State,15,1,4,0,0,,177,930,0,0,0,0,0
2024-08-11,Delta,N862XX,9431,MIA,CityName,State,MIA,CityName,State,0,0,-7,0,0,,344,1746,0,0,0,0,0
2024-08-11,United,N864XX,7936,SFO,CityName,State,JFK,CityName,State,30,1,20,1,0,,176,185,20,0,0,0,0
2024-08-11,Southwest,N335XX,2507,ORD,CityName,State,ATL,CityName,State,0,0,-12,0,0,,291,218,0,0,0,0,0
2024-08-11,JetBlue,N652XX,1921,ATL,CityName,State,BOS,CityName,State,30,1,32,1,0,,75,463,0,0,0,0,32
2024-08-11,Southwest,N103XX,173,DEN,CityName,State,SEA,CityName,State,0,0,-9,0,0,,341,319,0,0,0,0,0
2024-08-11,American,N674XX,9111,DFW,CityName,State,LAX,CityName,State,0,0,-6,0,0,,129,1054,0,0,0,0,0
2024-08-11,United,N784XX,5402,DFW,CityName,State,SFO,CityName,State,0,0,4,0,0,,271,2596,0,0,0,0,0
2024-08-11,JetBlue,N158XX,5061,BOS,CityName,State,DEN,CityName,State,0,0,-4,0,0,,66,275,0,0,0,0,0
2024-08-11,Southwest,N441XX,8258,SFO,CityName,State,BOS,CityName,State,0,0,4,0,0,,145,450,0,0,0,0,0
2024-08-12,JetBlue,N587XX,4958,JFK,CityName,State,SFO,CityName,State,15,1,13,0,0,,197,1223,0,0,0,0,0
2024-08-12,JetBlue,N797XX,6927,JFK,CityName,State,ATL,CityName,State,0,0,-13,0,0,,237,2310,0,0,0,0,0
2024-08-12,Southwest,N987XX,6563,SFO,CityName,State,SEA,CityName,State,45,1,38,1,0,,226,1009,0,38,0,0,0
2024-08-12,JetBlue,N957XX,9250,DEN,CityName,State,DEN,CityName,State,0,0,9,0,0,,265,1348,0,0,0,0,0
2024-08-12,American,N618XX,4574,DEN,CityName,State,LAX,CityName,State,0,0,-5,0,0,,253,1034,0,0,0,0,0
2024-08-12,Delta,N997XX,6685,DEN,CityName,State,LAX,CityName,State,15,1,8,0,0,,298,1264,0,0,0,0,0
2024-08-12,American,N479XX,7898,SEA,CityName,State,JFK,CityName,State,0,0,-3,0,0,,267,1907,0,0,0,0,0
2024-08-12,Delta,N252XX,203,LAX,CityName,State,SEA,CityName,State,45,1,49,1,0,,102,1849,49,0,0,0,0
2024-08-12,Delta,N640XX,8749,MIA,CityName,State,LAX,CityName,State,0,0,-8,0,0,,203,2487,0,0,0,0,0
2024-08-12,United,N733XX,1391,DEN,CityName,State,ATL,CityName,State,0,0,3,0,0,,322,258,0,0,0,0,0
2024-08-12,American,N817XX,9001,DFW,CityName,State,BOS,CityName,State,0,0,1,0,0,,278,2886,0,0,0,0,0
2024-08-12,American,N877XX,5572,JFK,CityName,State,SEA,CityName,State,0,0,-4,0,0,,140,303,0,0,0,0,0
2024-08-12,JetBlue,N116XX,7490,MIA,CityName,State,SEA,CityName,State,0,0,-13,0,0,,182,611,0,0,0,0,0
2024-08-13,United,N778XX,4380,MIA,CityName,State,JFK,CityName,State,0,0,-9,0,0,,351,1397,0,0,0,0,0
2024-08-13,JetBlue,N240XX,3152,DEN,CityName,State,SEA,CityName,State,45,1,51,1,0,,312,840,51,0,0,0,0
2024-08-13,United,N650XX,8533,SFO,CityName,State,LAX,CityName,State,45,1,39,1,0,,157,2478,39,0,0,0,0
2024-08-13,Delta,N633XX,8306,DFW,CityName,State,MIA,CityName,State,0,0,-10,0,0,,152,909,0,0,0,0,0
2024-08-13,Delta,N227XX,8227,MIA,CityName,State,BOS,CityName,State,60,1,59,1,0,,270,2925,0,0,59,0,0
2024-08-13,United,N702XX,5298,LAX,CityName,State,ATL,CityName,State,0,0,1,0,0,,322,1796,0,0,0,0,0
2024-08-13,JetBlue,N894XX,178,MIA,CityName,State,DFW,CityName,State,45,1,53,1,0,,346,771,0,53,0,0,0
2024-08-13,JetBlue,N715XX,6068,LAX,CityName,State,SEA,CityName,State,0,0,2,0,0,,215,1101,0,0,0,0,0
2024-08-13,JetBlue,N825XX,4863,ATL,CityName,State,ATL,CityName,State,45,1,48,1,0,,59,1208,0,0,48,0,0
2024-08-13,JetBlue,N735XX,5593,JFK,CityName,State,DEN,CityName,State,15,1,8,0,0,,78,199,0,0,0,0,0
2024-08-13,American,N786XX,6409,DFW,CityName,State,DEN,CityName,State,0,0,-1,0,0,,105,1431,0,0,0,0,0
2024-08-13,United,N702XX,5007,DEN,CityName,State,SEA,CityName,State,15,1,23,1,0,,116,1391,0,0,0,0,23
2024-08-14,Delta,N957XX,4412,ATL,CityName,State,ORD,CityName,State,0,0,1,0,0,,49,1624,0,0,0,0,0
2024-08-14,Delta,N320XX,1975,JFK,CityName,State,DFW,CityName,State,0,0,-2,0,0,,54,2863,0,0,0,0,0
2024-08-14,JetBlue,N857XX,4781,MIA,CityName,State,SEA,CityName,State,240,1,239,1,0,,198,2376,239,0,0,0,0
2024-08-14,American,N601XX,6425,JFK,CityName,State,MIA,CityName,State,0,0,6,0,0,,345,2236,0,0,0,0,0
2024-08-14,Southwest,N690XX,8806,BOS,CityName,State,JFK,CityName,State,120,1,115,1,0,,179,1084,0,0,115,0,0
2024-08-14,American,N358XX,1869,DFW,CityName,State,ORD,CityName,State,0,0,3,0,0,,147,2894,0,0,0,0,0
2024-08-14,Delta,N428XX,173,MIA,CityName,State,DFW,CityName,State,0,0,-13,0,0,,74,1564,0,0,0,0,0
2024-08-14,United,N943XX,6439,ATL,CityName,State,ATL,CityName,State,0,0,8,0,0,,206,411,0,0,0,0,0
2024-08-14,JetBlue,N529XX,7155,ATL,CityName,State,DFW,CityName,State,0,0,10,0,0,,124,2586,0,0,0,0,0
2024-08-14,JetBlue,N619XX,6091,BOS,CityName,State,SFO,CityName,State,240,1,227,1,0,,279,1335,227,0,0,0,0
2024-08-14,Southwest,N249XX,4663,JFK,CityName,State,DEN,CityName,State,0,0,-7,0,0,,250,2953,0,0,0,0,0
2024-08-14,Delta,N571XX,3699,ATL,CityName,State,LAX,CityName,State,0,0,5,0,0,,152,2956,0,0,0,0,0
2024-08-14,Delta,N475XX,1729,SEA,CityName,State,SEA,CityName,State,30,1,38,1,0,,97,399,38,0,0,0,0
2024-08-14,Southwest,N486XX,674,JFK,CityName,State,MIA,CityName,State,0,0,7,0,0,,228,2381,0,0,0,0,0
2024-08-14,Delta,N610XX,737,BOS,CityName,State,DFW,CityName,State,15,1,11,0,0,,151,211,0,0,0,0,0
2024-08-14,Delta,N557XX,191,SFO,CityName,State,LAX,CityName,State,0,0,-5,0,0,,60,1468,0,0,0,0,0
2024-08-14,JetBlue,N797XX,8116,ATL,CityName,State,ATL,CityName,State,0,0,1,0,0,,239,628,0,0,0,0,0
2024-08-14,American,N299XX,2841,DEN,CityName,State,ATL,CityName,State,0,0,1,0,0,,150,2188,0,0,0,0,0
2024-08-14,Southwest,N600XX,3259,MIA,CityName,State,BOS,CityName,State,0,0,-12,0,0,,79,2017,0,0,0,0,0
2024-08-15,United,N910XX,1435,BOS,CityName,State,LAX,CityName,State,0,0,-1,0,0,,68,2668,0,0,0,0,0
2024-08-15,United,N391XX,2111,DEN,CityName,State,SEA,CityName,State,0,0,-8,0,0,,196,1624,0,0,0,0,0
2024-08-15,American,N542XX,503,BOS,CityName,State,ORD,CityName,State,0,0,5,0,0,,128,2550,0,0,0,0,0
2024-08-15,Southwest,N276XX,8713,ORD,CityName,State,ATL,CityName,State,0,0,-12,0,0,,101,485,0,0,0,0,0
2024-08-15,JetBlue,N701XX,6431,DFW,CityName,State,SEA,CityName,State,0,0,10,0,0,,81,222,0,0,0,0,0
2024-08-15,United,N972XX,5659,SEA,CityName,State,SFO,CityName,State,0,0,-2,0,0,,186,743,0,0,0,0,0
2024-08-15,Southwest,N733XX,9611,DFW,CityName,State,BOS,CityName,State,30,1,27,1,0,,70,1393,0,27,0,0,0
2024-08-15,JetBlue,N323XX,3588,DEN,CityName,State,ORD,CityName,State,0,0,-1,0,0,,66,1204,0,0,0,0,0
2024-08-15,Southwest,N307XX,4701,ATL,CityName,State,DFW,CityName,State,15,1,20,1,0,,114,1196,0,20,0,0,0
2024-08-15,Delta,N934XX,4437,DEN,CityName,State,DEN,CityName,State,15,1,25,1,0,,242,1038,25,0,0,0,0
2024-08-15,United,N238XX,5608,SEA,CityName,State,SFO,CityName,State,0,0,7,0,0,,244,1830,0,0,0,0,0
2024-08-15,Southwest,N535XX,6980,ORD,CityName,State,ORD,CityName,State,0,0,7,0,0,,119,1851,0,0,0,0,0
2024-08-15,United,N504XX,2802,MIA,CityName,State,JFK,CityName,State,0,0,2,0,0,,179,2320,0,0,0,0,0
2024-08-15,Southwest,N695XX,4406,SFO,CityName,State,SFO,CityName,State,0,0,7,0,0,,346,2218,0,0,0,0,0
2024-08-15,JetBlue,N956XX,8844,BOS,CityName,State,BOS,CityName,State,0,0,-7,0,0,,198,569,0,0,0,0,0
2024-08-15,United,N855XX,1988,LAX,CityName,State,SEA,CityName,State,0,0,9,0,0,,279,1917,0,0,0,0,0
2024-08-16,American,N629XX,9142,SEA,CityName,State,JFK,CityName,State,0,0,7,0,0,,79,2532,0,0,0,0,0
2024-08-16,Delta,N324XX,7060,DEN,CityName,State,MIA,CityName,State,60,1,62,1,0,,149,1929,62,0,0,0,0
2024-08-16,JetBlue,N446XX,3246,DFW,CityName,State,DEN,CityName,State,0,0,4,0,0,,124,2932,0,0,0,0,0
2024-08-16,Southwest,N927XX,4339,MIA,CityName,State,SEA,CityName,State,30,1,20,1,0,,190,569,20,0,0,0,0
2024-08-16,Southwest,N779XX,4966,BOS,CityName,State,JFK,CityName,State,0,0,4,0,0,,247,491,0,0,0,0,0
2024-08-16,JetBlue,N358XX,5283,ORD,CityName,State,LAX,CityName,State,120,1,125,1,0,,180,633,0,0,0,0,125
2024-08-16,American,N116XX,4605,DEN,CityName,State,DEN,CityName,State,0,0,-5,0,0,,90,1951,0,0,0,0,0
2024-08-16,Delta,N208XX,282,DFW,CityName,State,ATL,CityName,State,0,0,1,0,0,,256,1052,0,0,0,0,0
2024-08-16,Delta,N580XX,2528,LAX,CityName,State,ORD,CityName,State,0,0,-1,0,0,,167,2336,0,0,0,0,0
2024-08-16,American,N836XX,4494,ATL,CityName,State,DFW,CityName,State,0,0,-1,0,0,,133,2811,0,0,0,0,0
2024-08-17,United,N567XX,1304,SFO,CityName,State,ORD,CityName,State,0,0,-1,0,0,,246,1389,0,0,0,0,0
2024-08-17,United,N506XX,464,JFK,CityName,State,ORD,CityName,State,30,1,36,1,0,,194,726,0,36,0,0,0
2024-08-17,Delta,N806XX,9321,BOS,CityName,State,LAX,CityName,State,0,0,-4,0,0,,308,2396,0,0,0,0,0
2024-08-17,United,N676XX,1287,ORD,CityName,State,MIA,CityName,State,0,0,-2,0,0,,185,1148,0,0,0,0,0
2024-08-17,Southwest,N336XX,1775,DEN,CityName,State,SEA,CityName,State,0,0,6,0,0,,314,2962,0,0,0,0,0
2024-08-17,United,N971XX,5137,SFO,CityName,State,BOS,CityName,State,0,0,-11,0,0,,129,2173,0,0,0,0,0
2024-08-17,Southwest,N654XX,1539,SFO,CityName,State,DEN,CityName,State,0,0,5,0,0,,340,1473,0,0,0,0,0
2024-08-17,American,N704XX,5006,ORD,CityName,State,ATL,CityName,State,0,0,8,0,0,,344,2844,0,0,0,0,0
2024-08-17,American,N587XX,2584,SFO,CityName,State,ORD,CityName,State,60,1,61,1,0,,168,1706,61,0,0,0,0
2024-08-17,JetBlue,N604XX,2529,ATL,CityName,State,LAX,CityName,State,120,1,119,1,0,,67,197,0,0,119,0,0
2024-08-17,Southwest,N378XX,9332,SEA,CityName,State,BOS,CityName,State,0,0,-10,0,0,,117,2210,0,0,0,0,0
2024-08-17,Delta,N368XX,9846,DFW,CityName,State,ORD,CityName,State,0,0,-12,0,0,,67,2327,0,0,0,0,0
2024-08-17,Delta,N508XX,4547,DFW,CityName,State,ORD,CityName,State,15,1,24,1,0,,264,1831,24,0,0,0,0
2024-08-17,Southwest,N708XX,6955,SFO,CityName,State,MIA,CityName,State,60,1,56,1,0,,180,2183,0,56,0,0,0
2024-08-17,American,N189XX,4929,ATL,CityName,State,LAX,CityName,State,0,0,-14,0,0,,328,2771,0,0,0,0,0
2024-08-18,American,N719XX,8974,MIA,CityName,State,JFK,CityName,State,45,1,36,1,0,,284,2006,36,0,0,0,0
2024-08-18,American,N542XX,3301,DEN,CityName,State,SEA,CityName,State,0,0,-7,0,0,,172,2738,0,0,0,0,0
2024-08-18,Southwest,N411XX,3346,ATL,CityName,State,SEA,CityName,State,0,0,-6,0,0,,201,1264,0,0,0,0,0
2024-08-18,JetBlue,N130XX,7328,BOS,CityName,State,ORD,CityName,State,0,0,-8,0,0,,75,1936,0,0,0,0,0
2024-08-18,JetBlue,N694XX,2115,JFK,CityName,State,BOS,CityName,State,0,0,7,0,0,,275,547,0,0,0,0,0
2024-08-18,United,N877XX,173,ORD,CityName,State,ORD,CityName,State,15,1,12,0,0,,77,2359,0,0,0,0,0
2024-08-18,Southwest,N104XX,9839,SFO,CityName,State,SEA,CityName,State,0,0,-12,0,0,,299,2183,0,0,0,0,0
2024-08-18,JetBlue,N938XX,6323,BOS,CityName,State,ATL,CityName,State,15,1,22,1,0,,314,2512,22,0,0,0,0
2024-08-18,JetBlue,N491XX,4035,JFK,CityName,State,JFK,CityName,State,0,0,-2,0,0,,270,985,0,0,0,0,0
2024-08-18,American,N411XX,9188,BOS,CityName,State,MIA,CityName,State,0,0,9,0,0,,117,1008,0,0,0,0,0
2024-08-18,United,N225XX,3847,SFO,CityName,State,JFK,CityName,State,0,0,-6,0,0,,311,1214,0,0,0,0,0
2024-08-18,Delta,N847XX,9926,DFW,CityName,State,ORD,CityName,State,0,0,-7,0,0,,274,893,0,0,0,0,0
2024-08-18,Southwest,N711XX,8382,ORD,CityName,State,BOS,CityName,State,0,0,5,0,0,,191,338,0,0,0,0,0
2024-08-18,JetBlue,N735XX,518,MIA,CityName,State,LAX,CityName,State,0,0,6,0,0,,207,945,0,0,0,0,0
2024-08-18,United,N544XX,4601,DFW,CityName,State,MIA,CityName,State,0,0,-13,0,0,,299,468,0,0,0,0,0
2024-08-19,JetBlue,N136XX,5615,BOS,CityName,State,ORD,CityName,State,0,0,-12,0,0,,312,178,0,0,0,0,0
2024-08-19,Southwest,N792XX,4243,SFO,CityName,State,ATL,CityName,State,60,1,58,1,0,,81,293,58,0,0,0,0
2024-08-19,American,N799XX,9243,SEA,CityName,State,DFW,CityName,State,0,0,1,0,0,,218,1377,0,0,0,0,0
2024-08-19,Delta,N235XX,4762,BOS,CityName,State,SEA,CityName,State,0,0,0,0,0,,256,2456,0,0,0,0,0
2024-08-19,American,N170XX,8931,ORD,CityName,State,DEN,CityName,State,0,0,-5,0,0,,105,2234,0,0,0,0,0
2024-08-19,JetBlue,N572XX,5878,JFK,CityName,State,BOS,CityName,State,0,0,5,0,0,,163,1957,0,0,0,0,0
2024-08-19,Southwest,N607XX,6369,SEA,CityName,State,BOS,CityName,State,0,0,-7,0,0,,167,2520,0,0,0,0,0
2024-08-19,Delta,N344XX,7843,SEA,CityName,State,JFK,CityName,State,0,0,-12,0,0,,322,254,0,0,0,0,0
2024-08-19,JetBlue,N685XX,1349,BOS,CityName,State,JFK,CityName,State,0,0,7,0,0,,241,2097,0,0,0,0,0
2024-08-19,Southwest,N119XX,8242,JFK,CityName,State,DFW,CityName,State,0,0,-5,0,0,,55,2106,0,0,0,0,0
2024-08-19,Delta,N275XX,9376,MIA,CityName,State,SFO,CityName,State,0,0,-14,0,0,,46,2377,0,0,0,0,0
2024-08-19,American,N703XX,5497,ATL,CityName,State,ORD,CityName,State,0,0,-9,0,0,,292,169,0,0,0,0,0
2024-08-20,American,N364XX,782,LAX,CityName,State,ATL,CityName,State,0,0,-5,0,0,,100,2683,0,0,0,0,0
2024-08-20,JetBlue,N235XX,9819,SEA,CityName,State,DFW,CityName,State,0,0,9,0,0,,112,466,0,0,0,0,0
2024-08-20,Southwest,N703XX,201,DFW,CityName,State,DFW,CityName,State,0,0,-6,0,0,,103,2753,0,0,0,0,0
2024-08-20,Southwest,N326XX,1757,DFW,CityName,State,ATL,CityName,State,0,0,-2,0,0,,359,2985,0,0,0,0,0
2024-08-20,Southwest,N395XX,1833,MIA,CityName,State,BOS,CityName,State,15,1,25,1,0,,196,811,25,0,0,0,0
2024-08-20,JetBlue,N453XX,5558,MIA,CityName,State,DFW,CityName,State,0,0,1,0,0,,142,275,0,0,0,0,0
2024-08-20,Southwest,N900XX,527,DEN,CityName,State,ATL,CityName,State,0,0,9,0,0,,191,601,0,0,0,0,0
2024-08-20,Delta,N260XX,1472,ATL,CityName,State,BOS,CityName,State,0,0,8,0,0,,75,1851,0,0,0,0,0
2024-08-20,JetBlue,N993XX,2275,SFO,CityName,State,BOS,CityName,State,0,0,-9,0,0,,153,2045,0,0,0,0,0
2024-08-20,JetBlue,N638XX,3355,SFO,CityName,State,MIA,CityName,State,0,0,-5,0,0,,63,2249,0,0,0,0,0
2024-08-20,United,N424XX,6852,SFO,CityName,State,SFO,CityName,State,0,0,-2,0,0,,190,2900,0,0,0,0,0
2024-08-20,United,N633XX,4195,MIA,CityName,State,JFK,CityName,State,0,0,-11,0,0,,356,607,0,0,0,0,0
2024-08-20,Delta,N354XX,5191,SFO,CityName,State,ATL,CityName,State,0,0,-11,0,0,,79,898,0,0,0,0,0
2024-08-20,Delta,N637XX,2615,ORD,CityName,State,MIA,CityName,State,30,1,22,1,0,,84,2294,22,0,0,0,0
2024-08-20,JetBlue,N614XX,9699,BOS,CityName,State,DFW,CityName,State,0,0,0,0,1,A,137,658,0,0,0,0,0
2024-08-20,American,N320XX,5536,ATL,CityName,State,BOS,CityName,State,120,1,107,1,0,,278,2336,0,0,0,0,107
2024-08-20,American,N623XX,357,ATL,CityName,State,DEN,CityName,State,15,1,9,0,0,,260,505,0,0,0,0,0
2024-08-21,Delta,N635XX,1600,ORD,CityName,State,MIA,CityName,State,0,0,-9,0,0,,325,1974,0,0,0,0,0
2024-08-21,JetBlue,N985XX,8186,JFK,CityName,State,DFW,CityName,State,0,0,5,0,0,,219,884,0,0,0,0,0
2024-08-21,JetBlue,N251XX,3738,SEA,CityName,State,SEA,CityName,State,120,1,0,0,1,A,130,1507,0,0,0,0,0
2024-08-21,JetBlue,N195XX,4799,MIA,CityName,State,ORD,CityName,State,15,1,5,0,0,,205,2105,0,0,0,0,0
2024-08-21,JetBlue,N801XX,8734,DFW,CityName,State,MIA,CityName,State,0,0,-6,0,0,,58,1489,0,0,0,0,0
2024-08-21,JetBlue,N773XX,8647,SFO,CityName,State,ORD,CityName,State,0,0,-4,0,0,,109,2095,0,0,0,0,0
2024-08-21,Delta,N135XX,4492,SEA,CityName,State,ATL,CityName,State,0,0,3,0,0,,208,1706,0,0,0,0,0
2024-08-21,Delta,N853XX,5550,SFO,CityName,State,SEA,CityName,State,0,0,-5,0,0,,352,758,0,0,0,0,0
2024-08-21,United,N901XX,2268,DEN,CityName,State,SEA,CityName,State,120,1,115,1,0,,47,2787,0,115,0,0,0
2024-08-21,Delta,N738XX,180,LAX,CityName,State,JFK,CityName,State,0,0,-4,0,0,,200,1457,0,0,0,0,0
2024-08-21,American,N406XX,983,SEA,CityName,State,ORD,CityName,State,45,1,54,1,0,,314,520,0,54,0,0,0
2024-08-21,American,N617XX,3266,LAX,CityName,State,MIA,CityName,State,0,0,8,0,0,,222,274,0,0,0,0,0
2024-08-21,Southwest,N941XX,2486,LAX,CityName,State,LAX,CityName,State,120,1,112,1,0,,224,1275,112,0,0,0,0
2024-08-21,Southwest,N429XX,1268,MIA,CityName,State,JFK,CityName,State,0,0,-2,0,0,,61,2686,0,0,0,0,0
2024-08-21,American,N158XX,8179,MIA,CityName,State,JFK,CityName,State,0,0,-8,0,0,,355,2645,0,0,0,0,0
2024-08-21,American,N983XX,8411,BOS,CityName,State,ORD,CityName,State,0,0,1,0,0,,106,1036,0,0,0,0,0
2024-08-22,American,N184XX,8870,ATL,CityName,State,ORD,CityName,State,0,0,-8,0,0,,46,2146,0,0,0,0,0
2024-08-22,Delta,N655XX,8307,DFW,CityName,State,BOS,CityName,State,120,1,120,1,0,,335,2398,120,0,0,0,0
2024-08-22,Delta,N888XX,2269,DFW,CityName,State,SFO,CityName,State,0,0,-6,0,0,,152,1971,0,0,0,0,0
2024-08-22,JetBlue,N937XX,4543,LAX,CityName,State,BOS,CityName,State,0,0,-14,0,0,,94,332,0,0,0,0,0
2024-08-22,United,N844XX,2454,ATL,CityName,State,DEN,CityName,State,0,0,-2,0,0,,257,482,0,0,0,0,0
2024-08-22,Southwest,N461XX,866,SEA,CityName,State,DEN,CityName,State,0,0,5,0,0,,353,616,0,0,0,0,0
2024-08-22,Delta,N793XX,5010,SFO,CityName,State,MIA,CityName,State,0,0,9,0,0,,311,773,0,0,0,0,0
2024-08-22,Delta,N910XX,868,MIA,CityName,State,ORD,CityName,State,15,1,5,0,0,,233,1380,0,0,0,0,0
2024-08-22,Southwest,N791XX,3210,SEA,CityName,State,ORD,CityName,State,0,0,-11,0,0,,135,910,0,0,0,0,0
2024-08-22,United,N130XX,5680,LAX,CityName,State,SEA,CityName,State,15,1,20,1,0,,261,1795,0,0,20,0,0
2024-08-22,United,N336XX,7155,SFO,CityName,State,ORD,CityName,State,0,0,10,0,0,,88,2148,0,0,0,0,0
2024-08-22,JetBlue,N861XX,545,DFW,CityName,State,DFW,CityName,State,0,0,-2,0,0,,185,1560,0,0,0,0,0
2024-08-23,Delta,N867XX,6972,SEA,CityName,State,LAX,CityName,State,60,1,49,1,0,,308,2783,49,0,0,0,0
2024-08-23,United,N325XX,7221,MIA,CityName,State,BOS,CityName,State,0,0,8,0,0,,172,1143,0,0,0,0,0
2024-08-23,American,N795XX,1513,SEA,CityName,State,LAX,CityName,State,0,0,-8,0,0,,295,671,0,0,0,0,0
2024-08-23,Delta,N692XX,3403,SFO,CityName,State,SFO,CityName,State,120,1,120,1,0,,279,619,0,0,120,0,0
2024-08-23,JetBlue,N553XX,1423,ATL,CityName,State,JFK,CityName,State,0,0,5,0,0,,319,1882,0,0,0,0,0
2024-08-23,American,N211XX,7597,DEN,CityName,State,LAX,CityName,State,0,0,-5,0,0,,184,1981,0,0,0,0,0
2024-08-23,Southwest,N338XX,1636,SFO,CityName,State,ATL,CityName,State,0,0,4,0,0,,108,2533,0,0,0,0,0
2024-08-23,Southwest,N814XX,1544,JFK,CityName,State,JFK,CityName,State,0,0,-6,0,0,,130,1358,0,0,0,0,0
2024-08-23,American,N772XX,3419,DFW,CityName,State,ATL,CityName,State,0,0,-3,0,0,,148,2052,0,0,0,0,0
2024-08-23,American,N409XX,4023,JFK,CityName,State,JFK,CityName,State,0,0,-2,0,0,,216,1625,0,0,0,0,0
2024-08-23,Southwest,N980XX,2761,ATL,CityName,State,JFK,CityName,State,0,0,-14,0,0,,210,2894,0,0,0,0,0
2024-08-23,Southwest,N561XX,6766,BOS,CityName,State,SFO,CityName,State,45,1,33,1,0,,54,2088,0,33,0,0,0
2024-08-23,United,N217XX,7257,SEA,CityName,State,SFO,CityName,State,0,0,-9,0,0,,211,2084,0,0,0,0,0
2024-08-24,United,N910XX,6951,MIA,CityName,State,ATL,CityName,State,0,0,-10,0,0,,263,577,0,0,0,0,0
2024-08-24,JetBlue,N915XX,2610,JFK,CityName,State,MIA,CityName,State,15,1,19,1,0,,66,1439,0,0,0,0,19
2024-08-24,JetBlue,N923XX,9076,SFO,CityName,State,SFO,CityName,State,60,1,68,1,0,,73,2630,68,0,0,0,0
2024-08-24,American,N610XX,5395,MIA,CityName,State,DEN,CityName,State,15,1,11,0,0,,209,2192,0,0,0,0,0
2024-08-24,American,N928XX,2417,SEA,CityName,State,SEA,CityName,State,0,0,-10,0,0,,332,2434,0,0,0,0,0
2024-08-24,Delta,N767XX,6414,DEN,CityName,State,LAX,CityName,State,15,1,4,0,0,,334,762,0,0,0,0,0
2024-08-24,JetBlue,N284XX,3534,DFW,CityName,State,SFO,CityName,State,0,0,-4,0,0,,225,1884,0,0,0,0,0
2024-08-24,Delta,N331XX,520,DFW,CityName,State,LAX,CityName,State,15,1,18,1,0,,208,2705,0,0,18,0,0
2024-08-24,American,N393XX,8380,DFW,CityName,State,DEN,CityName,State,0,0,-2,0,0,,296,1637,0,0,0,0,0
2024-08-24,American,N302XX,5509,MIA,CityName,State,DEN,CityName,State,0,0,-9,0,0,,341,1965,0,0,0,0,0
2024-08-24,American,N750XX,3414,LAX,CityName,State,ATL,CityName,State,0,0,-10,0,0,,237,2298,0,0,0,0,0
2024-08-24,Delta,N876XX,593,JFK,CityName,State,ATL,CityName,State,0,0,8,0,0,,134,1166,0,0,0,0,0
2024-08-24,American,N186XX,4684,DFW,CityName,State,LAX,CityName,State,0,0,-1,0,0,,260,2149,0,0,0,0,0
2024-08-24,Delta,N144XX,4641,ORD,CityName,State,ORD,CityName,State,0,0,6,0,0,,304,1064,0,0,0,0,0
2024-08-24,American,N928XX,4251,SFO,CityName,State,LAX,CityName,State,0,0,-6,0,0,,257,1125,0,0,0,0,0
2024-08-24,United,N349XX,8642,SFO,CityName,State,DEN,CityName,State,45,1,31,1,0,,155,1836,31,0,0,0,0
2024-08-24,United,N421XX,1251,LAX,CityName,State,JFK,CityName,State,0,0,-10,0,0,,358,1821,0,0,0,0,0
2024-08-24,United,N311XX,2343,ORD,CityName,State,DFW,CityName,State,0,0,0,0,0,,168,425,0,0,0,0,0
2024-08-24,American,N760XX,9333,SFO,CityName,State,BOS,CityName,State,0,0,-4,0,0,,194,812,0,0,0,0,0
2024-08-24,United,N794XX,9065,LAX,CityName,State,ATL,CityName,State,45,1,46,1,0,,241,2082,46,0,0,0,0
2024-08-24,JetBlue,N155XX,700,DEN,CityName,State,SEA,CityName,State,0,0,8,0,0,,142,1942,0,0,0,0,0
2024-08-24,Southwest,N511XX,826,ORD,CityName,State,JFK,CityName,State,0,0,-8,0,0,,277,2885,0,0,0,0,0
2024-08-25,Delta,N721XX,1808,BOS,CityName,State,MIA,CityName,State,0,0,-6,0,0,,316,2418,0,0,0,0,0
2024-08-25,Southwest,N146XX,3576,LAX,CityName,State,ATL,CityName,State,45,1,31,1,0,,192,2181,0,0,31,0,0
2024-08-25,JetBlue,N802XX,8151,DEN,CityName,State,MIA,CityName,State,0,0,0,0,0,,47,2544,0,0,0,0,0
2024-08-25,American,N676XX,4755,LAX,CityName,State,BOS,CityName,State,0,0,-12,0,0,,312,2140,0,0,0,0,0
2024-08-25,United,N451XX,2842,JFK,CityName,State,ORD,CityName,State,0,0,-8,0,0,,214,1739,0,0,0,0,0
2024-08-25,JetBlue,N905XX,2294,SFO,CityName,State,JFK,CityName,State,15,1,6,0,0,,77,1948,0,0,0,0,0
2024-08-25,American,N248XX,3311,DEN,CityName,State,BOS,CityName,State,0,0,6,0,0,,306,1170,0,0,0,0,0
2024-08-25,Delta,N710XX,643,BOS,CityName,State,DEN,CityName,State,0,0,5,0,0,,203,2015,0,0,0,0,0
2024-08-25,Southwest,N840XX,9053,DEN,CityName,State,BOS,CityName,State,0,0,-9,0,0,,208,705,0,0,0,0,0
2024-08-25,Southwest,N901XX,1392,DFW,CityName,State,BOS,CityName,State,0,0,1,0,0,,336,2600,0,0,0,0,0
2024-08-25,JetBlue,N781XX,8063,SFO,CityName,State,DFW,CityName,State,45,1,40,1,0,,299,1646,0,0,40,0,0
2024-08-25,Southwest,N739XX,3261,JFK,CityName,State,JFK,CityName,State,0,0,-14,0,0,,188,2659,0,0,0,0,0
2024-08-25,American,N243XX,4442,DFW,CityName,State,MIA,CityName,State,0,0,8,0,0,,90,433,0,0,0,0,0
2024-08-26,Southwest,N639XX,7603,LAX,CityName,State,MIA,CityName,State,0,0,9,0,0,,98,359,0,0,0,0,0
2024-08-26,American,N142XX,7380,LAX,CityName,State,SFO,CityName,State,0,0,-6,0,0,,359,2730,0,0,0,0,0
2024-08-26,JetBlue,N321XX,1692,ORD,CityName,State,BOS,CityName,State,0,0,-9,0,0,,86,2738,0,0,0,0,0
2024-08-26,American,N519XX,9822,JFK,CityName,State,JFK,CityName,State,15,1,0,0,1,A,166,1400,0,0,0,0,0
2024-08-26,JetBlue,N892XX,9383,SEA,CityName,State,DEN,CityName,State,0,0,-14,0,0,,234,1547,0,0,0,0,0
2024-08-26,JetBlue,N659XX,5114,MIA,CityName,State,LAX,CityName,State,0,0,4,0,0,,82,302,0,0,0,0,0
2024-08-26,JetBlue,N591XX,2088,BOS,CityName,State,LAX,CityName,State,0,0,6,0,0,,99,1838,0,0,0,0,0
2024-08-26,Southwest,N869XX,5203,SEA,CityName,State,BOS,CityName,State,0,0,-10,0,0,,134,966,0,0,0,0,0
2024-08-26,JetBlue,N227XX,2032,MIA,CityName,State,BOS,CityName,State,0,0,-1,0,0,,293,844,0,0,0,0,0
2024-08-26,JetBlue,N675XX,3641,SFO,CityName,State,JFK,CityName,State,0,0,0,0,0,,217,1562,0,0,0,0,0
2024-08-26,Delta,N680XX,2484,DFW,CityName,State,ATL,CityName,State,0,0,8,0,0,,275,2127,0,0,0,0,0
2024-08-27,United,N942XX,2906,BOS,CityName,State,MIA,CityName,State,0,0,-12,0,0,,70,441,0,0,0,0,0
2024-08-27,American,N191XX,3475,SFO,CityName,State,JFK,CityName,State,0,0,-7,0,0,,353,2291,0,0,0,0,0
2024-08-27,American,N870XX,8511,ORD,CityName,State,MIA,CityName,State,45,1,48,1,0,,100,1501,48,0,0,0,0
2024-08-27,American,N374XX,4682,JFK,CityName,State,JFK,CityName,State,0,0,8,0,0,,110,2351,0,0,0,0,0
2024-08-27,United,N804XX,536,ORD,CityName,State,BOS,CityName,State,0,0,-4,0,0,,264,1654,0,0,0,0,0
2024-08-27,American,N948XX,2167,BOS,CityName,State,LAX,CityName,State,0,0,-7,0,0,,355,488,0,0,0,0,0
2024-08-27,Southwest,N408XX,7917,ATL,CityName,State,DFW,CityName,State,0,0,5,0,0,,271,909,0,0,0,0,0
2024-08-27,Southwest,N222XX,2596,DEN,CityName,State,SEA,CityName,State,0,0,-13,0,0,,213,747,0,0,0,0,0
2024-08-27,American,N675XX,6375,SFO,CityName,State,DFW,CityName,State,0,0,-4,0,0,,67,2141,0,0,0,0,0
2024-08-27,Delta,N961XX,1015,DFW,CityName,State,ATL,CityName,State,0,0,2,0,0,,320,1521,0,0,0,0,0
2024-08-27,United,N981XX,8069,JFK,CityName,State,JFK,CityName,State,0,0,-5,0,0,,243,554,0,0,0,0,0
2024-08-27,Southwest,N117XX,460,SFO,CityName,State,JFK,CityName,State,0,0,2,0,0,,139,1202,0,0,0,0,0
2024-08-27,American,N203XX,1736,SFO,CityName,State,BOS,CityName,State,0,0,0,0,0,,192,289,0,0,0,0,0
2024-08-27,Southwest,N190XX,7480,SFO,CityName,State,SFO,CityName,State,45,1,53,1,0,,348,1186,53,0,0,0,0
2024-08-27,JetBlue,N980XX,9628,MIA,CityName,State,DEN,CityName,State,0,0,0,0,0,,121,249,0,0,0,0,0
2024-08-27,Southwest,N657XX,8678,BOS,CityName,State,DFW,CityName,State,0,0,0,0,0,,161,455,0,0,0,0,0
2024-08-27,JetBlue,N334XX,754,DFW,CityName,State,SEA,CityName,State,0,0,-4,0,0,,305,2113,0,0,0,0,0
2024-08-27,Southwest,N259XX,6665,ATL,CityName,State,ATL,CityName,State,0,0,-1,0,0,,242,2902,0,0,0,0,0
2024-08-27,Southwest,N321XX,2738,MIA,CityName,State,ORD,CityName,State,0,0,-13,0,0,,46,247,0,0,0,0,0
2024-08-28,Delta,N580XX,9809,DFW,CityName,State,ORD,CityName,State,0,0,3,0,0,,210,776,0,0,0,0,0
2024-08-28,Delta,N743XX,9719,LAX,CityName,State,ATL,CityName,State,0,0,-8,0,0,,60,943,0,0,0,0,0
2024-08-28,American,N881XX,1213,DEN,CityName,State,DEN,CityName,State,0,0,-12,0,0,,309,1846,0,0,0,0,0
2024-08-28,American,N697XX,7189,ATL,CityName,State,ATL,CityName,State,0,0,-11,0,0,,210,2577,0,0,0,0,0
2024-08-28,United,N115XX,2956,LAX,CityName,State,SFO,CityName,State,0,0,7,0,0,,229,1209,0,0,0,0,0
2024-08-28,Southwest,N837XX,4820,MIA,CityName,State,ORD,CityName,State,0,0,-1,0,0,,151,427,0,0,0,0,0
2024-08-28,Southwest,N857XX,6521,MIA,CityName,State,BOS,CityName,State,0,0,7,0,0,,118,1606,0,0,0,0,0
2024-08-28,Delta,N266XX,3567,ATL,CityName,State,SEA,CityName,State,0,0,-13,0,0,,351,2134,0,0,0,0,0
2024-08-28,American,N792XX,5941,SFO,CityName,State,MIA,CityName,State,60,1,52,1,0,,62,2129,52,0,0,0,0
2024-08-28,Delta,N826XX,4233,MIA,CityName,State,SFO,CityName,State,0,0,9,0,0,,62,1783,0,0,0,0,0
2024-08-28,United,N927XX,4014,SFO,CityName,State,DFW,CityName,State,0,0,-6,0,0,,300,2830,0,0,0,0,0
2024-08-28,American,N180XX,2115,SEA,CityName,State,DEN,CityName,State,0,0,-11,0,0,,63,511,0,0,0,0,0
2024-08-28,American,N389XX,2118,JFK,CityName,State,LAX,CityName,State,0,0,5,0,0,,351,1521,0,0,0,0,0
2024-08-28,Southwest,N441XX,3108,ATL,CityName,State,ORD,CityName,State,0,0,2,0,0,,191,1750,0,0,0,0,0
2024-08-28,Southwest,N725XX,7614,ORD,CityName,State,JFK,CityName,State,0,0,-4,0,0,,94,540,0,0,0,0,0
2024-08-29,Delta,N480XX,9684,SFO,CityName,State,JFK,CityName,State,0,0,-3,0,0,,147,2738,0,0,0,0,0
2024-08-29,Southwest,N464XX,5826,DEN,CityName,State,MIA,CityName,State,30,1,18,1,0,,308,2136,0,0,18,0,0
2024-08-29,American,N513XX,2834,DEN,CityName,State,LAX,CityName,State,0,0,9,0,0,,168,1758,0,0,0,0,0
2024-08-29,Delta,N212XX,2465,LAX,CityName,State,ORD,CityName,State,45,1,36,1,0,,283,390,36,0,0,0,0
2024-08-29,Southwest,N865XX,1868,SEA,CityName,State,BOS,CityName,State,0,0,10,0,0,,130,2370,0,0,0,0,0
2024-08-29,Delta,N690XX,4908,BOS,CityName,State,JFK,CityName,State,60,1,47,1,0,,71,875,0,0,47,0,0
2024-08-29,United,N422XX,5767,ATL,CityName,State,ORD,CityName,State,0,0,9,0,0,,138,2391,0,0,0,0,0
2024-08-29,JetBlue,N557XX,183,ATL,CityName,State,BOS,CityName,State,0,0,7,0,0,,118,461,0,0,0,0,0
2024-08-29,Delta,N605XX,9174,BOS,CityName,State,DEN,CityName,State,0,0,10,0,0,,76,2162,0,0,0,0,0
2024-08-29,United,N285XX,2777,LAX,CityName,State,DEN,CityName,State,120,1,107,1,0,,103,812,0,107,0,0,0
2024-08-29,JetBlue,N392XX,5813,SFO,CityName,State,BOS,CityName,State,0,0,5,0,0,,98,407,0,0,0,0,0
2024-08-30,Southwest,N671XX,5044,SFO,CityName,State,DFW,CityName,State,0,0,-4,0,0,,270,1448,0,0,0,0,0
2024-08-30,JetBlue,N409XX,7562,JFK,CityName,State,SEA,CityName,State,45,1,41,1,0,,294,1217,41,0,0,0,0
2024-08-30,United,N229XX,6898,MIA,CityName,State,ATL,CityName,State,15,1,20,1,0,,122,1532,0,0,0,0,20
2024-08-30,Delta,N348XX,9362,LAX,CityName,State,ATL,CityName,State,45,1,43,1,0,,152,2747,43,0,0,0,0
2024-08-30,Delta,N128XX,6985,ATL,CityName,State,JFK,CityName,State,60,1,52,1,0,,108,1091,0,0,52,0,0
2024-08-30,Southwest,N482XX,3293,MIA,CityName,State,MIA,CityName,State,0,0,-4,0,0,,178,2265,0,0,0,0,0
2024-08-30,American,N239XX,5635,SFO,CityName,State,DFW,CityName,State,0,0,4,0,0,,294,1934,0,0,0,0,0
2024-08-30,United,N978XX,4053,SEA,CityName,State,ORD,CityName,State,45,1,46,1,0,,77,792,0,0,0,0,46
2024-08-30,Southwest,N528XX,436,DFW,CityName,State,LAX,CityName,State,0,0,0,0,0,,298,2091,0,0,0,0,0
2024-08-30,Delta,N430XX,7145,DEN,CityName,State,ATL,CityName,State,15,1,25,1,0,,276,909,0,25,0,0,0
2024-08-30,Southwest,N126XX,5626,ATL,CityName,State,BOS,CityName,State,0,0,4,0,0,,255,492,0,0,0,0,0
2024-08-30,Delta,N627XX,1349,ORD,CityName,State,JFK,CityName,State,0,0,-10,0,0,,216,2039,0,0,0,0,0
2024-08-30,Delta,N455XX,9992,BOS,CityName,State,DFW,CityName,State,0,0,9,0,0,,52,833,0,0,0,0,0
2024-08-30,JetBlue,N270XX,1992,SEA,CityName,State,JFK,CityName,State,0,0,-11,0,0,,123,409,0,0,0,0,0
2024-08-30,JetBlue,N477XX,8363,ATL,CityName,State,ATL,CityName,State,0,0,8,0,0,,331,2193,0,0,0,0,0
2024-08-30,Delta,N872XX,7334,JFK,CityName,State,SFO,CityName,State,0,0,-10,0,0,,223,2016,0,0,0,0,0
2024-08-30,JetBlue,N666XX,7399,SEA,CityName,State,ORD,CityName,State,45,1,39,1,0,,64,2689,39,0,0,0,0
2024-08-30,American,N334XX,2072,BOS,CityName,State,LAX,CityName,State,0,0,-13,0,0,,286,767,0,0,0,0,0
2024-08-30,United,N970XX,2505,DFW,CityName,State,SEA,CityName,State,0,0,-13,0,0,,265,1742,0,0,0,0,0
2024-08-30,United,N278XX,3826,DFW,CityName,State,BOS,CityName,State,0,0,-7,0,0,,351,533,0,0,0,0,0
2024-08-30,United,N472XX,935,SFO,CityName,State,BOS,CityName,State,0,0,-2,0,0,,149,2156,0,0,0,0,0
2024-08-31,United,N753XX,604,SFO,CityName,State,JFK,CityName,State,0,0,-1,0,0,,214,737,0,0,0,0,0
2024-08-31,JetBlue,N354XX,2175,BOS,CityName,State,DEN,CityName,State,0,0,-1,0,0,,192,1817,0,0,0,0,0
2024-08-31,Delta,N412XX,3251,MIA,CityName,State,LAX,CityName,State,0,0,-13,0,0,,286,521,0,0,0,0,0
2024-08-31,Delta,N363XX,4384,DFW,CityName,State,MIA,CityName,State,30,1,28,1,0,,109,777,0,0,0,0,28
2024-08-31,American,N178XX,8636,JFK,CityName,State,ORD,CityName,State,0,0,0,0,0,,198,1733,0,0,0,0,0
2024-08-31,United,N191XX,4126,LAX,CityName,State,BOS,CityName,State,0,0,3,0,0,,221,986,0,0,0,0,0
2024-08-31,Southwest,N788XX,8118,DFW,CityName,State,BOS,CityName,State,45,1,39,1,0,,327,650,0,39,0,0,0
2024-08-31,United,N590XX,8616,ATL,CityName,State,LAX,CityName,State,0,0,5,0,0,,170,973,0,0,0,0,0
2024-08-31,JetBlue,N557XX,3769,BOS,CityName,State,SEA,CityName,State,30,1,34,1,0,,268,1881,0,34,0,0,0
2024-08-31,American,N936XX,9590,BOS,CityName,State,LAX,CityName,State,0,0,2,0,0,,334,1811,0,0,0,0,0
2024-09-01,Southwest,N731XX,5249,SFO,CityName,State,DEN,CityName,State,0,0,-14,0,0,,186,2910,0,0,0,0,0
2024-09-01,United,N217XX,8829,ORD,CityName,State,ORD,CityName,State,15,1,18,1,0,,290,1759,0,0,0,0,18
2024-09-01,American,N157XX,7998,SEA,CityName,State,ORD,CityName,State,120,1,130,1,0,,82,1510,130,0,0,0,0
2024-09-01,United,N340XX,5112,SEA,CityName,State,JFK,CityName,State,45,1,46,1,0,,281,2919,46,0,0,0,0
2024-09-01,Delta,N274XX,5811,MIA,CityName,State,DEN,CityName,State,0,0,-6,0,0,,287,612,0,0,0,0,0
2024-09-01,Delta,N499XX,5275,SFO,CityName,State,BOS,CityName,State,15,1,8,0,0,,199,2506,0,0,0,0,0
2024-09-01,Delta,N762XX,8828,ORD,CityName,State,BOS,CityName,State,15,1,2,0,0,,350,940,0,0,0,0,0
2024-09-01,JetBlue,N383XX,4033,SEA,CityName,State,DEN,CityName,State,0,0,5,0,0,,53,1558,0,0,0,0,0
2024-09-01,American,N389XX,6266,MIA,CityName,State,SEA,CityName,State,0,0,-5,0,0,,320,2336,0,0,0,0,0
2024-09-01,United,N703XX,1636,ATL,CityName,State,BOS,CityName,State,0,0,4,0,0,,204,853,0,0,0,0,0
2024-09-01,American,N194XX,3982,ORD,CityName,State,BOS,CityName,State,15,1,1,0,0,,274,1459,0,0,0,0,0
2024-09-01,JetBlue,N861XX,8429,JFK,CityName,State,SEA,CityName,State,15,1,16,1,0,,138,1525,16,0,0,0,0
2024-09-01,American,N276XX,5685,ATL,CityName,State,MIA,CityName,State,0,0,0,0,1,A,94,941,0,0,0,0,0
2024-09-01,JetBlue,N938XX,4265,ATL,CityName,State,DFW,CityName,State,0,0,-6,0,0,,85,910,0,0,0,0,0
2024-09-01,Southwest,N792XX,7566,BOS,CityName,State,DEN,CityName,State,60,1,46,1,0,,320,1819,0,0,46,0,0
2024-09-01,American,N128XX,9160,SFO,CityName,State,DEN,CityName,State,0,0,7,0,0,,219,1182,0,0,0,0,0
2024-09-01,JetBlue,N992XX,5430,DEN,CityName,State,BOS,CityName,State,0,0,-14,0,0,,260,2580,0,0,0,0,0
2024-09-01,Southwest,N453XX,8101,JFK,CityName,State,LAX,CityName,State,0,0,-7,0,0,,117,2689,0,0,0,0,0
2024-09-02,Southwest,N811XX,5691,LAX,CityName,State,ORD,CityName,State,60,1,46,1,0,,47,2119,46,0,0,0,0
2024-09-02,United,N237XX,1440,LAX,CityName,State,MIA,CityName,State,0,0,4,0,0,,310,1841,0,0,0,0,0
2024-09-02,Delta,N680XX,6301,SFO,CityName,State,SEA,CityName,State,30,1,34,1,0,,237,512,0,0,0,0,34
2024-09-02,American,N503XX,4199,BOS,CityName,State,BOS,CityName,State,45,1,54,1,0,,142,893,54,0,0,0,0
2024-09-02,United,N586XX,8583,DFW,CityName,State,JFK,CityName,State,15,1,13,0,0,,306,657,0,0,0,0,0
2024-09-02,Delta,N404XX,3674,LAX,CityName,State,ORD,CityName,State,0,0,-14,0,0,,256,1896,0,0,0,0,0
2024-09-02,JetBlue,N381XX,3678,JFK,CityName,State,SEA,CityName,State,0,0,5,0,0,,260,347,0,0,0,0,0
2024-09-03,JetBlue,N662XX,8484,DFW,CityName,State,MIA,CityName,State,0,0,5,0,0,,59,2831,0,0,0,0,0
2024-09-03,Delta,N886XX,2463,DEN,CityName,State,JFK,CityName,State,120,1,117,1,0,,262,1643,0,117,0,0,0
2024-09-03,American,N752XX,7272,BOS,CityName,State,DEN,CityName,State,0,0,3,0,0,,355,2280,0,0,0,0,0
2024-09-03,Delta,N915XX,8177,DFW,CityName,State,JFK,CityName,State,0,0,-6,0,0,,73,214,0,0,0,0,0
2024-09-03,JetBlue,N594XX,8730,SFO,CityName,State,ATL,CityName,State,0,0,4,0,0,,151,2380,0,0,0,0,0
2024-09-03,Southwest,N814XX,7605,LAX,CityName,State,BOS,CityName,State,0,0,5,0,0,,275,1121,0,0,0,0,0
2024-09-03,American,N442XX,2147,LAX,CityName,State,ATL,CityName,State,60,1,47,1,0,,279,2337,0,0,47,0,0
2024-09-03,United,N818XX,4991,SEA,CityName,State,BOS,CityName,State,15,1,4,0,0,,238,2997,0,0,0,0,0
2024-09-03,American,N631XX,7229,LAX,CityName,State,SFO,CityName,State,0,0,-5,0,0,,167,2536,0,0,0,0,0
2024-09-03,Delta,N122XX,6031,MIA,CityName,State,ORD,CityName,State,0,0,-8,0,0,,222,2161,0,0,0,0,0
2024-09-04,Southwest,N635XX,2192,ORD,CityName,State,DEN,CityName,State,0,0,4,0,0,,274,293,0,0,0,0,0
2024-09-04,United,N894XX,5519,JFK,CityName,State,SFO,CityName,State,0,0,3,0,0,,312,2840,0,0,0,0,0
2024-09-04,United,N153XX,5232,DFW,CityName,State,SFO,CityName,State,0,0,-12,0,0,,170,506,0,0,0,0,0
2024-09-04,JetBlue,N428XX,1609,MIA,CityName,State,SFO,CityName,State,0,0,3,0,0,,266,803,0,0,0,0,0
2024-09-04,JetBlue,N430XX,840,DFW,CityName,State,JFK,CityName,State,0,0,5,0,0,,219,1200,0,0,0,0,0
2024-09-04,Southwest,N368XX,582,DFW,CityName,State,BOS,CityName,State,0,0,-10,0,0,,86,1571,0,0,0,0,0
2024-09-04,Delta,N259XX,9980,MIA,CityName,State,LAX,CityName,State,0,0,-3,0,0,,53,1210,0,0,0,0,0
2024-09-04,American,N741XX,2384,ATL,CityName,State,ATL,CityName,State,0,0,10,0,0,,236,2508,0,0,0,0,0
2024-09-04,Southwest,N832XX,3584,LAX,CityName,State,JFK,CityName,State,0,0,0,0,0,,190,785,0,0,0,0,0
2024-09-04,American,N851XX,2530,BOS,CityName,State,LAX,CityName,State,0,0,0,0,1,A,228,1632,0,0,0,0,0
2024-09-04,JetBlue,N306XX,3703,SFO,CityName,State,ATL,CityName,State,30,1,23,1,0,,271,1520,0,0,0,0,23
2024-09-04,United,N282XX,2652,JFK,CityName,State,SEA,CityName,State,60,1,57,1,0,,146,1016,0,57,0,0,0
2024-09-05,JetBlue,N518XX,7816,DEN,CityName,State,JFK,CityName,State,0,0,-4,0,0,,298,2381,0,0,0,0,0
2024-09-05,JetBlue,N985XX,241,ORD,CityName,State,SEA,CityName,State,0,0,-2,0,0,,87,2726,0,0,0,0,0
2024-09-05,United,N235XX,8788,LAX,CityName,State,MIA,CityName,State,0,0,7,0,0,,163,2918,0,0,0,0,0
2024-09-05,American,N174XX,7478,DFW,CityName,State,BOS,CityName,State,0,0,5,0,0,,161,1402,0,0,0,0,0
2024-09-05,Southwest,N743XX,8912,SFO,CityName,State,DFW,CityName,State,0,0,9,0,0,,231,2992,0,0,0,0,0
2024-09-05,American,N389XX,7187,DFW,CityName,State,SFO,CityName,State,0,0,5,0,0,,85,2799,0,0,0,0,0
2024-09-05,United,N486XX,5058,MIA,CityName,State,SEA,CityName,State,15,1,14,0,0,,98,2132,0,0,0,0,0
2024-09-05,Southwest,N850XX,4361,DFW,CityName,State,BOS,CityName,State,30,1,21,1,0,,140,1950,21,0,0,0,0
2024-09-05,Southwest,N911XX,8579,SFO,CityName,State,BOS,CityName,State,0,0,4,0,0,,110,809,0,0,0,0,0
2024-09-05,American,N252XX,843,SFO,CityName,State,DEN,CityName,State,0,0,-6,0,0,,317,1449,0,0,0,0,0
2024-09-05,JetBlue,N718XX,2328,DEN,CityName,State,JFK,CityName,State,0,0,7,0,0,,260,1596,0,0,0,0,0
2024-09-06,Southwest,N136XX,7474,BOS,CityName,State,DEN,CityName,State,0,0,3,0,0,,265,2573,0,0,0,0,0
2024-09-06,American,N798XX,4165,MIA,CityName,State,ATL,CityName,State,15,1,17,1,0,,219,2734,17,0,0,0,0
2024-09-06,United,N322XX,465,MIA,CityName,State,LAX,CityName,State,0,0,-4,0,0,,65,1680,0,0,0,0,0
2024-09-06,Southwest,N654XX,5572,SFO,CityName,State,SEA,CityName,State,0,0,9,0,0,,149,431,0,0,0,0,0
2024-09-06,United,N352XX,5340,SFO,CityName,State,DEN,CityName,State,0,0,-11,0,0,,331,1645,0,0,0,0,0
2024-09-06,United,N978XX,6193,SEA,CityName,State,ATL,CityName,State,0,0,-7,0,0,,198,1550,0,0,0,0,0
2024-09-06,JetBlue,N422XX,728,JFK,CityName,State,BOS,CityName,State,0,0,7,0,0,,283,774,0,0,0,0,0
2024-09-06,American,N406XX,3042,SEA,CityName,State,SFO,CityName,State,0,0,-1,0,0,,269,360,0,0,0,0,0
2024-09-06,United,N505XX,3595,MIA,CityName,State,JFK,CityName,State,45,1,43,1,0,,59,729,43,0,0,0,0
2024-09-06,United,N931XX,6777,LAX,CityName,State,DEN,CityName,State,15,1,13,0,0,,102,829,0,0,0,0,0
2024-09-06,United,N796XX,5298,DEN,CityName,State,JFK,CityName,State,45,1,49,1,0,,161,368,0,49,0,0,0
2024-09-06,United,N132XX,6299,BOS,CityName,State,SFO,CityName,State,15,1,23,1,0,,176,530,23,0,0,0,0
2024-09-06,Delta,N750XX,9532,BOS,CityName,State,BOS,CityName,State,15,1,13,0,0,,322,1366,0,0,0,0,0
2024-09-06,JetBlue,N683XX,708,MIA,CityName,State,ATL,CityName,State,0,0,-8,0,0,,220,623,0,0,0,0,0
2024-09-06,United,N168XX,3405,SFO,CityName,State,DFW,CityName,State,0,0,-1,0,0,,145,1305,0,0,0,0,0
2024-09-06,United,N273XX,9589,MIA,CityName,State,DFW,CityName,State,0,0,0,0,0,,275,2852,0,0,0,0,0
2024-09-06,Delta,N515XX,5522,JFK,CityName,State,DEN,CityName,State,120,1,121,1,0,,208,423,0,0,121,0,0
2024-09-06,JetBlue,N932XX,1393,ATL,CityName,State,JFK,CityName,State,0,0,-4,0,0,,250,1487,0,0,0,0,0
2024-09-06,American,N641XX,6744,SEA,CityName,State,ATL,CityName,State,0,0,-13,0,0,,138,2837,0,0,0,0,0
2024-09-06,JetBlue,N782XX,9174,MIA,CityName,State,DFW,CityName,State,0,0,5,0,0,,248,434,0,0,0,0,0
2024-09-07,Delta,N201XX,9028,DEN,CityName,State,MIA,CityName,State,0,0,10,0,0,,86,2783,0,0,0,0,0
2024-09-07,JetBlue,N100XX,3816,BOS,CityName,State,DFW,CityName,State,0,0,-5,0,0,,158,1502,0,0,0,0,0
2024-09-07,JetBlue,N483XX,8208,MIA,CityName,State,ATL,CityName,State,0,0,-11,0,0,,253,2049,0,0,0,0,0
2024-09-07,American,N616XX,5571,ATL,CityName,State,SFO,CityName,State,15,1,16,1,0,,224,1188,16,0,0,0,0
2024-09-07,JetBlue,N980XX,4352,LAX,CityName,State,SFO,CityName,State,0,0,0,0,1,A,304,973,0,0,0,0,0
2024-09-07,American,N591XX,5990,SEA,CityName,State,BOS,CityName,State,0,0,-12,0,0,,261,1619,0,0,0,0,0
2024-09-07,JetBlue,N700XX,1778,DEN,CityName,State,SFO,CityName,State,0,0,-9,0,0,,308,425,0,0,0,0,0
2024-09-07,United,N139XX,4910,SFO,CityName,State,SEA,CityName,State,0,0,6,0,0,,315,2605,0,0,0,0,0
2024-09-07,JetBlue,N504XX,1279,SFO,CityName,State,BOS,CityName,State,0,0,-12,0,0,,246,951,0,0,0,0,0
2024-09-07,JetBlue,N105XX,636,DEN,CityName,State,DFW,CityName,State,0,0,8,0,0,,281,403,0,0,0,0,0
2024-09-07,American,N807XX,1757,JFK,CityName,State,ORD,CityName,State,0,0,10,0,0,,287,2520,0,0,0,0,0
2024-09-07,United,N561XX,3864,MIA,CityName,State,ORD,CityName,State,0,0,-1,0,0,,134,388,0,0,0,0,0
2024-09-08,Southwest,N822XX,7384,DEN,CityName,State,ORD,CityName,State,0,0,8,0,0,,235,1984,0,0,0,0,0
2024-09-08,American,N170XX,1132,SEA,CityName,State,MIA,CityName,State,0,0,9,0,0,,289,2662,0,0,0,0,0
2024-09-08,Delta,N698XX,3821,ORD,CityName,State,MIA,CityName,State,0,0,2,0,0,,160,331,0,0,0,0,0
2024-09-08,JetBlue,N656XX,5166,BOS,CityName,State,JFK,CityName,State,0,0,6,0,0,,311,1791,0,0,0,0,0
2024-09-08,JetBlue,N403XX,9457,LAX,CityName,State,LAX,CityName,State,0,0,2,0,0,,351,1916,0,0,0,0,0
2024-09-08,United,N415XX,3149,LAX,CityName,State,ORD,CityName,State,0,0,-7,0,0,,279,267,0,0,0,0,0
2024-09-08,United,N992XX,4401,BOS,CityName,State,BOS,CityName,State,0,0,9,0,0,,134,1359,0,0,0,0,0
2024-09-08,American,N835XX,296,MIA,CityName,State,LAX,CityName,State,60,1,59,1,0,,313,1050,0,0,59,0,0
2024-09-08,JetBlue,N204XX,5790,SFO,CityName,State,JFK,CityName,State,15,1,19,1,0,,73,1205,0,0,0,0,19
2024-09-09,Southwest,N915XX,2771,LAX,CityName,State,DEN,CityName,State,0,0,2,0,0,,319,2458,0,0,0,0,0
2024-09-09,Delta,N832XX,2722,ORD,CityName,State,SEA,CityName,State,120,1,116,1,0,,75,1949,0,0,116,0,0
2024-09-09,Delta,N183XX,1670,JFK,CityName,State,MIA,CityName,State,0,0,-8,0,0,,103,2305,0,0,0,0,0
2024-09-09,Delta,N108XX,937,ATL,CityName,State,LAX,CityName,State,0,0,-14,0,0,,91,930,0,0,0,0,0
2024-09-09,Delta,N891XX,3136,ORD,CityName,State,MIA,CityName,State,0,0,-7,0,0,,103,415,0,0,0,0,0
2024-09-09,JetBlue,N393XX,7024,SEA,CityName,State,DFW,CityName,State,0,0,-9,0,0,,231,2227,0,0,0,0,0
2024-09-09,Delta,N723XX,5310,ATL,CityName,State,SEA,CityName,State,0,0,8,0,0,,155,1248,0,0,0,0,0
2024-09-09,American,N484XX,4131,ORD,CityName,State,BOS,CityName,State,0,0,4,0,0,,274,1592,0,0,0,0,0
2024-09-09,American,N662XX,6060,SEA,CityName,State,SEA,CityName,State,0,0,0,0,1,A,176,2879,0,0,0,0,0
2024-09-09,American,N813XX,5991,DFW,CityName,State,SFO,CityName,State,0,0,-4,0,0,,351,1883,0,0,0,0,0
2024-09-09,Delta,N521XX,8905,MIA,CityName,State,DEN,CityName,State,0,0,-4,0,0,,122,433,0,0,0,0,0
2024-09-09,American,N229XX,9102,SEA,CityName,State,ORD,CityName,State,0,0,3,0,0,,193,201,0,0,0,0,0
2024-09-09,JetBlue,N638XX,2659,BOS,CityName,State,JFK,CityName,State,0,0,-3,0,0,,355,2301,0,0,0,0,0
2024-09-09,American,N624XX,8568,DFW,CityName,State,SFO,CityName,State,0,0,4,0,0,,85,1197,0,0,0,0,0
2024-09-09,Delta,N344XX,4125,BOS,CityName,State,MIA,CityName,State,0,0,2,0,0,,274,2969,0,0,0,0,0
2024-09-09,Southwest,N331XX,352,LAX,CityName,State,ORD,CityName,State,0,0,-5,0,0,,198,2572,0,0,0,0,0
2024-09-09,JetBlue,N391XX,7915,JFK,CityName,State,SEA,CityName,State,0,0,-5,0,0,,322,462,0,0,0,0,0
2024-09-09,JetBlue,N886XX,1048,SFO,CityName,State,ATL,CityName,State,0,0,4,0,0,,170,1205,0,0,0,0,0
2024-09-09,United,N883XX,4203,ATL,CityName,State,ATL,CityName,State,0,0,-13,0,0,,130,567,0,0,0,0,0
2024-09-09,Delta,N130XX,4264,ORD,CityName,State,DEN,CityName,State,0,0,-8,0,0,,198,983,0,0,0,0,0
2024-09-10,JetBlue,N654XX,1469,DFW,CityName,State,JFK,CityName,State,0,0,10,0,0,,143,1049,0,0,0,0,0
2024-09-10,JetBlue,N455XX,1658,SFO,CityName,State,DEN,CityName,State,0,0,3,0,0,,206,620,0,0,0,0,0
2024-09-10,United,N576XX,5700,DFW,CityName,State,ORD,CityName,State,0,0,-6,0,0,,167,2421,0,0,0,0,0
2024-09-10,United,N837XX,3268,SEA,CityName,State,DEN,CityName,State,0,0,-11,0,0,,127,2136,0,0,0,0,0
2024-09-10,American,N498XX,442,JFK,CityName,State,SEA,CityName,State,240,1,236,1,0,,150,2307,236,0,0,0,0
2024-09-10,Delta,N982XX,5260,JFK,CityName,State,LAX,CityName,State,0,0,-6,0,0,,287,2000,0,0,0,0,0
2024-09-10,American,N852XX,2256,ORD,CityName,State,ATL,CityName,State,0,0,-14,0,0,,334,1698,0,0,0,0,0
2024-09-10,JetBlue,N297XX,4435,LAX,CityName,State,LAX,CityName,State,15,1,24,1,0,,311,2690,0,0,0,0,24
2024-09-10,American,N688XX,3234,LAX,CityName,State,LAX,CityName,State,0,0,-6,0,0,,65,2318,0,0,0,0,0
2024-09-10,American,N260XX,6690,ORD,CityName,State,SFO,CityName,State,0,0,2,0,0,,278,203,0,0,0,0,0
2024-09-10,United,N849XX,841,JFK,CityName,State,BOS,CityName,State,15,1,18,1,0,,331,2361,18,0,0,0,0
2024-09-10,United,N507XX,9986,DFW,CityName,State,DFW,CityName,State,0,0,7,0,0,,295,1000,0,0,0,0,0
2024-09-11,JetBlue,N539XX,428,DEN,CityName,State,JFK,CityName,State,0,0,1,0,0,,45,2611,0,0,0,0,0
2024-09-11,Southwest,N178XX,8055,MIA,CityName,State,BOS,CityName,State,0,0,-1,0,0,,261,1222,0,0,0,0,0
2024-09-11,American,N370XX,4352,BOS,CityName,State,BOS,CityName,State,0,0,5,0,0,,222,959,0,0,0,0,0
2024-09-11,JetBlue,N600XX,5267,SEA,CityName,State,BOS,CityName,State,0,0,-8,0,0,,265,2164,0,0,0,0,0
2024-09-11,Southwest,N255XX,4914,MIA,CityName,State,SEA,CityName,State,0,0,10,0,0,,289,1688,0,0,0,0,0
2024-09-11,JetBlue,N869XX,1954,JFK,CityName,State,DFW,CityName,State,0,0,-3,0,0,,331,806,0,0,0,0,0
2024-09-11,Southwest,N756XX,990,DEN,CityName,State,DFW,CityName,State,0,0,-4,0,0,,353,2412,0,0,0,0,0
2024-09-11,Southwest,N671XX,6910,ATL,CityName,State,DFW,CityName,State,0,0,-8,0,0,,342,1227,0,0,0,0,0
2024-09-11,JetBlue,N677XX,117,ATL,CityName,State,LAX,CityName,State,60,1,48,1,0,,194,1690,0,48,0,0,0
2024-09-12,Delta,N134XX,3436,ORD,CityName,State,ORD,CityName,State,30,1,21,1,0,,151,2438,0,0,0,0,21
2024-09-12,American,N342XX,3770,ATL,CityName,State,DEN,CityName,State,0,0,-1,0,0,,259,2784,0,0,0,0,0
2024-09-12,Southwest,N254XX,9846,ATL,CityName,State,SEA,CityName,State,0,0,8,0,0,,173,1114,0,0,0,0,0
2024-09-12,United,N796XX,9567,ATL,CityName,State,LAX,CityName,State,15,1,14,0,0,,107,944,0,0,0,0,0
2024-09-12,United,N429XX,843,DFW,CityName,State,DEN,CityName,State,0,0,8,0,0,,54,545,0,0,0,0,0
2024-09-12,Southwest,N905XX,5810,LAX,CityName,State,MIA,CityName,State,0,0,-4,0,0,,327,2975,0,0,0,0,0
2024-09-12,American,N932XX,7166,JFK,CityName,State,DEN,CityName,State,0,0,-4,0,0,,265,708,0,0,0,0,0
2024-09-12,American,N742XX,8363,MIA,CityName,State,JFK,CityName,State,0,0,7,0,0,,214,2402,0,0,0,0,0
2024-09-12,Southwest,N544XX,2422,SEA,CityName,State,SEA,CityName,State,120,1,114,1,0,,77,1462,114,0,0,0,0
2024-09-12,American,N259XX,6219,SFO,CityName,State,LAX,CityName,State,240,1,236,1,0,,311,2104,0,0,0,0,236
2024-09-12,JetBlue,N329XX,8656,BOS,CityName,State,MIA,CityName,State,15,1,10,0,0,,309,1919,0,0,0,0,0
2024-09-12,Southwest,N803XX,8519,JFK,CityName,State,ATL,CityName,State,0,0,0,0,0,,255,1253,0,0,0,0,0
2024-09-13,JetBlue,N596XX,8973,DFW,CityName,State,BOS,CityName,State,0,0,1,0,0,,321,381,0,0,0,0,0
2024-09-13,Delta,N109XX,7225,SFO,CityName,State,DFW,CityName,State,0,0,-1,0,0,,218,630,0,0,0,0,0
2024-09-13,United,N197XX,278,DEN,CityName,State,MIA,CityName,State,0,0,4,0,0,,248,1928,0,0,0,0,0
2024-09-13,American,N916XX,7099,DEN,CityName,State,JFK,CityName,State,0,0,-10,0,0,,353,1664,0,0,0,0,0
2024-09-13,JetBlue,N267XX,8674,SFO,CityName,State,JFK,CityName,State,0,0,-10,0,0,,149,2303,0,0,0,0,0
2024-09-13,Delta,N115XX,7878,DFW,CityName,State,DFW,CityName,State,0,0,4,0,0,,65,372,0,0,0,0,0
2024-09-13,Southwest,N222XX,331,BOS,CityName,State,BOS,CityName,State,0,0,-13,0,0,,143,569,0,0,0,0,0
2024-09-13,Southwest,N907XX,1757,BOS,CityName,State,ATL,CityName,State,15,1,13,0,0,,227,647,0,0,0,0,0
2024-09-13,JetBlue,N468XX,2174,ATL,CityName,State,BOS,CityName,State,0,0,4,0,0,,316,2649,0,0,0,0,0
2024-09-13,United,N454XX,6391,DFW,CityName,State,BOS,CityName,State,0,0,-10,0,0,,104,638,0,0,0,0,0
2024-09-13,American,N935XX,1721,ORD,CityName,State,DEN,CityName,State,0,0,-9,0,0,,274,2696,0,0,0,0,0
2024-09-14,JetBlue,N214XX,3784,BOS,CityName,State,ATL,CityName,State,0,0,7,0,0,,204,2903,0,0,0,0,0
2024-09-14,United,N657XX,1197,ATL,CityName,State,JFK,CityName,State,0,0,-3,0,0,,340,1567,0,0,0,0,0
2024-09-14,American,N291XX,7872,LAX,CityName,State,DFW,CityName,State,0,0,1,0,0,,311,411,0,0,0,0,0
2024-09-14,American,N752XX,8258,DFW,CityName,State,SEA,CityName,State,15,1,10,0,0,,218,2609,0,0,0,0,0
2024-09-14,American,N876XX,8661,SFO,CityName,State,DEN,CityName,State,0,0,9,0,0,,66,1838,0,0,0,0,0
2024-09-14,United,N289XX,3420,LAX,CityName,State,DEN,CityName,State,0,0,5,0,0,,181,339,0,0,0,0,0
2024-09-14,Southwest,N371XX,9076,SFO,CityName,State,DFW,CityName,State,0,0,-12,0,0,,258,2888,0,0,0,0,0
2024-09-14,JetBlue,N140XX,990,LAX,CityName,State,SEA,CityName,State,0,0,-5,0,0,,199,1420,0,0,0,0,0
2024-09-14,Delta,N883XX,9740,JFK,CityName,State,DEN,CityName,State,0,0,-10,0,0,,48,2439,0,0,0,0,0
2024-09-14,American,N781XX,9850,BOS,CityName,State,SFO,CityName,State,45,1,42,1,0,,100,343,42,0,0,0,0
2024-09-14,Southwest,N968XX,1998,SFO,CityName,State,ATL,CityName,State,30,1,22,1,0,,158,2255,22,0,0,0,0
2024-09-14,JetBlue,N371XX,3073,ATL,CityName,State,LAX,CityName,State,0,0,-8,0,0,,219,494,0,0,0,0,0
2024-09-14,United,N489XX,3693,MIA,CityName,State,MIA,CityName,State,0,0,0,0,1,A,175,2716,0,0,0,0,0
2024-09-14,Delta,N896XX,5922,DFW,CityName,State,DEN,CityName,State,0,0,0,0,0,,102,1750,0,0,0,0,0
2024-09-14,American,N435XX,6771,DFW,CityName,State,LAX,CityName,State,0,0,1,0,0,,167,2743,0,0,0,0,0
2024-09-14,American,N195XX,4618,MIA,CityName,State,JFK,CityName,State,0,0,-6,0,0,,56,1758,0,0,0,0,0
2024-09-14,American,N913XX,8242,LAX,CityName,State,BOS,CityName,State,0,0,7,0,0,,104,866,0,0,0,0,0
2024-09-14,American,N724XX,6993,BOS,CityName,State,BOS,CityName,State,0,0,3,0,0,,187,571,0,0,0,0,0
2024-09-14,United,N900XX,4641,SFO,CityName,State,DFW,CityName,State,0,0,-9,0,0,,106,1171,0,0,0,0,0
2024-09-14,Delta,N194XX,7961,ATL,CityName,State,BOS,CityName,State,0,0,5,0,0,,338,2227,0,0,0,0,0
2024-09-14,Delta,N849XX,5551,MIA,CityName,State,SEA,CityName,State,15,1,15,1,0,,141,412,15,0,0,0,0
2024-09-14,JetBlue,N365XX,7205,SEA,CityName,State,LAX,CityName,State,60,1,67,1,0,,254,2907,0,0,67,0,0
2024-09-15,American,N551XX,1037,LAX,CityName,State,ORD,CityName,State,0,0,2,0,0,,110,527,0,0,0,0,0
2024-09-15,United,N597XX,5764,ATL,CityName,State,SFO,CityName,State,0,0,6,0,0,,205,2711,0,0,0,0,0
2024-09-15,Southwest,N187XX,473,LAX,CityName,State,DFW,CityName,State,0,0,8,0,0,,238,2843,0,0,0,0,0
2024-09-15,Delta,N836XX,4431,LAX,CityName,State,MIA,CityName,State,0,0,0,0,0,,207,2494,0,0,0,0,0
2024-09-15,Delta,N567XX,2915,ATL,CityName,State,BOS,CityName,State,120,1,119,1,0,,60,1035,119,0,0,0,0
2024-09-15,JetBlue,N574XX,4283,BOS,CityName,State,DFW,CityName,State,60,1,68,1,0,,106,704,0,0,0,0,68
2024-09-15,JetBlue,N372XX,6925,BOS,CityName,State,DFW,CityName,State,0,0,-3,0,0,,87,2632,0,0,0,0,0
2024-09-15,Southwest,N174XX,9517,SFO,CityName,State,ATL,CityName,State,45,1,50,1,0,,348,1290,0,0,0,0,50
2024-09-15,American,N655XX,5989,DFW,CityName,State,DFW,CityName,State,0,0,10,0,0,,301,1973,0,0,0,0,0
2024-09-15,American,N422XX,5087,DEN,CityName,State,MIA,CityName,State,0,0,4,0,0,,247,2295,0,0,0,0,0
2024-09-15,JetBlue,N681XX,5909,MIA,CityName,State,MIA,CityName,State,0,0,9,0,0,,251,1604,0,0,0,0,0
2024-09-15,Southwest,N137XX,7656,DEN,CityName,State,SFO,CityName,State,0,0,2,0,0,,261,2166,0,0,0,0,0
2024-09-15,Delta,N469XX,3837,ORD,CityName,State,BOS,CityName,State,0,0,3,0,0,,63,240,0,0,0,0,0
2024-09-15,American,N471XX,3478,LAX,CityName,State,ATL,CityName,State,0,0,-13,0,0,,116,823,0,0,0,0,0
2024-09-16,Delta,N864XX,3551,DFW,CityName,State,JFK,CityName,State,60,1,62,1,0,,132,1207,0,0,62,0,0
2024-09-16,American,N746XX,2386,JFK,CityName,State,ORD,CityName,State,0,0,3,0,0,,313,765,0,0,0,0,0
2024-09-16,Southwest,N324XX,5779,LAX,CityName,State,ORD,CityName,State,0,0,-6,0,0,,82,713,0,0,0,0,0
2024-09-16,Southwest,N788XX,7820,LAX,CityName,State,MIA,CityName,State,0,0,-9,0,0,,193,2799,0,0,0,0,0
2024-09-16,United,N693XX,7423,MIA,CityName,State,DEN,CityName,State,45,1,48,1,0,,75,1792,48,0,0,0,0
2024-09-16,American,N679XX,707,BOS,CityName,State,SEA,CityName,State,0,0,-12,0,0,,295,2094,0,0,0,0,0
2024-09-16,United,N425XX,1113,ATL,CityName,State,DEN,CityName,State,15,1,7,0,0,,287,1011,0,0,0,0,0
2024-09-16,Delta,N734XX,4105,SFO,CityName,State,SEA,CityName,State,0,0,-9,0,0,,195,2750,0,0,0,0,0
2024-09-16,United,N393XX,4103,JFK,CityName,State,SEA,CityName,State,0,0,9,0,0,,110,1934,0,0,0,0,0
2024-09-16,JetBlue,N468XX,1718,DEN,CityName,State,DFW,CityName,State,0,0,-6,0,0,,303,948,0,0,0,0,0
2024-09-17,Delta,N662XX,5573,LAX,CityName,State,JFK,CityName,State,60,1,56,1,0,,228,806,0,0,0,0,56
2024-09-17,JetBlue,N649XX,4526,ATL,CityName,State,MIA,CityName,State,15,1,4,0,0,,219,1343,0,0,0,0,0
2024-09-17,Delta,N179XX,174,ORD,CityName,State,SEA,CityName,State,45,1,46,1,0,,49,967,0,0,46,0,0
2024-09-17,American,N772XX,7871,ORD,CityName,State,SEA,CityName,State,0,0,-9,0,0,,307,2088,0,0,0,0,0
2024-09-17,Southwest,N987XX,7834,DFW,CityName,State,ORD,CityName,State,0,0,4,0,0,,308,770,0,0,0,0,0
2024-09-17,Delta,N111XX,5298,JFK,CityName,State,MIA,CityName,State,0,0,-3,0,0,,86,2632,0,0,0,0,0
2024-09-17,JetBlue,N303XX,6179,SFO,CityName,State,DEN,CityName,State,0,0,8,0,0,,250,2027,0,0,0,0,0
2024-09-17,Delta,N418XX,4553,JFK,CityName,State,BOS,CityName,State,30,1,37,1,0,,359,283,37,0,0,0,0
2024-09-17,Southwest,N648XX,2790,LAX,CityName,State,BOS,CityName,State,0,0,6,0,0,,166,1101,0,0,0,0,0
2024-09-17,JetBlue,N887XX,8349,DFW,CityName,State,ATL,CityName,State,0,0,9,0,0,,220,2822,0,0,0,0,0
2024-09-17,Southwest,N367XX,5297,DFW,CityName,State,ORD,CityName,State,0,0,-12,0,0,,302,2764,0,0,0,0,0
2024-09-17,American,N152XX,4128,ORD,CityName,State,ORD,CityName,State,0,0,-4,0,0,,274,805,0,0,0,0,0
2024-09-17,United,N337XX,7303,BOS,CityName,State,ORD,CityName,State,0,0,-12,0,0,,50,1877,0,0,0,0,0
2024-09-17,Delta,N399XX,8883,MIA,CityName,State,ORD,CityName,State,0,0,-6,0,0,,340,895,0,0,0,0,0
2024-09-17,United,N723XX,5167,BOS,CityName,State,MIA,CityName,State,0,0,4,0,0,,192,889,0,0,0,0,0
2024-09-17,JetBlue,N202XX,7030,ATL,CityName,State,ORD,CityName,State,0,0,3,0,0,,88,687,0,0,0,0,0
2024-09-17,Delta,N291XX,7682,LAX,CityName,State,DFW,CityName,State,15,1,0,0,1,A,194,436,0,0,0,0,0
2024-09-17,United,N556XX,8850,DFW,CityName,State,LAX,CityName,State,0,0,-12,0,0,,52,315,0,0,0,0,0
2024-09-17,American,N139XX,5856,JFK,CityName,State,ORD,CityName,State,0,0,-8,0,0,,136,934,0,0,0,0,0
2024-09-18,American,N337XX,5458,JFK,CityName,State,DFW,CityName,State,0,0,-3,0,0,,85,2967,0,0,0,0,0
2024-09-18,Southwest,N333XX,660,MIA,CityName,State,LAX,CityName,State,0,0,8,0,0,,233,1068,0,0,0,0,0
2024-09-18,American,N238XX,5574,DFW,CityName,State,SFO,CityName,State,30,1,26,1,0,,295,1508,0,26,0,0,0
2024-09-18,United,N555XX,8013,ATL,CityName,State,SEA,CityName,State,0,0,-4,0,0,,48,2164,0,0,0,0,0
2024-09-18,United,N428XX,7593,DFW,CityName,State,SFO,CityName,State,0,0,4,0,0,,201,2383,0,0,0,0,0
2024-09-18,Delta,N636XX,8247,BOS,CityName,State,JFK,CityName,State,0,0,9,0,0,,106,1606,0,0,0,0,0
2024-09-18,JetBlue,N109XX,7710,SEA,CityName,State,DEN,CityName,State,0,0,-2,0,0,,65,2567,0,0,0,0,0
2024-09-18,American,N573XX,7124,SFO,CityName,State,DEN,CityName,State,0,0,-13,0,0,,236,1290,0,0,0,0,0
2024-09-18,American,N256XX,3527,ORD,CityName,State,ORD,CityName,State,0,0,2,0,0,,262,187,0,0,0,0,0
2024-09-18,United,N674XX,4392,SFO,CityName,State,DEN,CityName,State,30,1,33,1,0,,85,1194,0,33,0,0,0
2024-09-18,United,N647XX,4900,LAX,CityName,State,ATL,CityName,State,120,1,111,1,0,,315,2794,111,0,0,0,0
2024-09-18,Delta,N325XX,7708,DFW,CityName,State,ATL,CityName,State,30,1,38,1,0,,186,1453,38,0,0,0,0
2024-09-18,American,N982XX,2001,JFK,CityName,State,LAX,CityName,State,0,0,-11,0,0,,299,2224,0,0,0,0,0
2024-09-18,American,N492XX,1280,ATL,CityName,State,ATL,CityName,State,15,1,6,0,0,,83,1889,0,0,0,0,0
2024-09-18,Southwest,N348XX,8407,BOS,CityName,State,BOS,CityName,State,0,0,-3,0,0,,286,503,0,0,0,0,0
2024-09-19,JetBlue,N665XX,7238,ORD,CityName,State,SEA,CityName,State,0,0,-13,0,0,,304,2589,0,0,0,0,0
2024-09-19,Delta,N987XX,728,ATL,CityName,State,DFW,CityName,State,0,0,5,0,0,,64,585,0,0,0,0,0
2024-09-19,Delta,N317XX,2840,MIA,CityName,State,DEN,CityName,State,0,0,9,0,0,,334,1583,0,0,0,0,0
2024-09-19,Southwest,N291XX,7392,ATL,CityName,State,MIA,CityName,State,0,0,0,0,1,A,271,1392,0,0,0,0,0
2024-09-19,Delta,N828XX,9996,MIA,CityName,State,LAX,CityName,State,120,1,130,1,0,,72,887,0,130,0,0,0
2024-09-19,JetBlue,N216XX,4766,DEN,CityName,State,JFK,CityName,State,0,0,4,0,0,,281,757,0,0,0,0,0
2024-09-19,American,N622XX,6068,LAX,CityName,State,SEA,CityName,State,30,1,38,1,0,,227,444,0,0,38,0,0
2024-09-19,United,N621XX,4516,BOS,CityName,State,MIA,CityName,State,0,0,-8,0,0,,295,801,0,0,0,0,0
2024-09-19,United,N828XX,5457,LAX,CityName,State,JFK,CityName,State,15,1,23,1,0,,154,200,23,0,0,0,0
2024-09-19,American,N933XX,7670,DEN,CityName,State,JFK,CityName,State,0,0,1,0,0,,226,2064,0,0,0,0,0
2024-09-19,Southwest,N410XX,4180,SFO,CityName,State,BOS,CityName,State,0,0,-14,0,0,,337,2153,0,0,0,0,0
2024-09-19,JetBlue,N184XX,5606,DEN,CityName,State,SEA,CityName,State,15,1,20,1,0,,75,2544,20,0,0,0,0
2024-09-19,JetBlue,N511XX,9112,BOS,CityName,State,SEA,CityName,State,0,0,8,0,0,,116,2209,0,0,0,0,0
2024-09-19,United,N727XX,8953,DFW,CityName,State,BOS,CityName,State,0,0,-4,0,0,,340,489,0,0,0,0,0
2024-09-19,American,N908XX,5332,JFK,CityName,State,DEN,CityName,State,0,0,-4,0,0,,193,1382,0,0,0,0,0
2024-09-19,Delta,N189XX,3439,SFO,CityName,State,ORD,CityName,State,0,0,-11,0,0,,92,2957,0,0,0,0,0
2024-09-19,JetBlue,N217XX,2525,MIA,CityName,State,SEA,CityName,State,0,0,3,0,0,,118,840,0,0,0,0,0
2024-09-19,American,N160XX,2987,LAX,CityName,State,MIA,CityName,State,0,0,6,0,0,,118,2011,0,0,0,0,0
2024-09-19,Southwest,N181XX,479,SFO,CityName,State,JFK,CityName,State,0,0,10,0,0,,150,569,0,0,0,0,0
2024-09-19,JetBlue,N312XX,2339,DEN,CityName,State,SFO,CityName,State,0,0,-12,0,0,,137,378,0,0,0,0,0
2024-09-19,JetBlue,N724XX,7913,DFW,CityName,State,BOS,CityName,State,0,0,-5,0,0,,145,322,0,0,0,0,0
2024-09-19,American,N492XX,3484,DEN,CityName,State,ATL,CityName,State,15,1,12,0,0,,154,347,0,0,0,0,0
2024-09-19,Southwest,N977XX,3507,ATL,CityName,State,MIA,CityName,State,0,0,-2,0,0,,45,1420,0,0,0,0,0
2024-09-20,American,N966XX,9600,SFO,CityName,State,DFW,CityName,State,0,0,4,0,0,,108,2891,0,0,0,0,0
2024-09-20,Southwest,N573XX,5750,SFO,CityName,State,MIA,CityName,State,15,1,16,1,0,,54,2963,0,16,0,0,0
2024-09-20,American,N476XX,505,ORD,CityName,State,DEN,CityName,State,0,0,5,0,0,,268,2273,0,0,0,0,0
2024-09-20,United,N196XX,9051,MIA,CityName,State,ORD,CityName,State,0,0,9,0,0,,272,1630,0,0,0,0,0
2024-09-20,United,N964XX,4345,SEA,CityName,State,ORD,CityName,State,0,0,-12,0,0,,318,1706,0,0,0,0,0
2024-09-20,JetBlue,N970XX,1095,DFW,CityName,State,DFW,CityName,State,0,0,-8,0,0,,298,245,0,0,0,0,0
2024-09-20,Southwest,N522XX,1259,SFO,CityName,State,LAX,CityName,State,0,0,-14,0,0,,247,667,0,0,0,0,0
2024-09-20,American,N592XX,2952,ATL,CityName,State,BOS,CityName,State,0,0,8,0,0,,215,1496,0,0,0,0,0
2024-09-20,United,N972XX,218,SEA,CityName,State,SFO,CityName,State,0,0,-4,0,0,,305,2913,0,0,0,0,0
2024-09-20,United,N415XX,4365,SEA,CityName,State,DEN,CityName,State,0,0,-10,0,0,,59,1553,0,0,0,0,0
2024-09-20,American,N117XX,4498,LAX,CityName,State,SFO,CityName,State,0,0,-4,0,0,,209,2836,0,0,0,0,0
2024-09-20,Delta,N738XX,8947,DFW,CityName,State,DEN,CityName,State,0,0,4,0,0,,138,866,0,0,0,0,0
2024-09-21,Southwest,N884XX,298,SEA,CityName,State,ATL,CityName,State,0,0,-10,0,0,,283,956,0,0,0,0,0
2024-09-21,Delta,N432XX,2606,JFK,CityName,State,JFK,CityName,State,0,0,-14,0,0,,348,2337,0,0,0,0,0
2024-09-21,JetBlue,N661XX,2397,SFO,CityName,State,MIA,CityName,State,0,0,-8,0,0,,253,815,0,0,0,0,0
2024-09-21,American,N660XX,5243,ORD,CityName,State,JFK,CityName,State,0,0,-10,0,0,,83,1335,0,0,0,0,0
2024-09-21,United,N715XX,4380,DEN,CityName,State,SEA,CityName,State,0,0,2,0,0,,125,1673,0,0,0,0,0
2024-09-21,Southwest,N959XX,2294,DFW,CityName,State,MIA,CityName,State,0,0,2,0,0,,250,1702,0,0,0,0,0
2024-09-21,Southwest,N631XX,6524,SEA,CityName,State,SFO,CityName,State,0,0,-3,0,0,,241,1718,0,0,0,0,0
2024-09-21,Southwest,N427XX,2211,DFW,CityName,State,MIA,CityName,State,0,0,-9,0,0,,132,2453,0,0,0,0,0
2024-09-21,Delta,N924XX,3940,DFW,CityName,State,JFK,CityName,State,0,0,-8,0,0,,234,613,0,0,0,0,0
2024-09-21,American,N600XX,2629,LAX,CityName,State,ORD,CityName,State,0,0,7,0,0,,212,187,0,0,0,0,0
2024-09-21,United,N825XX,7500,LAX,CityName,State,ORD,CityName,State,0,0,-5,0,0,,285,685,0,0,0,0,0
2024-09-21,JetBlue,N584XX,9014,DEN,CityName,State,JFK,CityName,State,0,0,8,0,0,,91,914,0,0,0,0,0
2024-09-21,American,N916XX,4861,LAX,CityName,State,MIA,CityName,State,0,0,-9,0,0,,317,2149,0,0,0,0,0
2024-09-21,Southwest,N358XX,4284,MIA,CityName,State,MIA,CityName,State,0,0,-11,0,0,,154,1766,0,0,0,0,0
2024-09-21,United,N661XX,6963,DEN,CityName,State,MIA,CityName,State,0,0,-8,0,0,,149,1087,0,0,0,0,0
2024-09-22,American,N123XX,2362,SFO,CityName,State,ORD,CityName,State,0,0,-10,0,0,,241,1719,0,0,0,0,0
2024-09-22,United,N393XX,476,SEA,CityName,State,LAX,CityName,State,0,0,6,0,0,,191,532,0,0,0,0,0
2024-09-22,Southwest,N141XX,6289,ORD,CityName,State,SEA,CityName,State,15,1,14,0,0,,52,2503,0,0,0,0,0
2024-09-22,Delta,N399XX,6698,MIA,CityName,State,ATL,CityName,State,0,0,-6,0,0,,72,1802,0,0,0,0,0
2024-09-22,Delta,N333XX,1339,MIA,CityName,State,SEA,CityName,State,0,0,-6,0,0,,281,1275,0,0,0,0,0
2024-09-22,Delta,N669XX,3413,BOS,CityName,State,DFW,CityName,State,0,0,7,0,0,,295,2060,0,0,0,0,0
2024-09-22,American,N728XX,1232,ATL,CityName,State,ORD,CityName,State,0,0,-9,0,0,,319,2476,0,0,0,0,0
2024-09-22,JetBlue,N233XX,1197,MIA,CityName,State,ATL,CityName,State,0,0,-12,0,0,,91,1145,0,0,0,0,0
2024-09-22,JetBlue,N500XX,2153,ORD,CityName,State,DFW,CityName,State,60,1,63,1,0,,53,2584,0,0,63,0,0
2024-09-22,United,N441XX,9734,LAX,CityName,State,JFK,CityName,State,0,0,-7,0,0,,197,269,0,0,0,0,0
2024-09-22,United,N336XX,5826,JFK,CityName,State,DFW,CityName,State,45,1,54,1,0,,90,1463,54,0,0,0,0
2024-09-22,United,N873XX,6493,DFW,CityName,State,SFO,CityName,State,0,0,-5,0,0,,333,210,0,0,0,0,0
2024-09-22,United,N103XX,561,DEN,CityName,State,LAX,CityName,State,0,0,4,0,0,,242,805,0,0,0,0,0
2024-09-23,JetBlue,N222XX,9567,SFO,CityName,State,SFO,CityName,State,0,0,-4,0,0,,256,421,0,0,0,0,0
2024-09-23,United,N602XX,8717,BOS,CityName,State,SFO,CityName,State,15,1,10,0,0,,68,1419,0,0,0,0,0
2024-09-23,American,N206XX,2462,DFW,CityName,State,SEA,CityName,State,0,0,-5,0,0,,69,2049,0,0,0,0,0
2024-09-23,American,N841XX,8906,SEA,CityName,State,BOS,CityName,State,0,0,-3,0,0,,47,193,0,0,0,0,0
2024-09-23,Delta,N573XX,8145,DEN,CityName,State,SFO,CityName,State,0,0,0,0,0,,57,2108,0,0,0,0,0
2024-09-23,JetBlue,N130XX,4271,DEN,CityName,State,DFW,CityName,State,0,0,-7,0,0,,292,2575,0,0,0,0,0
2024-09-23,American,N380XX,1537,DEN,CityName,State,SFO,CityName,State,15,1,13,0,0,,284,633,0,0,0,0,0
2024-09-23,American,N667XX,8125,SEA,CityName,State,BOS,CityName,State,0,0,9,0,0,,184,1979,0,0,0,0,0
2024-09-23,Delta,N746XX,9103,MIA,CityName,State,SEA,CityName,State,0,0,9,0,0,,254,2617,0,0,0,0,0
2024-09-23,Southwest,N136XX,7017,SEA,CityName,State,ORD,CityName,State,0,0,0,0,0,,149,2719,0,0,0,0,0
2024-09-23,Southwest,N801XX,2557,LAX,CityName,State,JFK,CityName,State,0,0,-5,0,0,,103,2002,0,0,0,0,0
2024-09-23,American,N835XX,1829,LAX,CityName,State,JFK,CityName,State,0,0,1,0,0,,246,556,0,0,0,0,0
2024-09-24,United,N202XX,3058,SEA,CityName,State,MIA,CityName,State,0,0,-11,0,0,,326,939,0,0,0,0,0
2024-09-24,American,N756XX,8593,ORD,CityName,State,BOS,CityName,State,0,0,1,0,0,,58,1221,0,0,0,0,0
2024-09-24,Southwest,N231XX,4122,SEA,CityName,State,ORD,CityName,State,0,0,-6,0,0,,219,2338,0,0,0,0,0
2024-09-24,American,N219XX,3103,DFW,CityName,State,SEA,CityName,State,0,0,-14,0,0,,123,825,0,0,0,0,0
2024-09-24,Delta,N475XX,5808,LAX,CityName,State,SFO,CityName,State,30,1,28,1,0,,132,2600,28,0,0,0,0
2024-09-24,Southwest,N144XX,3377,LAX,CityName,State,BOS,CityName,State,60,1,56,1,0,,197,2986,56,0,0,0,0
2024-09-24,United,N873XX,956,DEN,CityName,State,DEN,CityName,State,60,1,48,1,0,,150,1979,0,0,48,0,0
2024-09-24,Southwest,N130XX,7044,LAX,CityName,State,SEA,CityName,State,0,0,-13,0,0,,175,1414,0,0,0,0,0
2024-09-24,Delta,N570XX,1829,ORD,CityName,State,MIA,CityName,State,0,0,2,0,0,,76,213,0,0,0,0,0
2024-09-24,JetBlue,N351XX,3665,SEA,CityName,State,SFO,CityName,State,0,0,-11,0,0,,275,1869,0,0,0,0,0
2024-09-24,American,N169XX,6142,MIA,CityName,State,ORD,CityName,State,0,0,-8,0,0,,341,2776,0,0,0,0,0
2024-09-24,American,N276XX,2715,ORD,CityName,State,DFW,CityName,State,0,0,5,0,0,,99,1742,0,0,0,0,0
2024-09-24,United,N668XX,8331,LAX,CityName,State,SEA,CityName,State,0,0,-10,0,0,,156,915,0,0,0,0,0
2024-09-24,JetBlue,N370XX,5545,DFW,CityName,State,BOS,CityName,State,0,0,-7,0,0,,71,969,0,0,0,0,0
2024-09-24,American,N201XX,6875,ORD,CityName,State,DEN,CityName,State,0,0,3,0,0,,260,845,0,0,0,0,0
2024-09-25,American,N582XX,5541,MIA,CityName,State,DEN,CityName,State,0,0,6,0,0,,277,212,0,0,0,0,0
2024-09-25,JetBlue,N139XX,2372,LAX,CityName,State,SFO,CityName,State,0,0,-9,0,0,,318,2261,0,0,0,0,0
2024-09-25,Delta,N151XX,7789,SEA,CityName,State,LAX,CityName,State,0,0,-3,0,0,,166,210,0,0,0,0,0
2024-09-25,Southwest,N711XX,1366,SEA,CityName,State,ORD,CityName,State,0,0,5,0,0,,339,2828,0,0,0,0,0
2024-09-25,Delta,N817XX,5610,DEN,CityName,State,DEN,CityName,State,0,0,-11,0,0,,228,892,0,0,0,0,0
2024-09-25,JetBlue,N895XX,8907,ATL,CityName,State,SEA,CityName,State,0,0,7,0,0,,230,209,0,0,0,0,0
2024-09-26,Southwest,N137XX,4004,ATL,CityName,State,ORD,CityName,State,0,0,-6,0,0,,127,1116,0,0,0,0,0
2024-09-26,Southwest,N732XX,567,LAX,CityName,State,ATL,CityName,State,0,0,4,0,0,,168,2143,0,0,0,0,0
2024-09-26,Southwest,N516XX,3837,SFO,CityName,State,MIA,CityName,State,0,0,-1,0,0,,101,1364,0,0,0,0,0
2024-09-26,Delta,N307XX,3683,DEN,CityName,State,ATL,CityName,State,60,1,65,1,0,,185,1585,0,0,0,0,65
2024-09-26,American,N849XX,3242,BOS,CityName,State,DFW,CityName,State,0,0,-1,0,0,,222,1357,0,0,0,0,0
2024-09-26,Delta,N211XX,7937,SFO,CityName,State,LAX,CityName,State,30,1,36,1,0,,255,909,0,0,0,0,36
2024-09-26,JetBlue,N973XX,4425,MIA,CityName,State,JFK,CityName,State,0,0,-4,0,0,,46,2062,0,0,0,0,0
2024-09-26,JetBlue,N479XX,5862,ORD,CityName,State,JFK,CityName,State,0,0,6,0,0,,200,1012,0,0,0,0,0
2024-09-26,American,N869XX,2922,JFK,CityName,State,JFK,CityName,State,30,1,32,1,0,,228,1328,32,0,0,0,0
2024-09-26,Delta,N719XX,8493,SEA,CityName,State,ORD,CityName,State,30,1,29,1,0,,301,2981,0,29,0,0,0
2024-09-26,JetBlue,N536XX,730,DEN,CityName,State,DFW,CityName,State,0,0,-8,0,0,,344,317,0,0,0,0,0
2024-09-26,Southwest,N611XX,501,SEA,CityName,State,MIA,CityName,State,30,1,28,1,0,,49,1696,0,28,0,0,0
2024-09-26,Delta,N680XX,4308,ATL,CityName,State,ORD,CityName,State,0,0,-12,0,0,,208,1986,0,0,0,0,0
2024-09-26,Delta,N503XX,8426,SFO,CityName,State,BOS,CityName,State,0,0,-4,0,0,,356,2304,0,0,0,0,0
2024-09-26,American,N668XX,7337,JFK,CityName,State,LAX,CityName,State,0,0,-6,0,0,,112,1474,0,0,0,0,0
2024-09-26,Southwest,N690XX,8271,DEN,CityName,State,MIA,CityName,State,0,0,-8,0,0,,351,1162,0,0,0,0,0
2024-09-26,American,N354XX,2068,SFO,CityName,State,ORD,CityName,State,0,0,-14,0,0,,207,1298,0,0,0,0,0
2024-09-27,Delta,N173XX,2669,DFW,CityName,State,LAX,CityName,State,0,0,-13,0,0,,242,2095,0,0,0,0,0
2024-09-27,JetBlue,N272XX,886,ATL,CityName,State,JFK,CityName,State,0,0,5,0,0,,169,1936,0,0,0,0,0
2024-09-27,JetBlue,N979XX,9736,DEN,CityName,State,ATL,CityName,State,15,1,24,1,0,,350,1869,0,0,0,0,24
2024-09-27,Southwest,N107XX,5432,DEN,CityName,State,LAX,CityName,State,15,1,11,0,0,,98,1011,0,0,0,0,0
2024-09-27,JetBlue,N779XX,3094,ORD,CityName,State,JFK,CityName,State,0,0,-4,0,0,,56,1900,0,0,0,0,0
2024-09-27,JetBlue,N985XX,209,ORD,CityName,State,SFO,CityName,State,0,0,-10,0,0,,122,2210,0,0,0,0,0
2024-09-27,Southwest,N176XX,2307,ATL,CityName,State,SEA,CityName,State,0,0,10,0,0,,259,1562,0,0,0,0,0
2024-09-27,United,N214XX,5774,LAX,CityName,State,BOS,CityName,State,0,0,-3,0,0,,236,1181,0,0,0,0,0
2024-09-27,Delta,N591XX,4089,SEA,CityName,State,ORD,CityName,State,120,1,130,1,0,,105,237,130,0,0,0,0
2024-09-27,American,N263XX,9495,BOS,CityName,State,DFW,CityName,State,0,0,-13,0,0,,79,1243,0,0,0,0,0
2024-09-27,American,N520XX,9105,DFW,CityName,State,MIA,CityName,State,0,0,0,0,0,,304,597,0,0,0,0,0
2024-09-27,American,N239XX,3837,DEN,CityName,State,ORD,CityName,State,0,0,7,0,0,,265,2256,0,0,0,0,0
2024-09-27,American,N983XX,5811,DEN,CityName,State,JFK,CityName,State,0,0,-13,0,0,,202,1627,0,0,0,0,0
2024-09-27,Delta,N523XX,1022,SFO,CityName,State,BOS,CityName,State,0,0,-3,0,0,,274,381,0,0,0,0,0
2024-09-27,United,N272XX,188,MIA,CityName,State,BOS,CityName,State,0,0,-14,0,0,,73,2889,0,0,0,0,0
2024-09-27,Delta,N845XX,4765,SEA,CityName,State,DEN,CityName,State,0,0,1,0,0,,68,381,0,0,0,0,0
2024-09-27,American,N630XX,8460,MIA,CityName,State,ORD,CityName,State,0,0,-8,0,0,,191,1434,0,0,0,0,0
2024-09-27,American,N458XX,1610,ORD,CityName,State,BOS,CityName,State,0,0,-6,0,0,,54,1584,0,0,0,0,0
2024-09-28,United,N613XX,7863,DEN,CityName,State,SEA,CityName,State,0,0,8,0,0,,173,2622,0,0,0,0,0
2024-09-28,Delta,N384XX,5895,DEN,CityName,State,ATL,CityName,State,0,0,-14,0,0,,63,1479,0,0,0,0,0
2024-09-28,Delta,N590XX,2950,SFO,CityName,State,ORD,CityName,State,15,1,4,0,0,,237,2799,0,0,0,0,0
2024-09-28,American,N138XX,805,ATL,CityName,State,ORD,CityName,State,45,1,41,1,0,,155,2630,0,0,41,0,0
2024-09-28,United,N928XX,7474,BOS,CityName,State,DFW,CityName,State,0,0,-12,0,0,,281,2344,0,0,0,0,0
2024-09-28,Southwest,N148XX,4615,JFK,CityName,State,SEA,CityName,State,0,0,-9,0,0,,148,1265,0,0,0,0,0
2024-09-28,JetBlue,N810XX,8360,MIA,CityName,State,SEA,CityName,State,0,0,5,0,0,,328,2609,0,0,0,0,0
2024-09-28,Southwest,N766XX,2270,SEA,CityName,State,LAX,CityName,State,0,0,1,0,0,,247,1035,0,0,0,0,0
2024-09-28,Delta,N323XX,8740,BOS,CityName,State,LAX,CityName,State,0,0,-2,0,0,,123,2111,0,0,0,0,0
2024-09-28,Delta,N797XX,8440,ORD,CityName,State,SEA,CityName,State,0,0,7,0,0,,282,1888,0,0,0,0,0
2024-09-28,United,N185XX,2982,JFK,CityName,State,ATL,CityName,State,120,1,115,1,0,,71,570,0,115,0,0,0
2024-09-28,United,N876XX,2134,DEN,CityName,State,DFW,CityName,State,0,0,-1,0,0,,339,1201,0,0,0,0,0
2024-09-28,Southwest,N821XX,9458,JFK,CityName,State,MIA,CityName,State,0,0,-13,0,0,,111,675,0,0,0,0,0
2024-09-29,Delta,N634XX,7674,ORD,CityName,State,SFO,CityName,State,0,0,-14,0,0,,118,1190,0,0,0,0,0
2024-09-29,United,N948XX,7347,MIA,CityName,State,ATL,CityName,State,0,0,-1,0,0,,281,1307,0,0,0,0,0
2024-09-29,Southwest,N602XX,9335,DFW,CityName,State,DFW,CityName,State,0,0,-13,0,0,,120,2351,0,0,0,0,0
2024-09-29,Southwest,N617XX,9517,SFO,CityName,State,DEN,CityName,State,0,0,0,0,0,,158,1890,0,0,0,0,0
2024-09-29,Delta,N696XX,6086,JFK,CityName,State,LAX,CityName,State,0,0,-12,0,0,,325,877,0,0,0,0,0
2024-09-29,United,N605XX,3641,DEN,CityName,State,JFK,CityName,State,0,0,0,0,1,A,297,479,0,0,0,0,0
2024-09-29,Delta,N473XX,7109,JFK,CityName,State,MIA,CityName,State,0,0,-2,0,0,,243,1373,0,0,0,0,0
2024-09-29,United,N102XX,4907,ATL,CityName,State,MIA,CityName,State,0,0,-12,0,0,,120,2056,0,0,0,0,0
2024-09-29,JetBlue,N358XX,5913,ATL,CityName,State,LAX,CityName,State,45,1,36,1,0,,115,2761,36,0,0,0,0
2024-09-29,United,N614XX,3924,JFK,CityName,State,SFO,CityName,State,0,0,-2,0,0,,161,400,0,0,0,0,0
2024-09-29,Delta,N679XX,5111,SFO,CityName,State,ORD,CityName,State,60,1,67,1,0,,47,2539,0,0,0,0,67
2024-09-29,American,N249XX,3504,LAX,CityName,State,SFO,CityName,State,0,0,-5,0,0,,196,275,0,0,0,0,0
2024-09-30,Delta,N263XX,6188,MIA,CityName,State,LAX,CityName,State,0,0,10,0,0,,304,2975,0,0,0,0,0
2024-09-30,Southwest,N580XX,6763,SFO,CityName,State,DEN,CityName,State,0,0,-9,0,0,,334,2170,0,0,0,0,0
2024-09-30,American,N802XX,3650,DEN,CityName,State,DFW,CityName,State,0,0,7,0,0,,330,1954,0,0,0,0,0
2024-09-30,United,N714XX,5907,DFW,CityName,State,BOS,CityName,State,0,0,8,0,0,,136,2951,0,0,0,0,0
2024-09-30,JetBlue,N791XX,4769,SFO,CityName,State,LAX,CityName,State,0,0,4,0,0,,76,1770,0,0,0,0,0
2024-09-30,Southwest,N347XX,6070,MIA,CityName,State,ORD,CityName,State,0,0,7,0,0,,257,1219,0,0,0,0,0
2024-09-30,Southwest,N567XX,6662,LAX,CityName,State,MIA,CityName,State,30,1,31,1,0,,291,424,0,31,0,0,0
2024-09-30,JetBlue,N454XX,284,ATL,CityName,State,ATL,CityName,State,15,1,11,0,0,,167,1422,0,0,0,0,0
2024-09-30,Delta,N590XX,6834,LAX,CityName,State,SFO,CityName,State,0,0,-6,0,0,,226,2543,0,0,0,0,0
2024-09-30,JetBlue,N388XX,1551,BOS,CityName,State,MIA,CityName,State,15,1,10,0,0,,85,1762,0,0,0,0,0
2024-09-30,United,N436XX,6846,ORD,CityName,State,DFW,CityName,State,15,1,14,0,0,,252,2781,0,0,0,0,0
2024-10-01,JetBlue,N409XX,7115,SEA,CityName,State,ATL,CityName,State,0,0,5,0,0,,179,2819,0,0,0,0,0
2024-10-01,Delta,N621XX,1163,DEN,CityName,State,DFW,CityName,State,0,0,0,0,0,,218,1230,0,0,0,0,0
2024-10-01,United,N754XX,6389,LAX,CityName,State,ATL,CityName,State,30,1,30,1,0,,273,2691,0,0,0,0,30
2024-10-01,United,N827XX,7361,ATL,CityName,State,SFO,CityName,State,240,1,243,1,0,,323,1471,0,243,0,0,0
2024-10-01,Southwest,N122XX,5231,DFW,CityName,State,SEA,CityName,State,0,0,6,0,0,,305,1732,0,0,0,0,0
2024-10-01,American,N229XX,5532,MIA,CityName,State,ATL,CityName,State,0,0,-8,0,0,,272,1525,0,0,0,0,0
2024-10-01,United,N690XX,706,MIA,CityName,State,ORD,CityName,State,0,0,-6,0,0,,150,2078,0,0,0,0,0
2024-10-01,Southwest,N881XX,2420,SEA,CityName,State,SEA,CityName,State,30,1,17,1,0,,195,491,0,17,0,0,0
2024-10-01,Delta,N208XX,8281,SEA,CityName,State,MIA,CityName,State,0,0,-10,0,0,,98,478,0,0,0,0,0
2024-10-01,Southwest,N485XX,2002,DEN,CityName,State,ORD,CityName,State,120,1,130,1,0,,324,505,0,0,0,0,130
2024-10-01,American,N519XX,2537,ATL,CityName,State,ATL,CityName,State,0,0,0,0,1,A,283,553,0,0,0,0,0
2024-10-01,United,N538XX,4366,DFW,CityName,State,DFW,CityName,State,0,0,6,0,0,,260,2745,0,0,0,0,0
2024-10-01,American,N282XX,6845,ATL,CityName,State,DFW,CityName,State,0,0,-8,0,0,,62,431,0,0,0,0,0
2024-10-01,JetBlue,N607XX,2608,SFO,CityName,State,DFW,CityName,State,0,0,-2,0,0,,225,2686,0,0,0,0,0
2024-10-01,American,N914XX,3399,SFO,CityName,State,JFK,CityName,State,0,0,-10,0,0,,259,1147,0,0,0,0,0
2024-10-01,Delta,N764XX,181,ORD,CityName,State,SFO,CityName,State,0,0,-9,0,0,,298,2634,0,0,0,0,0
2024-10-01,American,N457XX,6500,BOS,CityName,State,BOS,CityName,State,240,1,238,1,0,,141,259,238,0,0,0,0
2024-10-02,Southwest,N693XX,8802,MIA,CityName,State,JFK,CityName,State,60,1,60,1,0,,85,2110,0,0,60,0,0
2024-10-02,Southwest,N687XX,4809,DEN,CityName,State,ORD,CityName,State,0,0,-3,0,0,,274,566,0,0,0,0,0
2024-10-02,United,N193XX,3560,ORD,CityName,State,ATL,CityName,State,0,0,5,0,0,,131,2903,0,0,0,0,0
2024-10-02,American,N847XX,6214,MIA,CityName,State,SFO,CityName,State,45,1,44,1,0,,252,2981,44,0,0,0,0
2024-10-02,JetBlue,N481XX,1994,ATL,CityName,State,SEA,CityName,State,240,1,232,1,0,,290,885,232,0,0,0,0
2024-10-02,American,N813XX,3588,BOS,CityName,State,JFK,CityName,State,0,0,-13,0,0,,223,2868,0,0,0,0,0
2024-10-02,Delta,N265XX,328,DFW,CityName,State,DEN,CityName,State,0,0,-8,0,0,,74,1430,0,0,0,0,0
2024-10-02,Delta,N803XX,9625,SFO,CityName,State,MIA,CityName,State,45,1,33,1,0,,63,2329,0,0,33,0,0
2024-10-02,American,N274XX,5767,BOS,CityName,State,SFO,CityName,State,0,0,-14,0,0,,123,984,0,0,0,0,0
2024-10-02,Southwest,N608XX,1785,LAX,CityName,State,SEA,CityName,State,0,0,6,0,0,,205,1904,0,0,0,0,0
2024-10-02,United,N911XX,2493,LAX,CityName,State,LAX,CityName,State,0,0,-7,0,0,,50,701,0,0,0,0,0
2024-10-02,Delta,N259XX,6801,MIA,CityName,State,ORD,CityName,State,60,1,50,1,0,,82,2458,0,50,0,0,0
2024-10-02,American,N561XX,3122,JFK,CityName,State,ATL,CityName,State,60,1,47,1,0,,154,1600,0,47,0,0,0
2024-10-02,Southwest,N709XX,2067,SFO,CityName,State,DEN,CityName,State,0,0,-10,0,0,,69,969,0,0,0,0,0
2024-10-02,JetBlue,N142XX,8182,SFO,CityName,State,MIA,CityName,State,0,0,-12,0,0,,335,535,0,0,0,0,0
2024-10-02,Delta,N882XX,1376,MIA,CityName,State,ATL,CityName,State,0,0,-13,0,0,,103,577,0,0,0,0,0
2024-10-02,JetBlue,N243XX,2340,ORD,CityName,State,LAX,CityName,State,0,0,-11,0,0,,66,1056,0,0,0,0,0
2024-10-02,Southwest,N923XX,1714,SFO,CityName,State,LAX,CityName,State,0,0,-4,0,0,,166,2750,0,0,0,0,0
2024-10-03,American,N750XX,7151,LAX,CityName,State,BOS,CityName,State,0,0,-13,0,0,,323,2565,0,0,0,0,0
2024-10-03,Delta,N673XX,6526,ATL,CityName,State,JFK,CityName,State,30,1,37,1,0,,214,1915,37,0,0,0,0
2024-10-03,United,N811XX,2808,DEN,CityName,State,BOS,CityName,State,0,0,-10,0,0,,272,2570,0,0,0,0,0
2024-10-03,American,N734XX,7144,MIA,CityName,State,BOS,CityName,State,30,1,18,1,0,,277,2235,18,0,0,0,0
2024-10-03,American,N952XX,7323,ATL,CityName,State,DEN,CityName,State,0,0,-3,0,0,,306,1179,0,0,0,0,0
2024-10-03,Delta,N931XX,6442,SEA,CityName,State,DFW,CityName,State,0,0,7,0,0,,153,1233,0,0,0,0,0
2024-10-03,American,N296XX,6293,ATL,CityName,State,BOS,CityName,State,0,0,0,0,0,,139,718,0,0,0,0,0
2024-10-03,American,N507XX,7025,MIA,CityName,State,BOS,CityName,State,0,0,0,0,0,,50,2235,0,0,0,0,0
2024-10-03,JetBlue,N477XX,8119,JFK,CityName,State,MIA,CityName,State,15,1,13,0,0,,317,2130,0,0,0,0,0
2024-10-03,American,N677XX,2872,DEN,CityName,State,SEA,CityName,State,0,0,-13,0,0,,132,2027,0,0,0,0,0
2024-10-03,Southwest,N525XX,7646,SFO,CityName,State,JFK,CityName,State,0,0,-4,0,0,,143,500,0,0,0,0,0
2024-10-03,JetBlue,N667XX,3014,SFO,CityName,State,MIA,CityName,State,0,0,10,0,0,,277,260,0,0,0,0,0
2024-10-03,Delta,N527XX,8557,SEA,CityName,State,MIA,CityName,State,0,0,-3,0,0,,194,557,0,0,0,0,0
2024-10-04,JetBlue,N541XX,4090,ORD,CityName,State,ORD,CityName,State,0,0,-3,0,0,,126,390,0,0,0,0,0
2024-10-04,United,N924XX,5038,ATL,CityName,State,LAX,CityName,State,15,1,1,0,0,,261,2366,0,0,0,0,0
2024-10-04,United,N916XX,4507,DFW,CityName,State,BOS,CityName,State,0,0,-8,0,0,,199,1314,0,0,0,0,0
2024-10-04,Southwest,N763XX,2151,SFO,CityName,State,DFW,CityName,State,0,0,10,0,0,,242,908,0,0,0,0,0
2024-10-04,United,N601XX,7089,ORD,CityName,State,SEA,CityName,State,0,0,-4,0,0,,333,2801,0,0,0,0,0
2024-10-04,American,N790XX,8217,SEA,CityName,State,BOS,CityName,State,0,0,-1,0,0,,249,2587,0,0,0,0,0
2024-10-04,United,N681XX,7017,DFW,CityName,State,DEN,CityName,State,0,0,-13,0,0,,307,2036,0,0,0,0,0
2024-10-04,Southwest,N166XX,2297,ORD,CityName,State,ORD,CityName,State,120,1,113,1,0,,123,1275,0,0,0,0,113
2024-10-04,Southwest,N793XX,305,SFO,CityName,State,DFW,CityName,State,0,0,-9,0,0,,47,2326,0,0,0,0,0
2024-10-04,United,N586XX,7811,MIA,CityName,State,SFO,CityName,State,0,0,9,0,0,,96,813,0,0,0,0,0
2024-10-04,JetBlue,N413XX,5546,ATL,CityName,State,ORD,CityName,State,0,0,-8,0,0,,288,158,0,0,0,0,0
2024-10-04,United,N995XX,4306,ORD,CityName,State,ATL,CityName,State,0,0,4,0,0,,96,1029,0,0,0,0,0
2024-10-04,United,N299XX,8609,ATL,CityName,State,DFW,CityName,State,0,0,-5,0,0,,67,2938,0,0,0,0,0
2024-10-04,American,N717XX,3198,DFW,CityName,State,DEN,CityName,State,0,0,-1,0,0,,320,2378,0,0,0,0,0
2024-10-04,JetBlue,N120XX,6469,SFO,CityName,State,LAX,CityName,State,0,0,-6,0,0,,178,1434,0,0,0,0,0
2024-10-04,American,N284XX,6855,LAX,CityName,State,JFK,CityName,State,0,0,-13,0,0,,158,1084,0,0,0,0,0
2024-10-05,United,N250XX,8905,ATL,CityName,State,DEN,CityName,State,0,0,-11,0,0,,314,2661,0,0,0,0,0
2024-10-05,United,N540XX,267,JFK,CityName,State,SEA,CityName,State,0,0,-8,0,0,,116,1920,0,0,0,0,0
2024-10-05,American,N697XX,5208,MIA,CityName,State,LAX,CityName,State,0,0,-5,0,0,,114,431,0,0,0,0,0
2024-10-05,American,N429XX,5440,BOS,CityName,State,ORD,CityName,State,0,0,-5,0,0,,281,2506,0,0,0,0,0
2024-10-05,United,N356XX,3024,MIA,CityName,State,ATL,CityName,State,45,1,44,1,0,,305,1875,0,0,44,0,0
2024-10-05,American,N956XX,4241,BOS,CityName,State,BOS,CityName,State,0,0,8,0,0,,232,1965,0,0,0,0,0
2024-10-05,United,N744XX,8148,MIA,CityName,State,SFO,CityName,State,0,0,2,0,0,,98,543,0,0,0,0,0
2024-10-05,United,N880XX,5529,LAX,CityName,State,ATL,CityName,State,45,1,50,1,0,,343,2951,0,0,50,0,0
2024-10-05,Delta,N517XX,751,JFK,CityName,State,SFO,CityName,State,0,0,-8,0,0,,126,1661,0,0,0,0,0
2024-10-05,Delta,N432XX,1178,SEA,CityName,State,JFK,CityName,State,0,0,-11,0,0,,344,196,0,0,0,0,0
2024-10-05,JetBlue,N474XX,2849,SFO,CityName,State,ATL,CityName,State,60,1,60,1,0,,268,2762,0,0,0,0,60
2024-10-05,Delta,N962XX,9271,DEN,CityName,State,ORD,CityName,State,0,0,7,0,0,,232,2346,0,0,0,0,0
2024-10-05,Southwest,N686XX,3300,MIA,CityName,State,ORD,CityName,State,0,0,-6,0,0,,59,198,0,0,0,0,0
2024-10-05,JetBlue,N206XX,1355,ATL,CityName,State,DEN,CityName,State,0,0,-1,0,0,,278,2988,0,0,0,0,0
2024-10-05,United,N866XX,8067,BOS,CityName,State,SFO,CityName,State,60,1,63,1,0,,321,2111,0,0,63,0,0
2024-10-05,United,N451XX,6684,MIA,CityName,State,LAX,CityName,State,0,0,-10,0,0,,323,2102,0,0,0,0,0
2024-10-05,United,N921XX,8132,ATL,CityName,State,BOS,CityName,State,0,0,-6,0,0,,354,1492,0,0,0,0,0
2024-10-05,United,N516XX,735,ATL,CityName,State,JFK,CityName,State,0,0,0,0,1,A,326,152,0,0,0,0,0
2024-10-06,United,N859XX,5172,JFK,CityName,State,ATL,CityName,State,0,0,4,0,0,,137,1977,0,0,0,0,0
2024-10-06,American,N643XX,9595,MIA,CityName,State,ATL,CityName,State,45,1,39,1,0,,327,1684,0,0,39,0,0
2024-10-06,JetBlue,N524XX,1325,ORD,CityName,State,DEN,CityName,State,0,0,-2,0,0,,239,1146,0,0,0,0,0
2024-10-06,American,N837XX,1312,ATL,CityName,State,DFW,CityName,State,0,0,5,0,0,,134,2219,0,0,0,0,0
2024-10-06,American,N700XX,9087,LAX,CityName,State,DEN,CityName,State,0,0,1,0,0,,319,2530,0,0,0,0,0
2024-10-06,Delta,N307XX,790,ATL,CityName,State,ORD,CityName,State,0,0,1,0,0,,336,982,0,0,0,0,0
2024-10-06,Southwest,N357XX,421,SFO,CityName,State,ATL,CityName,State,0,0,8,0,0,,347,987,0,0,0,0,0
2024-10-06,Delta,N228XX,1610,DFW,CityName,State,DEN,CityName,State,0,0,-14,0,0,,186,2827,0,0,0,0,0
2024-10-06,Southwest,N600XX,1298,ORD,CityName,State,DEN,CityName,State,0,0,3,0,0,,284,2918,0,0,0,0,0
2024-10-06,Southwest,N963XX,336,ATL,CityName,State,SFO,CityName,State,0,0,-1,0,0,,282,2255,0,0,0,0,0
2024-10-06,Southwest,N441XX,7491,DEN,CityName,State,SFO,CityName,State,45,1,36,1,0,,356,1550,0,36,0,0,0
2024-10-06,United,N381XX,3670,MIA,CityName,State,MIA,CityName,State,0,0,7,0,0,,298,1308,0,0,0,0,0
2024-10-07,United,N523XX,7091,LAX,CityName,State,BOS,CityName,State,0,0,-7,0,0,,162,1186,0,0,0,0,0
2024-10-07,Southwest,N532XX,170,ORD,CityName,State,ATL,CityName,State,0,0,6,0,0,,118,2277,0,0,0,0,0
2024-10-07,United,N641XX,478,JFK,CityName,State,SFO,CityName,State,60,1,54,1,0,,241,2918,54,0,0,0,0
2024-10-07,American,N540XX,6209,MIA,CityName,State,DFW,CityName,State,15,1,1,0,0,,109,2566,0,0,0,0,0
2024-10-07,Delta,N262XX,5178,BOS,CityName,State,ATL,CityName,State,0,0,4,0,0,,88,2566,0,0,0,0,0
2024-10-07,United,N345XX,6714,BOS,CityName,State,BOS,CityName,State,0,0,-7,0,0,,293,1940,0,0,0,0,0
2024-10-07,Delta,N162XX,7812,JFK,CityName,State,BOS,CityName,State,15,1,4,0,0,,116,1948,0,0,0,0,0
2024-10-07,American,N335XX,8404,BOS,CityName,State,SFO,CityName,State,0,0,-4,0,0,,242,1430,0,0,0,0,0
2024-10-07,JetBlue,N937XX,4146,ATL,CityName,State,DEN,CityName,State,0,0,9,0,0,,68,488,0,0,0,0,0
2024-10-07,JetBlue,N514XX,5115,SFO,CityName,State,JFK,CityName,State,0,0,4,0,0,,161,2296,0,0,0,0,0
2024-10-07,Southwest,N788XX,2690,JFK,CityName,State,MIA,CityName,State,0,0,6,0,0,,60,870,0,0,0,0,0
2024-10-07,United,N702XX,5831,MIA,CityName,State,SEA,CityName,State,0,0,-6,0,0,,160,2992,0,0,0,0,0
2024-10-07,JetBlue,N607XX,242,ORD,CityName,State,DEN,CityName,State,0,0,2,0,0,,344,2062,0,0,0,0,0
2024-10-07,JetBlue,N574XX,7660,MIA,CityName,State,SFO,CityName,State,0,0,7,0,0,,308,1800,0,0,0,0,0
2024-10-08,JetBlue,N789XX,2996,JFK,CityName,State,MIA,CityName,State,0,0,0,0,0,,131,510,0,0,0,0,0
2024-10-08,JetBlue,N576XX,6554,LAX,CityName,State,LAX,CityName,State,0,0,-7,0,0,,282,845,0,0,0,0,0
2024-10-08,Southwest,N377XX,9253,DEN,CityName,State,JFK,CityName,State,30,1,18,1,0,,245,933,18,0,0,0,0
2024-10-08,American,N900XX,5823,SEA,CityName,State,SFO,CityName,State,120,1,117,1,0,,142,821,0,0,117,0,0
2024-10-08,Delta,N646XX,3181,DEN,CityName,State,MIA,CityName,State,120,1,107,1,0,,88,520,0,0,0,0,107
2024-10-08,Delta,N328XX,3159,LAX,CityName,State,SFO,CityName,State,15,1,0,0,1,A,290,909,0,0,0,0,0
2024-10-08,American,N616XX,9870,DEN,CityName,State,DEN,CityName,State,0,0,-9,0,0,,57,378,0,0,0,0,0
2024-10-08,Southwest,N104XX,9826,SEA,CityName,State,JFK,CityName,State,0,0,9,0,0,,126,2474,0,0,0,0,0
2024-10-08,American,N959XX,7895,DEN,CityName,State,MIA,CityName,State,0,0,-1,0,0,,101,2076,0,0,0,0,0
2024-10-08,Southwest,N324XX,6376,SFO,CityName,State,DFW,CityName,State,15,1,9,0,0,,138,1385,0,0,0,0,0
2024-10-08,Delta,N265XX,5594,MIA,CityName,State,LAX,CityName,State,15,1,13,0,0,,118,452,0,0,0,0,0
2024-10-08,American,N719XX,3357,DFW,CityName,State,JFK,CityName,State,15,1,19,1,0,,191,1996,0,19,0,0,0
2024-10-09,Delta,N293XX,5178,LAX,CityName,State,ORD,CityName,State,45,1,40,1,0,,343,397,0,40,0,0,0
2024-10-09,JetBlue,N402XX,8366,MIA,CityName,State,JFK,CityName,State,0,0,-9,0,0,,79,624,0,0,0,0,0
2024-10-09,American,N563XX,3917,SEA,CityName,State,LAX,CityName,State,30,1,32,1,0,,335,2421,32,0,0,0,0
2024-10-09,United,N208XX,3378,BOS,CityName,State,SFO,CityName,State,0,0,1,0,0,,138,1956,0,0,0,0,0
2024-10-09,Delta,N650XX,1450,BOS,CityName,State,SFO,CityName,State,0,0,-3,0,0,,224,733,0,0,0,0,0
2024-10-09,JetBlue,N574XX,3300,BOS,CityName,State,ATL,CityName,State,30,1,40,1,0,,273,908,40,0,0,0,0
2024-10-09,American,N321XX,5739,MIA,CityName,State,SEA,CityName,State,15,1,25,1,0,,93,2091,25,0,0,0,0
2024-10-09,American,N611XX,5639,SFO,CityName,State,ORD,CityName,State,15,1,20,1,0,,169,2813,20,0,0,0,0
2024-10-09,JetBlue,N464XX,9787,DEN,CityName,State,DEN,CityName,State,0,0,-9,0,0,,79,2229,0,0,0,0,0
2024-10-09,American,N612XX,4100,LAX,CityName,State,SFO,CityName,State,0,0,0,0,0,,58,2397,0,0,0,0,0
2024-10-09,Delta,N984XX,7167,SEA,CityName,State,LAX,CityName,State,120,1,120,1,0,,200,2234,120,0,0,0,0
2024-10-09,United,N637XX,3658,ATL,CityName,State,DFW,CityName,State,45,1,40,1,0,,48,2358,40,0,0,0,0
2024-10-09,American,N420XX,5273,MIA,CityName,State,JFK,CityName,State,120,1,107,1,0,,267,1964,0,0,107,0,0
2024-10-09,JetBlue,N871XX,7292,DFW,CityName,State,DFW,CityName,State,30,1,0,0,1,A,321,1684,0,0,0,0,0
2024-10-09,Delta,N209XX,1144,DEN,CityName,State,DEN,CityName,State,0,0,-5,0,0,,234,1124,0,0,0,0,0
2024-10-09,JetBlue,N972XX,9561,SFO,CityName,State,DEN,CityName,State,15,1,18,1,0,,125,1778,0,0,0,0,18
2024-10-09,Southwest,N706XX,861,LAX,CityName,State,ATL,CityName,State,0,0,1,0,0,,304,2714,0,0,0,0,0
2024-10-09,United,N631XX,3283,ORD,CityName,State,ORD,CityName,State,0,0,-13,0,0,,320,1045,0,0,0,0,0
2024-10-09,American,N705XX,8929,DEN,CityName,State,DFW,CityName,State,0,0,-5,0,0,,134,1800,0,0,0,0,0
2024-10-09,United,N180XX,1361,LAX,CityName,State,MIA,CityName,State,0,0,-4,0,0,,141,2626,0,0,0,0,0
2024-10-09,Southwest,N874XX,9991,ATL,CityName,State,LAX,CityName,State,0,0,-4,0,0,,64,2815,0,0,0,0,0
2024-10-10,Delta,N603XX,5038,DFW,CityName,State,DFW,CityName,State,0,0,2,0,0,,197,706,0,0,0,0,0
2024-10-10,Delta,N382XX,3096,LAX,CityName,State,BOS,CityName,State,0,0,9,0,0,,207,2672,0,0,0,0,0
2024-10-10,Southwest,N485XX,4304,LAX,CityName,State,MIA,CityName,State,0,0,-3,0,0,,248,1479,0,0,0,0,0
2024-10-10,American,N664XX,414,SFO,CityName,State,JFK,CityName,State,0,0,-4,0,0,,196,2251,0,0,0,0,0
2024-10-10,American,N261XX,5985,SFO,CityName,State,LAX,CityName,State,0,0,-11,0,0,,312,799,0,0,0,0,0
2024-10-10,Southwest,N782XX,179,BOS,CityName,State,DEN,CityName,State,30,1,19,1,0,,178,1593,19,0,0,0,0
2024-10-10,JetBlue,N480XX,354,ORD,CityName,State,ATL,CityName,State,0,0,0,0,0,,224,733,0,0,0,0,0
2024-10-10,JetBlue,N462XX,3630,SEA,CityName,State,LAX,CityName,State,0,0,6,0,0,,333,2237,0,0,0,0,0
2024-10-10,Southwest,N117XX,7479,JFK,CityName,State,JFK,CityName,State,0,0,5,0,0,,296,151,0,0,0,0,0
2024-10-10,JetBlue,N445XX,594,BOS,CityName,State,BOS,CityName,State,0,0,-14,0,0,,250,2253,0,0,0,0,0
2024-10-10,United,N698XX,6290,SEA,CityName,State,DEN,CityName,State,0,0,-4,0,0,,325,2610,0,0,0,0,0
2024-10-10,Southwest,N806XX,8722,LAX,CityName,State,SEA,CityName,State,0,0,-5,0,0,,180,1470,0,0,0,0,0
2024-10-11,American,N183XX,5072,DFW,CityName,State,BOS,CityName,State,0,0,8,0,0,,61,1419,0,0,0,0,0
2024-10-11,United,N973XX,8761,ORD,CityName,State,SFO,CityName,State,0,0,7,0,0,,180,2813,0,0,0,0,0
2024-10-11,American,N995XX,903,SFO,CityName,State,SFO,CityName,State,0,0,-12,0,0,,191,1827,0,0,0,0,0
2024-10-11,JetBlue,N150XX,6689,LAX,CityName,State,ORD,CityName,State,0,0,-2,0,0,,171,2067,0,0,0,0,0
2024-10-11,Delta,N623XX,6202,DEN,CityName,State,DEN,CityName,State,0,0,-9,0,0,,279,1041,0,0,0,0,0
2024-10-11,Delta,N921XX,429,ORD,CityName,State,MIA,CityName,State,0,0,-3,0,0,,103,1088,0,0,0,0,0
2024-10-11,JetBlue,N886XX,3143,SFO,CityName,State,ORD,CityName,State,15,1,3,0,0,,346,2632,0,0,0,0,0
2024-10-11,Delta,N522XX,2920,ATL,CityName,State,SEA,CityName,State,0,0,-10,0,0,,168,1557,0,0,0,0,0
2024-10-11,JetBlue,N552XX,6493,DEN,CityName,State,LAX,CityName,State,0,0,0,0,0,,156,2492,0,0,0,0,0
2024-10-12,Delta,N788XX,708,ATL,CityName,State,MIA,CityName,State,0,0,-5,0,0,,287,487,0,0,0,0,0
2024-10-12,United,N833XX,1452,SEA,CityName,State,JFK,CityName,State,0,0,-11,0,0,,205,697,0,0,0,0,0
2024-10-12,Delta,N291XX,8017,DFW,CityName,State,DFW,CityName,State,0,0,-5,0,0,,143,1771,0,0,0,0,0
2024-10-12,JetBlue,N231XX,1691,SEA,CityName,State,SFO,CityName,State,0,0,-3,0,0,,203,1160,0,0,0,0,0
2024-10-12,United,N135XX,8779,SEA,CityName,State,DEN,CityName,State,0,0,-4,0,0,,109,2600,0,0,0,0,0
2024-10-12,American,N242XX,8483,ORD,CityName,State,MIA,CityName,State,0,0,9,0,0,,188,2297,0,0,0,0,0
2024-10-12,Southwest,N225XX,3211,ATL,CityName,State,DEN,CityName,State,0,0,0,0,1,A,117,259,0,0,0,0,0
2024-10-12,United,N471XX,525,BOS,CityName,State,JFK,CityName,State,60,1,69,1,0,,248,1813,0,0,69,0,0
2024-10-12,United,N531XX,6143,MIA,CityName,State,JFK,CityName,State,0,0,4,0,0,,172,2288,0,0,0,0,0
2024-10-12,Southwest,N422XX,2241,DFW,CityName,State,JFK,CityName,State,0,0,-9,0,0,,183,470,0,0,0,0,0
2024-10-12,JetBlue,N723XX,6335,DEN,CityName,State,MIA,CityName,State,15,1,1,0,0,,359,2778,0,0,0,0,0
2024-10-12,American,N611XX,3754,JFK,CityName,State,ATL,CityName,State,0,0,-10,0,0,,123,1239,0,0,0,0,0
2024-10-12,Delta,N434XX,7520,ORD,CityName,State,MIA,CityName,State,0,0,4,0,0,,107,1943,0,0,0,0,0
2024-10-12,JetBlue,N599XX,4819,MIA,CityName,State,BOS,CityName,State,15,1,10,0,0,,226,1171,0,0,0,0,0
2024-10-12,American,N314XX,3889,LAX,CityName,State,SFO,CityName,State,0,0,-2,0,0,,114,1913,0,0,0,0,0
2024-10-12,American,N798XX,2044,ATL,CityName,State,JFK,CityName,State,0,0,7,0,0,,207,2322,0,0,0,0,0
2024-10-12,Southwest,N224XX,8038,SFO,CityName,State,SEA,CityName,State,0,0,5,0,0,,283,1917,0,0,0,0,0
2024-10-13,JetBlue,N388XX,3694,ORD,CityName,State,LAX,CityName,State,0,0,-13,0,0,,168,1903,0,0,0,0,0
2024-10-13,Delta,N262XX,9413,SEA,CityName,State,DFW,CityName,State,30,1,27,1,0,,283,2719,0,0,0,0,27
2024-10-13,American,N563XX,8335,ATL,CityName,State,DFW,CityName,State,30,1,34,1,0,,85,1326,34,0,0,0,0
2024-10-13,Delta,N876XX,9273,DEN,CityName,State,SEA,CityName,State,0,0,-6,0,0,,250,198,0,0,0,0,0
2024-10-13,American,N904XX,2762,ATL,CityName,State,JFK,CityName,State,0,0,-6,0,0,,286,2200,0,0,0,0,0
2024-10-13,Delta,N869XX,7694,LAX,CityName,State,DEN,CityName,State,0,0,6,0,0,,191,1936,0,0,0,0,0
2024-10-13,Delta,N185XX,9178,DEN,CityName,State,MIA,CityName,State,15,1,18,1,0,,58,1066,18,0,0,0,0
2024-10-13,Southwest,N404XX,2637,MIA,CityName,State,SFO,CityName,State,15,1,23,1,0,,97,748,0,0,23,0,0
2024-10-13,Delta,N785XX,4882,DFW,CityName,State,ATL,CityName,State,0,0,5,0,0,,246,2946,0,0,0,0,0
2024-10-13,JetBlue,N173XX,1423,LAX,CityName,State,ORD,CityName,State,0,0,-5,0,0,,67,1335,0,0,0,0,0
2024-10-13,Southwest,N361XX,2056,MIA,CityName,State,SEA,CityName,State,0,0,-11,0,0,,154,1526,0,0,0,0,0
2024-10-13,Southwest,N583XX,6545,ATL,CityName,State,BOS,CityName,State,120,1,119,1,0,,190,2371,0,0,0,0,119
2024-10-13,American,N785XX,1912,SFO,CityName,State,SFO,CityName,State,30,1,20,1,0,,268,800,0,0,0,0,20
2024-10-13,Delta,N148XX,2552,ATL,CityName,State,ATL,CityName,State,0,0,-5,0,0,,83,2318,0,0,0,0,0
2024-10-13,Delta,N967XX,3581,BOS,CityName,State,DEN,CityName,State,0,0,0,0,1,A,71,1729,0,0,0,0,0
2024-10-14,United,N677XX,217,MIA,CityName,State,DEN,CityName,State,0,0,9,0,0,,95,2190,0,0,0,0,0
2024-10-14,United,N588XX,5015,SEA,CityName,State,LAX,CityName,State,45,1,55,1,0,,245,1411,0,0,55,0,0
2024-10-14,Delta,N305XX,8878,SFO,CityName,State,BOS,CityName,State,0,0,8,0,0,,253,1656,0,0,0,0,0
2024-10-14,Southwest,N845XX,3688,DFW,CityName,State,ORD,CityName,State,0,0,1,0,0,,175,704,0,0,0,0,0
2024-10-14,American,N191XX,976,ORD,CityName,State,ATL,CityName,State,0,0,0,0,1,A,180,2696,0,0,0,0,0
2024-10-14,United,N653XX,5651,LAX,CityName,State,DFW,CityName,State,0,0,4,0,0,,201,735,0,0,0,0,0
2024-10-14,JetBlue,N448XX,5868,SFO,CityName,State,LAX,CityName,State,0,0,-7,0,0,,150,324,0,0,0,0,0
2024-10-14,American,N941XX,4523,SFO,CityName,State,SFO,CityName,State,0,0,-2,0,0,,74,800,0,0,0,0,0
2024-10-14,United,N543XX,3986,LAX,CityName,State,DEN,CityName,State,0,0,-12,0,0,,299,2202,0,0,0,0,0
2024-10-14,Delta,N285XX,6378,BOS,CityName,State,ORD,CityName,State,0,0,-11,0,0,,345,993,0,0,0,0,0
2024-10-14,Southwest,N821XX,5532,BOS,CityName,State,JFK,CityName,State,0,0,9,0,0,,337,2858,0,0,0,0,0
2024-10-14,United,N165XX,7527,JFK,CityName,State,ORD,CityName,State,45,1,32,1,0,,345,484,32,0,0,0,0
2024-10-14,JetBlue,N110XX,7681,MIA,CityName,State,SEA,CityName,State,0,0,9,0,0,,112,1063,0,0,0,0,0
2024-10-14,Southwest,N362XX,875,JFK,CityName,State,JFK,CityName,State,45,1,55,1,0,,158,1030,55,0,0,0,0
2024-10-14,United,N641XX,9608,LAX,CityName,State,DEN,CityName,State,45,1,32,1,0,,47,2856,32,0,0,0,0
2024-10-14,United,N443XX,3708,LAX,CityName,State,ATL,CityName,State,0,0,-14,0,0,,182,2700,0,0,0,0,0
2024-10-14,American,N328XX,9466,DEN,CityName,State,ATL,CityName,State,0,0,8,0,0,,225,2807,0,0,0,0,0
2024-10-14,United,N325XX,1866,DFW,CityName,State,ORD,CityName,State,30,1,18,1,0,,194,674,18,0,0,0,0
2024-10-14,American,N847XX,8324,SFO,CityName,State,BOS,CityName,State,0,0,2,0,0,,117,1830,0,0,0,0,0
2024-10-15,United,N217XX,4081,DFW,CityName,State,ORD,CityName,State,0,0,1,0,0,,294,2175,0,0,0,0,0
2024-10-15,Southwest,N277XX,7919,ORD,CityName,State,JFK,CityName,State,0,0,-9,0,0,,259,417,0,0,0,0,0
2024-10-15,United,N290XX,1100,SFO,CityName,State,LAX,CityName,State,45,1,32,1,0,,172,1906,0,0,0,0,32
2024-10-15,United,N815XX,6031,MIA,CityName,State,ORD,CityName,State,15,1,21,1,0,,342,1971,21,0,0,0,0
2024-10-15,Southwest,N688XX,1934,SFO,CityName,State,DFW,CityName,State,15,1,1,0,0,,140,1545,0,0,0,0,0
2024-10-15,United,N341XX,4499,SFO,CityName,State,ORD,CityName,State,0,0,-3,0,0,,280,2556,0,0,0,0,0
2024-10-15,United,N980XX,3630,ORD,CityName,State,DFW,CityName,State,0,0,-7,0,0,,332,2076,0,0,0,0,0
2024-10-15,JetBlue,N711XX,2583,BOS,CityName,State,DFW,CityName,State,0,0,-6,0,0,,196,2884,0,0,0,0,0
2024-10-15,Southwest,N765XX,1363,ATL,CityName,State,ATL,CityName,State,0,0,-13,0,0,,164,1021,0,0,0,0,0
2024-10-15,United,N782XX,4762,DFW,CityName,State,MIA,CityName,State,0,0,6,0,0,,355,1704,0,0,0,0,0
2024-10-15,American,N479XX,2443,SFO,CityName,State,SFO,CityName,State,0,0,7,0,0,,265,1437,0,0,0,0,0
2024-10-15,Delta,N451XX,2576,JFK,CityName,State,DEN,CityName,State,0,0,4,0,0,,272,581,0,0,0,0,0
2024-10-15,JetBlue,N788XX,8145,SEA,CityName,State,ATL,CityName,State,0,0,-10,0,0,,72,1589,0,0,0,0,0
2024-10-16,American,N267XX,139,DEN,CityName,State,BOS,CityName,State,15,1,17,1,0,,211,2594,17,0,0,0,0
2024-10-16,Southwest,N209XX,137,MIA,CityName,State,SEA,CityName,State,0,0,-3,0,0,,187,934,0,0,0,0,0
2024-10-16,American,N617XX,5446,DEN,CityName,State,SEA,CityName,State,30,1,33,1,0,,195,197,33,0,0,0,0
2024-10-16,JetBlue,N298XX,5032,MIA,CityName,State,BOS,CityName,State,0,0,9,0,0,,284,1251,0,0,0,0,0
2024-10-16,JetBlue,N248XX,3873,ORD,CityName,State,JFK,CityName,State,0,0,-2,0,0,,164,2540,0,0,0,0,0
2024-10-16,Southwest,N982XX,8715,SFO,CityName,State,LAX,CityName,State,0,0,-14,0,0,,133,1651,0,0,0,0,0
2024-10-16,Delta,N423XX,4582,JFK,CityName,State,DFW,CityName,State,0,0,-1,0,0,,323,1213,0,0,0,0,0
2024-10-16,Delta,N665XX,1755,SFO,CityName,State,DFW,CityName,State,15,1,4,0,0,,119,2599,0,0,0,0,0
2024-10-16,JetBlue,N211XX,2690,ATL,CityName,State,ATL,CityName,State,0,0,-14,0,0,,351,2334,0,0,0,0,0
2024-10-16,American,N758XX,1222,DEN,CityName,State,DFW,CityName,State,0,0,-1,0,0,,180,233,0,0,0,0,0
2024-10-16,Southwest,N912XX,725,DEN,CityName,State,MIA,CityName,State,0,0,9,0,0,,355,1827,0,0,0,0,0
2024-10-16,JetBlue,N698XX,2292,ATL,CityName,State,ORD,CityName,State,15,1,19,1,0,,97,1175,0,19,0,0,0
2024-10-17,United,N957XX,928,MIA,CityName,State,ORD,CityName,State,0,0,-9,0,0,,170,1860,0,0,0,0,0
2024-10-17,JetBlue,N306XX,1311,SFO,CityName,State,SEA,CityName,State,240,1,236,1,0,,137,2757,0,0,236,0,0
2024-10-17,JetBlue,N822XX,8050,SFO,CityName,State,ATL,CityName,State,120,1,111,1,0,,186,483,0,0,0,0,111
2024-10-17,Southwest,N606XX,981,ATL,CityName,State,SEA,CityName,State,45,1,38,1,0,,257,2228,0,0,38,0,0
2024-10-17,JetBlue,N949XX,871,JFK,CityName,State,MIA,CityName,State,0,0,-12,0,0,,214,2845,0,0,0,0,0
2024-10-17,JetBlue,N289XX,3920,DFW,CityName,State,LAX,CityName,State,0,0,-11,0,0,,313,2975,0,0,0,0,0
2024-10-17,JetBlue,N806XX,3536,SFO,CityName,State,SEA,CityName,State,45,1,52,1,0,,235,1936,52,0,0,0,0
2024-10-17,Delta,N393XX,801,MIA,CityName,State,SEA,CityName,State,0,0,-9,0,0,,346,1598,0,0,0,0,0
2024-10-17,Southwest,N929XX,4201,DFW,CityName,State,DFW,CityName,State,45,1,33,1,0,,303,620,33,0,0,0,0
2024-10-17,American,N843XX,4385,SEA,CityName,State,JFK,CityName,State,60,1,65,1,0,,79,2899,0,65,0,0,0
2024-10-17,United,N726XX,3461,ORD,CityName,State,DEN,CityName,State,0,0,-1,0,0,,359,1062,0,0,0,0,0
2024-10-17,American,N465XX,5811,SEA,CityName,State,DEN,CityName,State,0,0,-8,0,0,,296,1563,0,0,0,0,0
2024-10-17,JetBlue,N202XX,7175,BOS,CityName,State,LAX,CityName,State,0,0,-6,0,0,,81,477,0,0,0,0,0
2024-10-17,Southwest,N210XX,4069,SEA,CityName,State,LAX,CityName,State,15,1,11,0,0,,113,546,0,0,0,0,0
2024-10-17,American,N950XX,7436,JFK,CityName,State,SEA,CityName,State,0,0,-8,0,0,,229,1180,0,0,0,0,0
2024-10-17,Southwest,N874XX,7667,DFW,CityName,State,SFO,CityName,State,15,1,24,1,0,,212,1825,24,0,0,0,0
2024-10-17,American,N267XX,5809,MIA,CityName,State,DEN,CityName,State,0,0,-3,0,0,,157,1906,0,0,0,0,0
2024-10-17,United,N548XX,6469,LAX,CityName,State,JFK,CityName,State,45,1,38,1,0,,273,2006,0,0,38,0,0
2024-10-18,United,N538XX,6608,SEA,CityName,State,BOS,CityName,State,0,0,8,0,0,,229,2927,0,0,0,0,0
2024-10-18,American,N619XX,3451,MIA,CityName,State,MIA,CityName,State,45,1,55,1,0,,166,781,55,0,0,0,0
2024-10-18,Delta,N695XX,9115,DEN,CityName,State,JFK,CityName,State,0,0,8,0,0,,183,1177,0,0,0,0,0
2024-10-18,Southwest,N749XX,533,SEA,CityName,State,DFW,CityName,State,15,1,18,1,0,,288,1980,18,0,0,0,0
2024-10-18,American,N152XX,7759,DFW,CityName,State,ATL,CityName,State,0,0,-13,0,0,,235,2569,0,0,0,0,0
2024-10-18,Southwest,N709XX,2738,SEA,CityName,State,JFK,CityName,State,0,0,9,0,0,,70,1656,0,0,0,0,0
2024-10-18,Delta,N973XX,7187,MIA,CityName,State,BOS,CityName,State,0,0,-13,0,0,,96,513,0,0,0,0,0
2024-10-18,Delta,N494XX,4385,MIA,CityName,State,DEN,CityName,State,120,1,0,0,1,A,341,2360,0,0,0,0,0
2024-10-18,American,N259XX,9803,BOS,CityName,State,SFO,CityName,State,0,0,-10,0,0,,179,2728,0,0,0,0,0
2024-10-18,Southwest,N450XX,4792,ATL,CityName,State,MIA,CityName,State,0,0,10,0,0,,337,1168,0,0,0,0,0
2024-10-18,Southwest,N567XX,6208,LAX,CityName,State,SEA,CityName,State,0,0,2,0,0,,90,2980,0,0,0,0,0
2024-10-18,Delta,N176XX,5849,MIA,CityName,State,JFK,CityName,State,240,1,228,1,0,,71,1182,0,0,228,0,0
2024-10-18,JetBlue,N611XX,8924,SFO,CityName,State,BOS,CityName,State,60,1,57,1,0,,144,2054,0,0,57,0,0
2024-10-18,American,N356XX,8632,ATL,CityName,State,DEN,CityName,State,0,0,5,0,0,,357,1953,0,0,0,0,0
2024-10-18,Southwest,N157XX,4707,ORD,CityName,State,SEA,CityName,State,0,0,-5,0,0,,88,727,0,0,0,0,0
2024-10-18,American,N633XX,6070,JFK,CityName,State,MIA,CityName,State,0,0,10,0,0,,315,1806,0,0,0,0,0
2024-10-18,United,N898XX,5142,DEN,CityName,State,MIA,CityName,State,0,0,0,0,0,,182,2418,0,0,0,0,0
2024-10-18,Southwest,N102XX,333,DEN,CityName,State,ATL,CityName,State,60,1,58,1,0,,89,1498,0,0,58,0,0
2024-10-19,Delta,N942XX,6998,SEA,CityName,State,BOS,CityName,State,0,0,10,0,0,,98,2156,0,0,0,0,0
2024-10-19,JetBlue,N456XX,9761,SEA,CityName,State,LAX,CityName,State,0,0,9,0,0,,84,2021,0,0,0,0,0
2024-10-19,Southwest,N197XX,9606,LAX,CityName,State,DFW,CityName,State,30,1,22,1,0,,262,2112,0,22,0,0,0
2024-10-19,American,N948XX,7244,SEA,CityName,State,DEN,CityName,State,0,0,2,0,0,,331,924,0,0,0,0,0
2024-10-19,American,N937XX,829,LAX,CityName,State,ORD,CityName,State,45,1,36,1,0,,54,937,36,0,0,0,0
2024-10-19,Delta,N141XX,7805,LAX,CityName,State,JFK,CityName,State,0,0,0,0,0,,115,1953,0,0,0,0,0
2024-10-19,United,N573XX,8392,DEN,CityName,State,MIA,CityName,State,0,0,-4,0,0,,196,2448,0,0,0,0,0
2024-10-19,United,N345XX,2835,LAX,CityName,State,SEA,CityName,State,45,1,42,1,0,,336,2844,0,0,0,0,42
2024-10-19,Delta,N150XX,4997,ORD,CityName,State,ATL,CityName,State,0,0,-10,0,0,,352,2064,0,0,0,0,0
2024-10-19,American,N371XX,9821,DEN,CityName,State,JFK,CityName,State,15,1,21,1,0,,334,1511,21,0,0,0,0
2024-10-19,American,N281XX,730,LAX,CityName,State,ATL,CityName,State,0,0,-3,0,0,,186,555,0,0,0,0,0
2024-10-19,JetBlue,N219XX,3474,ATL,CityName,State,LAX,CityName,State,60,1,68,1,0,,263,1650,68,0,0,0,0
2024-10-19,Southwest,N910XX,9388,ORD,CityName,State,BOS,CityName,State,0,0,7,0,0,,132,1338,0,0,0,0,0
2024-10-19,JetBlue,N911XX,9967,ATL,CityName,State,DFW,CityName,State,0,0,9,0,0,,72,1515,0,0,0,0,0
2024-10-19,American,N334XX,9007,ATL,CityName,State,ORD,CityName,State,0,0,6,0,0,,150,639,0,0,0,0,0
2024-10-19,Delta,N405XX,6583,SFO,CityName,State,DEN,CityName,State,30,1,34,1,0,,219,1842,0,0,0,0,34
2024-10-19,United,N971XX,5624,DFW,CityName,State,JFK,CityName,State,0,0,-13,0,0,,313,733,0,0,0,0,0
2024-10-20,JetBlue,N897XX,7725,DEN,CityName,State,MIA,CityName,State,0,0,-11,0,0,,123,2760,0,0,0,0,0
2024-10-20,American,N458XX,7265,JFK,CityName,State,JFK,CityName,State,0,0,10,0,0,,317,1652,0,0,0,0,0
2024-10-20,Southwest,N642XX,5694,JFK,CityName,State,ATL,CityName,State,0,0,-3,0,0,,123,1636,0,0,0,0,0
2024-10-20,Delta,N849XX,1265,ORD,CityName,State,MIA,CityName,State,0,0,-2,0,0,,204,2807,0,0,0,0,0
2024-10-20,Southwest,N844XX,9094,DEN,CityName,State,DEN,CityName,State,60,1,51,1,0,,279,2386,0,0,0,0,51
2024-10-20,Delta,N731XX,7965,ATL,CityName,State,JFK,CityName,State,0,0,-6,0,0,,212,854,0,0,0,0,0
2024-10-21,Southwest,N248XX,1615,JFK,CityName,State,MIA,CityName,State,15,1,2,0,0,,127,1447,0,0,0,0,0
2024-10-21,JetBlue,N726XX,3924,LAX,CityName,State,ATL,CityName,State,0,0,8,0,0,,238,1147,0,0,0,0,0
2024-10-21,Southwest,N461XX,7646,MIA,CityName,State,DEN,CityName,State,0,0,2,0,0,,117,443,0,0,0,0,0
2024-10-21,United,N322XX,6678,ORD,CityName,State,ATL,CityName,State,0,0,-5,0,0,,290,438,0,0,0,0,0
2024-10-21,JetBlue,N831XX,1048,MIA,CityName,State,DFW,CityName,State,0,0,-14,0,0,,299,897,0,0,0,0,0
2024-10-21,Delta,N543XX,7515,ATL,CityName,State,BOS,CityName,State,30,1,0,0,1,A,198,2698,0,0,0,0,0
2024-10-21,JetBlue,N813XX,2985,LAX,CityName,State,BOS,CityName,State,0,0,-4,0,0,,195,578,0,0,0,0,0
2024-10-21,American,N218XX,3748,JFK,CityName,State,JFK,CityName,State,15,1,24,1,0,,68,1958,24,0,0,0,0
2024-10-21,JetBlue,N365XX,5746,DEN,CityName,State,ATL,CityName,State,120,1,120,1,0,,119,509,120,0,0,0,0
2024-10-21,JetBlue,N851XX,3250,SEA,CityName,State,JFK,CityName,State,0,0,-7,0,0,,275,1739,0,0,0,0,0
2024-10-21,United,N127XX,6065,JFK,CityName,State,SEA,CityName,State,0,0,-8,0,0,,185,2271,0,0,0,0,0
2024-10-21,JetBlue,N491XX,3633,ORD,CityName,State,SEA,CityName,State,0,0,0,0,0,,252,1515,0,0,0,0,0
2024-10-21,American,N503XX,4558,MIA,CityName,State,MIA,CityName,State,0,0,-10,0,0,,314,1849,0,0,0,0,0
2024-10-21,JetBlue,N743XX,6444,MIA,CityName,State,JFK,CityName,State,0,0,-3,0,0,,341,1613,0,0,0,0,0
2024-10-21,American,N632XX,1984,JFK,CityName,State,JFK,CityName,State,15,1,16,1,0,,227,828,16,0,0,0,0
2024-10-21,American,N722XX,2144,ORD,CityName,State,MIA,CityName,State,0,0,9,0,0,,174,2058,0,0,0,0,0
2024-10-21,JetBlue,N294XX,1760,ORD,CityName,State,BOS,CityName,State,0,0,10,0,0,,299,2062,0,0,0,0,0
2024-10-22,Delta,N734XX,1147,LAX,CityName,State,DFW,CityName,State,30,1,16,1,0,,78,1880,0,0,16,0,0
2024-10-22,Delta,N687XX,4045,DFW,CityName,State,JFK,CityName,State,0,0,1,0,0,,348,1005,0,0,0,0,0
2024-10-22,American,N576XX,7680,DFW,CityName,State,ATL,CityName,State,30,1,40,1,0,,95,2617,40,0,0,0,0
2024-10-22,Delta,N462XX,9461,SFO,CityName,State,DFW,CityName,State,0,0,8,0,0,,77,2201,0,0,0,0,0
2024-10-22,Southwest,N541XX,8881,ORD,CityName,State,JFK,CityName,State,0,0,9,0,0,,67,1413,0,0,0,0,0
2024-10-22,Southwest,N476XX,7116,JFK,CityName,State,DFW,CityName,State,0,0,0,0,0,,230,1134,0,0,0,0,0
2024-10-22,American,N345XX,5732,DFW,CityName,State,JFK,CityName,State,15,1,4,0,0,,217,2619,0,0,0,0,0
2024-10-22,Southwest,N243XX,658,DEN,CityName,State,BOS,CityName,State,0,0,-6,0,0,,218,2298,0,0,0,0,0
2024-10-22,American,N933XX,5238,DEN,CityName,State,DFW,CityName,State,0,0,-10,0,0,,198,1582,0,0,0,0,0
2024-10-22,Southwest,N213XX,5745,ORD,CityName,State,SEA,CityName,State,120,1,127,1,0,,212,955,127,0,0,0,0
2024-10-22,Delta,N161XX,7174,DEN,CityName,State,LAX,CityName,State,120,1,114,1,0,,241,2537,0,0,114,0,0
2024-10-23,Southwest,N931XX,7287,SEA,CityName,State,BOS,CityName,State,0,0,-3,0,0,,249,411,0,0,0,0,0
2024-10-23,United,N667XX,9590,ATL,CityName,State,BOS,CityName,State,0,0,6,0,0,,359,1251,0,0,0,0,0
2024-10-23,Southwest,N980XX,447,ORD,CityName,State,SFO,CityName,State,0,0,-4,0,0,,130,1336,0,0,0,0,0
2024-10-23,JetBlue,N646XX,8690,SEA,CityName,State,LAX,CityName,State,15,1,4,0,0,,345,433,0,0,0,0,0
2024-10-23,JetBlue,N467XX,6537,MIA,CityName,State,JFK,CityName,State,0,0,-9,0,0,,107,2859,0,0,0,0,0
2024-10-23,American,N285XX,2081,ATL,CityName,State,BOS,CityName,State,60,1,65,1,0,,95,1253,0,0,65,0,0
2024-10-23,American,N810XX,8693,SFO,CityName,State,SEA,CityName,State,120,1,124,1,0,,249,1242,0,0,124,0,0
2024-10-23,Southwest,N570XX,5829,BOS,CityName,State,JFK,CityName,State,15,1,1,0,0,,196,1372,0,0,0,0,0
2024-10-23,Southwest,N747XX,7555,BOS,CityName,State,ORD,CityName,State,45,1,53,1,0,,114,1368,0,0,53,0,0
2024-10-23,Southwest,N652XX,494,JFK,CityName,State,SEA,CityName,State,0,0,-14,0,0,,46,1698,0,0,0,0,0
2024-10-23,Southwest,N281XX,8056,LAX,CityName,State,ORD,CityName,State,0,0,-8,0,0,,159,1046,0,0,0,0,0
2024-10-23,American,N670XX,1003,SFO,CityName,State,BOS,CityName,State,0,0,-8,0,0,,150,183,0,0,0,0,0
2024-10-24,Southwest,N947XX,311,SEA,CityName,State,DEN,CityName,State,0,0,-8,0,0,,92,2496,0,0,0,0,0
2024-10-24,JetBlue,N276XX,6156,SFO,CityName,State,LAX,CityName,State,0,0,5,0,0,,232,2013,0,0,0,0,0
2024-10-24,United,N777XX,9753,SFO,CityName,State,ORD,CityName,State,0,0,8,0,0,,300,924,0,0,0,0,0
2024-10-24,American,N580XX,9849,BOS,CityName,State,DEN,CityName,State,0,0,0,0,0,,251,428,0,0,0,0,0
2024-10-24,Delta,N155XX,4253,ORD,CityName,State,DFW,CityName,State,0,0,-1,0,0,,90,1407,0,0,0,0,0
2024-10-24,JetBlue,N383XX,651,LAX,CityName,State,BOS,CityName,State,0,0,10,0,0,,104,1915,0,0,0,0,0
2024-10-24,Southwest,N737XX,831,SFO,CityName,State,SEA,CityName,State,0,0,-14,0,0,,134,720,0,0,0,0,0
2024-10-24,JetBlue,N194XX,9503,BOS,CityName,State,ORD,CityName,State,45,1,48,1,0,,146,502,0,48,0,0,0
2024-10-24,Delta,N144XX,7699,JFK,CityName,State,SFO,CityName,State,0,0,7,0,0,,131,2793,0,0,0,0,0
2024-10-24,American,N393XX,7611,SEA,CityName,State,DFW,CityName,State,30,1,0,0,1,A,56,476,0,0,0,0,0
2024-10-24,American,N226XX,4663,SEA,CityName,State,SEA,CityName,State,120,1,125,1,0,,252,2936,125,0,0,0,0
2024-10-24,JetBlue,N417XX,8281,LAX,CityName,State,SEA,CityName,State,0,0,3,0,0,,336,983,0,0,0,0,0
2024-10-24,Delta,N261XX,8835,DEN,CityName,State,SEA,CityName,State,0,0,-12,0,0,,283,2824,0,0,0,0,0
2024-10-24,American,N128XX,6095,DFW,CityName,State,ATL,CityName,State,0,0,-1,0,0,,240,1406,0,0,0,0,0
2024-10-24,United,N572XX,3261,MIA,CityName,State,SEA,CityName,State,0,0,-8,0,0,,102,972,0,0,0,0,0
2024-10-25,JetBlue,N587XX,3253,DFW,CityName,State,ATL,CityName,State,0,0,2,0,0,,271,2794,0,0,0,0,0
2024-10-25,American,N351XX,200,ORD,CityName,State,DEN,CityName,State,0,0,10,0,0,,134,2462,0,0,0,0,0
2024-10-25,Southwest,N234XX,5230,ORD,CityName,State,ATL,CityName,State,0,0,7,0,0,,325,1275,0,0,0,0,0
2024-10-25,Delta,N568XX,3079,SEA,CityName,State,LAX,CityName,State,15,1,7,0,0,,86,2494,0,0,0,0,0
2024-10-25,Southwest,N834XX,3814,DEN,CityName,State,ATL,CityName,State,30,1,28,1,0,,338,686,28,0,0,0,0
2024-10-25,United,N923XX,2638,SFO,CityName,State,MIA,CityName,State,60,1,53,1,0,,320,2351,0,0,53,0,0
2024-10-25,American,N355XX,3926,ORD,CityName,State,MIA,CityName,State,0,0,-7,0,0,,230,1616,0,0,0,0,0
2024-10-25,American,N934XX,4877,SEA,CityName,State,SEA,CityName,State,0,0,-14,0,0,,306,1199,0,0,0,0,0
2024-10-25,JetBlue,N496XX,8934,SEA,CityName,State,SEA,CityName,State,0,0,-14,0,0,,203,1986,0,0,0,0,0
2024-10-25,JetBlue,N500XX,1111,LAX,CityName,State,ORD,CityName,State,0,0,-11,0,0,,192,1417,0,0,0,0,0
2024-10-25,American,N521XX,9975,MIA,CityName,State,SEA,CityName,State,45,1,38,1,0,,78,201,0,0,0,0,38
2024-10-25,United,N734XX,4505,BOS,CityName,State,SEA,CityName,State,0,0,2,0,0,,253,2519,0,0,0,0,0
2024-10-25,Southwest,N238XX,1449,LAX,CityName,State,ORD,CityName,State,0,0,0,0,1,A,181,248,0,0,0,0,0
2024-10-25,American,N376XX,9865,ATL,CityName,State,LAX,CityName,State,30,1,16,1,0,,56,369,16,0,0,0,0
2024-10-25,United,N884XX,1659,ATL,CityName,State,LAX,CityName,State,0,0,-11,0,0,,202,2802,0,0,0,0,0
2024-10-26,Delta,N503XX,8178,DFW,CityName,State,SEA,CityName,State,0,0,6,0,0,,108,450,0,0,0,0,0
2024-10-26,JetBlue,N455XX,278,SFO,CityName,State,BOS,CityName,State,0,0,-2,0,0,,283,1152,0,0,0,0,0
2024-10-26,Southwest,N161XX,5134,BOS,CityName,State,BOS,CityName,State,0,0,-8,0,0,,218,2345,0,0,0,0,0
2024-10-26,Delta,N509XX,7518,SEA,CityName,State,MIA,CityName,State,0,0,7,0,0,,291,2549,0,0,0,0,0
2024-10-26,Southwest,N442XX,1046,JFK,CityName,State,JFK,CityName,State,0,0,-6,0,0,,316,896,0,0,0,0,0
2024-10-26,Delta,N584XX,8797,JFK,CityName,State,DEN,CityName,State,0,0,-2,0,0,,129,770,0,0,0,0,0
2024-10-26,United,N552XX,4619,ORD,CityName,State,SFO,CityName,State,0,0,8,0,0,,138,2278,0,0,0,0,0
2024-10-26,JetBlue,N297XX,7482,ORD,CityName,State,SEA,CityName,State,0,0,4,0,0,,352,2363,0,0,0,0,0
2024-10-26,Southwest,N238XX,7736,ORD,CityName,State,BOS,CityName,State,0,0,0,0,0,,335,1281,0,0,0,0,0
2024-10-26,JetBlue,N790XX,8734,DFW,CityName,State,SFO,CityName,State,0,0,7,0,0,,103,1210,0,0,0,0,0
2024-10-26,United,N109XX,4671,DFW,CityName,State,MIA,CityName,State,0,0,-6,0,0,,257,611,0,0,0,0,0
2024-10-26,Delta,N925XX,8497,DFW,CityName,State,DEN,CityName,State,0,0,-14,0,0,,140,174,0,0,0,0,0
2024-10-27,Delta,N708XX,1129,DFW,CityName,State,SEA,CityName,State,0,0,-11,0,0,,206,771,0,0,0,0,0
2024-10-27,JetBlue,N719XX,7941,LAX,CityName,State,MIA,CityName,State,0,0,-10,0,0,,108,2897,0,0,0,0,0
2024-10-27,JetBlue,N258XX,7382,SEA,CityName,State,DFW,CityName,State,15,1,19,1,0,,345,1920,19,0,0,0,0
2024-10-27,JetBlue,N769XX,6256,DFW,CityName,State,DEN,CityName,State,0,0,-11,0,0,,163,1131,0,0,0,0,0
2024-10-27,Delta,N965XX,9598,DEN,CityName,State,JFK,CityName,State,0,0,-13,0,0,,121,330,0,0,0,0,0
2024-10-27,Delta,N830XX,1448,SEA,CityName,State,DFW,CityName,State,0,0,7,0,0,,103,1125,0,0,0,0,0
2024-10-27,United,N471XX,4536,DFW,CityName,State,BOS,CityName,State,0,0,-12,0,0,,109,332,0,0,0,0,0
2024-10-27,Delta,N615XX,715,ORD,CityName,State,BOS,CityName,State,0,0,-8,0,0,,349,1665,0,0,0,0,0
2024-10-27,JetBlue,N677XX,6391,ORD,CityName,State,JFK,CityName,State,0,0,9,0,0,,246,1236,0,0,0,0,0
2024-10-27,JetBlue,N629XX,4529,ATL,CityName,State,SFO,CityName,State,0,0,-6,0,0,,235,2295,0,0,0,0,0
2024-10-27,American,N217XX,8679,BOS,CityName,State,DFW,CityName,State,0,0,9,0,0,,148,1935,0,0,0,0,0
2024-10-27,American,N863XX,5051,ATL,CityName,State,DEN,CityName,State,0,0,7,0,0,,274,196,0,0,0,0,0
2024-10-27,Delta,N350XX,4319,ORD,CityName,State,DFW,CityName,State,0,0,-9,0,0,,353,1983,0,0,0,0,0
2024-10-27,United,N918XX,8560,SFO,CityName,State,ATL,CityName,State,0,0,-3,0,0,,189,2625,0,0,0,0,0
2024-10-28,Delta,N226XX,4388,SFO,CityName,State,DEN,CityName,State,0,0,10,0,0,,327,1008,0,0,0,0,0
2024-10-28,United,N882XX,9895,SFO,CityName,State,LAX,CityName,State,15,1,7,0,0,,291,2759,0,0,0,0,0
2024-10-28,United,N169XX,5384,JFK,CityName,State,DEN,CityName,State,0,0,-12,0,0,,345,1160,0,0,0,0,0
2024-10-28,Southwest,N988XX,2682,SFO,CityName,State,MIA,CityName,State,0,0,4,0,0,,124,1709,0,0,0,0,0
2024-10-28,United,N234XX,4148,JFK,CityName,State,LAX,CityName,State,0,0,-13,0,0,,231,1752,0,0,0,0,0
2024-10-28,JetBlue,N526XX,9846,MIA,CityName,State,LAX,CityName,State,30,1,28,1,0,,151,1308,28,0,0,0,0
2024-10-28,JetBlue,N850XX,2109,BOS,CityName,State,LAX,CityName,State,0,0,-12,0,0,,136,2808,0,0,0,0,0
2024-10-28,Southwest,N357XX,4969,LAX,CityName,State,BOS,CityName,State,0,0,-10,0,0,,206,687,0,0,0,0,0
2024-10-28,American,N248XX,8471,JFK,CityName,State,SFO,CityName,State,0,0,7,0,0,,61,234,0,0,0,0,0
2024-10-28,United,N566XX,5219,JFK,CityName,State,DFW,CityName,State,0,0,0,0,0,,287,2661,0,0,0,0,0
2024-10-28,JetBlue,N634XX,2082,SEA,CityName,State,LAX,CityName,State,60,1,68,1,0,,122,1794,0,68,0,0,0
2024-10-28,JetBlue,N727XX,3756,MIA,CityName,State,BOS,CityName,State,60,1,54,1,0,,76,995,0,0,54,0,0
2024-10-28,JetBlue,N179XX,1418,ORD,CityName,State,JFK,CityName,State,0,0,-9,0,0,,131,740,0,0,0,0,0
2024-10-28,Delta,N220XX,7892,DFW,CityName,State,SEA,CityName,State,0,0,-9,0,0,,112,2766,0,0,0,0,0
2024-10-28,JetBlue,N268XX,8184,MIA,CityName,State,LAX,CityName,State,0,0,6,0,0,,210,2955,0,0,0,0,0
2024-10-29,American,N324XX,9516,LAX,CityName,State,BOS,CityName,State,0,0,-10,0,0,,174,2167,0,0,0,0,0
2024-10-29,Southwest,N921XX,8619,ATL,CityName,State,ATL,CityName,State,0,0,0,0,0,,225,615,0,0,0,0,0
2024-10-29,JetBlue,N267XX,6048,DEN,CityName,State,DFW,CityName,State,0,0,0,0,0,,330,784,0,0,0,0,0
2024-10-29,JetBlue,N257XX,3445,BOS,CityName,State,SEA,CityName,State,0,0,-11,0,0,,277,1679,0,0,0,0,0
2024-10-29,JetBlue,N979XX,5819,SEA,CityName,State,DFW,CityName,State,0,0,-1,0,0,,162,2471,0,0,0,0,0
2024-10-29,American,N333XX,1067,JFK,CityName,State,BOS,CityName,State,0,0,6,0,0,,298,1253,0,0,0,0,0
2024-10-29,Southwest,N226XX,6381,DEN,CityName,State,DFW,CityName,State,0,0,10,0,0,,126,2909,0,0,0,0,0
2024-10-29,American,N174XX,7373,JFK,CityName,State,BOS,CityName,State,0,0,-7,0,0,,213,1856,0,0,0,0,0
2024-10-29,Delta,N554XX,4443,SEA,CityName,State,DEN,CityName,State,0,0,-14,0,0,,266,1279,0,0,0,0,0
2024-10-29,Delta,N577XX,2328,DEN,CityName,State,SFO,CityName,State,0,0,-14,0,0,,210,2495,0,0,0,0,0
2024-10-29,Southwest,N527XX,7790,BOS,CityName,State,SFO,CityName,State,0,0,-7,0,0,,105,1810,0,0,0,0,0
2024-10-29,Southwest,N198XX,2773,DEN,CityName,State,ORD,CityName,State,120,1,130,1,0,,247,1101,130,0,0,0,0
2024-10-29,Southwest,N697XX,9411,DFW,CityName,State,ATL,CityName,State,60,1,52,1,0,,260,1062,52,0,0,0,0
2024-10-29,United,N967XX,8678,BOS,CityName,State,LAX,CityName,State,60,1,68,1,0,,219,817,0,68,0,0,0
2024-10-30,JetBlue,N755XX,6062,ATL,CityName,State,SEA,CityName,State,0,0,-4,0,0,,326,270,0,0,0,0,0
2024-10-30,JetBlue,N622XX,6898,LAX,CityName,State,ATL,CityName,State,30,1,23,1,0,,69,365,23,0,0,0,0
2024-10-30,United,N723XX,9047,BOS,CityName,State,DEN,CityName,State,0,0,-4,0,0,,217,2239,0,0,0,0,0
2024-10-30,American,N469XX,4164,DEN,CityName,State,LAX,CityName,State,0,0,-2,0,0,,175,1941,0,0,0,0,0
2024-10-30,Southwest,N786XX,3202,ORD,CityName,State,BOS,CityName,State,0,0,-4,0,0,,321,318,0,0,0,0,0
2024-10-30,Southwest,N981XX,816,JFK,CityName,State,DFW,CityName,State,0,0,-1,0,0,,65,195,0,0,0,0,0
2024-10-30,JetBlue,N577XX,3496,BOS,CityName,State,MIA,CityName,State,0,0,1,0,0,,215,1110,0,0,0,0,0
2024-10-30,United,N725XX,2410,DFW,CityName,State,ATL,CityName,State,0,0,-9,0,0,,53,242,0,0,0,0,0
2024-10-30,Southwest,N391XX,646,JFK,CityName,State,LAX,CityName,State,0,0,-12,0,0,,72,2756,0,0,0,0,0
2024-10-30,American,N865XX,144,ORD,CityName,State,ATL,CityName,State,30,1,24,1,0,,291,2395,0,0,24,0,0
2024-10-30,American,N662XX,351,DEN,CityName,State,DFW,CityName,State,0,0,2,0,0,,79,2718,0,0,0,0,0
2024-10-30,Delta,N489XX,8014,DEN,CityName,State,DEN,CityName,State,0,0,8,0,0,,274,1168,0,0,0,0,0
2024-10-30,American,N603XX,1348,SEA,CityName,State,MIA,CityName,State,0,0,-7,0,0,,354,1630,0,0,0,0,0
2024-10-30,Southwest,N177XX,4698,MIA,CityName,State,SFO,CityName,State,15,1,7,0,0,,195,2452,0,0,0,0,0
2024-10-30,United,N413XX,8159,ATL,CityName,State,DFW,CityName,State,0,0,-3,0,0,,234,2021,0,0,0,0,0
2024-10-31,JetBlue,N559XX,9390,LAX,CityName,State,DEN,CityName,State,0,0,5,0,0,,346,1425,0,0,0,0,0
2024-10-31,American,N421XX,7600,DEN,CityName,State,LAX,CityName,State,0,0,4,0,0,,235,2136,0,0,0,0,0
2024-10-31,American,N981XX,8883,ATL,CityName,State,SEA,CityName,State,0,0,8,0,0,,239,2462,0,0,0,0,0
2024-10-31,Southwest,N261XX,8377,DEN,CityName,State,MIA,CityName,State,30,1,25,1,0,,83,1669,0,0,25,0,0
2024-10-31,Southwest,N273XX,8606,DEN,CityName,State,JFK,CityName,State,45,1,44,1,0,,202,767,44,0,0,0,0
2024-10-31,Southwest,N458XX,9318,MIA,CityName,State,DEN,CityName,State,0,0,-6,0,0,,70,983,0,0,0,0,0
2024-10-31,Southwest,N596XX,9554,ATL,CityName,State,LAX,CityName,State,15,1,6,0,0,,97,1292,0,0,0,0,0
2024-10-31,American,N358XX,8200,LAX,CityName,State,MIA,CityName,State,0,0,-12,0,0,,261,840,0,0,0,0,0
2024-10-31,Delta,N479XX,6459,ORD,CityName,State,SEA,CityName,State,30,1,28,1,0,,216,355,28,0,0,0,0
2024-10-31,JetBlue,N976XX,4601,SEA,CityName,State,ORD,CityName,State,15,1,24,1,0,,299,1189,24,0,0,0,0
2024-10-31,Southwest,N514XX,4236,DEN,CityName,State,ORD,CityName,State,45,1,50,1,0,,304,1105,50,0,0,0,0
2024-10-31,United,N592XX,4137,DEN,CityName,State,SFO,CityName,State,30,1,16,1,0,,107,1699,0,16,0,0,0
2024-10-31,Southwest,N987XX,3184,SEA,CityName,State,BOS,CityName,State,0,0,-9,0,0,,290,2057,0,0,0,0,0
2024-10-31,Delta,N504XX,5442,SFO,CityName,State,LAX,CityName,State,0,0,-3,0,0,,171,1336,0,0,0,0,0
2024-10-31,American,N430XX,687,BOS,CityName,State,BOS,CityName,State,0,0,-4,0,0,,221,996,0,0,0,0,0
2024-11-01,JetBlue,N463XX,8682,BOS,CityName,State,SEA,CityName,State,15,1,22,1,0,,72,1100,0,22,0,0,0
2024-11-01,Delta,N187XX,9621,DEN,CityName,State,DEN,CityName,State,0,0,-7,0,0,,203,1511,0,0,0,0,0
2024-11-01,United,N270XX,1379,ORD,CityName,State,BOS,CityName,State,0,0,2,0,0,,286,587,0,0,0,0,0
2024-11-01,United,N265XX,8659,BOS,CityName,State,BOS,CityName,State,0,0,10,0,0,,77,2402,0,0,0,0,0
2024-11-01,United,N613XX,8558,SFO,CityName,State,JFK,CityName,State,0,0,4,0,0,,174,301,0,0,0,0,0
2024-11-01,Delta,N265XX,7164,SEA,CityName,State,ORD,CityName,State,0,0,-13,0,0,,52,220,0,0,0,0,0
2024-11-01,Southwest,N937XX,9478,SEA,CityName,State,MIA,CityName,State,0,0,9,0,0,,160,1757,0,0,0,0,0
2024-11-01,United,N830XX,2027,BOS,CityName,State,ATL,CityName,State,0,0,0,0,1,A,156,1655,0,0,0,0,0
2024-11-01,Southwest,N221XX,4609,LAX,CityName,State,MIA,CityName,State,0,0,1,0,0,,230,1227,0,0,0,0,0
2024-11-01,United,N258XX,2579,DEN,CityName,State,JFK,CityName,State,15,1,17,1,0,,89,1377,0,0,0,0,17
2024-11-02,JetBlue,N822XX,6710,BOS,CityName,State,LAX,CityName,State,0,0,10,0,0,,306,1901,0,0,0,0,0
2024-11-02,Southwest,N159XX,5873,ATL,CityName,State,MIA,CityName,State,0,0,5,0,0,,349,449,0,0,0,0,0
2024-11-02,Southwest,N872XX,1524,JFK,CityName,State,SFO,CityName,State,0,0,-2,0,0,,279,390,0,0,0,0,0
2024-11-02,American,N727XX,841,JFK,CityName,State,MIA,CityName,State,0,0,4,0,0,,89,303,0,0,0,0,0
2024-11-02,Southwest,N699XX,5965,JFK,CityName,State,DEN,CityName,State,0,0,9,0,0,,205,949,0,0,0,0,0
2024-11-02,JetBlue,N205XX,9303,DFW,CityName,State,SEA,CityName,State,0,0,-13,0,0,,242,1458,0,0,0,0,0
2024-11-02,JetBlue,N829XX,2776,MIA,CityName,State,LAX,CityName,State,0,0,-4,0,0,,310,1366,0,0,0,0,0
2024-11-02,United,N292XX,7943,DFW,CityName,State,ORD,CityName,State,0,0,2,0,0,,264,2887,0,0,0,0,0
2024-11-02,Delta,N218XX,2494,SEA,CityName,State,ORD,CityName,State,0,0,-10,0,0,,256,1003,0,0,0,0,0
2024-11-02,JetBlue,N780XX,3406,SEA,CityName,State,DEN,CityName,State,0,0,-8,0,0,,188,2408,0,0,0,0,0
2024-11-02,American,N262XX,5459,ATL,CityName,State,SFO,CityName,State,0,0,-6,0,0,,124,1921,0,0,0,0,0
2024-11-02,JetBlue,N324XX,1686,ORD,CityName,State,DFW,CityName,State,0,0,-1,0,0,,119,1327,0,0,0,0,0
2024-11-02,JetBlue,N886XX,410,ATL,CityName,State,SFO,CityName,State,0,0,0,0,0,,135,2366,0,0,0,0,0
2024-11-03,American,N730XX,4226,MIA,CityName,State,MIA,CityName,State,0,0,-12,0,0,,301,1456,0,0,0,0,0
2024-11-03,Southwest,N323XX,7220,MIA,CityName,State,BOS,CityName,State,0,0,-14,0,0,,277,1962,0,0,0,0,0
2024-11-03,United,N342XX,7674,SEA,CityName,State,ATL,CityName,State,0,0,-8,0,0,,292,1826,0,0,0,0,0
2024-11-03,American,N859XX,4091,DEN,CityName,State,MIA,CityName,State,0,0,7,0,0,,301,300,0,0,0,0,0
2024-11-03,United,N991XX,3490,SEA,CityName,State,ORD,CityName,State,15,1,25,1,0,,57,420,0,0,0,0,25
2024-11-03,United,N683XX,4674,MIA,CityName,State,DFW,CityName,State,45,1,39,1,0,,187,2550,0,0,39,0,0
2024-11-03,American,N833XX,1782,JFK,CityName,State,ATL,CityName,State,15,1,16,1,0,,219,1561,0,0,0,0,16
2024-11-03,United,N243XX,1569,ORD,CityName,State,ATL,CityName,State,30,1,29,1,0,,126,938,0,0,0,0,29
2024-11-03,United,N343XX,5828,ATL,CityName,State,SFO,CityName,State,30,1,19,1,0,,132,2390,19,0,0,0,0
2024-11-03,JetBlue,N955XX,6267,ATL,CityName,State,BOS,CityName,State,0,0,0,0,1,A,52,652,0,0,0,0,0
2024-11-03,United,N757XX,7164,SFO,CityName,State,DFW,CityName,State,0,0,9,0,0,,126,1251,0,0,0,0,0
2024-11-03,JetBlue,N486XX,2771,ATL,CityName,State,DEN,CityName,State,0,0,-6,0,0,,313,669,0,0,0,0,0
2024-11-03,Delta,N219XX,3183,MIA,CityName,State,LAX,CityName,State,30,1,39,1,0,,286,291,0,0,39,0,0
2024-11-04,JetBlue,N894XX,9849,SFO,CityName,State,SFO,CityName,State,15,1,24,1,0,,133,2031,0,0,0,0,24
2024-11-04,Southwest,N583XX,9498,ATL,CityName,State,ATL,CityName,State,0,0,-1,0,0,,93,2118,0,0,0,0,0
2024-11-04,Southwest,N700XX,1897,ORD,CityName,State,SEA,CityName,State,0,0,-12,0,0,,359,2501,0,0,0,0,0
2024-11-04,Southwest,N635XX,2493,SEA,CityName,State,ATL,CityName,State,0,0,-3,0,0,,358,1807,0,0,0,0,0
2024-11-04,American,N727XX,437,JFK,CityName,State,ORD,CityName,State,0,0,-12,0,0,,120,2778,0,0,0,0,0
2024-11-04,Delta,N859XX,1052,BOS,CityName,State,JFK,CityName,State,15,1,22,1,0,,137,2034,22,0,0,0,0
2024-11-04,JetBlue,N555XX,7164,BOS,CityName,State,LAX,CityName,State,15,1,18,1,0,,242,1040,0,0,18,0,0
2024-11-05,Delta,N831XX,1790,LAX,CityName,State,JFK,CityName,State,0,0,-14,0,0,,309,1254,0,0,0,0,0
2024-11-05,American,N133XX,9562,ATL,CityName,State,DFW,CityName,State,0,0,3,0,0,,200,859,0,0,0,0,0
2024-11-05,Southwest,N667XX,2819,DFW,CityName,State,BOS,CityName,State,0,0,0,0,0,,276,2859,0,0,0,0,0
2024-11-05,JetBlue,N319XX,4404,SFO,CityName,State,ATL,CityName,State,0,0,-5,0,0,,127,274,0,0,0,0,0
2024-11-05,Delta,N820XX,7130,ATL,CityName,State,MIA,CityName,State,30,1,17,1,0,,348,824,0,0,17,0,0
2024-11-05,JetBlue,N120XX,8713,SEA,CityName,State,ORD,CityName,State,60,1,64,1,0,,108,2380,64,0,0,0,0
2024-11-05,Southwest,N984XX,5297,MIA,CityName,State,ORD,CityName,State,30,1,33,1,0,,281,2593,0,0,0,0,33
2024-11-05,American,N689XX,7572,ORD,CityName,State,SEA,CityName,State,0,0,-2,0,0,,309,2812,0,0,0,0,0
2024-11-05,Southwest,N674XX,1234,LAX,CityName,State,BOS,CityName,State,0,0,2,0,0,,185,2252,0,0,0,0,0
2024-11-05,United,N654XX,6714,MIA,CityName,State,SEA,CityName,State,0,0,-14,0,0,,143,1638,0,0,0,0,0
2024-11-05,Southwest,N179XX,6692,MIA,CityName,State,LAX,CityName,State,0,0,10,0,0,,254,1469,0,0,0,0,0
2024-11-05,Southwest,N506XX,810,SEA,CityName,State,SFO,CityName,State,0,0,7,0,0,,351,2932,0,0,0,0,0
2024-11-05,United,N471XX,9284,JFK,CityName,State,ORD,CityName,State,0,0,-11,0,0,,332,381,0,0,0,0,0
2024-11-05,American,N399XX,3527,DEN,CityName,State,ORD,CityName,State,0,0,-6,0,0,,174,1836,0,0,0,0,0
2024-11-05,Southwest,N989XX,1269,SFO,CityName,State,DFW,CityName,State,0,0,-1,0,0,,133,1394,0,0,0,0,0
2024-11-05,American,N731XX,906,SEA,CityName,State,MIA,CityName,State,0,0,-12,0,0,,77,1083,0,0,0,0,0
2024-11-06,JetBlue,N714XX,5975,JFK,CityName,State,JFK,CityName,State,0,0,-9,0,0,,345,1922,0,0,0,0,0
2024-11-06,Delta,N183XX,2406,DFW,CityName,State,SFO,CityName,State,0,0,-13,0,0,,89,485,0,0,0,0,0
2024-11-06,Southwest,N382XX,3413,ORD,CityName,State,SEA,CityName,State,0,0,-8,0,0,,88,1716,0,0,0,0,0
2024-11-06,United,N204XX,304,MIA,CityName,State,SEA,CityName,State,0,0,-10,0,0,,136,1113,0,0,0,0,0
2024-11-06,Southwest,N288XX,845,DEN,CityName,State,MIA,CityName,State,0,0,9,0,0,,93,2770,0,0,0,0,0
2024-11-06,Delta,N919XX,5088,ATL,CityName,State,JFK,CityName,State,0,0,-7,0,0,,210,325,0,0,0,0,0
2024-11-06,JetBlue,N870XX,6748,DEN,CityName,State,BOS,CityName,State,0,0,-7,0,0,,318,1342,0,0,0,0,0
2024-11-06,JetBlue,N931XX,7933,ATL,CityName,State,DEN,CityName,State,0,0,-2,0,0,,291,2391,0,0,0,0,0
2024-11-06,JetBlue,N655XX,2399,DEN,CityName,State,DEN,CityName,State,0,0,-10,0,0,,261,809,0,0,0,0,0
2024-11-06,Delta,N910XX,3024,DFW,CityName,State,SFO,CityName,State,30,1,35,1,0,,124,2856,35,0,0,0,0
2024-11-06,Southwest,N791XX,5755,ORD,CityName,State,BOS,CityName,State,0,0,7,0,0,,327,2023,0,0,0,0,0
2024-11-06,Delta,N692XX,9857,SEA,CityName,State,SEA,CityName,State,0,0,7,0,0,,132,2568,0,0,0,0,0
2024-11-07,United,N931XX,9197,SEA,CityName,State,LAX,CityName,State,30,1,18,1,0,,338,219,18,0,0,0,0
2024-11-07,United,N152XX,4073,ATL,CityName,State,DFW,CityName,State,0,0,3,0,0,,167,2987,0,0,0,0,0
2024-11-07,Southwest,N895XX,4588,JFK,CityName,State,LAX,CityName,State,0,0,10,0,0,,345,2709,0,0,0,0,0
2024-11-07,JetBlue,N736XX,5918,ATL,CityName,State,LAX,CityName,State,0,0,0,0,1,A,125,1309,0,0,0,0,0
2024-11-07,JetBlue,N289XX,3012,SEA,CityName,State,ORD,CityName,State,0,0,-2,0,0,,120,2247,0,0,0,0,0
2024-11-07,Southwest,N984XX,7823,SEA,CityName,State,LAX,CityName,State,0,0,-3,0,0,,120,2824,0,0,0,0,0
2024-11-07,American,N867XX,9895,SEA,CityName,State,ATL,CityName,State,0,0,8,0,0,,98,2256,0,0,0,0,0
2024-11-07,Delta,N913XX,7962,ORD,CityName,State,LAX,CityName,State,0,0,-10,0,0,,154,903,0,0,0,0,0
2024-11-07,United,N508XX,1489,ORD,CityName,State,JFK,CityName,State,45,1,52,1,0,,87,1517,52,0,0,0,0
2024-11-07,American,N807XX,1887,MIA,CityName,State,BOS,CityName,State,0,0,-14,0,0,,248,211,0,0,0,0,0
2024-11-07,Delta,N460XX,679,DEN,CityName,State,BOS,CityName,State,0,0,-9,0,0,,127,2054,0,0,0,0,0
2024-11-07,Southwest,N461XX,2183,SEA,CityName,State,MIA,CityName,State,0,0,10,0,0,,288,1447,0,0,0,0,0
2024-11-07,JetBlue,N816XX,9785,SEA,CityName,State,DFW,CityName,State,30,1,31,1,0,,303,1844,0,31,0,0,0
2024-11-07,JetBlue,N912XX,3985,ATL,CityName,State,SFO,CityName,State,0,0,-3,0,0,,314,2030,0,0,0,0,0
2024-11-07,Delta,N243XX,6027,DFW,CityName,State,BOS,CityName,State,0,0,-8,0,0,,143,620,0,0,0,0,0
2024-11-07,Delta,N828XX,8517,ORD,CityName,State,DEN,CityName,State,0,0,10,0,0,,231,195,0,0,0,0,0
2024-11-08,Southwest,N852XX,971,JFK,CityName,State,SFO,CityName,State,0,0,9,0,0,,131,2673,0,0,0,0,0
2024-11-08,Delta,N191XX,4995,MIA,CityName,State,DEN,CityName,State,0,0,9,0,0,,175,2857,0,0,0,0,0
2024-11-08,American,N886XX,1453,BOS,CityName,State,BOS,CityName,State,60,1,69,1,0,,285,2224,0,0,69,0,0
2024-11-08,Delta,N267XX,8977,MIA,CityName,State,LAX,CityName,State,0,0,-3,0,0,,311,2945,0,0,0,0,0
2024-11-08,United,N423XX,9816,SFO,CityName,State,DEN,CityName,State,0,0,6,0,0,,241,1366,0,0,0,0,0
2024-11-08,Delta,N164XX,307,DEN,CityName,State,DFW,CityName,State,0,0,6,0,0,,134,2426,0,0,0,0,0
2024-11-08,JetBlue,N908XX,7285,SFO,CityName,State,MIA,CityName,State,240,1,231,1,0,,219,540,0,0,231,0,0
2024-11-08,JetBlue,N699XX,3862,ATL,CityName,State,ATL,CityName,State,0,0,1,0,0,,358,735,0,0,0,0,0
2024-11-08,Southwest,N287XX,3818,ATL,CityName,State,DEN,CityName,State,0,0,3,0,0,,178,713,0,0,0,0,0
2024-11-08,JetBlue,N608XX,7551,SEA,CityName,State,ATL,CityName,State,0,0,4,0,0,,136,1177,0,0,0,0,0
2024-11-08,American,N282XX,1538,SFO,CityName,State,ATL,CityName,State,0,0,-2,0,0,,89,1894,0,0,0,0,0
2024-11-08,JetBlue,N187XX,7882,BOS,CityName,State,MIA,CityName,State,0,0,2,0,0,,93,1499,0,0,0,0,0
2024-11-08,JetBlue,N310XX,2072,JFK,CityName,State,LAX,CityName,State,0,0,-2,0,0,,278,409,0,0,0,0,0
2024-11-08,JetBlue,N513XX,161,JFK,CityName,State,DEN,CityName,State,0,0,10,0,0,,266,2374,0,0,0,0,0
2024-11-08,Delta,N417XX,7201,MIA,CityName,State,SEA,CityName,State,0,0,4,0,0,,303,2176,0,0,0,0,0
2024-11-08,JetBlue,N155XX,259,MIA,CityName,State,LAX,CityName,State,0,0,1,0,0,,192,2044,0,0,0,0,0
2024-11-09,JetBlue,N846XX,218,MIA,CityName,State,MIA,CityName,State,0,0,-10,0,0,,96,1365,0,0,0,0,0
2024-11-09,American,N762XX,9497,SFO,CityName,State,LAX,CityName,State,60,1,56,1,0,,94,2780,56,0,0,0,0
2024-11-09,American,N721XX,7380,LAX,CityName,State,JFK,CityName,State,0,0,-14,0,0,,321,2705,0,0,0,0,0
2024-11-09,Southwest,N977XX,3616,MIA,CityName,State,ORD,CityName,State,0,0,-10,0,0,,182,703,0,0,0,0,0
2024-11-09,United,N579XX,3398,BOS,CityName,State,ORD,CityName,State,0,0,-9,0,0,,214,267,0,0,0,0,0
2024-11-09,United,N759XX,9091,MIA,CityName,State,ORD,CityName,State,15,1,25,1,0,,150,593,25,0,0,0,0
2024-11-09,Southwest,N876XX,3261,MIA,CityName,State,MIA,CityName,State,0,0,-13,0,0,,328,2527,0,0,0,0,0
2024-11-09,United,N574XX,257,DEN,CityName,State,SEA,CityName,State,0,0,-10,0,0,,159,253,0,0,0,0,0
2024-11-09,JetBlue,N701XX,9264,SEA,CityName,State,MIA,CityName,State,0,0,-1,0,0,,175,2407,0,0,0,0,0
2024-11-09,JetBlue,N478XX,9674,MIA,CityName,State,ATL,CityName,State,0,0,-6,0,0,,69,2062,0,0,0,0,0
2024-11-09,American,N797XX,1259,BOS,CityName,State,ORD,CityName,State,15,1,12,0,0,,69,1145,0,0,0,0,0
2024-11-09,American,N417XX,4545,ORD,CityName,State,LAX,CityName,State,0,0,-4,0,0,,128,2270,0,0,0,0,0
2024-11-09,American,N791XX,2925,MIA,CityName,State,SFO,CityName,State,0,0,8,0,0,,61,493,0,0,0,0,0
2024-11-09,JetBlue,N824XX,2139,JFK,CityName,State,SEA,CityName,State,0,0,5,0,0,,224,2565,0,0,0,0,0
2024-11-09,American,N798XX,4393,LAX,CityName,State,ORD,CityName,State,0,0,-8,0,0,,164,2088,0,0,0,0,0
2024-11-09,Delta,N764XX,4552,LAX,CityName,State,SFO,CityName,State,15,1,12,0,0,,172,1154,0,0,0,0,0
2024-11-09,JetBlue,N869XX,1438,LAX,CityName,State,DEN,CityName,State,0,0,-10,0,0,,118,2428,0,0,0,0,0
2024-11-09,Delta,N369XX,5423,BOS,CityName,State,SEA,CityName,State,0,0,-6,0,0,,304,1637,0,0,0,0,0
2024-11-10,Delta,N282XX,714,ORD,CityName,State,MIA,CityName,State,0,0,-5,0,0,,254,1782,0,0,0,0,0
2024-11-10,JetBlue,N613XX,4195,LAX,CityName,State,MIA,CityName,State,0,0,1,0,0,,149,948,0,0,0,0,0
2024-11-10,American,N136XX,8494,SFO,CityName,State,SFO,CityName,State,15,1,0,0,1,A,250,2666,0,0,0,0,0
2024-11-10,Southwest,N252XX,5362,ATL,CityName,State,ORD,CityName,State,0,0,-8,0,0,,340,2348,0,0,0,0,0
2024-11-10,American,N844XX,5618,BOS,CityName,State,ORD,CityName,State,0,0,0,0,0,,275,1896,0,0,0,0,0
2024-11-10,Southwest,N185XX,9844,ORD,CityName,State,ORD,CityName,State,30,1,25,1,0,,187,1288,0,25,0,0,0
2024-11-10,Southwest,N577XX,3332,ORD,CityName,State,MIA,CityName,State,0,0,0,0,0,,329,2810,0,0,0,0,0
2024-11-10,Southwest,N874XX,1868,BOS,CityName,State,BOS,CityName,State,0,0,6,0,0,,158,1522,0,0,0,0,0
2024-11-10,American,N794XX,3607,BOS,CityName,State,MIA,CityName,State,0,0,-8,0,0,,357,184,0,0,0,0,0
2024-11-10,United,N190XX,6383,MIA,CityName,State,ORD,CityName,State,0,0,1,0,0,,150,374,0,0,0,0,0
2024-11-11,Delta,N515XX,119,MIA,CityName,State,MIA,CityName,State,0,0,-1,0,0,,166,1670,0,0,0,0,0
2024-11-11,Delta,N903XX,197,JFK,CityName,State,ATL,CityName,State,0,0,-3,0,0,,217,2718,0,0,0,0,0
2024-11-11,Southwest,N255XX,6703,MIA,CityName,State,JFK,CityName,State,0,0,9,0,0,,303,1315,0,0,0,0,0
2024-11-11,Delta,N142XX,7903,BOS,CityName,State,ATL,CityName,State,0,0,-14,0,0,,209,2196,0,0,0,0,0
2024-11-11,Delta,N303XX,872,BOS,CityName,State,ORD,CityName,State,0,0,-4,0,0,,117,2729,0,0,0,0,0
2024-11-11,JetBlue,N412XX,1580,BOS,CityName,State,SEA,CityName,State,0,0,-5,0,0,,130,925,0,0,0,0,0
2024-11-11,Delta,N116XX,5323,SEA,CityName,State,LAX,CityName,State,15,1,15,1,0,,231,2829,15,0,0,0,0
2024-11-11,Southwest,N134XX,2976,JFK,CityName,State,JFK,CityName,State,0,0,-1,0,0,,149,462,0,0,0,0,0
2024-11-11,American,N644XX,3722,JFK,CityName,State,ORD,CityName,State,0,0,-4,0,0,,318,1197,0,0,0,0,0
2024-11-11,Delta,N415XX,8136,MIA,CityName,State,ORD,CityName,State,0,0,0,0,0,,80,1633,0,0,0,0,0
2024-11-11,Delta,N336XX,7862,SEA,CityName,State,LAX,CityName,State,0,0,-10,0,0,,103,1663,0,0,0,0,0
2024-11-11,American,N730XX,3289,MIA,CityName,State,ORD,CityName,State,0,0,6,0,0,,239,2256,0,0,0,0,0
2024-11-11,United,N803XX,8050,JFK,CityName,State,SEA,CityName,State,0,0,-1,0,0,,239,335,0,0,0,0,0
2024-11-11,American,N383XX,9651,DEN,CityName,State,ATL,CityName,State,0,0,10,0,0,,274,560,0,0,0,0,0
2024-11-11,United,N376XX,1782,ATL,CityName,State,ATL,CityName,State,0,0,-5,0,0,,113,157,0,0,0,0,0
2024-11-11,Delta,N577XX,5167,DFW,CityName,State,DEN,CityName,State,0,0,-5,0,0,,148,601,0,0,0,0,0
2024-11-11,United,N223XX,8567,DEN,CityName,State,SFO,CityName,State,0,0,2,0,0,,183,221,0,0,0,0,0
2024-11-11,United,N295XX,3586,ORD,CityName,State,SFO,CityName,State,0,0,-1,0,0,,262,2342,0,0,0,0,0
2024-11-11,Delta,N362XX,1021,ORD,CityName,State,ATL,CityName,State,0,0,5,0,0,,310,2959,0,0,0,0,0
2024-11-12,Southwest,N130XX,2992,LAX,CityName,State,JFK,CityName,State,0,0,-8,0,0,,252,349,0,0,0,0,0
2024-11-12,JetBlue,N248XX,2128,LAX,CityName,State,SFO,CityName,State,0,0,-11,0,0,,349,1012,0,0,0,0,0
2024-11-12,Southwest,N123XX,8311,SFO,CityName,State,MIA,CityName,State,0,0,-4,0,0,,94,1604,0,0,0,0,0
2024-11-12,United,N604XX,2248,DFW,CityName,State,ORD,CityName,State,60,1,53,1,0,,90,2935,0,0,53,0,0
2024-11-12,Southwest,N153XX,2729,SEA,CityName,State,SEA,CityName,State,0,0,2,0,0,,274,1516,0,0,0,0,0
2024-11-12,United,N633XX,264,SFO,CityName,State,SFO,CityName,State,0,0,-2,0,0,,210,1419,0,0,0,0,0
2024-11-12,Delta,N687XX,9758,JFK,CityName,State,DEN,CityName,State,60,1,70,1,0,,343,2079,0,0,0,0,70
2024-11-12,American,N512XX,8946,SEA,CityName,State,MIA,CityName,State,0,0,9,0,0,,344,917,0,0,0,0,0
2024-11-12,Delta,N839XX,9368,LAX,CityName,State,JFK,CityName,State,0,0,-10,0,0,,338,167,0,0,0,0,0
2024-11-12,Southwest,N290XX,5481,LAX,CityName,State,SFO,CityName,State,0,0,10,0,0,,281,1683,0,0,0,0,0
2024-11-12,Southwest,N558XX,3306,ATL,CityName,State,MIA,CityName,State,0,0,8,0,0,,126,2104,0,0,0,0,0
2024-11-12,Southwest,N844XX,5313,MIA,CityName,State,LAX,CityName,State,0,0,4,0,0,,181,1921,0,0,0,0,0
2024-11-12,Southwest,N485XX,2640,ATL,CityName,State,DFW,CityName,State,0,0,8,0,0,,104,1326,0,0,0,0,0
2024-11-12,American,N339XX,7149,SEA,CityName,State,SFO,CityName,State,45,1,35,1,0,,199,1104,0,0,0,0,35
2024-11-13,United,N420XX,6535,BOS,CityName,State,JFK,CityName,State,0,0,0,0,1,A,153,2923,0,0,0,0,0
2024-11-13,Southwest,N844XX,8375,DEN,CityName,State,ATL,CityName,State,0,0,-6,0,0,,272,306,0,0,0,0,0
2024-11-13,JetBlue,N244XX,4541,SFO,CityName,State,DEN,CityName,State,0,0,1,0,0,,162,1992,0,0,0,0,0
2024-11-13,JetBlue,N134XX,433,SFO,CityName,State,SFO,CityName,State,0,0,4,0,0,,223,1645,0,0,0,0,0
2024-11-13,Delta,N758XX,3374,DFW,CityName,State,ORD,CityName,State,0,0,-7,0,0,,54,2269,0,0,0,0,0
2024-11-13,United,N439XX,8894,SFO,CityName,State,SFO,CityName,State,0,0,-9,0,0,,166,1049,0,0,0,0,0
2024-11-13,JetBlue,N808XX,473,SEA,CityName,State,DEN,CityName,State,0,0,-8,0,0,,318,1005,0,0,0,0,0
2024-11-13,JetBlue,N994XX,926,SFO,CityName,State,ORD,CityName,State,30,1,28,1,0,,243,1786,0,28,0,0,0
2024-11-13,Delta,N948XX,8249,LAX,CityName,State,ATL,CityName,State,0,0,-13,0,0,,295,944,0,0,0,0,0
2024-11-13,Southwest,N597XX,165,ATL,CityName,State,ORD,CityName,State,0,0,3,0,0,,335,679,0,0,0,0,0
2024-11-13,American,N287XX,3211,ATL,CityName,State,BOS,CityName,State,0,0,-2,0,0,,59,205,0,0,0,0,0
2024-11-14,Southwest,N181XX,7176,SFO,CityName,State,LAX,CityName,State,0,0,10,0,0,,268,1024,0,0,0,0,0
2024-11-14,United,N987XX,9814,SFO,CityName,State,BOS,CityName,State,0,0,-13,0,0,,204,1962,0,0,0,0,0
2024-11-14,American,N849XX,4636,ATL,CityName,State,LAX,CityName,State,0,0,-7,0,0,,124,2222,0,0,0,0,0
2024-11-14,American,N151XX,1255,DEN,CityName,State,SFO,CityName,State,0,0,-8,0,0,,280,2813,0,0,0,0,0
2024-11-14,American,N749XX,8930,MIA,CityName,State,LAX,CityName,State,0,0,7,0,0,,141,2040,0,0,0,0,0
2024-11-14,JetBlue,N200XX,895,DEN,CityName,State,ORD,CityName,State,15,1,0,0,1,A,271,1056,0,0,0,0,0
2024-11-14,JetBlue,N792XX,921,DFW,CityName,State,ORD,CityName,State,15,1,13,0,0,,51,2028,0,0,0,0,0
2024-11-14,Southwest,N244XX,5824,DEN,CityName,State,DFW,CityName,State,0,0,-7,0,0,,118,2968,0,0,0,0,0
2024-11-14,United,N437XX,4876,SFO,CityName,State,SEA,CityName,State,0,0,2,0,0,,185,221,0,0,0,0,0
2024-11-14,Southwest,N135XX,4222,DFW,CityName,State,SEA,CityName,State,0,0,-14,0,0,,258,914,0,0,0,0,0
2024-11-14,Delta,N388XX,464,LAX,CityName,State,ORD,CityName,State,0,0,-11,0,0,,285,1843,0,0,0,0,0
2024-11-14,American,N909XX,2632,ORD,CityName,State,ATL,CityName,State,0,0,-7,0,0,,223,366,0,0,0,0,0
2024-11-14,Southwest,N434XX,1396,SEA,CityName,State,MIA,CityName,State,45,1,35,1,0,,46,1102,0,0,35,0,0
2024-11-14,United,N643XX,8967,LAX,CityName,State,DEN,CityName,State,0,0,-5,0,0,,303,249,0,0,0,0,0
2024-11-14,American,N411XX,2607,DEN,CityName,State,BOS,CityName,State,0,0,-4,0,0,,63,2762,0,0,0,0,0
2024-11-15,American,N635XX,4142,SEA,CityName,State,DFW,CityName,State,0,0,-9,0,0,,353,1727,0,0,0,0,0
2024-11-15,JetBlue,N538XX,9487,JFK,CityName,State,JFK,CityName,State,15,1,6,0,0,,170,2688,0,0,0,0,0
2024-11-15,Southwest,N220XX,1330,DFW,CityName,State,BOS,CityName,State,0,0,-1,0,0,,339,2749,0,0,0,0,0
2024-11-15,Delta,N221XX,8542,LAX,CityName,State,SEA,CityName,State,0,0,-12,0,0,,177,2987,0,0,0,0,0
2024-11-15,American,N316XX,7876,ORD,CityName,State,JFK,CityName,State,0,0,0,0,0,,90,1431,0,0,0,0,0
2024-11-15,Delta,N795XX,4145,SFO,CityName,State,JFK,CityName,State,0,0,-3,0,0,,291,646,0,0,0,0,0
2024-11-15,Southwest,N845XX,1388,DEN,CityName,State,LAX,CityName,State,15,1,2,0,0,,292,2066,0,0,0,0,0
2024-11-15,Delta,N853XX,7736,SFO,CityName,State,BOS,CityName,State,0,0,1,0,0,,284,2136,0,0,0,0,0
2024-11-15,United,N856XX,7805,DEN,CityName,State,SFO,CityName,State,0,0,-7,0,0,,304,488,0,0,0,0,0
2024-11-15,Southwest,N257XX,986,DFW,CityName,State,ATL,CityName,State,30,1,38,1,0,,57,1925,0,0,38,0,0
2024-11-15,Southwest,N997XX,9556,DFW,CityName,State,ATL,CityName,State,0,0,9,0,0,,278,1145,0,0,0,0,0
2024-11-16,JetBlue,N486XX,1248,SEA,CityName,State,DEN,CityName,State,0,0,-14,0,0,,146,1549,0,0,0,0,0
2024-11-16,JetBlue,N427XX,822,MIA,CityName,State,SEA,CityName,State,0,0,-10,0,0,,137,495,0,0,0,0,0
2024-11-16,Southwest,N961XX,413,SEA,CityName,State,MIA,CityName,State,0,0,-4,0,0,,100,1233,0,0,0,0,0
2024-11-16,JetBlue,N742XX,1950,DEN,CityName,State,BOS,CityName,State,30,1,16,1,0,,312,2480,16,0,0,0,0
2024-11-16,JetBlue,N511XX,4757,JFK,CityName,State,DFW,CityName,State,45,1,36,1,0,,219,2570,0,0,0,0,36
2024-11-16,Delta,N247XX,5737,MIA,CityName,State,ATL,CityName,State,0,0,2,0,0,,134,2670,0,0,0,0,0
2024-11-16,Delta,N543XX,8100,SEA,CityName,State,LAX,CityName,State,15,1,24,1,0,,213,272,24,0,0,0,0
2024-11-16,United,N711XX,4006,SEA,CityName,State,ORD,CityName,State,0,0,-7,0,0,,162,2965,0,0,0,0,0
2024-11-16,Southwest,N975XX,2229,JFK,CityName,State,MIA,CityName,State,0,0,7,0,0,,108,697,0,0,0,0,0
2024-11-16,Delta,N957XX,5732,SFO,CityName,State,ATL,CityName,State,0,0,-4,0,0,,159,2855,0,0,0,0,0
2024-11-16,United,N588XX,3009,LAX,CityName,State,DFW,CityName,State,0,0,-9,0,0,,252,2741,0,0,0,0,0
2024-11-16,JetBlue,N698XX,4684,ATL,CityName,State,BOS,CityName,State,15,1,21,1,0,,78,1862,0,0,21,0,0
2024-11-16,Southwest,N792XX,5193,JFK,CityName,State,LAX,CityName,State,15,1,6,0,0,,82,832,0,0,0,0,0
2024-11-16,JetBlue,N116XX,7094,MIA,CityName,State,MIA,CityName,State,0,0,-8,0,0,,92,873,0,0,0,0,0
2024-11-16,American,N833XX,4452,DFW,CityName,State,SEA,CityName,State,0,0,0,0,0,,219,817,0,0,0,0,0
2024-11-16,American,N292XX,2893,SEA,CityName,State,BOS,CityName,State,0,0,-7,0,0,,56,1781,0,0,0,0,0
2024-11-17,JetBlue,N642XX,6429,SEA,CityName,State,DEN,CityName,State,0,0,-14,0,0,,172,481,0,0,0,0,0
2024-11-17,United,N341XX,565,SFO,CityName,State,ORD,CityName,State,0,0,-5,0,0,,108,1934,0,0,0,0,0
2024-11-17,JetBlue,N849XX,7581,ORD,CityName,State,DEN,CityName,State,0,0,3,0,0,,62,734,0,0,0,0,0
2024-11-17,United,N319XX,9005,ATL,CityName,State,JFK,CityName,State,30,1,23,1,0,,141,618,0,23,0,0,0
2024-11-17,JetBlue,N507XX,6634,JFK,CityName,State,MIA,CityName,State,45,1,45,1,0,,332,372,0,0,45,0,0
2024-11-17,JetBlue,N846XX,1714,SEA,CityName,State,DEN,CityName,State,0,0,-2,0,0,,184,719,0,0,0,0,0
2024-11-17,JetBlue,N417XX,3088,DEN,CityName,State,BOS,CityName,State,0,0,4,0,0,,293,2682,0,0,0,0,0
2024-11-17,Delta,N541XX,4218,JFK,CityName,State,DFW,CityName,State,0,0,-11,0,0,,230,2657,0,0,0,0,0
2024-11-17,United,N420XX,7523,JFK,CityName,State,SEA,CityName,State,0,0,-11,0,0,,45,292,0,0,0,0,0
2024-11-17,Delta,N741XX,6080,ATL,CityName,State,DFW,CityName,State,15,1,6,0,0,,53,2726,0,0,0,0,0
2024-11-17,Southwest,N339XX,6142,DFW,CityName,State,ATL,CityName,State,0,0,7,0,0,,136,2682,0,0,0,0,0
2024-11-17,JetBlue,N671XX,2717,MIA,CityName,State,SFO,CityName,State,0,0,-1,0,0,,182,2511,0,0,0,0,0
2024-11-18,United,N515XX,3674,JFK,CityName,State,LAX,CityName,State,0,0,-10,0,0,,219,1853,0,0,0,0,0
2024-11-18,American,N136XX,3596,LAX,CityName,State,ATL,CityName,State,60,1,55,1,0,,72,1631,55,0,0,0,0
2024-11-18,United,N863XX,7252,JFK,CityName,State,ATL,CityName,State,0,0,-12,0,0,,269,2053,0,0,0,0,0
2024-11-18,United,N235XX,5730,BOS,CityName,State,DFW,CityName,State,30,1,24,1,0,,194,2871,24,0,0,0,0
2024-11-18,Southwest,N738XX,7851,DEN,CityName,State,BOS,CityName,State,0,0,-13,0,0,,160,2282,0,0,0,0,0
2024-11-18,United,N741XX,6045,BOS,CityName,State,SFO,CityName,State,0,0,5,0,0,,202,2443,0,0,0,0,0
2024-11-18,Southwest,N901XX,2633,ATL,CityName,State,DFW,CityName,State,0,0,-6,0,0,,327,1868,0,0,0,0,0
2024-11-18,Delta,N594XX,7026,DEN,CityName,State,JFK,CityName,State,0,0,0,0,0,,346,2820,0,0,0,0,0
2024-11-18,United,N818XX,9665,LAX,CityName,State,DFW,CityName,State,15,1,13,0,0,,274,1440,0,0,0,0,0
2024-11-18,Delta,N490XX,4136,ORD,CityName,State,ORD,CityName,State,0,0,-11,0,0,,164,2894,0,0,0,0,0
2024-11-18,Delta,N196XX,6149,ATL,CityName,State,ORD,CityName,State,0,0,10,0,0,,357,1883,0,0,0,0,0
2024-11-18,JetBlue,N715XX,6779,LAX,CityName,State,ATL,CityName,State,0,0,-9,0,0,,117,2494,0,0,0,0,0
2024-11-18,American,N223XX,6658,JFK,CityName,State,DEN,CityName,State,0,0,0,0,1,A,46,400,0,0,0,0,0
2024-11-19,Delta,N349XX,8257,ATL,CityName,State,DFW,CityName,State,0,0,-1,0,0,,228,688,0,0,0,0,0
2024-11-19,American,N182XX,3111,JFK,CityName,State,DFW,CityName,State,0,0,-7,0,0,,139,1599,0,0,0,0,0
2024-11-19,JetBlue,N876XX,6050,BOS,CityName,State,DFW,CityName,State,0,0,-1,0,0,,80,1902,0,0,0,0,0
2024-11-19,Delta,N911XX,7152,MIA,CityName,State,SEA,CityName,State,15,1,22,1,0,,112,173,0,22,0,0,0
2024-11-19,Southwest,N942XX,7261,SFO,CityName,State,SFO,CityName,State,0,0,-4,0,0,,359,1499,0,0,0,0,0
2024-11-19,United,N782XX,5406,DFW,CityName,State,DEN,CityName,State,0,0,-9,0,0,,247,361,0,0,0,0,0
2024-11-19,Delta,N654XX,8442,DFW,CityName,State,SFO,CityName,State,0,0,-13,0,0,,302,1161,0,0,0,0,0
2024-11-19,American,N187XX,5183,DEN,CityName,State,DEN,CityName,State,15,1,6,0,0,,59,1579,0,0,0,0,0
2024-11-19,Delta,N850XX,8975,LAX,CityName,State,ATL,CityName,State,0,0,-1,0,0,,304,1132,0,0,0,0,0
2024-11-19,JetBlue,N487XX,6561,SFO,CityName,State,ATL,CityName,State,0,0,-12,0,0,,241,444,0,0,0,0,0
2024-11-19,American,N398XX,3490,DFW,CityName,State,SFO,CityName,State,0,0,-9,0,0,,173,406,0,0,0,0,0
2024-11-19,United,N984XX,5247,SFO,CityName,State,ATL,CityName,State,15,1,21,1,0,,314,854,0,21,0,0,0
2024-11-19,Delta,N961XX,9580,SFO,CityName,State,LAX,CityName,State,0,0,-7,0,0,,336,2519,0,0,0,0,0
2024-11-19,American,N943XX,8542,BOS,CityName,State,SEA,CityName,State,0,0,-10,0,0,,56,2710,0,0,0,0,0
2024-11-19,United,N723XX,1651,LAX,CityName,State,LAX,CityName,State,0,0,7,0,0,,206,1298,0,0,0,0,0
2024-11-20,American,N835XX,2329,JFK,CityName,State,BOS,CityName,State,0,0,0,0,0,,240,491,0,0,0,0,0
2024-11-20,Delta,N204XX,7079,SEA,CityName,State,BOS,CityName,State,0,0,-5,0,0,,198,1161,0,0,0,0,0
2024-11-20,Southwest,N846XX,9952,JFK,CityName,State,SEA,CityName,State,0,0,0,0,0,,217,2243,0,0,0,0,0
2024-11-20,Southwest,N189XX,5666,LAX,CityName,State,MIA,CityName,State,0,0,-13,0,0,,233,2106,0,0,0,0,0
2024-11-20,Southwest,N394XX,8765,SFO,CityName,State,ATL,CityName,State,240,1,230,1,0,,171,2764,230,0,0,0,0
2024-11-20,American,N598XX,1576,ATL,CityName,State,DEN,CityName,State,0,0,-3,0,0,,164,2886,0,0,0,0,0
2024-11-20,Delta,N175XX,7998,SFO,CityName,State,LAX,CityName,State,0,0,-3,0,0,,81,1889,0,0,0,0,0
2024-11-20,United,N300XX,3393,ORD,CityName,State,DFW,CityName,State,30,1,37,1,0,,76,643,0,0,37,0,0
2024-11-20,United,N971XX,1207,JFK,CityName,State,DEN,CityName,State,0,0,7,0,0,,169,306,0,0,0,0,0
2024-11-20,United,N192XX,2340,DEN,CityName,State,SEA,CityName,State,0,0,10,0,0,,350,831,0,0,0,0,0
2024-11-20,JetBlue,N532XX,434,SEA,CityName,State,DEN,CityName,State,0,0,5,0,0,,172,2913,0,0,0,0,0
2024-11-20,JetBlue,N535XX,1677,MIA,CityName,State,LAX,CityName,State,15,1,8,0,0,,86,1157,0,0,0,0,0
2024-11-20,JetBlue,N875XX,2782,ATL,CityName,State,MIA,CityName,State,0,0,1,0,0,,71,2454,0,0,0,0,0
2024-11-20,United,N829XX,5612,JFK,CityName,State,BOS,CityName,State,0,0,-4,0,0,,132,1585,0,0,0,0,0
2024-11-21,Southwest,N534XX,9760,ATL,CityName,State,JFK,CityName,State,0,0,7,0,0,,273,1300,0,0,0,0,0
2024-11-21,United,N215XX,544,DEN,CityName,State,SFO,CityName,State,0,0,10,0,0,,141,517,0,0,0,0,0
2024-11-21,American,N607XX,9522,MIA,CityName,State,DFW,CityName,State,0,0,6,0,0,,113,1758,0,0,0,0,0
2024-11-21,United,N352XX,4607,DFW,CityName,State,MIA,CityName,State,0,0,9,0,0,,239,1672,0,0,0,0,0
2024-11-21,United,N601XX,6157,LAX,CityName,State,JFK,CityName,State,0,0,-2,0,0,,277,1607,0,0,0,0,0
2024-11-21,United,N991XX,4128,ATL,CityName,State,LAX,CityName,State,0,0,1,0,0,,228,2271,0,0,0,0,0
2024-11-21,United,N168XX,9226,ATL,CityName,State,SEA,CityName,State,30,1,30,1,0,,170,392,30,0,0,0,0
2024-11-21,Delta,N703XX,449,SFO,CityName,State,ORD,CityName,State,120,1,111,1,0,,201,1696,111,0,0,0,0
2024-11-21,Delta,N241XX,7626,MIA,CityName,State,JFK,CityName,State,0,0,-9,0,0,,131,2582,0,0,0,0,0
2024-11-21,Delta,N800XX,4277,JFK,CityName,State,ORD,CityName,State,0,0,-13,0,0,,72,1440,0,0,0,0,0
2024-11-21,JetBlue,N230XX,6532,JFK,CityName,State,LAX,CityName,State,0,0,8,0,0,,95,2260,0,0,0,0,0
2024-11-21,JetBlue,N346XX,1965,SFO,CityName,State,MIA,CityName,State,0,0,3,0,0,,212,2590,0,0,0,0,0
2024-11-22,Southwest,N448XX,1971,ATL,CityName,State,DFW,CityName,State,0,0,-2,0,0,,281,969,0,0,0,0,0
2024-11-22,Delta,N556XX,3974,ATL,CityName,State,LAX,CityName,State,30,1,27,1,0,,194,803,27,0,0,0,0
2024-11-22,JetBlue,N974XX,8612,SFO,CityName,State,BOS,CityName,State,0,0,10,0,0,,125,302,0,0,0,0,0
2024-11-22,United,N124XX,3340,LAX,CityName,State,LAX,CityName,State,0,0,-4,0,0,,91,299,0,0,0,0,0
2024-11-22,American,N938XX,7470,BOS,CityName,State,SFO,CityName,State,0,0,9,0,0,,358,2550,0,0,0,0,0
2024-11-22,JetBlue,N943XX,9712,LAX,CityName,State,BOS,CityName,State,30,1,20,1,0,,57,2513,0,0,20,0,0
2024-11-22,Delta,N416XX,7519,ATL,CityName,State,SEA,CityName,State,0,0,-12,0,0,,170,1021,0,0,0,0,0
2024-11-22,Delta,N552XX,559,DEN,CityName,State,MIA,CityName,State,0,0,-7,0,0,,93,2104,0,0,0,0,0
2024-11-22,JetBlue,N975XX,338,ORD,CityName,State,MIA,CityName,State,0,0,-5,0,0,,153,279,0,0,0,0,0
2024-11-22,American,N557XX,5541,ORD,CityName,State,LAX,CityName,State,240,1,237,1,0,,322,2698,0,0,0,0,237
2024-11-22,United,N972XX,7471,SEA,CityName,State,ATL,CityName,State,120,1,114,1,0,,155,2762,0,114,0,0,0
2024-11-23,JetBlue,N114XX,9841,ATL,CityName,State,LAX,CityName,State,0,0,-14,0,0,,321,1065,0,0,0,0,0
2024-11-23,Delta,N492XX,1737,JFK,CityName,State,MIA,CityName,State,0,0,-1,0,0,,206,1333,0,0,0,0,0
2024-11-23,Delta,N571XX,8678,SEA,CityName,State,ATL,CityName,State,30,1,35,1,0,,204,2590,0,35,0,0,0
2024-11-23,Delta,N651XX,632,ATL,CityName,State,BOS,CityName,State,0,0,8,0,0,,134,1252,0,0,0,0,0
2024-11-23,American,N510XX,350,JFK,CityName,State,JFK,CityName,State,0,0,8,0,0,,329,1143,0,0,0,0,0
2024-11-23,Delta,N264XX,308,BOS,CityName,State,SEA,CityName,State,15,1,14,0,0,,149,552,0,0,0,0,0
2024-11-23,Delta,N106XX,720,DFW,CityName,State,LAX,CityName,State,0,0,-10,0,0,,269,1087,0,0,0,0,0
2024-11-23,American,N809XX,244,BOS,CityName,State,BOS,CityName,State,0,0,3,0,0,,323,1156,0,0,0,0,0
2024-11-23,United,N158XX,6147,SEA,CityName,State,MIA,CityName,State,0,0,-5,0,0,,48,2488,0,0,0,0,0
2024-11-23,United,N834XX,2843,JFK,CityName,State,BOS,CityName,State,30,1,19,1,0,,287,2436,0,0,0,0,19
2024-11-23,Southwest,N550XX,3394,ORD,CityName,State,LAX,CityName,State,0,0,3,0,0,,134,776,0,0,0,0,0
2024-11-23,Southwest,N996XX,6196,DEN,CityName,State,SFO,CityName,State,0,0,9,0,0,,127,358,0,0,0,0,0
2024-11-23,JetBlue,N984XX,6451,LAX,CityName,State,SFO,CityName,State,15,1,18,1,0,,116,2416,0,18,0,0,0
2024-11-23,Delta,N446XX,4028,MIA,CityName,State,MIA,CityName,State,15,1,15,1,0,,269,2312,15,0,0,0,0
2024-11-24,Delta,N491XX,1375,LAX,CityName,State,SFO,CityName,State,0,0,-2,0,0,,55,2105,0,0,0,0,0
2024-11-24,Delta,N495XX,197,DFW,CityName,State,ATL,CityName,State,0,0,-6,0,0,,352,811,0,0,0,0,0
2024-11-24,United,N165XX,3019,MIA,CityName,State,ATL,CityName,State,0,0,-2,0,0,,288,2810,0,0,0,0,0
2024-11-24,JetBlue,N978XX,1066,LAX,CityName,State,ATL,CityName,State,0,0,-11,0,0,,163,2806,0,0,0,0,0
2024-11-24,Southwest,N825XX,358,DEN,CityName,State,SFO,CityName,State,0,0,-8,0,0,,220,1847,0,0,0,0,0
2024-11-24,American,N283XX,7344,BOS,CityName,State,ORD,CityName,State,60,1,0,0,1,A,189,2036,0,0,0,0,0
2024-11-24,Southwest,N962XX,9939,JFK,CityName,State,BOS,CityName,State,0,0,-1,0,0,,324,1095,0,0,0,0,0
2024-11-24,Southwest,N454XX,986,LAX,CityName,State,MIA,CityName,State,0,0,-7,0,0,,341,2986,0,0,0,0,0
2024-11-24,Delta,N198XX,3856,BOS,CityName,State,DFW,CityName,State,0,0,9,0,0,,299,2748,0,0,0,0,0
2024-11-25,Delta,N433XX,1232,DFW,CityName,State,DFW,CityName,State,0,0,0,0,0,,244,1427,0,0,0,0,0
2024-11-25,American,N587XX,3519,BOS,CityName,State,SFO,CityName,State,0,0,10,0,0,,119,1562,0,0,0,0,0
2024-11-25,Delta,N990XX,1340,DEN,CityName,State,SFO,CityName,State,60,1,51,1,0,,304,2901,0,0,0,0,51
2024-11-25,Southwest,N727XX,5129,SFO,CityName,State,ATL,CityName,State,0,0,-11,0,0,,310,2211,0,0,0,0,0
2024-11-25,Delta,N750XX,1277,LAX,CityName,State,LAX,CityName,State,0,0,4,0,0,,261,1932,0,0,0,0,0
2024-11-25,JetBlue,N682XX,7709,DEN,CityName,State,BOS,CityName,State,0,0,7,0,0,,345,589,0,0,0,0,0
2024-11-25,Southwest,N218XX,2940,DFW,CityName,State,BOS,CityName,State,0,0,-3,0,0,,204,2899,0,0,0,0,0
2024-11-25,JetBlue,N361XX,2205,SEA,CityName,State,LAX,CityName,State,0,0,-1,0,0,,176,230,0,0,0,0,0
2024-11-25,United,N309XX,4641,JFK,CityName,State,ORD,CityName,State,0,0,-8,0,0,,208,1786,0,0,0,0,0
2024-11-25,American,N507XX,7298,MIA,CityName,State,ATL,CityName,State,0,0,-2,0,0,,69,1008,0,0,0,0,0
2024-11-26,JetBlue,N174XX,3834,LAX,CityName,State,SFO,CityName,State,0,0,-2,0,0,,155,2732,0,0,0,0,0
2024-11-26,American,N189XX,8775,LAX,CityName,State,SFO,CityName,State,15,1,23,1,0,,355,1260,23,0,0,0,0
2024-11-26,JetBlue,N711XX,3657,DEN,CityName,State,ORD,CityName,State,45,1,37,1,0,,259,1476,0,0,0,0,37
2024-11-26,United,N284XX,5062,DFW,CityName,State,SFO,CityName,State,0,0,-3,0,0,,310,785,0,0,0,0,0
2024-11-26,Southwest,N695XX,7794,MIA,CityName,State,DFW,CityName,State,0,0,2,0,0,,55,1880,0,0,0,0,0
2024-11-26,JetBlue,N542XX,3673,LAX,CityName,State,DEN,CityName,State,0,0,-1,0,0,,65,2692,0,0,0,0,0
2024-11-26,American,N465XX,1402,MIA,CityName,State,SEA,CityName,State,0,0,6,0,0,,251,1615,0,0,0,0,0
2024-11-26,Southwest,N343XX,9679,JFK,CityName,State,ORD,CityName,State,45,1,34,1,0,,347,2897,0,0,0,0,34
2024-11-26,Southwest,N283XX,9038,MIA,CityName,State,DEN,CityName,State,45,1,37,1,0,,56,1023,0,0,37,0,0
2024-11-26,Southwest,N777XX,9488,SEA,CityName,State,ATL,CityName,State,0,0,-14,0,0,,221,2125,0,0,0,0,0
2024-11-26,American,N816XX,9379,LAX,CityName,State,MIA,CityName,State,0,0,8,0,0,,299,2866,0,0,0,0,0
2024-11-26,United,N368XX,6486,ORD,CityName,State,MIA,CityName,State,0,0,1,0,0,,346,1425,0,0,0,0,0
2024-11-26,Delta,N768XX,7825,DFW,CityName,State,SFO,CityName,State,0,0,2,0,0,,278,551,0,0,0,0,0
2024-11-26,JetBlue,N612XX,6966,LAX,CityName,State,DFW,CityName,State,120,1,112,1,0,,122,1942,112,0,0,0,0
2024-11-27,JetBlue,N891XX,3891,BOS,CityName,State,ATL,CityName,State,0,0,10,0,0,,283,1229,0,0,0,0,0
2024-11-27,JetBlue,N692XX,7556,DEN,CityName,State,JFK,CityName,State,0,0,0,0,1,A,231,1864,0,0,0,0,0
2024-11-27,Delta,N302XX,2819,DFW,CityName,State,BOS,CityName,State,30,1,30,1,0,,63,596,0,0,0,0,30
2024-11-27,JetBlue,N114XX,8555,ATL,CityName,State,SFO,CityName,State,0,0,-14,0,0,,182,1254,0,0,0,0,0
2024-11-27,Southwest,N835XX,1440,ATL,CityName,State,JFK,CityName,State,0,0,3,0,0,,62,1323,0,0,0,0,0
2024-11-27,Southwest,N404XX,8418,SFO,CityName,State,DFW,CityName,State,15,1,1,0,0,,113,671,0,0,0,0,0
2024-11-27,American,N726XX,5771,MIA,CityName,State,JFK,CityName,State,0,0,2,0,0,,247,224,0,0,0,0,0
2024-11-27,American,N487XX,4952,DFW,CityName,State,LAX,CityName,State,0,0,5,0,0,,161,2441,0,0,0,0,0
2024-11-27,American,N673XX,8261,BOS,CityName,State,JFK,CityName,State,15,1,4,0,0,,227,1362,0,0,0,0,0
2024-11-27,American,N228XX,6641,SEA,CityName,State,DFW,CityName,State,0,0,9,0,0,,156,558,0,0,0,0,0
2024-11-27,Delta,N504XX,2314,ORD,CityName,State,LAX,CityName,State,0,0,3,0,0,,263,2091,0,0,0,0,0
2024-11-27,Southwest,N908XX,380,MIA,CityName,State,ORD,CityName,State,0,0,-13,0,0,,77,2083,0,0,0,0,0
2024-11-27,Southwest,N934XX,8549,JFK,CityName,State,SFO,CityName,State,0,0,2,0,0,,352,1645,0,0,0,0,0
2024-11-27,United,N499XX,9264,BOS,CityName,State,BOS,CityName,State,0,0,3,0,0,,287,503,0,0,0,0,0
2024-11-28,Delta,N643XX,6311,ORD,CityName,State,JFK,CityName,State,0,0,-14,0,0,,182,1965,0,0,0,0,0
2024-11-28,Delta,N854XX,9863,JFK,CityName,State,DEN,CityName,State,0,0,9,0,0,,256,2116,0,0,0,0,0
2024-11-28,JetBlue,N130XX,6476,JFK,CityName,State,DFW,CityName,State,0,0,3,0,0,,178,993,0,0,0,0,0
2024-11-28,American,N781XX,8737,ATL,CityName,State,ORD,CityName,State,0,0,1,0,0,,63,441,0,0,0,0,0
2024-11-28,Delta,N503XX,2010,SEA,CityName,State,ORD,CityName,State,0,0,-12,0,0,,65,2733,0,0,0,0,0
2024-11-28,United,N743XX,3127,DEN,CityName,State,ORD,CityName,State,0,0,9,0,0,,109,1987,0,0,0,0,0
2024-11-28,Delta,N854XX,9740,LAX,CityName,State,DFW,CityName,State,45,1,52,1,0,,351,294,0,52,0,0,0
2024-11-28,United,N314XX,6167,MIA,CityName,State,BOS,CityName,State,0,0,9,0,0,,105,846,0,0,0,0,0
2024-11-28,JetBlue,N644XX,6327,JFK,CityName,State,ATL,CityName,State,0,0,3,0,0,,324,1708,0,0,0,0,0
2024-11-29,Southwest,N680XX,3331,MIA,CityName,State,ATL,CityName,State,0,0,0,0,0,,162,2714,0,0,0,0,0
2024-11-29,Delta,N760XX,2545,SEA,CityName,State,DEN,CityName,State,0,0,-7,0,0,,178,1187,0,0,0,0,0
2024-11-29,JetBlue,N873XX,3831,MIA,CityName,State,SEA,CityName,State,0,0,-1,0,0,,292,2884,0,0,0,0,0
2024-11-29,JetBlue,N117XX,4194,DEN,CityName,State,SFO,CityName,State,0,0,-7,0,0,,358,1153,0,0,0,0,0
2024-11-29,JetBlue,N495XX,9805,MIA,CityName,State,JFK,CityName,State,0,0,-2,0,0,,246,2954,0,0,0,0,0
2024-11-29,United,N540XX,8303,ATL,CityName,State,SEA,CityName,State,120,1,127,1,0,,265,1129,127,0,0,0,0
2024-11-29,Southwest,N716XX,4424,LAX,CityName,State,DFW,CityName,State,0,0,-3,0,0,,274,1325,0,0,0,0,0
2024-11-29,United,N642XX,4026,DFW,CityName,State,ORD,CityName,State,0,0,-14,0,0,,129,1527,0,0,0,0,0
2024-11-29,Delta,N289XX,2751,LAX,CityName,State,ATL,CityName,State,30,1,28,1,0,,337,520,0,28,0,0,0
2024-11-29,JetBlue,N894XX,9263,DFW,CityName,State,DFW,CityName,State,0,0,-3,0,0,,139,247,0,0,0,0,0
2024-11-29,Southwest,N241XX,199,ATL,CityName,State,ORD,CityName,State,0,0,-11,0,0,,48,1592,0,0,0,0,0
2024-11-29,United,N808XX,7919,BOS,CityName,State,SEA,CityName,State,0,0,-8,0,0,,144,466,0,0,0,0,0
2024-11-29,JetBlue,N947XX,6725,LAX,CityName,State,LAX,CityName,State,15,1,9,0,0,,50,1911,0,0,0,0,0
2024-11-29,American,N314XX,8827,SEA,CityName,State,DEN,CityName,State,0,0,-1,0,0,,196,1021,0,0,0,0,0
2024-11-29,American,N364XX,1794,SFO,CityName,State,DFW,CityName,State,0,0,3,0,0,,233,2776,0,0,0,0,0
2024-11-29,Delta,N179XX,1081,DFW,CityName,State,LAX,CityName,State,0,0,-14,0,0,,177,840,0,0,0,0,0
2024-11-29,Delta,N583XX,9710,LAX,CityName,State,ORD,CityName,State,0,0,1,0,0,,227,442,0,0,0,0,0
2024-11-30,United,N534XX,9980,ATL,CityName,State,LAX,CityName,State,0,0,-7,0,0,,240,162,0,0,0,0,0
2024-11-30,Southwest,N229XX,8848,BOS,CityName,State,ORD,CityName,State,0,0,-13,0,0,,290,1985,0,0,0,0,0
2024-11-30,JetBlue,N766XX,3101,DEN,CityName,State,LAX,CityName,State,15,1,18,1,0,,178,2410,0,18,0,0,0
2024-11-30,Southwest,N197XX,420,DFW,CityName,State,MIA,CityName,State,0,0,4,0,0,,200,1322,0,0,0,0,0
2024-11-30,American,N935XX,270,ORD,CityName,State,JFK,CityName,State,0,0,5,0,0,,281,1551,0,0,0,0,0
2024-11-30,American,N678XX,1172,SEA,CityName,State,SEA,CityName,State,0,0,-12,0,0,,246,447,0,0,0,0,0
2024-11-30,JetBlue,N560XX,5800,MIA,CityName,State,ORD,CityName,State,0,0,-14,0,0,,167,2130,0,0,0,0,0
2024-11-30,American,N801XX,884,DFW,CityName,State,ATL,CityName,State,0,0,0,0,0,,146,942,0,0,0,0,0
2024-11-30,Delta,N875XX,1014,LAX,CityName,State,LAX,CityName,State,0,0,-10,0,0,,176,818,0,0,0,0,0
2024-11-30,JetBlue,N379XX,8878,ATL,CityName,State,ORD,CityName,State,0,0,-7,0,0,,296,2841,0,0,0,0,0
2024-12-01,JetBlue,N336XX,1805,BOS,CityName,State,DFW,CityName,State,0,0,-9,0,0,,188,1114,0,0,0,0,0
2024-12-01,Delta,N197XX,5278,SFO,CityName,State,DEN,CityName,State,45,1,33,1,0,,275,1166,0,33,0,0,0
2024-12-01,United,N523XX,5024,SEA,CityName,State,BOS,CityName,State,0,0,-4,0,0,,121,2715,0,0,0,0,0
2024-12-01,JetBlue,N625XX,5490,ATL,CityName,State,ORD,CityName,State,0,0,-2,0,0,,82,1344,0,0,0,0,0
2024-12-01,American,N445XX,8864,MIA,CityName,State,MIA,CityName,State,0,0,-12,0,0,,263,913,0,0,0,0,0
2024-12-01,United,N848XX,8862,JFK,CityName,State,SFO,CityName,State,45,1,50,1,0,,60,2126,50,0,0,0,0
2024-12-01,United,N575XX,7751,LAX,CityName,State,DFW,CityName,State,0,0,-7,0,0,,272,291,0,0,0,0,0
2024-12-01,United,N173XX,6138,LAX,CityName,State,ATL,CityName,State,0,0,6,0,0,,86,2719,0,0,0,0,0
2024-12-01,Southwest,N150XX,1938,DEN,CityName,State,SEA,CityName,State,0,0,5,0,0,,278,2730,0,0,0,0,0
2024-12-01,JetBlue,N930XX,5030,SFO,CityName,State,ATL,CityName,State,0,0,-3,0,0,,100,216,0,0,0,0,0
2024-12-01,United,N282XX,2388,SEA,CityName,State,ATL,CityName,State,0,0,5,0,0,,200,973,0,0,0,0,0
2024-12-01,Southwest,N861XX,6943,ATL,CityName,State,MIA,CityName,State,0,0,-11,0,0,,329,575,0,0,0,0,0
2024-12-01,Southwest,N593XX,803,DEN,CityName,State,DEN,CityName,State,60,1,54,1,0,,259,1921,0,0,54,0,0
2024-12-01,United,N912XX,3564,MIA,CityName,State,ORD,CityName,State,0,0,8,0,0,,92,1333,0,0,0,0,0
2024-12-01,American,N813XX,8557,SFO,CityName,State,LAX,CityName,State,45,1,0,0,1,A,132,2841,0,0,0,0,0
2024-12-01,American,N500XX,6765,ORD,CityName,State,DFW,CityName,State,120,1,113,1,0,,293,1198,0,113,0,0,0
2024-12-02,Southwest,N775XX,1898,SFO,CityName,State,ORD,CityName,State,0,0,-5,0,0,,220,1952,0,0,0,0,0
2024-12-02,American,N680XX,7864,SFO,CityName,State,SEA,CityName,State,0,0,-7,0,0,,329,1305,0,0,0,0,0
2024-12-02,Southwest,N996XX,7111,BOS,CityName,State,DEN,CityName,State,0,0,1,0,0,,222,2962,0,0,0,0,0
2024-12-02,JetBlue,N970XX,6799,JFK,CityName,State,BOS,CityName,State,0,0,-10,0,0,,176,387,0,0,0,0,0
2024-12-02,Southwest,N382XX,1491,DEN,CityName,State,ATL,CityName,State,0,0,7,0,0,,237,1909,0,0,0,0,0
2024-12-02,Southwest,N324XX,5781,SEA,CityName,State,SFO,CityName,State,0,0,-5,0,0,,297,1784,0,0,0,0,0
2024-12-02,Southwest,N832XX,2033,LAX,CityName,State,JFK,CityName,State,60,1,59,1,0,,198,795,0,0,0,0,59
2024-12-02,Southwest,N571XX,4941,SFO,CityName,State,DFW,CityName,State,60,1,66,1,0,,339,1674,0,66,0,0,0
2024-12-02,Southwest,N606XX,1244,DEN,CityName,State,BOS,CityName,State,0,0,-5,0,0,,175,283,0,0,0,0,0
2024-12-02,Delta,N646XX,9696,ORD,CityName,State,DEN,CityName,State,0,0,-6,0,0,,210,2336,0,0,0,0,0
2024-12-02,American,N656XX,5889,JFK,CityName,State,MIA,CityName,State,0,0,-7,0,0,,212,1289,0,0,0,0,0
2024-12-02,American,N627XX,454,BOS,CityName,State,SEA,CityName,State,0,0,9,0,0,,269,2116,0,0,0,0,0
2024-12-03,American,N187XX,4776,ATL,CityName,State,LAX,CityName,State,15,1,20,1,0,,117,2861,0,0,20,0,0
2024-12-03,American,N926XX,8882,DFW,CityName,State,BOS,CityName,State,0,0,-10,0,0,,307,1235,0,0,0,0,0
2024-12-03,JetBlue,N956XX,2636,LAX,CityName,State,ORD,CityName,State,0,0,-2,0,0,,359,566,0,0,0,0,0
2024-12-03,Delta,N652XX,9699,SFO,CityName,State,JFK,CityName,State,0,0,1,0,0,,229,897,0,0,0,0,0
2024-12-03,American,N786XX,3849,ATL,CityName,State,BOS,CityName,State,0,0,2,0,0,,282,1491,0,0,0,0,0
2024-12-03,Delta,N119XX,1718,JFK,CityName,State,ATL,CityName,State,0,0,1,0,0,,308,519,0,0,0,0,0
2024-12-03,Southwest,N577XX,8372,SEA,CityName,State,LAX,CityName,State,0,0,-14,0,0,,85,2602,0,0,0,0,0
2024-12-03,Delta,N255XX,4808,MIA,CityName,State,SEA,CityName,State,0,0,3,0,0,,155,1126,0,0,0,0,0
2024-12-03,Delta,N473XX,215,ORD,CityName,State,SEA,CityName,State,0,0,8,0,0,,222,1587,0,0,0,0,0
2024-12-03,American,N468XX,6617,SFO,CityName,State,LAX,CityName,State,0,0,-11,0,0,,285,1743,0,0,0,0,0
2024-12-03,American,N889XX,1038,DFW,CityName,State,SEA,CityName,State,15,1,23,1,0,,139,693,0,23,0,0,0
2024-12-03,American,N191XX,3775,MIA,CityName,State,ORD,CityName,State,0,0,8,0,0,,334,1263,0,0,0,0,0
2024-12-03,United,N779XX,7219,JFK,CityName,State,LAX,CityName,State,0,0,-2,0,0,,188,943,0,0,0,0,0
2024-12-03,United,N878XX,7115,ORD,CityName,State,MIA,CityName,State,0,0,0,0,0,,180,240,0,0,0,0,0
2024-12-03,JetBlue,N926XX,2077,DEN,CityName,State,SFO,CityName,State,15,1,14,0,0,,228,1211,0,0,0,0,0
2024-12-03,JetBlue,N943XX,1677,LAX,CityName,State,DFW,CityName,State,0,0,6,0,0,,156,385,0,0,0,0,0
2024-12-04,United,N491XX,6556,MIA,CityName,State,SEA,CityName,State,0,0,-13,0,0,,95,1541,0,0,0,0,0
2024-12-04,JetBlue,N799XX,2466,JFK,CityName,State,DFW,CityName,State,60,1,70,1,0,,357,2097,0,0,70,0,0
2024-12-04,JetBlue,N989XX,203,ORD,CityName,State,MIA,CityName,State,15,1,9,0,0,,117,2493,0,0,0,0,0
2024-12-04,American,N248XX,792,JFK,CityName,State,DEN,CityName,State,45,1,42,1,0,,124,2820,0,0,0,0,42
2024-12-04,American,N433XX,668,DFW,CityName,State,LAX,CityName,State,0,0,-4,0,0,,302,716,0,0,0,0,0
2024-12-04,United,N329XX,7229,SFO,CityName,State,DFW,CityName,State,0,0,9,0,0,,267,1282,0,0,0,0,0
2024-12-04,United,N474XX,8882,BOS,CityName,State,MIA,CityName,State,0,0,-5,0,0,,97,259,0,0,0,0,0
2024-12-04,United,N654XX,8057,ORD,CityName,State,LAX,CityName,State,0,0,-8,0,0,,302,681,0,0,0,0,0
2024-12-04,Delta,N322XX,1982,SFO,CityName,State,BOS,CityName,State,0,0,6,0,0,,239,2310,0,0,0,0,0
2024-12-04,American,N580XX,3494,JFK,CityName,State,LAX,CityName,State,0,0,-2,0,0,,222,1085,0,0,0,0,0
2024-12-04,United,N441XX,4107,JFK,CityName,State,DFW,CityName,State,0,0,-12,0,0,,273,279,0,0,0,0,0
2024-12-04,American,N508XX,8825,ORD,CityName,State,SFO,CityName,State,0,0,-12,0,0,,192,1898,0,0,0,0,0
2024-12-04,Delta,N585XX,2705,JFK,CityName,State,DEN,CityName,State,0,0,7,0,0,,233,2437,0,0,0,0,0
2024-12-05,United,N370XX,4482,JFK,CityName,State,JFK,CityName,State,0,0,-12,0,0,,120,2206,0,0,0,0,0
2024-12-05,Southwest,N331XX,4579,LAX,CityName,State,JFK,CityName,State,0,0,-1,0,0,,69,2501,0,0,0,0,0
2024-12-05,American,N322XX,6477,ATL,CityName,State,DEN,CityName,State,120,1,106,1,0,,204,2421,0,106,0,0,0
2024-12-05,United,N622XX,5991,MIA,CityName,State,DEN,CityName,State,0,0,-9,0,0,,353,165,0,0,0,0,0
2024-12-05,JetBlue,N839XX,7990,SFO,CityName,State,SFO,CityName,State,60,1,64,1,0,,188,2350,64,0,0,0,0
2024-12-05,Delta,N957XX,6943,MIA,CityName,State,ATL,CityName,State,0,0,-3,0,0,,60,2448,0,0,0,0,0
2024-12-05,Southwest,N677XX,2667,SEA,CityName,State,DFW,CityName,State,0,0,8,0,0,,191,763,0,0,0,0,0
2024-12-05,JetBlue,N454XX,8337,LAX,CityName,State,SFO,CityName,State,0,0,-1,0,0,,228,1788,0,0,0,0,0
2024-12-05,JetBlue,N944XX,900,JFK,CityName,State,BOS,CityName,State,0,0,-8,0,0,,96,1892,0,0,0,0,0
2024-12-05,Southwest,N315XX,8173,DEN,CityName,State,SFO,CityName,State,0,0,-9,0,0,,248,276,0,0,0,0,0
2024-12-05,United,N125XX,3982,SEA,CityName,State,DEN,CityName,State,0,0,7,0,0,,317,708,0,0,0,0,0
2024-12-05,Southwest,N767XX,4945,JFK,CityName,State,JFK,CityName,State,0,0,-9,0,0,,55,153,0,0,0,0,0
2024-12-05,Southwest,N701XX,2874,DEN,CityName,State,DFW,CityName,State,0,0,-14,0,0,,312,1318,0,0,0,0,0
2024-12-05,United,N676XX,9795,SEA,CityName,State,ORD,CityName,State,0,0,-7,0,0,,84,1180,0,0,0,0,0
2024-12-05,JetBlue,N864XX,6094,MIA,CityName,State,DEN,CityName,State,0,0,0,0,0,,164,1413,0,0,0,0,0
2024-12-05,American,N953XX,7919,LAX,CityName,State,ORD,CityName,State,0,0,7,0,0,,263,1164,0,0,0,0,0
2024-12-05,United,N749XX,6247,JFK,CityName,State,DFW,CityName,State,15,1,8,0,0,,302,1570,0,0,0,0,0
2024-12-05,American,N182XX,6574,JFK,CityName,State,ATL,CityName,State,45,1,36,1,0,,349,2635,0,0,36,0,0
2024-12-05,American,N588XX,8108,MIA,CityName,State,SEA,CityName,State,15,1,18,1,0,,219,819,0,0,18,0,0
2024-12-05,JetBlue,N959XX,3833,LAX,CityName,State,LAX,CityName,State,0,0,8,0,0,,151,2924,0,0,0,0,0
2024-12-06,Southwest,N236XX,4319,ATL,CityName,State,JFK,CityName,State,30,1,30,1,0,,110,2881,0,30,0,0,0
2024-12-06,American,N650XX,5215,DFW,CityName,State,SEA,CityName,State,0,0,4,0,0,,199,1480,0,0,0,0,0
2024-12-06,Southwest,N677XX,432,JFK,CityName,State,SEA,CityName,State,0,0,9,0,0,,355,1803,0,0,0,0,0
2024-12-06,American,N839XX,5726,DEN,CityName,State,JFK,CityName,State,0,0,-12,0,0,,57,2988,0,0,0,0,0
2024-12-06,JetBlue,N676XX,1015,SEA,CityName,State,LAX,CityName,State,0,0,-5,0,0,,256,997,0,0,0,0,0
2024-12-06,Southwest,N314XX,7174,SFO,CityName,State,DFW,CityName,State,0,0,8,0,0,,163,2186,0,0,0,0,0
2024-12-06,United,N709XX,2763,DFW,CityName,State,BOS,CityName,State,15,1,12,0,0,,104,1888,0,0,0,0,0
2024-12-06,American,N392XX,8161,LAX,CityName,State,ORD,CityName,State,0,0,8,0,0,,68,2526,0,0,0,0,0
2024-12-06,American,N661XX,865,MIA,CityName,State,ORD,CityName,State,0,0,-3,0,0,,193,1881,0,0,0,0,0
2024-12-06,Southwest,N709XX,6387,LAX,CityName,State,JFK,CityName,State,0,0,7,0,0,,71,440,0,0,0,0,0
2024-12-06,United,N164XX,3074,MIA,CityName,State,DFW,CityName,State,0,0,1,0,0,,132,342,0,0,0,0,0
2024-12-06,Delta,N446XX,2366,JFK,CityName,State,ORD,CityName,State,0,0,-3,0,0,,50,2704,0,0,0,0,0
2024-12-06,American,N131XX,5939,LAX,CityName,State,BOS,CityName,State,60,1,62,1,0,,356,2663,62,0,0,0,0
2024-12-06,Southwest,N531XX,2347,DEN,CityName,State,BOS,CityName,State,0,0,-2,0,0,,326,2821,0,0,0,0,0
2024-12-07,United,N282XX,9895,SEA,CityName,State,DFW,CityName,State,0,0,8,0,0,,50,2951,0,0,0,0,0
2024-12-07,Southwest,N293XX,3498,SEA,CityName,State,LAX,CityName,State,0,0,1,0,0,,327,1553,0,0,0,0,0
2024-12-07,Southwest,N375XX,8895,SFO,CityName,State,ATL,CityName,State,120,1,129,1,0,,296,1206,129,0,0,0,0
2024-12-07,Southwest,N919XX,2836,DEN,CityName,State,SFO,CityName,State,0,0,-8,0,0,,55,2947,0,0,0,0,0
2024-12-07,United,N593XX,9380,JFK,CityName,State,MIA,CityName,State,0,0,1,0,0,,307,662,0,0,0,0,0
2024-12-07,JetBlue,N652XX,4090,BOS,CityName,State,JFK,CityName,State,15,1,1,0,0,,191,808,0,0,0,0,0
2024-12-07,JetBlue,N212XX,7842,MIA,CityName,State,ORD,CityName,State,15,1,4,0,0,,218,2267,0,0,0,0,0
2024-12-07,United,N245XX,5432,SEA,CityName,State,JFK,CityName,State,0,0,5,0,0,,220,1781,0,0,0,0,0
2024-12-07,American,N935XX,1810,SFO,CityName,State,SEA,CityName,State,0,0,-6,0,0,,315,373,0,0,0,0,0
2024-12-07,United,N640XX,3049,LAX,CityName,State,DEN,CityName,State,0,0,0,0,0,,169,2177,0,0,0,0,0
2024-12-07,JetBlue,N672XX,1189,DFW,CityName,State,DFW,CityName,State,60,1,66,1,0,,81,1543,0,0,0,0,66
2024-12-07,United,N255XX,1186,JFK,CityName,State,DEN,CityName,State,0,0,1,0,0,,49,1024,0,0,0,0,0
2024-12-07,United,N391XX,270,BOS,CityName,State,ATL,CityName,State,0,0,7,0,0,,183,1294,0,0,0,0,0
2024-12-07,Southwest,N621XX,4250,DFW,CityName,State,DFW,CityName,State,0,0,4,0,0,,232,1647,0,0,0,0,0
2024-12-07,JetBlue,N955XX,2488,SEA,CityName,State,MIA,CityName,State,0,0,0,0,1,A,227,1696,0,0,0,0,0
2024-12-07,United,N903XX,5138,ATL,CityName,State,MIA,CityName,State,0,0,9,0,0,,123,675,0,0,0,0,0
2024-12-08,Southwest,N724XX,867,SFO,CityName,State,LAX,CityName,State,0,0,-5,0,0,,109,1768,0,0,0,0,0
2024-12-08,American,N429XX,7512,JFK,CityName,State,SEA,CityName,State,120,1,127,1,0,,105,1055,127,0,0,0,0
2024-12-08,United,N546XX,5116,SEA,CityName,State,ATL,CityName,State,0,0,-14,0,0,,150,1783,0,0,0,0,0
2024-12-08,American,N716XX,6101,BOS,CityName,State,ATL,CityName,State,60,1,69,1,0,,143,801,69,0,0,0,0
2024-12-08,United,N177XX,5070,ATL,CityName,State,ORD,CityName,State,0,0,1,0,0,,168,1021,0,0,0,0,0
2024-12-08,JetBlue,N647XX,296,ATL,CityName,State,MIA,CityName,State,15,1,3,0,0,,205,1660,0,0,0,0,0
2024-12-08,Southwest,N234XX,3410,LAX,CityName,State,ATL,CityName,State,0,0,-10,0,0,,268,511,0,0,0,0,0
2024-12-08,United,N938XX,7817,SEA,CityName,State,ATL,CityName,State,0,0,9,0,0,,179,1006,0,0,0,0,0
2024-12-08,American,N515XX,2284,DEN,CityName,State,SEA,CityName,State,0,0,-14,0,0,,119,2934,0,0,0,0,0
2024-12-08,Delta,N906XX,6654,MIA,CityName,State,LAX,CityName,State,0,0,3,0,0,,85,854,0,0,0,0,0
2024-12-09,American,N775XX,3592,SFO,CityName,State,MIA,CityName,State,0,0,-13,0,0,,306,1181,0,0,0,0,0
2024-12-09,Delta,N110XX,8793,SFO,CityName,State,SEA,CityName,State,120,1,122,1,0,,319,2466,0,122,0,0,0
2024-12-09,Southwest,N303XX,9930,DFW,CityName,State,DEN,CityName,State,0,0,-9,0,0,,61,2017,0,0,0,0,0
2024-12-09,Southwest,N142XX,8680,MIA,CityName,State,ATL,CityName,State,15,1,8,0,0,,202,457,0,0,0,0,0
2024-12-09,JetBlue,N535XX,3739,LAX,CityName,State,ORD,CityName,State,0,0,1,0,0,,236,1474,0,0,0,0,0
2024-12-09,American,N956XX,1805,BOS,CityName,State,DFW,CityName,State,0,0,3,0,0,,298,1725,0,0,0,0,0
2024-12-09,United,N749XX,9494,DFW,CityName,State,MIA,CityName,State,0,0,-14,0,0,,156,2631,0,0,0,0,0
2024-12-09,Delta,N546XX,1755,SEA,CityName,State,BOS,CityName,State,0,0,-13,0,0,,192,2116,0,0,0,0,0
2024-12-09,American,N273XX,1684,SFO,CityName,State,LAX,CityName,State,15,1,23,1,0,,118,1042,0,0,0,0,23
2024-12-09,JetBlue,N597XX,4466,SEA,CityName,State,SEA,CityName,State,15,1,16,1,0,,110,660,0,16,0,0,0
2024-12-09,United,N494XX,3203,SFO,CityName,State,DFW,CityName,State,0,0,0,0,1,A,250,2175,0,0,0,0,0
2024-12-09,American,N248XX,1415,DFW,CityName,State,SEA,CityName,State,30,1,40,1,0,,312,1703,0,0,0,0,40
2024-12-09,United,N616XX,4988,MIA,CityName,State,ATL,CityName,State,0,0,8,0,0,,216,2709,0,0,0,0,0
2024-12-09,JetBlue,N342XX,5379,ATL,CityName,State,JFK,CityName,State,0,0,-4,0,0,,53,1897,0,0,0,0,0
2024-12-09,American,N376XX,4571,DFW,CityName,State,ATL,CityName,State,0,0,-12,0,0,,234,1377,0,0,0,0,0
2024-12-10,American,N137XX,7495,SFO,CityName,State,BOS,CityName,State,0,0,0,0,0,,150,2271,0,0,0,0,0
2024-12-10,Southwest,N246XX,4285,DEN,CityName,State,MIA,CityName,State,0,0,6,0,0,,215,1647,0,0,0,0,0
2024-12-10,American,N128XX,367,MIA,CityName,State,SEA,CityName,State,0,0,-4,0,0,,315,2024,0,0,0,0,0
2024-12-10,Southwest,N719XX,2126,SEA,CityName,State,MIA,CityName,State,15,1,17,1,0,,332,1142,17,0,0,0,0
2024-12-10,United,N839XX,607,LAX,CityName,State,SEA,CityName,State,240,1,242,1,0,,199,1184,0,0,0,0,242
2024-12-10,Delta,N769XX,2690,JFK,CityName,State,SEA,CityName,State,0,0,-2,0,0,,168,2568,0,0,0,0,0
2024-12-10,Delta,N324XX,8185,ATL,CityName,State,DFW,CityName,State,15,1,5,0,0,,66,1049,0,0,0,0,0
2024-12-10,Delta,N896XX,1148,LAX,CityName,State,MIA,CityName,State,0,0,-4,0,0,,265,2119,0,0,0,0,0
2024-12-10,JetBlue,N737XX,2762,ATL,CityName,State,MIA,CityName,State,0,0,7,0,0,,102,1367,0,0,0,0,0
2024-12-10,Delta,N771XX,4235,DFW,CityName,State,ATL,CityName,State,15,1,11,0,0,,321,1413,0,0,0,0,0
2024-12-10,United,N352XX,3595,ORD,CityName,State,BOS,CityName,State,0,0,1,0,0,,325,1849,0,0,0,0,0
2024-12-10,United,N987XX,4119,ATL,CityName,State,BOS,CityName,State,15,1,15,1,0,,74,2568,15,0,0,0,0
2024-12-10,American,N129XX,4879,SFO,CityName,State,ATL,CityName,State,15,1,9,0,0,,143,516,0,0,0,0,0
2024-12-10,Southwest,N950XX,6779,LAX,CityName,State,SEA,CityName,State,0,0,6,0,0,,237,1015,0,0,0,0,0
2024-12-11,United,N845XX,1267,DFW,CityName,State,DFW,CityName,State,60,1,64,1,0,,208,607,0,0,64,0,0
2024-12-11,Southwest,N775XX,7389,DFW,CityName,State,BOS,CityName,State,0,0,-4,0,0,,257,1660,0,0,0,0,0
2024-12-11,Delta,N695XX,1209,DEN,CityName,State,DFW,CityName,State,30,1,21,1,0,,148,1897,21,0,0,0,0
2024-12-11,Delta,N686XX,1511,LAX,CityName,State,LAX,CityName,State,0,0,-8,0,0,,115,1803,0,0,0,0,0
2024-12-11,United,N452XX,7320,DEN,CityName,State,JFK,CityName,State,0,0,-14,0,0,,91,2280,0,0,0,0,0
2024-12-11,JetBlue,N381XX,6155,SFO,CityName,State,SFO,CityName,State,0,0,-3,0,0,,80,2215,0,0,0,0,0
2024-12-11,United,N443XX,3443,SFO,CityName,State,DEN,CityName,State,120,1,109,1,0,,241,2506,109,0,0,0,0
2024-12-11,American,N848XX,8393,ORD,CityName,State,MIA,CityName,State,15,1,24,1,0,,200,1084,24,0,0,0,0
2024-12-12,JetBlue,N958XX,3788,SFO,CityName,State,DFW,CityName,State,15,1,1,0,0,,288,2463,0,0,0,0,0
2024-12-12,Southwest,N447XX,9025,SEA,CityName,State,SEA,CityName,State,0,0,4,0,0,,75,1690,0,0,0,0,0
2024-12-12,Delta,N849XX,8764,SFO,CityName,State,JFK,CityName,State,0,0,6,0,0,,133,2933,0,0,0,0,0
2024-12-12,Delta,N719XX,1850,MIA,CityName,State,SFO,CityName,State,15,1,21,1,0,,169,1271,21,0,0,0,0
2024-12-12,Southwest,N939XX,1240,SFO,CityName,State,JFK,CityName,State,0,0,-9,0,0,,92,2265,0,0,0,0,0
2024-12-12,United,N567XX,1965,MIA,CityName,State,DEN,CityName,State,15,1,19,1,0,,339,402,0,19,0,0,0
2024-12-12,American,N412XX,4254,SEA,CityName,State,MIA,CityName,State,15,1,20,1,0,,82,1548,20,0,0,0,0
2024-12-12,Southwest,N575XX,2096,SEA,CityName,State,DFW,CityName,State,0,0,-7,0,0,,119,157,0,0,0,0,0
2024-12-12,United,N323XX,6936,ATL,CityName,State,SEA,CityName,State,0,0,10,0,0,,318,2299,0,0,0,0,0
2024-12-12,Southwest,N977XX,4566,SFO,CityName,State,SFO,CityName,State,0,0,-11,0,0,,337,963,0,0,0,0,0
2024-12-12,United,N447XX,645,LAX,CityName,State,DFW,CityName,State,0,0,-13,0,0,,339,1147,0,0,0,0,0
2024-12-12,Southwest,N118XX,5347,BOS,CityName,State,ORD,CityName,State,0,0,7,0,0,,86,1817,0,0,0,0,0
2024-12-12,JetBlue,N148XX,4495,MIA,CityName,State,ATL,CityName,State,0,0,-12,0,0,,356,1861,0,0,0,0,0
2024-12-12,United,N380XX,2110,LAX,CityName,State,SEA,CityName,State,15,1,9,0,0,,188,2500,0,0,0,0,0
2024-12-12,Southwest,N477XX,2333,BOS,CityName,State,JFK,CityName,State,0,0,-14,0,0,,338,294,0,0,0,0,0
2024-12-12,United,N251XX,7639,DEN,CityName,State,BOS,CityName,State,0,0,6,0,0,,328,1494,0,0,0,0,0
2024-12-12,JetBlue,N886XX,5461,DEN,CityName,State,DFW,CityName,State,0,0,-2,0,0,,217,2744,0,0,0,0,0
2024-12-13,Delta,N998XX,9719,LAX,CityName,State,ORD,CityName,State,30,1,39,1,0,,180,802,39,0,0,0,0
2024-12-13,Delta,N162XX,7856,JFK,CityName,State,ATL,CityName,State,45,1,47,1,0,,163,543,0,47,0,0,0
2024-12-13,United,N985XX,1117,DFW,CityName,State,DEN,CityName,State,15,1,14,0,0,,206,557,0,0,0,0,0
2024-12-13,Delta,N659XX,9799,BOS,CityName,State,MIA,CityName,State,0,0,-2,0,0,,182,170,0,0,0,0,0
2024-12-13,American,N500XX,5133,SFO,CityName,State,LAX,CityName,State,30,1,26,1,0,,292,1748,0,0,0,0,26
2024-12-13,JetBlue,N815XX,438,SFO,CityName,State,ORD,CityName,State,0,0,-6,0,0,,340,946,0,0,0,0,0
2024-12-13,Delta,N410XX,3049,SFO,CityName,State,LAX,CityName,State,45,1,53,1,0,,90,1216,0,0,53,0,0
2024-12-13,United,N125XX,3512,SFO,CityName,State,ATL,CityName,State,0,0,9,0,0,,248,290,0,0,0,0,0
2024-12-13,JetBlue,N972XX,2020,DEN,CityName,State,SFO,CityName,State,0,0,7,0,0,,200,2604,0,0,0,0,0
2024-12-14,JetBlue,N678XX,9870,DEN,CityName,State,DEN,CityName,State,0,0,1,0,0,,222,670,0,0,0,0,0
2024-12-14,American,N893XX,1394,ORD,CityName,State,ORD,CityName,State,30,1,39,1,0,,292,1662,0,0,0,0,39
2024-12-14,United,N768XX,3986,ATL,CityName,State,SFO,CityName,State,0,0,5,0,0,,62,2386,0,0,0,0,0
2024-12-14,JetBlue,N807XX,5987,BOS,CityName,State,LAX,CityName,State,15,1,16,1,0,,75,1118,16,0,0,0,0
2024-12-14,JetBlue,N846XX,9791,LAX,CityName,State,SEA,CityName,State,0,0,3,0,0,,352,1593,0,0,0,0,0
2024-12-14,United,N494XX,5220,BOS,CityName,State,JFK,CityName,State,0,0,-8,0,0,,165,2931,0,0,0,0,0
2024-12-14,American,N378XX,602,LAX,CityName,State,SEA,CityName,State,0,0,2,0,0,,59,2485,0,0,0,0,0
2024-12-14,Southwest,N805XX,1304,DEN,CityName,State,DFW,CityName,State,0,0,10,0,0,,284,160,0,0,0,0,0
2024-12-15,United,N527XX,1770,DEN,CityName,State,DFW,CityName,State,15,1,8,0,0,,123,2707,0,0,0,0,0
2024-12-15,Delta,N613XX,2834,LAX,CityName,State,ATL,CityName,State,0,0,-6,0,0,,304,1349,0,0,0,0,0
2024-12-15,Delta,N276XX,8118,DEN,CityName,State,MIA,CityName,State,0,0,10,0,0,,107,328,0,0,0,0,0
2024-12-15,American,N784XX,8678,MIA,CityName,State,DEN,CityName,State,0,0,-10,0,0,,273,472,0,0,0,0,0
2024-12-15,Southwest,N922XX,108,DFW,CityName,State,JFK,CityName,State,0,0,9,0,0,,118,2455,0,0,0,0,0
2024-12-15,Southwest,N551XX,1768,SEA,CityName,State,DFW,CityName,State,0,0,-13,0,0,,63,1753,0,0,0,0,0
2024-12-15,Delta,N870XX,9997,LAX,CityName,State,DEN,CityName,State,30,1,38,1,0,,206,1178,0,0,0,0,38
2024-12-15,Delta,N678XX,1577,ATL,CityName,State,DEN,CityName,State,0,0,-5,0,0,,52,1430,0,0,0,0,0
2024-12-15,Southwest,N114XX,2062,BOS,CityName,State,DEN,CityName,State,60,1,51,1,0,,336,847,0,51,0,0,0
2024-12-15,American,N311XX,2841,ATL,CityName,State,SEA,CityName,State,0,0,-12,0,0,,196,2626,0,0,0,0,0
2024-12-15,Delta,N416XX,2189,MIA,CityName,State,SFO,CityName,State,0,0,-14,0,0,,291,2574,0,0,0,0,0
2024-12-15,JetBlue,N618XX,6783,BOS,CityName,State,SEA,CityName,State,0,0,-2,0,0,,196,327,0,0,0,0,0
2024-12-15,JetBlue,N634XX,6373,JFK,CityName,State,LAX,CityName,State,0,0,2,0,0,,277,2595,0,0,0,0,0
2024-12-15,JetBlue,N150XX,7352,DFW,CityName,State,ATL,CityName,State,0,0,-12,0,0,,238,1963,0,0,0,0,0
2024-12-15,Delta,N130XX,2537,SFO,CityName,State,DEN,CityName,State,0,0,-12,0,0,,241,2293,0,0,0,0,0
2024-12-16,American,N774XX,7033,ATL,CityName,State,DEN,CityName,State,0,0,1,0,0,,354,194,0,0,0,0,0
2024-12-16,JetBlue,N676XX,8395,DFW,CityName,State,SEA,CityName,State,0,0,-8,0,0,,240,2288,0,0,0,0,0
2024-12-16,Southwest,N989XX,1031,ATL,CityName,State,SEA,CityName,State,0,0,-5,0,0,,87,2771,0,0,0,0,0
2024-12-16,JetBlue,N174XX,2350,DFW,CityName,State,ORD,CityName,State,0,0,-5,0,0,,176,2815,0,0,0,0,0
2024-12-16,JetBlue,N633XX,1709,MIA,CityName,State,SEA,CityName,State,0,0,9,0,0,,348,2973,0,0,0,0,0
2024-12-16,Delta,N539XX,3577,DEN,CityName,State,MIA,CityName,State,0,0,-12,0,0,,332,181,0,0,0,0,0
2024-12-16,Delta,N321XX,8012,JFK,CityName,State,SFO,CityName,State,30,1,37,1,0,,176,618,37,0,0,0,0
2024-12-16,Delta,N451XX,1959,MIA,CityName,State,SFO,CityName,State,0,0,8,0,0,,269,681,0,0,0,0,0
2024-12-16,American,N876XX,879,ATL,CityName,State,BOS,CityName,State,30,1,16,1,0,,323,247,0,0,16,0,0
2024-12-16,Southwest,N803XX,8045,SFO,CityName,State,JFK,CityName,State,0,0,7,0,0,,355,2507,0,0,0,0,0
2024-12-16,JetBlue,N504XX,7659,JFK,CityName,State,SFO,CityName,State,0,0,6,0,0,,215,381,0,0,0,0,0
2024-12-16,Southwest,N330XX,1275,MIA,CityName,State,SEA,CityName,State,15,1,24,1,0,,158,2140,0,0,24,0,0
2024-12-16,Southwest,N489XX,1802,DFW,CityName,State,JFK,CityName,State,0,0,-10,0,0,,110,2355,0,0,0,0,0
2024-12-17,Southwest,N425XX,1743,DEN,CityName,State,BOS,CityName,State,0,0,-10,0,0,,165,2492,0,0,0,0,0
2024-12-17,JetBlue,N203XX,3574,MIA,CityName,State,MIA,CityName,State,15,1,9,0,0,,95,2992,0,0,0,0,0
2024-12-17,United,N816XX,8233,ATL,CityName,State,ORD,CityName,State,45,1,44,1,0,,238,2710,0,0,44,0,0
2024-12-17,Delta,N477XX,4413,SEA,CityName,State,SEA,CityName,State,120,1,121,1,0,,154,2242,121,0,0,0,0
2024-12-17,United,N302XX,7939,DEN,CityName,State,DEN,CityName,State,15,1,11,0,0,,46,1002,0,0,0,0,0
2024-12-17,JetBlue,N401XX,9753,DEN,CityName,State,SEA,CityName,State,15,1,20,1,0,,222,2748,0,0,0,0,20
2024-12-17,JetBlue,N957XX,5047,SEA,CityName,State,MIA,CityName,State,0,0,6,0,0,,50,374,0,0,0,0,0
2024-12-17,Delta,N259XX,8041,MIA,CityName,State,SFO,CityName,State,0,0,0,0,0,,126,834,0,0,0,0,0
2024-12-17,United,N148XX,8267,ORD,CityName,State,SFO,CityName,State,0,0,7,0,0,,137,2247,0,0,0,0,0
2024-12-17,American,N231XX,5187,JFK,CityName,State,MIA,CityName,State,0,0,10,0,0,,254,2991,0,0,0,0,0
2024-12-17,American,N892XX,7238,ATL,CityName,State,ATL,CityName,State,0,0,-7,0,0,,256,2253,0,0,0,0,0
2024-12-17,JetBlue,N994XX,9923,ATL,CityName,State,LAX,CityName,State,15,1,7,0,0,,46,1505,0,0,0,0,0
2024-12-17,JetBlue,N449XX,2319,ATL,CityName,State,JFK,CityName,State,0,0,1,0,0,,85,1862,0,0,0,0,0
2024-12-17,Delta,N537XX,9250,DEN,CityName,State,SFO,CityName,State,0,0,-10,0,0,,213,1069,0,0,0,0,0
2024-12-17,Delta,N771XX,8905,LAX,CityName,State,ORD,CityName,State,0,0,-6,0,0,,51,1112,0,0,0,0,0
2024-12-17,JetBlue,N731XX,5805,DFW,CityName,State,MIA,CityName,State,0,0,-13,0,0,,114,1008,0,0,0,0,0
2024-12-18,American,N682XX,9677,LAX,CityName,State,DEN,CityName,State,0,0,-6,0,0,,202,1545,0,0,0,0,0
2024-12-18,Southwest,N980XX,5184,MIA,CityName,State,DFW,CityName,State,0,0,9,0,0,,165,1271,0,0,0,0,0
2024-12-18,American,N976XX,8805,LAX,CityName,State,BOS,CityName,State,15,1,20,1,0,,228,1785,0,0,0,0,20
2024-12-18,American,N940XX,6393,JFK,CityName,State,BOS,CityName,State,0,0,-12,0,0,,55,1450,0,0,0,0,0
2024-12-18,JetBlue,N807XX,2288,LAX,CityName,State,ORD,CityName,State,0,0,6,0,0,,250,1610,0,0,0,0,0
2024-12-18,Southwest,N413XX,1356,JFK,CityName,State,ATL,CityName,State,0,0,-3,0,0,,340,2960,0,0,0,0,0
2024-12-18,Southwest,N137XX,8389,BOS,CityName,State,DEN,CityName,State,0,0,5,0,0,,197,2569,0,0,0,0,0
2024-12-18,JetBlue,N498XX,1895,ATL,CityName,State,MIA,CityName,State,0,0,-2,0,0,,87,2472,0,0,0,0,0
2024-12-18,American,N646XX,7505,DEN,CityName,State,DEN,CityName,State,0,0,6,0,0,,156,2884,0,0,0,0,0
2024-12-19,American,N931XX,849,ATL,CityName,State,SFO,CityName,State,120,1,114,1,0,,190,2768,0,0,114,0,0
2024-12-19,Southwest,N192XX,4467,ORD,CityName,State,JFK,CityName,State,0,0,3,0,0,,158,900,0,0,0,0,0
2024-12-19,JetBlue,N340XX,9767,SFO,CityName,State,ATL,CityName,State,0,0,-1,0,0,,73,2529,0,0,0,0,0
2024-12-19,American,N763XX,9113,LAX,CityName,State,ATL,CityName,State,45,1,55,1,0,,93,2023,0,0,0,0,55
2024-12-19,American,N658XX,720,ORD,CityName,State,SEA,CityName,State,0,0,10,0,0,,126,754,0,0,0,0,0
2024-12-19,Southwest,N629XX,9116,BOS,CityName,State,MIA,CityName,State,0,0,4,0,0,,291,906,0,0,0,0,0
2024-12-19,Delta,N930XX,4666,BOS,CityName,State,SFO,CityName,State,0,0,0,0,1,A,199,1468,0,0,0,0,0
2024-12-19,American,N618XX,5356,DEN,CityName,State,SFO,CityName,State,0,0,-8,0,0,,119,2533,0,0,0,0,0
2024-12-19,JetBlue,N751XX,1810,DFW,CityName,State,ORD,CityName,State,240,1,237,1,0,,168,1612,0,237,0,0,0
2024-12-19,American,N552XX,9191,ATL,CityName,State,SEA,CityName,State,0,0,-2,0,0,,346,2024,0,0,0,0,0
2024-12-19,Southwest,N436XX,901,ORD,CityName,State,BOS,CityName,State,45,1,31,1,0,,147,1418,31,0,0,0,0
2024-12-19,Southwest,N841XX,8606,MIA,CityName,State,BOS,CityName,State,0,0,8,0,0,,341,455,0,0,0,0,0
2024-12-19,JetBlue,N553XX,293,SFO,CityName,State,DFW,CityName,State,0,0,-9,0,0,,271,1408,0,0,0,0,0
2024-12-19,United,N298XX,1182,SEA,CityName,State,JFK,CityName,State,15,1,5,0,0,,184,2975,0,0,0,0,0
2024-12-20,American,N640XX,3701,DFW,CityName,State,JFK,CityName,State,0,0,10,0,0,,359,2617,0,0,0,0,0
2024-12-20,JetBlue,N364XX,6490,JFK,CityName,State,MIA,CityName,State,0,0,0,0,1,A,59,1789,0,0,0,0,0
2024-12-20,Southwest,N329XX,3948,DEN,CityName,State,ORD,CityName,State,15,1,16,1,0,,148,1589,16,0,0,0,0
2024-12-20,Delta,N859XX,5649,DFW,CityName,State,SFO,CityName,State,0,0,5,0,0,,318,2269,0,0,0,0,0
2024-12-20,American,N463XX,3044,LAX,CityName,State,DFW,CityName,State,0,0,-7,0,0,,281,1621,0,0,0,0,0
2024-12-20,Delta,N601XX,5143,JFK,CityName,State,DEN,CityName,State,0,0,9,0,0,,243,2608,0,0,0,0,0
2024-12-20,JetBlue,N633XX,8034,JFK,CityName,State,MIA,CityName,State,0,0,-4,0,0,,47,2386,0,0,0,0,0
2024-12-20,JetBlue,N149XX,5681,MIA,CityName,State,MIA,CityName,State,0,0,7,0,0,,89,2987,0,0,0,0,0
2024-12-20,Delta,N742XX,7809,DEN,CityName,State,JFK,CityName,State,60,1,56,1,0,,166,612,56,0,0,0,0
2024-12-20,American,N352XX,4435,JFK,CityName,State,BOS,CityName,State,0,0,1,0,0,,227,1876,0,0,0,0,0
2024-12-20,Delta,N394XX,1524,BOS,CityName,State,SEA,CityName,State,0,0,-12,0,0,,227,236,0,0,0,0,0
2024-12-20,American,N937XX,364,LAX,CityName,State,DFW,CityName,State,0,0,3,0,0,,111,1173,0,0,0,0,0
2024-12-20,JetBlue,N715XX,5994,DFW,CityName,State,JFK,CityName,State,0,0,-8,0,0,,119,2904,0,0,0,0,0
2024-12-20,Delta,N796XX,2981,BOS,CityName,State,JFK,CityName,State,0,0,9,0,0,,96,500,0,0,0,0,0
2024-12-20,Delta,N858XX,4804,LAX,CityName,State,JFK,CityName,State,0,0,6,0,0,,334,2373,0,0,0,0,0
2024-12-20,JetBlue,N785XX,8682,MIA,CityName,State,JFK,CityName,State,15,1,13,0,0,,204,926,0,0,0,0,0
2024-12-20,Southwest,N776XX,3389,ATL,CityName,State,DEN,CityName,State,0,0,-9,0,0,,130,2724,0,0,0,0,0
2024-12-20,American,N279XX,3578,ATL,CityName,State,SFO,CityName,State,15,1,8,0,0,,236,2275,0,0,0,0,0
2024-12-20,Delta,N499XX,3682,BOS,CityName,State,DEN,CityName,State,0,0,-2,0,0,,122,2314,0,0,0,0,0
2024-12-21,Delta,N790XX,9356,ATL,CityName,State,SFO,CityName,State,0,0,-4,0,0,,205,598,0,0,0,0,0
2024-12-21,United,N720XX,9735,ORD,CityName,State,ORD,CityName,State,0,0,-13,0,0,,80,1213,0,0,0,0,0
2024-12-21,JetBlue,N293XX,6122,JFK,CityName,State,BOS,CityName,State,0,0,7,0,0,,77,1020,0,0,0,0,0
2024-12-21,JetBlue,N360XX,575,SEA,CityName,State,SFO,CityName,State,0,0,3,0,0,,164,391,0,0,0,0,0
2024-12-21,American,N646XX,9891,SEA,CityName,State,SFO,CityName,State,15,1,23,1,0,,56,795,0,23,0,0,0
2024-12-21,Delta,N243XX,8926,SFO,CityName,State,DFW,CityName,State,0,0,-4,0,0,,199,2987,0,0,0,0,0
2024-12-21,JetBlue,N392XX,2173,LAX,CityName,State,SFO,CityName,State,15,1,17,1,0,,87,1736,0,17,0,0,0
2024-12-21,Delta,N523XX,6417,LAX,CityName,State,ATL,CityName,State,240,1,245,1,0,,108,2728,0,0,245,0,0
2024-12-21,Southwest,N657XX,4450,ATL,CityName,State,DEN,CityName,State,0,0,-7,0,0,,248,2900,0,0,0,0,0
2024-12-21,United,N409XX,3021,DEN,CityName,State,SFO,CityName,State,0,0,1,0,0,,122,2517,0,0,0,0,0
2024-12-21,Delta,N173XX,3702,ATL,CityName,State,DFW,CityName,State,0,0,-9,0,0,,101,828,0,0,0,0,0
2024-12-21,Delta,N526XX,987,JFK,CityName,State,ATL,CityName,State,30,1,38,1,0,,311,548,38,0,0,0,0
2024-12-21,Southwest,N602XX,4381,LAX,CityName,State,ATL,CityName,State,15,1,1,0,0,,118,196,0,0,0,0,0
2024-12-22,United,N480XX,4370,DEN,CityName,State,ATL,CityName,State,0,0,6,0,0,,104,1445,0,0,0,0,0
2024-12-22,JetBlue,N833XX,2269,MIA,CityName,State,ATL,CityName,State,0,0,5,0,0,,111,1653,0,0,0,0,0
2024-12-22,United,N608XX,5660,JFK,CityName,State,SFO,CityName,State,0,0,-13,0,0,,201,796,0,0,0,0,0
2024-12-22,American,N708XX,4631,BOS,CityName,State,BOS,CityName,State,0,0,-5,0,0,,165,1873,0,0,0,0,0
2024-12-22,Delta,N105XX,1907,SEA,CityName,State,MIA,CityName,State,45,1,55,1,0,,162,2153,55,0,0,0,0
2024-12-22,American,N136XX,2031,DEN,CityName,State,MIA,CityName,State,15,1,9,0,0,,73,1143,0,0,0,0,0
2024-12-22,JetBlue,N414XX,377,ATL,CityName,State,ORD,CityName,State,0,0,-11,0,0,,201,701,0,0,0,0,0
2024-12-22,JetBlue,N862XX,5260,ORD,CityName,State,ATL,CityName,State,0,0,-2,0,0,,159,2299,0,0,0,0,0
2024-12-22,American,N881XX,3418,SFO,CityName,State,DEN,CityName,State,0,0,-2,0,0,,300,584,0,0,0,0,0
2024-12-22,Southwest,N243XX,5587,MIA,CityName,State,BOS,CityName,State,0,0,-9,0,0,,311,1369,0,0,0,0,0
2024-12-22,American,N152XX,2218,DFW,CityName,State,ORD,CityName,State,15,1,5,0,0,,61,1607,0,0,0,0,0
2024-12-22,Delta,N326XX,3559,LAX,CityName,State,SEA,CityName,State,0,0,6,0,0,,208,1742,0,0,0,0,0
2024-12-22,Delta,N761XX,5206,DEN,CityName,State,DEN,CityName,State,0,0,-12,0,0,,268,1927,0,0,0,0,0
2024-12-22,Delta,N349XX,7408,ATL,CityName,State,SFO,CityName,State,15,1,24,1,0,,219,2391,24,0,0,0,0
2024-12-22,Southwest,N422XX,9763,SEA,CityName,State,DEN,CityName,State,30,1,31,1,0,,272,1656,0,31,0,0,0
2024-12-22,JetBlue,N537XX,1885,LAX,CityName,State,SEA,CityName,State,15,1,20,1,0,,145,992,0,0,0,0,20
2024-12-22,United,N617XX,2891,MIA,CityName,State,JFK,CityName,State,30,1,40,1,0,,149,732,40,0,0,0,0
2024-12-22,JetBlue,N698XX,5762,DEN,CityName,State,JFK,CityName,State,0,0,4,0,0,,81,427,0,0,0,0,0
2024-12-23,United,N774XX,8996,ATL,CityName,State,ATL,CityName,State,0,0,-1,0,0,,289,1613,0,0,0,0,0
2024-12-23,Southwest,N554XX,6051,DFW,CityName,State,ATL,CityName,State,0,0,0,0,0,,325,2239,0,0,0,0,0
2024-12-23,Delta,N960XX,6115,SEA,CityName,State,JFK,CityName,State,15,1,14,0,0,,268,220,0,0,0,0,0
2024-12-23,Delta,N587XX,1703,ORD,CityName,State,SFO,CityName,State,15,1,2,0,0,,345,2891,0,0,0,0,0
2024-12-23,United,N893XX,7750,DFW,CityName,State,ATL,CityName,State,0,0,-1,0,0,,221,650,0,0,0,0,0
2024-12-23,JetBlue,N473XX,9822,ORD,CityName,State,JFK,CityName,State,0,0,9,0,0,,281,1730,0,0,0,0,0
2024-12-23,American,N837XX,3791,SFO,CityName,State,DEN,CityName,State,0,0,4,0,0,,113,1297,0,0,0,0,0
2024-12-23,Southwest,N171XX,727,JFK,CityName,State,LAX,CityName,State,0,0,-3,0,0,,150,2712,0,0,0,0,0
2024-12-23,United,N131XX,6407,MIA,CityName,State,SEA,CityName,State,0,0,5,0,0,,213,2131,0,0,0,0,0
2024-12-23,Southwest,N263XX,2376,MIA,CityName,State,BOS,CityName,State,240,1,245,1,0,,350,2304,0,0,245,0,0
2024-12-23,Southwest,N925XX,3120,DEN,CityName,State,BOS,CityName,State,0,0,-2,0,0,,206,2442,0,0,0,0,0
2024-12-23,United,N439XX,1574,SEA,CityName,State,DFW,CityName,State,15,1,6,0,0,,65,2068,0,0,0,0,0
2024-12-23,United,N414XX,1886,ATL,CityName,State,BOS,CityName,State,0,0,-3,0,0,,312,2048,0,0,0,0,0
2024-12-23,American,N699XX,6861,MIA,CityName,State,BOS,CityName,State,0,0,-8,0,0,,161,2201,0,0,0,0,0
2024-12-23,JetBlue,N209XX,1493,ORD,CityName,State,BOS,CityName,State,0,0,-4,0,0,,81,1751,0,0,0,0,0
2024-12-23,Delta,N593XX,5270,JFK,CityName,State,ORD,CityName,State,0,0,-1,0,0,,133,282,0,0,0,0,0
2024-12-23,Delta,N438XX,686,SFO,CityName,State,DEN,CityName,State,0,0,-2,0,0,,235,2498,0,0,0,0,0
2024-12-23,Delta,N488XX,5535,BOS,CityName,State,DFW,CityName,State,0,0,-13,0,0,,196,2539,0,0,0,0,0
2024-12-23,Delta,N210XX,4707,ORD,CityName,State,SFO,CityName,State,0,0,3,0,0,,214,708,0,0,0,0,0
2024-12-24,JetBlue,N770XX,9564,BOS,CityName,State,SEA,CityName,State,0,0,6,0,0,,353,2410,0,0,0,0,0
2024-12-24,United,N895XX,3470,SFO,CityName,State,DEN,CityName,State,0,0,-4,0,0,,94,2053,0,0,0,0,0
2024-12-24,American,N290XX,7578,ORD,CityName,State,DEN,CityName,State,0,0,6,0,0,,193,834,0,0,0,0,0
2024-12-24,Southwest,N766XX,6369,ATL,CityName,State,ORD,CityName,State,0,0,-5,0,0,,62,2520,0,0,0,0,0
2024-12-24,Delta,N638XX,7042,ATL,CityName,State,BOS,CityName,State,0,0,-12,0,0,,313,1663,0,0,0,0,0
2024-12-24,Delta,N643XX,485,BOS,CityName,State,DFW,CityName,State,0,0,1,0,0,,303,2139,0,0,0,0,0
2024-12-24,Delta,N601XX,9618,SFO,CityName,State,DFW,CityName,State,0,0,3,0,0,,345,2280,0,0,0,0,0
2024-12-24,United,N376XX,8596,LAX,CityName,State,DFW,CityName,State,0,0,-5,0,0,,302,2872,0,0,0,0,0
2024-12-24,Delta,N935XX,3332,SFO,CityName,State,ORD,CityName,State,240,1,226,1,0,,255,1054,0,0,0,0,226
2024-12-24,Delta,N247XX,9374,MIA,CityName,State,ATL,CityName,State,30,1,34,1,0,,58,1649,34,0,0,0,0
2024-12-24,Southwest,N887XX,8514,DFW,CityName,State,LAX,CityName,State,0,0,-5,0,0,,45,2317,0,0,0,0,0
2024-12-24,Delta,N526XX,2229,LAX,CityName,State,ATL,CityName,State,30,1,21,1,0,,117,1659,0,21,0,0,0
2024-12-24,Delta,N400XX,8880,DEN,CityName,State,ORD,CityName,State,0,0,-3,0,0,,330,1622,0,0,0,0,0
2024-12-25,Delta,N527XX,6667,ATL,CityName,State,MIA,CityName,State,0,0,0,0,0,,211,883,0,0,0,0,0
2024-12-25,American,N436XX,6091,SFO,CityName,State,DEN,CityName,State,60,1,68,1,0,,83,1305,0,68,0,0,0
2024-12-25,Delta,N420XX,4918,BOS,CityName,State,BOS,CityName,State,0,0,3,0,0,,244,1701,0,0,0,0,0
2024-12-25,United,N868XX,8003,LAX,CityName,State,DEN,CityName,State,0,0,-4,0,0,,175,510,0,0,0,0,0
2024-12-25,Southwest,N969XX,8751,SEA,CityName,State,LAX,CityName,State,0,0,-4,0,0,,50,732,0,0,0,0,0
2024-12-25,Delta,N242XX,7082,DEN,CityName,State,SEA,CityName,State,0,0,-9,0,0,,263,919,0,0,0,0,0
2024-12-25,JetBlue,N367XX,7804,SEA,CityName,State,SFO,CityName,State,0,0,2,0,0,,162,1861,0,0,0,0,0
2024-12-25,Delta,N171XX,3208,ORD,CityName,State,BOS,CityName,State,0,0,10,0,0,,294,1729,0,0,0,0,0
2024-12-25,American,N165XX,2380,BOS,CityName,State,MIA,CityName,State,0,0,0,0,1,A,307,2396,0,0,0,0,0
2024-12-25,Delta,N287XX,5510,JFK,CityName,State,DFW,CityName,State,0,0,3,0,0,,111,2429,0,0,0,0,0
2024-12-25,Southwest,N387XX,7361,DFW,CityName,State,DEN,CityName,State,0,0,9,0,0,,166,1568,0,0,0,0,0
2024-12-26,United,N500XX,105,DFW,CityName,State,DFW,CityName,State,0,0,-10,0,0,,83,2352,0,0,0,0,0
2024-12-26,Southwest,N628XX,6963,ATL,CityName,State,DFW,CityName,State,0,0,4,0,0,,308,2557,0,0,0,0,0
2024-12-26,Southwest,N307XX,6129,BOS,CityName,State,MIA,CityName,State,0,0,-4,0,0,,90,2470,0,0,0,0,0
2024-12-26,United,N754XX,824,MIA,CityName,State,SFO,CityName,State,0,0,3,0,0,,110,2074,0,0,0,0,0
2024-12-26,Southwest,N401XX,2085,JFK,CityName,State,ATL,CityName,State,60,1,49,1,0,,82,1447,0,0,49,0,0
2024-12-26,JetBlue,N578XX,4555,ORD,CityName,State,BOS,CityName,State,0,0,6,0,0,,285,223,0,0,0,0,0
2024-12-26,United,N490XX,4327,DFW,CityName,State,LAX,CityName,State,0,0,-10,0,0,,261,286,0,0,0,0,0
2024-12-26,Delta,N360XX,2918,ORD,CityName,State,BOS,CityName,State,0,0,-11,0,0,,261,1523,0,0,0,0,0
2024-12-26,American,N372XX,5697,ATL,CityName,State,ORD,CityName,State,0,0,9,0,0,,309,2487,0,0,0,0,0
2024-12-26,Southwest,N370XX,9856,MIA,CityName,State,SFO,CityName,State,0,0,-3,0,0,,66,2441,0,0,0,0,0
2024-12-26,Southwest,N246XX,4514,SFO,CityName,State,MIA,CityName,State,240,1,234,1,0,,119,2650,0,234,0,0,0
2024-12-26,American,N347XX,6602,BOS,CityName,State,DEN,CityName,State,0,0,6,0,0,,127,623,0,0,0,0,0
2024-12-26,Delta,N904XX,9246,SEA,CityName,State,ORD,CityName,State,30,1,20,1,0,,139,1547,0,0,20,0,0
2024-12-26,Delta,N207XX,7876,ATL,CityName,State,MIA,CityName,State,0,0,1,0,0,,331,1464,0,0,0,0,0
2024-12-26,JetBlue,N285XX,3416,ORD,CityName,State,SEA,CityName,State,0,0,-7,0,0,,231,1526,0,0,0,0,0
2024-12-26,United,N242XX,2908,JFK,CityName,State,DFW,CityName,State,0,0,-8,0,0,,135,1768,0,0,0,0,0
2024-12-26,Delta,N687XX,9561,ATL,CityName,State,ORD,CityName,State,0,0,1,0,0,,299,2469,0,0,0,0,0
2024-12-26,JetBlue,N319XX,9162,SEA,CityName,State,SFO,CityName,State,0,0,8,0,0,,143,908,0,0,0,0,0
2024-12-26,Southwest,N432XX,5202,DEN,CityName,State,ORD,CityName,State,0,0,2,0,0,,283,2471,0,0,0,0,0
2024-12-26,Delta,N942XX,3117,LAX,CityName,State,MIA,CityName,State,0,0,6,0,0,,61,390,0,0,0,0,0
2024-12-27,Southwest,N208XX,6556,ATL,CityName,State,SFO,CityName,State,60,1,56,1,0,,354,1142,0,0,56,0,0
2024-12-27,Southwest,N426XX,1465,DFW,CityName,State,JFK,CityName,State,0,0,-7,0,0,,127,466,0,0,0,0,0
2024-12-27,Southwest,N574XX,3965,ATL,CityName,State,JFK,CityName,State,45,1,39,1,0,,59,2929,0,0,0,0,39
2024-12-27,Southwest,N668XX,2199,DEN,CityName,State,JFK,CityName,State,15,1,7,0,0,,69,1753,0,0,0,0,0
2024-12-27,JetBlue,N869XX,4760,SEA,CityName,State,ORD,CityName,State,15,1,17,1,0,,346,519,17,0,0,0,0
2024-12-27,United,N202XX,7361,LAX,CityName,State,BOS,CityName,State,0,0,5,0,0,,50,634,0,0,0,0,0
2024-12-27,United,N616XX,4362,JFK,CityName,State,MIA,CityName,State,15,1,11,0,0,,282,1981,0,0,0,0,0
2024-12-27,Southwest,N414XX,9830,SEA,CityName,State,DEN,CityName,State,0,0,-8,0,0,,342,730,0,0,0,0,0
2024-12-27,JetBlue,N590XX,6341,JFK,CityName,State,ORD,CityName,State,0,0,1,0,0,,232,646,0,0,0,0,0
2024-12-27,Southwest,N641XX,5920,SFO,CityName,State,JFK,CityName,State,0,0,-5,0,0,,51,1980,0,0,0,0,0
2024-12-27,American,N536XX,6008,DEN,CityName,State,MIA,CityName,State,15,1,6,0,0,,115,928,0,0,0,0,0
2024-12-27,Southwest,N775XX,1492,SFO,CityName,State,JFK,CityName,State,0,0,-6,0,0,,98,1034,0,0,0,0,0
2024-12-27,Delta,N113XX,3361,BOS,CityName,State,ORD,CityName,State,0,0,7,0,0,,241,1290,0,0,0,0,0
2024-12-27,United,N625XX,7246,BOS,CityName,State,DEN,CityName,State,0,0,-4,0,0,,341,921,0,0,0,0,0
2024-12-27,American,N259XX,235,BOS,CityName,State,DFW,CityName,State,0,0,0,0,0,,94,744,0,0,0,0,0
2024-12-27,United,N721XX,8167,ORD,CityName,State,LAX,CityName,State,0,0,4,0,0,,216,2621,0,0,0,0,0
2024-12-27,JetBlue,N245XX,7687,MIA,CityName,State,MIA,CityName,State,0,0,-10,0,0,,144,2756,0,0,0,0,0
2024-12-27,United,N567XX,2371,SFO,CityName,State,LAX,CityName,State,0,0,-12,0,0,,262,2073,0,0,0,0,0
2024-12-27,Delta,N158XX,7295,LAX,CityName,State,SFO,CityName,State,0,0,-7,0,0,,250,602,0,0,0,0,0
2024-12-27,United,N633XX,8323,BOS,CityName,State,MIA,CityName,State,0,0,-7,0,0,,55,2690,0,0,0,0,0
2024-12-27,JetBlue,N630XX,386,BOS,CityName,State,BOS,CityName,State,0,0,-6,0,0,,318,1622,0,0,0,0,0
2024-12-28,American,N409XX,9084,DFW,CityName,State,DEN,CityName,State,0,0,-12,0,0,,328,1606,0,0,0,0,0
2024-12-28,American,N195XX,8238,BOS,CityName,State,SFO,CityName,State,0,0,-12,0,0,,101,1401,0,0,0,0,0
2024-12-28,American,N208XX,6322,DFW,CityName,State,SEA,CityName,State,0,0,9,0,0,,107,1093,0,0,0,0,0
2024-12-28,JetBlue,N102XX,8335,DEN,CityName,State,SFO,CityName,State,0,0,4,0,0,,172,1399,0,0,0,0,0
2024-12-28,American,N385XX,9164,MIA,CityName,State,BOS,CityName,State,0,0,-11,0,0,,231,1644,0,0,0,0,0
2024-12-28,Delta,N861XX,6989,DEN,CityName,State,ORD,CityName,State,0,0,-8,0,0,,262,1500,0,0,0,0,0
2024-12-28,Southwest,N481XX,2129,SEA,CityName,State,ORD,CityName,State,0,0,5,0,0,,120,2723,0,0,0,0,0
2024-12-28,Southwest,N472XX,9687,MIA,CityName,State,SFO,CityName,State,0,0,0,0,0,,140,2899,0,0,0,0,0
2024-12-28,Delta,N213XX,4651,JFK,CityName,State,MIA,CityName,State,60,1,67,1,0,,227,1618,67,0,0,0,0
2024-12-28,Southwest,N354XX,7888,DFW,CityName,State,SFO,CityName,State,0,0,-11,0,0,,131,1060,0,0,0,0,0
2024-12-28,Delta,N736XX,6466,BOS,CityName,State,BOS,CityName,State,0,0,0,0,0,,284,277,0,0,0,0,0
2024-12-28,Delta,N398XX,2144,DEN,CityName,State,MIA,CityName,State,0,0,-10,0,0,,306,1799,0,0,0,0,0
2024-12-28,United,N628XX,5318,SFO,CityName,State,DEN,CityName,State,0,0,-10,0,0,,194,2138,0,0,0,0,0
2024-12-28,Southwest,N993XX,1471,DEN,CityName,State,SFO,CityName,State,15,1,9,0,0,,102,1773,0,0,0,0,0
2024-12-28,Southwest,N645XX,850,SEA,CityName,State,LAX,CityName,State,0,0,-5,0,0,,199,2321,0,0,0,0,0
2024-12-29,Southwest,N367XX,1024,LAX,CityName,State,DFW,CityName,State,60,1,53,1,0,,209,2523,53,0,0,0,0
2024-12-29,American,N208XX,5099,DFW,CityName,State,JFK,CityName,State,0,0,-1,0,0,,150,1016,0,0,0,0,0
2024-12-29,Southwest,N283XX,4744,DFW,CityName,State,LAX,CityName,State,30,1,26,1,0,,108,2026,0,26,0,0,0
2024-12-29,American,N679XX,4173,ORD,CityName,State,DEN,CityName,State,15,1,21,1,0,,327,345,0,21,0,0,0
2024-12-29,JetBlue,N987XX,5906,JFK,CityName,State,SEA,CityName,State,0,0,10,0,0,,265,1891,0,0,0,0,0
2024-12-29,Southwest,N642XX,6118,LAX,CityName,State,ATL,CityName,State,0,0,-1,0,0,,99,1843,0,0,0,0,0
2024-12-29,United,N467XX,7954,ATL,CityName,State,ATL,CityName,State,0,0,9,0,0,,264,2367,0,0,0,0,0
2024-12-30,Southwest,N697XX,6877,LAX,CityName,State,JFK,CityName,State,45,1,48,1,0,,154,2556,48,0,0,0,0
2024-12-30,JetBlue,N374XX,5145,ATL,CityName,State,SFO,CityName,State,0,0,4,0,0,,194,1966,0,0,0,0,0
2024-12-30,United,N536XX,508,DFW,CityName,State,SEA,CityName,State,15,1,25,1,0,,53,2708,25,0,0,0,0
2024-12-30,JetBlue,N131XX,8616,SFO,CityName,State,BOS,CityName,State,0,0,-12,0,0,,244,1016,0,0,0,0,0
2024-12-30,American,N930XX,8407,LAX,CityName,State,DEN,CityName,State,60,1,69,1,0,,86,2530,69,0,0,0,0
2024-12-30,American,N443XX,9503,MIA,CityName,State,SFO,CityName,State,15,1,20,1,0,,256,2723,20,0,0,0,0
2024-12-30,United,N394XX,4429,JFK,CityName,State,JFK,CityName,State,0,0,3,0,0,,236,2181,0,0,0,0,0
2024-12-30,American,N106XX,1867,ORD,CityName,State,ATL,CityName,State,0,0,0,0,0,,60,428,0,0,0,0,0
2024-12-30,Southwest,N113XX,1611,SEA,CityName,State,MIA,CityName,State,240,1,0,0,1,A,239,1553,0,0,0,0,0
2024-12-30,JetBlue,N933XX,8067,JFK,CityName,State,LAX,CityName,State,120,1,127,1,0,,150,2324,0,0,0,0,127
2024-12-30,Southwest,N269XX,4892,JFK,CityName,State,DFW,CityName,State,0,0,-10,0,0,,249,2288,0,0,0,0,0
2024-12-30,American,N596XX,418,LAX,CityName,State,SFO,CityName,State,15,1,25,1,0,,323,1558,0,0,0,0,25
2024-12-30,Delta,N735XX,3858,MIA,CityName,State,DFW,CityName,State,0,0,8,0,0,,285,2092,0,0,0,0,0
2024-12-30,United,N122XX,887,ATL,CityName,State,MIA,CityName,State,0,0,9,0,0,,293,2447,0,0,0,0,0
2024-12-30,Southwest,N285XX,7216,ATL,CityName,State,DFW,CityName,State,0,0,5,0,0,,196,412,0,0,0,0,0
2024-12-30,United,N841XX,1866,MIA,CityName,State,LAX,CityName,State,0,0,-13,0,0,,77,1583,0,0,0,0,0
2024-12-30,Delta,N855XX,1361,JFK,CityName,State,LAX,CityName,State,0,0,-10,0,0,,84,911,0,0,0,0,0
